"area_name","region","year","activities_in_life_are_worthwhile","early_years_development","feelings_of_anxiety","happiness","healthy_eating","high_blood_pressure","household_overcrowding","life_expectancy","life_satisfaction","low_level_crime","mental_health_conditions","overweight_and_obesity_in_adults","overweight_and_obesity_in_children","physical_activity","rough_sleeping","smoking","unemployment","young_ppl_edu_empl_appren"
"Hartlepool","North East England",2020,7.68,72.32876712,3.39,7.21,49.25492347,20.17790379,3.828960452,78.81,7.33,8.930474445,14.19462237,72.45591023,34.68429625,54.87932258,8.525512596,17.7,7.84344311,91.85110664
"Hartlepool","North East England",2015,7.73,68.28003457,2.88,7.26,54.0399126,27.6998526,3.335502411,79.075,7.56,15.23276179,14.86404837,67.23289138,33.38839941,62.68947549,4.324417825,22.8,9.67919379,92.69406393
"Hartlepool","North East England",2019,7.8,72.32876712,3.26,7.3,46.56753551,21.00787736,3.545920595,79.08,7.6,16.94372378,12.80784593,75.15563237,33.8985089,57.36663077,2.135314906,19.3,7.52521073,91.83070866
"Hartlepool","North East England",2017,7.81,69.77518734,2.79,7.47,49.5865669,27.6998526,3.018147274,78.735,7.49,18.35108956,14.86404837,71.02333128,31.41983826,60.8724588,4.300196734,19.2,10.09332971,92.69662921
"Hartlepool","North East England",2018,7.84,69.37269373,2.74,7.39,50.62029635,27.6998526,3.516324514,79.075,7.56,22.7043607,14.86404837,70.96782947,34.85983103,59.06190458,3.217434203,18.6,8.99844801,93.34016393
"Hartlepool","North East England",2016,7.7,68.49087894,2.8,7.44,54.0399126,27.6998526,5.561234,78.845,7.56,15.42355539,14.86404837,67.23289138,32.22143793,62.68947549,4.308255695,19.6,8.97268172,92.69406393
"Hartlepool","North East England",2021,7.75,72.32876712,3.3,7.54,49.25492347,24.48630888,3.567512182,78.81,7.42,8.930474445,16.4314883,74.57660827,34.68429625,51.25073696,4.321007659,17.3,6.80749172,93.9481268
"Middlesbrough","North East England",2020,7.62,63.81679389,3.11,7.26,47.53646877,17.49224721,2.965561126,77.63,7.21,8.719963195,13.62470385,69.95033306,35.50632911,57.58411298,5.662313763,15.7,7.32542221,88.49294729
"Middlesbrough","North East England",2017,7.84,63.61361361,2.99,7.39,56.26698627,17.06999636,6.246487538,77.785,7.62,21.65117784,10.96752916,65.86996825,32.40139464,59.26146484,4.266241939,18.6,7.87731764,88.93442623
"Middlesbrough","North East England",2015,7.89,57.76173285,2.83,7.5,41.59213455,17.06999636,6.658102908,77.93,7.72,18.23989663,10.96752916,67.58040448,31.61843892,62.8371136,3.589117795,20.8,11.00754566,89.27536232
"Middlesbrough","North East England",2016,7.7,60.45955002,2.87,7.53,41.59213455,17.06999636,5.198470808,77.655,7.64,17.68738509,10.96752916,67.58040448,34.68538416,62.8371136,1.425252626,17.1,8.10157703,89.27536232
"Middlesbrough","North East England",2018,7.92,64.23392943,2.75,7.43,53.46347086,17.06999636,2.373892445,77.645,7.61,21.9218044,10.96752916,65.0981834,33.58131439,57.93347676,7.826674731,17.4,7.38800658,90.62049062
"Middlesbrough","North East England",2019,7.75,63.81679389,2.77,7.21,50.07279523,17.74791844,3.146238633,77.845,7.45,17.84650305,15.11069425,67.90825118,32.48302744,61.57208978,6.383884239,17.2,7.55987406,89.30441286
"Middlesbrough","North East England",2021,7.65,63.81679389,3.02,7.41,47.53646877,17.26114941,4.997961808,77.63,7.5,8.719963195,13.02847294,70.76404121,35.50632911,56.89418338,2.782918447,17.9,7.25302295,88.8381201
"Redcar and Cleveland","North East England",2021,7.74,70.59936909,2.73,7.46,44.09497542,18.20087052,5.40388876,79.48,7.5,7.556766841,14.12750756,68.49471714,34.58311711,61.81960867,0,13.3,5.86992867,91.5
"Redcar and Cleveland","North East England",2020,7.76,70.59936909,3.15,7.49,44.09497542,17.70901358,4.126340452,79.48,7.44,7.556766841,11.22032122,72.53378131,34.58311711,67.12313184,0.728714257,17.1,6.72825348,92.39766082
"Redcar and Cleveland","North East England",2015,7.76,65.64647096,2.86,7.46,56.4162663,17.64384644,6.368108737,79.915,7.63,10.05734386,8.657706021,68.72733279,31.39716312,65.80605787,2.216901658,17.3,8.55272717,92.28958211
"Redcar and Cleveland","North East England",2016,7.76,67.96352584,2.69,7.4,56.4162663,17.64384644,14.08644247,79.73,7.63,11.97821338,8.657706021,68.72733279,31.57739814,65.80605787,0,16.3,7.45010293,92.28958211
"Redcar and Cleveland","North East England",2018,7.85,71.32955261,2.61,7.59,51.93797916,17.64384644,9.98713929,79.885,7.71,10.01331207,8.657706021,71.72239402,32.63834916,64.31142467,0,13.5,5.2954167,92.67676768
"Redcar and Cleveland","North East England",2017,7.91,68.77962085,2.73,7.6,54.10005253,17.64384644,1.879153783,79.625,7.72,12.30101834,8.657706021,66.01744351,31.8957493,64.67788712,0,15,6.9085318,91.72839506
"Redcar and Cleveland","North East England",2019,7.85,70.59936909,2.66,7.49,53.12875847,19.77020436,3.865952491,79.955,7.59,11.50565075,12.3406595,68.55936687,32.95150821,67.97782779,0,15.5,5.57007179,92.88068556
"Stockton-on-Tees","North East England",2020,7.74,73.54784789,3.26,7.25,54.66315321,23.94656593,5.551345139,79.7,7.4,5.516186385,19.13669632,66.65341512,28.20763088,68.62774437,4.052294865,13,6.05329456,92.55056734
"Stockton-on-Tees","North East England",2016,7.87,65.07686244,2.61,7.53,57.25600292,27.10964648,9.881696834,79.7,7.72,11.83927168,17.11419792,65.78901912,29.63127157,59.83048525,2.041253738,12.4,6.42955222,91.92108971
"Stockton-on-Tees","North East England",2015,7.87,58.83050178,2.81,7.46,57.25600292,27.10964648,5.007702156,79.935,7.61,11.30539953,17.11419792,65.78901912,29.34497601,59.83048525,1.537452339,18.4,7.30417314,91.92108971
"Stockton-on-Tees","North East England",2018,7.82,70.45916294,2.39,7.6,49.89948472,27.10964648,3.71241794,79.775,7.68,15.67340895,17.11419792,66.0434854,30.26983363,61.86028126,1.521197893,16.4,5.72852509,92.31573445
"Stockton-on-Tees","North East England",2017,7.98,69.12405866,2.79,7.56,56.84676324,27.10964648,3.481220911,79.765,7.79,14.27575361,17.11419792,66.56427654,30.97968135,62.48285653,1.017879045,15,5.61621083,91.12337011
"Stockton-on-Tees","North East England",2019,7.83,73.54784789,3.14,7.37,55.9566975,24.22400536,6.235531378,80.095,7.66,10.65123538,15.59024894,63.94076476,28.34482483,61.37768313,4.053752762,13.2,5.67443817,91.1871436
"Stockton-on-Tees","North East England",2021,7.45,73.54784789,3.18,7.23,54.66315321,20.79853599,5.886988803,79.7,7.3,5.516186385,21.12478933,75.79037035,28.20763088,65.87336472,1.52261077,12.5,5.579293,91.68307087
"Darlington","North East England",2020,7.55,71.97664721,3.63,7.12,50.73368833,19.21405519,4.95751724,79.685,7.25,5.726150351,13.771251,65.42523512,31.7643909,66.92392686,1.862162716,13.8,6.07872454,94.11764706
"Darlington","North East England",2015,7.91,66.05504587,2.83,7.56,58.06457661,20.99129606,7.435761872,79.925,7.62,11.46248042,13.277941,70.27823998,29.02236652,65.39884288,0.943414027,17.9,6.88502095,93.77628259
"Darlington","North East England",2019,7.91,71.97664721,3.09,7.59,52.37756257,23.57786362,6.239856333,80.355,7.71,10.24315796,10.07254909,60.45637063,31.36261261,66.11606275,0,13.7,6.08292515,92.70738377
"Darlington","North East England",2018,7.93,72.15496368,2.98,7.58,53.82782656,20.99129606,8.107940882,80.555,7.73,9.824897247,13.277941,67.64506562,28.85177688,61.14548495,2.815156804,13.8,4.73956109,92.95774648
"Darlington","North East England",2017,7.87,71.86544343,2.79,7.54,51.55787506,20.99129606,7.435600232,80.36,7.74,11.74457201,13.277941,65.18157076,30.71862348,63.77485331,2.820954047,14.4,6.01360304,93.23968393
"Darlington","North East England",2016,7.77,68.87675507,2.77,7.49,58.06457661,20.99129606,14.08337319,80.15,7.61,11.34236835,13.277941,70.27823998,29.03255735,65.39884288,4.702474442,17.3,6.29765755,93.77628259
"Darlington","North East England",2021,7.8,71.97664721,3.29,7.35,50.73368833,17.77126868,3.901408866,79.685,7.37,5.726150351,15.67755288,72.5304907,33.71212121,60.96587438,1.848053076,10.6,5.29948108,93.76068376
"Halton","North West England",2021,7.68,66.44908616,3.24,7.36,45.02311315,19.73774302,8.270298484,79.375,7.34,5.171124932,15.29782666,65.04049192,36.24638531,65.51675472,0,13.2,3.93981499,94.33701657
"Halton","North West England",2020,7.68,66.44908616,3.13,7.31,45.02311315,23.36265279,12.03049415,79.375,7.29,5.171124932,17.80608343,76.87228246,36.24638531,57.62923902,0.770659453,13.2,4.52074274,93.83712399
"Halton","North West England",2015,7.83,56.00240096,2.91,7.35,50.86639867,22.03292274,10.99839092,79.015,7.61,7.99406561,12.50156099,68.97816136,30.70984728,59.03295067,0.789147642,20,5.42819796,94.95444989
"Halton","North West England",2016,7.8,62.4763108,2.97,7.29,50.86639867,22.03292274,18.7850627,79.065,7.56,9.111903602,12.50156099,68.97816136,32.16683737,59.03295067,2.356526794,16.6,5.16335463,94.95444989
"Halton","North West England",2018,7.87,64.99102334,2.6,7.49,45.93810901,22.03292274,3.039050863,79.1,7.62,8.167746356,12.50156099,73.34243547,32.28528251,62.8456931,3.893110751,17.9,4.48616266,94.6953405
"Halton","North West England",2017,7.82,61.80597926,2.77,7.42,51.46090097,22.03292274,5.370556324,79.075,7.63,9.733923743,12.50156099,59.96983584,32.26142656,65.22918502,3.13491908,15,4.63542677,92.86234523
"Halton","North West England",2019,7.76,66.44908616,2.86,7.51,44.71581838,28.49390861,7.904804522,79.525,7.55,6.79236535,16.18975971,71.30979637,33.51561667,68.64878714,6.18190248,14.9,3.72161725,93.39834959
"Warrington","North West England",2020,7.5,73.74842238,3.65,7.14,54.19393006,17.261929,3.122049803,80.62,7.21,4.952315458,11.31118984,63.11695372,27.4914202,63.22363687,0.477561761,9.9,3.4047483,94.79618387
"Warrington","North West England",2015,7.82,67.39554861,2.91,7.5,56.4338264,15.52014413,10.46394013,80.13,7.62,8.374201684,9.852184655,65.19919417,25.13622011,64.10119143,2.406379794,14.8,4.54153737,95.899959
"Warrington","North West England",2021,7.78,73.74842238,3.04,7.38,54.19393006,15.97444464,4.284393995,80.62,7.43,4.952315458,11.14909895,64.17706919,27.4914202,68.00868776,4.734243255,10,3.50714216,94.9752883
"Warrington","North West England",2016,7.96,71.37330754,2.84,7.62,56.4338264,15.52014413,4.309935662,80.41,7.83,8.493920267,9.852184655,65.19919417,26.89100668,64.10119143,2.392653596,12.6,4.01106364,95.899959
"Warrington","North West England",2018,7.93,72.5340818,2.69,7.69,50.6973984,15.52014413,2.749318678,80.95,7.76,8.914467876,9.852184655,64.74984112,29.34229414,59.62174994,10.02161806,10.5,3.98955037,95.31933508
"Warrington","North West England",2017,7.99,71.037182,2.83,7.65,52.48466067,15.52014413,2.792226205,80.67,7.85,9.251134933,9.852184655,65.55600482,26.10865831,69.69777453,1.907450502,12.5,3.65856857,94.98313659
"Warrington","North West England",2019,7.93,73.74842238,2.87,7.56,52.41338673,17.21533571,3.16468105,80.9,7.79,8.575618768,8.462194627,65.39415365,28.13852814,63.29610654,7.618539716,11.3,3.19394721,94.69026549
"Blackburn with Darwen","North West England",2020,7.69,68.74702239,3.46,7.49,42.84771449,18.06755126,3.291647723,78.315,7.43,5.025661534,11.83230513,65.30481161,29.3345699,49.37694226,11.99760048,17,5.49603787,94.72
"Blackburn with Darwen","North West England",2016,7.78,63.31858407,3,7.47,45.97538011,17.593265,6.272165957,78.395,7.54,7.099459794,12.12462281,61.250358,28.49480837,62.36401828,1.347146071,19.5,6.22478563,92.96740995
"Blackburn with Darwen","North West England",2019,8.01,68.74702239,2.97,7.69,42.23207886,19.50168921,7.328406552,78.835,7.83,8.016246259,10.73844768,64.19698894,29.00927748,61.59896243,14.02843095,15.5,5.52232721,93.82513661
"Blackburn with Darwen","North West England",2017,7.89,65.72438163,2.72,7.67,58.45464186,17.593265,3.690666484,78.37,7.78,7.158605114,12.12462281,65.221338,29.53201781,60.09319984,1.344338989,16.7,5.82878427,95.21094641
"Blackburn with Darwen","North West England",2015,7.84,56.82137834,3.05,7.43,45.97538011,17.593265,3.443857034,78.66,7.59,7.311167623,12.12462281,61.250358,25.42265929,62.36401828,1.35266746,21.3,7.25742989,92.96740995
"Blackburn with Darwen","North West England",2018,7.95,67.31376975,2.55,7.67,43.12546235,17.593265,2.671751171,78.645,7.8,7.331713016,12.12462281,65.89892194,29.14746544,57.52306295,10.07103436,16.2,5.23679559,94.27262314
"Blackburn with Darwen","North West England",2021,7.76,68.74702239,3.2,7.36,42.84771449,18.93479988,5.023087342,78.315,7.42,5.025661534,12.83840571,63.61849987,33.10451837,57.84333677,7.100347272,15.5,6.04372042,92.4796748
"Blackpool","North West England",2015,7.74,60.57519473,2.81,7.37,48.97468672,25.0520505,3.726290376,76.875,7.45,12.23584138,14.25526858,68.42842034,32.00729628,60.13874008,3.567300695,25.3,6.2865098,90.39829303
"Blackpool","North West England",2020,7.45,67.46776084,3.65,7.16,44.65588051,24.14014024,3.362848588,76.535,7.16,6.677217248,17.60856306,71.87924391,35.03401361,61.99389771,7.226425593,23.2,5.59117749,91.86851211
"Blackpool","North West England",2017,7.73,66.27078385,3,7.3,51.8692204,25.0520505,10.23719971,76.86,7.46,13.99871309,14.25526858,62.7299133,29.97910785,60.41197281,9.294344749,22.3,5.87612227,91.72932331
"Blackpool","North West England",2019,7.72,67.46776084,3.13,7.35,46.99153064,28.49737489,4.372756125,76.97,7.54,12.82933896,17.31425498,65.71181353,33.44951923,63.25987007,10.75685211,23.4,5.63973054,90.31690141
"Blackpool","North West England",2016,7.59,64.37346437,3.06,7.35,48.97468672,25.0520505,5.335731357,76.87,7.46,12.17290671,14.25526858,68.42842034,33.23560511,60.13874008,7.858097055,22.5,6.66331888,90.39829303
"Blackpool","North West England",2018,7.8,67.57257566,3.05,7.44,49.22093669,25.0520505,3.007629614,76.99,7.55,14.37852195,14.25526858,68.03211742,32.52760874,54.35495467,8.614191881,21.1,5.7345524,88.64592094
"Blackpool","North West England",2021,7.7,67.46776084,3.27,7.43,44.65588051,21.85207185,2.924517955,76.535,7.44,6.677217248,16.50415729,70.45797122,41.75250709,55.93209278,9.932318345,20.6,6.05647109,86.70338316
"Kingston upon Hull, City of","Yorkshire and the Humber",2020,7.44,67.883645,3.16,7.28,44.38848108,33.66779979,2.819115426,77.8,7.14,11.69315314,19.16459027,64.12695137,32.98817084,61.00261811,7.332340251,20.6,5.39484968,92.56900212
"Kingston upon Hull, City of","Yorkshire and the Humber",2017,7.8,65.30010718,2.89,7.59,47.11530903,19.1056338,3.196332211,77.94,7.64,21.53656113,12.59380675,70.42225917,32.06179211,61.85368788,10.741427,23.1,7.19517237,90.99778271
"Kingston upon Hull, City of","Yorkshire and the Humber",2015,7.65,60.48387097,3.04,7.25,46.57995682,19.1056338,2.186962681,78.37,7.48,17.37132957,12.59380675,66.72795838,30.32502671,62.51473082,8.894491989,26.8,8.67281973,90.88184932
"Kingston upon Hull, City of","Yorkshire and the Humber",2018,7.86,66.25282167,2.86,7.35,42.82848729,19.1056338,2.572895762,78.075,7.62,23.12724203,12.59380675,72.32302512,33.34196916,58.51560712,9.975253698,26.1,5.80519367,89.39192188
"Kingston upon Hull, City of","Yorkshire and the Humber",2019,7.82,67.883645,3.2,7.15,48.67379597,21.2788247,2.590773051,77.97,7.58,18.96619421,14.20867192,71.4569628,32.59272286,62.69710272,6.928993217,22.2,6.56558793,92.32769831
"Kingston upon Hull, City of","Yorkshire and the Humber",2016,7.78,65.08693214,2.95,7.28,46.57995682,19.1056338,2.94370508,78.205,7.56,18.73978503,12.59380675,66.72795838,32.630482,62.51473082,5.768454247,24.2,7.28061649,90.88184932
"Kingston upon Hull, City of","Yorkshire and the Humber",2021,7.42,67.883645,3.27,7.38,44.38848108,27.61606568,2.560655439,77.8,7.25,11.69315314,26.64266579,70.7091709,32.98817084,55.1999591,4.128152877,22,4.8590931,91.45841104
"East Riding of Yorkshire","Yorkshire and the Humber",2020,8.01,73.4939759,2.98,7.56,60.85186808,31.83156159,2.320198253,81.79,7.74,3.604301852,12.99949572,63.95095688,26.08679037,63.47484803,3.205118866,10.8,3.50055969,95.57064339
"East Riding of Yorkshire","Yorkshire and the Humber",2015,8,68.84036589,2.65,7.68,61.61770369,23.91953443,2.78324706,81.765,7.79,4.475050185,8.113977758,66.58868557,26.39602723,68.77213118,4.751214529,15.7,4.34989232,95.55016181
"East Riding of Yorkshire","Yorkshire and the Humber",2017,7.94,71.25528914,2.7,7.66,53.50868164,23.91953443,2.351854662,81.78,7.88,6.031455862,8.113977758,67.34335508,25.08293972,68.88617534,2.958046033,10.8,3.60712874,95.87567244
"East Riding of Yorkshire","Yorkshire and the Humber",2016,8.14,69.49253731,2.76,7.73,61.61770369,23.91953443,3.607139195,81.805,7.93,4.751275888,8.113977758,66.58868557,28.26877385,68.77213118,3.848385454,12.2,3.78878993,95.55016181
"East Riding of Yorkshire","Yorkshire and the Humber",2018,8.12,73.6333434,2.69,7.65,55.993996,23.91953443,2.940156844,81.945,7.94,6.507387799,8.113977758,57.56735236,22.35371719,62.64948124,2.355615493,12.8,3.36987638,96.29080119
"East Riding of Yorkshire","Yorkshire and the Humber",2021,7.89,73.4939759,3.04,7.74,60.85186808,27.04007625,2.542749616,81.79,7.69,3.604301852,18.54715596,67.62999593,26.08679037,64.36009134,2.039965845,10.2,3.49255474,95.01084599
"East Riding of Yorkshire","Yorkshire and the Humber",2019,8.06,73.4939759,2.84,7.79,57.88390271,27.95461423,3.526046668,82.09,7.94,6.046785648,9.354137048,59.6913416,25.89333743,68.65990698,5.569022168,12.1,3.45010713,96.09647731
"North East Lincolnshire","Yorkshire and the Humber",2020,7.66,71.118177,3.41,7.4,48.93357726,20.1372135,3.464987709,80.105,7.42,8.784920057,13.41110598,73.6296544,31.51017576,61.88104987,4.392460029,18.4,5.04794658,93.39975093
"North East Lincolnshire","Yorkshire and the Humber",2017,8.01,70.6835443,3.02,7.49,57.52912999,18.15021065,3.364998951,79.69,7.74,16.49919287,8.680072257,72.42257215,30.72890954,64.7027205,13.7649694,20,5.58476124,91.4160401
"North East Lincolnshire","Yorkshire and the Humber",2016,7.9,70.40971168,2.73,7.51,56.15058116,18.15021065,6.559387755,80.16,7.6,13.98378257,8.680072257,63.67728142,32.3408021,60.53603187,8.133743775,19.9,6.2823583,92.092257
"North East Lincolnshire","Yorkshire and the Humber",2015,7.9,66.61562021,2.75,7.5,56.15058116,18.15021065,2.779067635,80.065,7.65,14.84018978,8.680072257,63.67728142,29.18086903,60.53603187,3.750679811,22.8,7.69500877,92.092257
"North East Lincolnshire","Yorkshire and the Humber",2019,7.98,71.118177,2.79,7.59,56.5709719,19.81411519,2.939066647,79.955,7.72,15.42964221,17.08191002,70.5460986,29.60035939,59.02073649,6.89382877,22.2,5.3060401,94.80102696
"North East Lincolnshire","Yorkshire and the Humber",2018,7.95,69.98460749,2.98,7.52,53.19538399,18.15021065,3.52871068,79.87,7.73,17.49457205,8.680072257,72.37371676,30.23740676,57.0906979,8.134100024,21.2,5.73303584,93.96226415
"North East Lincolnshire","Yorkshire and the Humber",2021,7.9,71.118177,3.49,7.54,48.93357726,19.96112084,2.80194896,80.105,7.38,8.784920057,10.808254,67.63600112,31.51017576,63.67533009,6.361444557,16.5,3.98418241,93.45579793
"North Lincolnshire","Yorkshire and the Humber",2015,7.82,70.19628099,2.81,7.41,54.01852779,25.5399661,2.666170487,80.58,7.62,6.02320967,11.0604826,64.72061901,28.39398562,66.917353,3.532674293,20.9,5.28858814,92.98050139
"North Lincolnshire","Yorkshire and the Humber",2020,7.81,71.73913043,3.23,7.45,56.2421331,25.12735263,2.954049276,80.71,7.45,5.655637113,13.03196857,70.75057885,29.42922507,64.41711368,5.209901128,13.7,4.84875779,93.54066986
"North Lincolnshire","Yorkshire and the Humber",2018,7.81,71.18301314,3.04,7.41,54.86758002,25.5399661,4.484455296,80.71,7.62,11.42990029,11.0604826,72.28159459,31.39840958,59.61536298,5.232406035,21,5.37096144,94.28244711
"North Lincolnshire","Yorkshire and the Humber",2016,7.93,74.00302877,2.81,7.54,54.01852779,25.5399661,7.656840468,80.77,7.8,7.505547197,11.0604826,64.72061901,29.9196743,66.917353,6.440017095,18.5,5.44617383,92.98050139
"North Lincolnshire","Yorkshire and the Humber",2017,7.89,72.53731343,2.95,7.56,59.851414,25.5399661,7.156142874,80.77,7.77,9.562506568,11.0604826,71.95362933,29.46152038,59.91176339,8.173082536,20.8,4.99310204,93.75
"North Lincolnshire","Yorkshire and the Humber",2019,7.88,71.73913043,3.09,7.48,49.1821618,25.62326218,3.830274381,80.79,7.65,10.63891533,11.37145695,64.6966264,30.07665362,63.16434811,5.804100016,17.8,4.26549607,94.28571429
"North Lincolnshire","Yorkshire and the Humber",2021,7.89,71.73913043,2.82,7.57,56.2421331,21.21692382,6.068905141,80.71,7.77,5.655637113,14.77901972,67.62153569,33.36180934,58.30531414,3.530657879,12.3,3.69787825,92.72727273
"York","Yorkshire and the Humber",2020,7.62,75.69659443,3.53,7.39,58.25515631,44.61049695,5.474945537,81.76,7.46,7.241294334,38.96325626,62.28606076,27.61083744,70.91529896,1.421720092,11.7,3.02634709,94.82048264
"York","Yorkshire and the Humber",2018,7.75,74.858902,2.98,7.36,56.31489992,55.58122713,4.532430407,81.73,7.69,11.54397717,43.3543582,56.70055575,27.92262405,76.40450752,4.287899072,11.5,3.00008873,94.89732421
"York","Yorkshire and the Humber",2015,7.8,69.95,3.18,7.56,62.73484933,55.58122713,3.820323293,81.815,7.82,12.27986627,43.3543582,59.29456652,23.72834937,66.71079522,8.747035727,14.6,3.55189213,96.27473807
"York","Yorkshire and the Humber",2016,7.84,74.24849699,3,7.58,62.73484933,55.58122713,5.125369573,81.915,7.77,11.54552484,43.3543582,59.29456652,25.18812152,66.71079522,8.699014112,12.6,3.20548234,96.27473807
"York","Yorkshire and the Humber",2017,7.74,74.14314516,3.19,7.4,57.32170649,55.58122713,3.748749251,81.83,7.74,12.38932952,43.3543582,59.43525763,24.96726707,72.02556707,13.9313903,9,3.18544541,96.21451104
"York","Yorkshire and the Humber",2019,7.92,75.69659443,3.21,7.53,61.00381753,57.69954266,5.551891021,81.91,7.75,11.64667787,58.1792733,57.57009495,26.80635995,75.16167038,3.323552593,11.9,2.82412022,95.43209877
"York","Yorkshire and the Humber",2021,7.81,75.69659443,3.33,7.34,58.25515631,53.63785653,9.127343986,81.76,7.65,7.241294334,49.7849713,63.59347005,27.61083744,69.29183993,1.98341862,9.2,2.87795292,95.84045584
"Derby","East Midlands",2020,7.68,70.2062173,3.19,7.29,55.03668626,22.87465718,2.632965829,79.595,7.35,7.032326898,16.53710823,62.58004252,30.2279434,66.01574447,2.336321229,14,5.64508552,92.12460623
"Derby","East Midlands",2021,7.77,70.2062173,3.15,7.39,55.03668626,18.18990265,2.997420404,79.595,7.35,7.032326898,22.49384667,65.42269953,30.2279434,59.02225181,4.212364438,13.2,5.61444329,91.53279786
"Derby","East Midlands",2018,8.05,69.33135215,2.59,7.58,47.32305311,23.18026048,3.047207737,80.43,7.7,11.15975954,16.02932262,65.87107292,29.65342382,65.0627742,10.10988669,19.2,4.60329511,90.87936047
"Derby","East Midlands",2015,7.65,60.60961313,2.92,7.37,52.3222836,23.18026048,2.907324464,80.34,7.54,12.36829148,16.02932262,64.89012415,28.10905002,69.67195928,3.938946332,18.7,5.51703064,92.35515941
"Derby","East Midlands",2019,7.89,70.2062173,2.89,7.48,52.20952581,20.54437792,5.779181186,80.325,7.57,10.4196625,18.1786465,63.68289641,30.90040009,69.25741797,5.441077022,16.7,4.28586193,91.54264973
"Derby","East Midlands",2016,7.9,66.73517322,2.89,7.42,52.3222836,23.18026048,3.375415972,80.455,7.47,13.38001507,16.02932262,64.89012415,29.2404491,69.67195928,8.196625332,17.8,4.52879339,92.35515941
"Derby","East Midlands",2017,7.89,68.11594203,2.89,7.39,57.65163832,23.18026048,4.026245566,80.575,7.63,12.1540341,16.02932262,64.22193341,30.10816512,62.55775545,14.39498276,18.9,4.72754648,91.74410293
"Leicester","East Midlands",2020,7.68,67.69610871,3.47,7.35,50.9061893,16.34448717,3.780913447,79.165,7.41,5.06163215,25.74945618,65.96435891,28.88515299,61.07621362,3.389485815,15.2,5.95851441,90.26523702
"Leicester","East Midlands",2015,7.66,51.43212951,3.26,7.36,52.02357519,18.38832536,6.078474602,79.37,7.43,11.76039717,17.21811026,61.46492141,28.52881427,57.85549502,6.394679627,20.1,7.5063473,90.59139785
"Leicester","East Midlands",2017,7.55,64.38712258,3.3,7.27,50.82398843,18.38832536,2.841322623,79.425,7.44,12.02127058,17.21811026,56.55704178,29.07944616,60.33353126,8.768456186,17.7,5.57368668,90.87709006
"Leicester","East Midlands",2021,7.84,67.69610871,3.48,7.41,50.9061893,19.85332576,2.861751188,79.165,7.57,5.06163215,20.82533318,60.22124618,28.88515299,55.41163222,2.185684857,12.8,6.82787845,90.32841996
"Leicester","East Midlands",2016,7.68,61.04078762,3.14,7.56,52.02357519,18.38832536,3.052065636,79.455,7.51,11.91371995,17.21811026,61.46492141,28.86215262,57.85549502,10.30004606,17,6.11121194,90.59139785
"Leicester","East Midlands",2018,7.84,66.33846154,2.78,7.63,44.96620262,18.38832536,4.33450651,79.54,7.77,12.11087276,17.21811026,54.90772989,29.75280403,63.83075278,8.727035229,17.3,5.52261724,90.76597033
"Leicester","East Midlands",2019,7.84,67.69610871,2.92,7.52,48.80770576,17.8283809,3.74243638,79.87,7.66,8.460748001,29.08203144,58.53588734,29.28926332,58.67830825,6.210759294,15.4,4.81948996,90.97123327
"Rutland","East Midlands",2021,8.12,77.80898876,3.43,7.78,64.89304775,13.92021631,3.966715374,84.07,7.76,1.507065916,11.01407727,59.52598708,24.81971154,74.03798589,4.83313598,13,3.57071449,93.76257545
"Rutland","East Midlands",2015,7.95,74.24657534,2.65,7.57,63.83265629,18.03952448,4.819823524,83.505,7.8,1.616604088,9.425830556,58.17308088,23.12618596,69.8010179,0,11.6,2.58218612,95.02982107
"Rutland","East Midlands",2019,8.04,77.80898876,3.15,7.65,63.93385478,22.31859907,8.224078324,84.2,7.8,1.828336715,7.229045293,59.92746208,26.69007902,72.83766688,2.504570842,10.2,2.5208497,96.51416122
"Rutland","East Midlands",2018,7.98,74.41253264,3,7.77,65.22874189,18.03952448,3.362691774,84.335,7.75,1.360304305,9.425830556,56.94189223,23.73366013,68.11578902,0,10.8,3.49448238,95.13742072
"Rutland","East Midlands",2017,8.04,72.67759563,3.11,7.68,62.03096856,18.03952448,5.099770822,84.095,7.87,1.545320971,9.425830556,58.40352303,24.45127305,68.14867583,7.5999392,9.3,2.54142339,96.52351738
"Rutland","East Midlands",2020,7.93,77.80898876,2.72,7.68,64.89304775,17.26302175,3.09613236,84.07,7.48,1.507065916,7.650409174,66.50283568,24.81971154,68.58352823,4.941199723,10.4,3.95484867,96.24505929
"Rutland","East Midlands",2016,8.06,72.32375979,2.95,7.68,63.83265629,18.03952448,2.895556832,83.82,7.96,1.514801407,9.425830556,58.17308088,27.24673203,69.8010179,5.134920024,12.3,2.41488013,95.02982107
"Nottingham","East Midlands",2020,7.66,66.62387677,3.76,7.13,50.13288382,11.85429206,11.87841883,78.8,7.12,10.23737904,82.67988772,66.87097969,33.00244584,63.75246257,9.196138808,16.4,6.78057684,89.4184168
"Nottingham","East Midlands",2015,7.6,57.8245254,2.81,7.36,52.01545343,15.87305634,8.198978206,79.075,7.35,14.31635187,36.98062648,62.21604929,32.33433311,64.38290921,4.389595405,24.1,8.64997661,89.49634094
"Nottingham","East Midlands",2016,7.6,62.79012346,3.08,7.2,52.01545343,15.87305634,5.005966751,79.04,7.38,14.7454115,36.98062648,62.21604929,31.26690029,64.38290921,10.77655883,21.5,7.5476144,89.49634094
"Nottingham","East Midlands",2017,7.64,65.88703658,3.09,7.21,52.64542276,15.87305634,7.047275186,79.05,7.42,15.2517094,36.98062648,63.52115916,32.9075266,65.28066184,13.06161132,19.4,8.39818895,87.69024172
"Nottingham","East Midlands",2019,7.61,66.62387677,3.64,7.07,47.18710547,29.13918735,5.173953219,79.17,7.38,15.07359567,27.26524814,59.37866339,31.25971912,65.60917816,9.01171523,20.9,6.91184322,90.12291484
"Nottingham","East Midlands",2018,7.57,67.08989335,3.19,7.36,50.70362367,15.87305634,4.341998734,79.25,7.49,17.04780574,36.98062648,64.65991556,33.69829684,68.12765025,10.2697625,20.6,6.99677204,87.5505618
"Nottingham","East Midlands",2021,7.81,66.62387677,3.16,7.2,50.13288382,15.81623909,4.455625936,78.8,7.25,10.23737904,53.04766867,66.92275483,33.00244584,64.05252577,7.197261286,16.5,6.13679004,88.44667697
"Herefordshire, County of","West Midlands",2021,7.82,75.39988969,3.19,7.44,62.74956051,28.25946609,6.038897717,81.815,7.55,2.494641428,17.3418636,66.95076728,32.77081491,71.51781521,6.398054991,11.9,3.39542465,94.07783418
"Herefordshire, County of","West Midlands",2015,7.89,64.91133799,2.73,7.57,64.78580877,17.8922992,5.781813494,82.17,7.71,4.864153786,7.16388582,61.97692979,26.85496912,65.3520955,6.365304845,17.5,3.29293553,95.11015583
"Herefordshire, County of","West Midlands",2020,7.81,75.39988969,3.33,7.51,62.74956051,28.52114758,3.76825034,81.815,7.52,2.494641428,17.18024951,60.61490223,29.59941191,74.21105236,8.263822534,13,3.2493686,93.21637427
"Herefordshire, County of","West Midlands",2016,7.93,71.5098242,2.73,7.61,64.78580877,17.8922992,7.745767659,81.855,7.73,4.183990039,7.16388582,61.97692979,27.93209877,65.3520955,11.07992318,14,3.84935576,95.11015583
"Herefordshire, County of","West Midlands",2018,8.01,74.25488181,2.59,7.69,63.79591001,17.8922992,7.612628657,81.69,7.86,4.768176069,7.16388582,63.99367671,29.33543912,66.81486127,9.369778301,12.6,2.68012505,94.87776484
"Herefordshire, County of","West Midlands",2017,8.04,74.54054054,2.68,7.73,68.51627326,17.8922992,4.872443256,81.7,7.84,4.548761784,7.16388582,63.20164763,28.82324555,71.05081612,5.757926309,12.2,3.10097252,95.26558891
"Herefordshire, County of","West Midlands",2019,7.99,75.39988969,3.08,7.54,65.46325804,30.24149133,5.393621907,82.09,7.8,4.782132873,14.78886677,66.53829033,29.17291354,68.77312715,15.04141576,12.3,2.57622202,95.3163017
"Telford and Wrekin","West Midlands",2020,7.76,71.36404697,3.28,7.37,51.07144683,30.0526844,2.866467229,80.085,7.39,5.879043911,20.89699819,71.83369975,33.06122449,63.51138816,6.618060688,15.8,5.09203487,93.99075501
"Telford and Wrekin","West Midlands",2015,7.87,66.65150136,2.91,7.37,57.26747709,22.65693573,5.272954259,80.175,7.59,8.20727296,14.46042346,66.77920628,29.78723404,63.64932148,4.659913675,18.2,5.0023124,92.4887331
"Telford and Wrekin","West Midlands",2017,7.82,69.80392157,2.84,7.62,54.8385889,22.65693573,3.868883169,80.195,7.61,8.835510446,14.46042346,66.09857885,29.65984976,55.41581302,5.689317737,16.5,4.65749759,92.85004965
"Telford and Wrekin","West Midlands",2018,7.98,70.87254063,2.98,7.42,52.96130584,22.65693573,6.303842971,80.275,7.71,8.284636022,14.46042346,65.47131613,30.39486147,68.50082271,7.311627175,16.2,3.90485044,92.91553134
"Telford and Wrekin","West Midlands",2016,7.85,69.47773973,2.81,7.6,57.26747709,22.65693573,6.320863733,80.51,7.68,9.042923668,14.46042346,66.77920628,31.49374097,63.64932148,5.180541885,15.6,4.62045857,92.4887331
"Telford and Wrekin","West Midlands",2019,7.77,71.36404697,3.18,7.28,49.68111491,29.8728618,4.976646387,80.235,7.59,9.190788084,17.58148015,72.7639622,30.80746187,65.7937502,11.12013077,15.4,3.77986583,93.22647363
"Telford and Wrekin","West Midlands",2021,7.64,71.36404697,3.19,7.31,51.07144683,38.24020377,2.777988352,80.085,7.49,5.879043911,28.79529282,70.63545525,33.06122449,60.98006014,1.614274491,13.7,3.86977319,94.24670892
"Stoke-on-Trent","West Midlands",2020,7.71,67.66685362,3.06,7.32,41.41582277,18.32765335,4.092166148,77.78,7.4,6.499832438,11.89073867,76.5431933,34.06577901,60.20551462,10.9109897,17.2,5.24147851,89.7338403
"Stoke-on-Trent","West Midlands",2018,7.72,66.73278549,3.08,7.42,45.29256137,16.34761649,6.063142387,78.335,7.56,13.2312876,8.930787456,71.96642375,28.18308503,57.37186891,13.2899196,18.7,5.98156165,93.36688015
"Stoke-on-Trent","West Midlands",2015,7.63,63.33236406,2.81,7.29,50.47741005,16.34761649,4.613729275,78.705,7.52,10.20473016,8.930787456,67.23285633,32.01636044,58.85454461,5.561160853,18.7,6.26457541,93.90756303
"Stoke-on-Trent","West Midlands",2017,7.75,66.38537271,2.82,7.36,54.78775152,16.34761649,5.780597743,78.635,7.64,12.23676276,8.930787456,66.40940017,31.37375225,54.130736,7.439951758,18.9,5.96765503,93.31858407
"Stoke-on-Trent","West Midlands",2016,7.86,65.82763338,2.9,7.54,50.47741005,16.34761649,3.935291426,78.785,7.6,11.81901687,8.930787456,67.23285633,32.09537616,58.85454461,6.701910833,20.3,5.50737697,93.90756303
"Stoke-on-Trent","West Midlands",2019,7.8,67.66685362,2.94,7.4,48.23635312,17.76187036,2.219343703,78.32,7.73,12.37250122,9.276680346,66.03834302,32.82145093,53.91651465,6.240858118,18.2,4.74463184,92.66821346
"Stoke-on-Trent","West Midlands",2021,7.76,67.66685362,3.24,7.59,41.41582277,17.01228952,2.357737473,77.78,7.52,6.499832438,11.90885761,68.72946981,34.06577901,57.46955246,8.138367753,16.5,4.31798653,90.1326053
"Bath and North East Somerset","South West England",2020,7.57,73.95604396,3.47,7.28,65.83576289,14.59718057,2.546024086,82.91,7.29,4.486725709,22.08339138,56.86900487,22.3840387,69.93162635,6.620594122,11.2,3.36049085,94.09559513
"Bath and North East Somerset","South West England",2016,7.82,69.34230968,3.19,7.47,57.00498152,14.18265754,2.547152563,82.6,7.78,7.19994009,12.38448237,57.68669007,25.20765143,69.80208735,13.37284563,13.6,4.12470755,94.17858905
"Bath and North East Somerset","South West England",2015,7.78,70.14602488,3.07,7.57,57.00498152,14.18265754,2.720444384,82.66,7.78,7.238709187,12.38448237,57.68669007,25.43284126,69.80208735,11.93790121,13.8,3.97101634,94.17858905
"Bath and North East Somerset","South West England",2017,7.76,72.07112971,3.08,7.45,62.8160344,14.18265754,2.526347376,82.52,7.67,6.7575446,12.38448237,56.01468707,25.49569995,72.35273147,18.02011893,13.4,3.20949541,95.65002472
"Bath and North East Somerset","South West England",2019,7.72,73.95604396,3.4,7.31,59.05228406,15.50084272,2.398403712,83.095,7.61,6.922527706,19.04218517,51.80076209,23.51239377,75.65040171,8.795438789,13,3.37266612,94.69623915
"Bath and North East Somerset","South West England",2018,7.89,72.25738397,2.88,7.54,62.39191628,14.18265754,3.916929133,82.825,7.79,6.340249654,12.38448237,58.28746445,23.40681425,79.67302726,10.41091897,11.7,2.99373793,95.30234883
"Bath and North East Somerset","South West England",2021,7.77,73.95604396,3.38,7.43,65.83576289,12.73138284,2.55544501,82.91,7.54,4.486725709,20.12780403,56.27500971,22.3840387,70.44649726,7.275637528,9.7,2.9868284,95.01385042
"Bristol, City of","South West England",2019,7.66,71.00316397,3.22,7.23,58.54930498,18.12518681,5.928465268,80.64,7.47,11.33202554,28.26134042,55.03297103,26.88821362,73.48757209,21.14908595,18,3.85013723,93.06675266
"Bristol, City of","South West England",2020,7.47,71.00316397,3.61,6.99,61.8165808,17.87440552,1.619560909,80.59,7.15,8.644116549,32.39918309,57.39910946,28.46198692,74.16844978,10.73269996,18,4.64228082,92.63439263
"Bristol, City of","South West England",2018,7.64,69.4235589,3.41,7.27,57.38522578,20.16515759,2.87129707,80.545,7.53,12.97137493,26.14767081,55.8986065,28.11026431,72.54167443,17.69510471,16.3,3.78424517,91.9504644
"Bristol, City of","South West England",2016,7.65,66.50062267,3.21,7.27,57.92493503,20.16515759,3.75529938,80.795,7.63,14.83663256,26.14767081,56.54063098,29.21843084,73.40978901,16.22928025,16.3,5.01327511,91.96916158
"Bristol, City of","South West England",2017,7.58,68.16269285,3.12,7.28,64.49145811,20.16515759,5.700035173,80.735,7.52,14.00102776,26.14767081,55.64500718,28.5357801,74.26737984,18.72610244,11.1,4.06460227,91.46692234
"Bristol, City of","South West England",2015,7.59,63.98550725,3,7.17,57.92493503,20.16515759,2.365368016,80.58,7.45,14.80117167,26.14767081,56.54063098,29.03223216,73.40978901,21.5249423,18.1,5.2725842,91.96916158
"Bristol, City of","South West England",2021,7.49,71.00316397,3.38,7.25,61.8165808,20.23903647,3.433125183,80.59,7.37,8.644116549,30.15735113,55.72755031,28.46198692,73.19889221,14.43378184,16.4,3.950187,91.86851211
"North Somerset","South West England",2015,7.77,72.63540825,2.83,7.54,61.13941403,29.00384388,2.395896806,81.9,7.66,6.792384527,15.39922853,65.73732905,25.45154939,69.37646367,2.857945804,11.7,3.88278506,95.67762269
"North Somerset","South West England",2016,7.8,74.38307873,2.82,7.57,61.13941403,29.00384388,1.705638812,81.73,7.64,8.49126552,15.39922853,65.73732905,24.9514145,69.37646367,3.778093668,11.7,3.53462853,95.67762269
"North Somerset","South West England",2020,7.73,74.70093044,3.34,7.24,57.48453074,27.09034862,3.730076856,82.55,7.34,3.261061167,22.81534416,62.2062624,28.36909152,69.07548919,4.638778331,11.9,3.7055757,95.27633444
"North Somerset","South West England",2018,8,75.72933549,2.75,7.71,63.65551414,29.00384388,1.605621623,82,7.87,6.502461212,15.39922853,67.20050743,23.65829691,71.1053683,5.142133237,12,2.84454216,95.82933845
"North Somerset","South West England",2017,7.78,74.89975942,2.83,7.43,62.7754284,29.00384388,3.463635404,81.815,7.6,6.056363175,15.39922853,56.35276023,25.98963731,73.31302268,3.288948194,11.1,2.91100999,95.08272059
"North Somerset","South West England",2019,7.99,74.70093044,3.12,7.53,54.31132333,33.51413801,4.804263261,82.635,7.73,6.993657348,15.79066556,60.90156622,25.82811848,71.05691555,2.790022878,11.3,3.1627756,96.30695444
"North Somerset","South West England",2021,7.94,74.70093044,3.14,7.53,57.48453074,32.62945989,2.653403713,82.55,7.59,3.261061167,25.70252493,64.210384,28.36909152,71.1801373,8.739690615,12.9,2.96407709,96.36363636
"South Gloucestershire","South West England",2020,7.67,76.45801527,3.29,7.3,60.97290155,23.51887831,2.94150165,82.995,7.52,4.687022264,11.35404594,67.92728969,24.3220339,68.03259827,1.737221002,10.2,3.45706074,94.52427184
"South Gloucestershire","South West England",2017,7.85,76.76886792,2.69,7.54,59.06534043,22.30356705,2.703950395,82.87,7.81,7.196436187,12.56129796,60.82501897,22.76387063,70.18167102,1.075164769,10.5,3.57180625,95.16245487
"South Gloucestershire","South West England",2015,7.94,75.59866626,2.83,7.6,59.34467484,22.30356705,5.675021671,82.94,7.72,6.457335592,12.56129796,64.94721881,22.15711399,70.22182289,1.09508235,12.3,3.5375798,95.08867667
"South Gloucestershire","South West England",2021,7.68,76.45801527,3,7.42,60.97290155,19.76928021,2.223009707,82.995,7.52,4.687022264,15.44389398,62.57226168,24.3220339,66.94556112,1.375818612,12.2,2.60659366,94.28123776
"South Gloucestershire","South West England",2018,7.9,76.81463707,2.86,7.51,57.48667991,22.30356705,1.922011946,82.83,7.74,7.090191195,12.56129796,60.99522426,24.39450422,68.31723108,1.415207823,10.6,3.01134854,94.77958237
"South Gloucestershire","South West England",2016,7.79,76.08241266,2.81,7.44,59.34467484,22.30356705,2.063400185,83.16,7.64,7.185273803,12.56129796,64.94721881,22.88369623,70.22182289,1.084296852,9.7,3.5697288,95.08867667
"South Gloucestershire","South West England",2019,7.82,76.45801527,2.89,7.54,52.40345622,21.06256188,3.127614657,83.05,7.65,6.418958024,11.15598903,60.45598425,24.11095212,69.74134939,2.104576401,11.2,2.58710695,95.07606085
"Plymouth","South West England",2017,7.98,65.94814121,2.97,7.56,55.17262163,25.02389268,3.26491528,80.57,7.76,7.309841487,20.76300334,67.24886898,29.00632005,67.56208944,9.883301023,18.4,4.72165728,96.17424242
"Plymouth","South West England",2018,7.77,68.18923328,3.03,7.51,57.23422771,25.02389268,2.913457721,80.54,7.67,6.811098442,20.76300334,67.83102946,28.79048774,68.6838107,8.741923223,17,4.48311652,95.58648111
"Plymouth","South West England",2016,7.91,64.07736208,2.97,7.45,54.85380573,25.02389268,2.597083091,80.78,7.78,6.887614111,20.76300334,66.11373999,27.04725467,71.1562044,7.623258562,17.2,5.62706975,95.68397952
"Plymouth","South West England",2015,7.79,62.6146789,2.82,7.5,54.85380573,25.02389268,4.239884594,80.675,7.72,6.740988423,20.76300334,66.11373999,28.10060243,71.1562044,4.590911525,20.6,6.01172634,95.68397952
"Plymouth","South West England",2020,7.75,68.95622896,3.32,7.44,52.00333942,28.60178363,2.980461396,80.64,7.56,3.789391985,20.19960194,67.54532148,30.59521513,65.89753779,6.087376683,19.1,5.13534719,95.09033778
"Plymouth","South West England",2019,7.74,68.95622896,3.04,7.56,54.16586528,29.64286399,3.257107369,80.56,7.68,6.276230446,21.37384862,67.57788508,28.98294708,66.84102253,7.249141549,18.5,4.26784458,95.68548387
"Plymouth","South West England",2021,7.6,68.95622896,2.88,7.53,52.00333942,27.79120165,3.661794411,80.64,7.4,3.789391985,18.07214916,68.79930044,30.59521513,68.83845305,8.688195764,15.5,3.88704645,94.05261151
"Torbay","South West England",2016,8.01,70.82767978,2.83,7.55,61.49030816,27.10788358,2.212872754,80.71,7.71,4.687290746,17.30163005,61.17892289,28.91714916,66.30875176,14.88028808,16.7,5.37604976,93.77865095
"Torbay","South West England",2015,7.97,64.63501063,2.75,7.54,61.49030816,27.10788358,2.586777843,81.08,7.68,6.136436681,17.30163005,61.17892289,27.95006673,66.30875176,15.69612306,17,4.96614629,93.77865095
"Torbay","South West England",2018,8.05,70.5801105,2.88,7.6,60.66888394,27.10788358,10.84573475,80.45,7.68,6.274856385,17.30163005,60.52125952,29.63784728,70.67501235,13.99322433,16,3.64421904,94.3768997
"Torbay","South West England",2020,7.69,70.53270398,3.42,7.41,61.70254685,36.02891487,3.56984541,80.53,7.34,5.638021407,19.75990118,65.46330539,30.16868445,69.11296109,13.94823004,14.1,4.97226444,94.31345354
"Torbay","South West England",2017,7.89,71.79661017,3.04,7.46,61.64086985,27.10788358,4.688944354,80.705,7.57,6.728430205,17.30163005,62.75030255,29.12852869,67.07285766,17.74531043,14.8,3.8752902,94.17604236
"Torbay","South West England",2019,7.98,70.53270398,3.07,7.54,53.87496045,27.94092089,3.322055813,80.8,7.65,5.225151177,16.21648973,61.29217815,30.14716587,69.75842478,11.74191276,15,3.7808425,94.67707594
"Torbay","South West England",2021,7.7,70.53270398,3.07,7.42,61.70254685,30.83868404,3.284175942,80.53,7.39,5.638021407,23.65241638,59.4335762,30.16868445,65.20333712,12.19109906,15.4,3.91418257,94.18676562
"Swindon","South West England",2020,7.65,71.09243697,3.28,7.21,53.10919246,21.60229937,2.733260027,81.685,7.28,5.608373975,11.92459251,66.29401859,30.3674787,69.12992866,4.038029262,13.7,3.85431175,94.56884231
"Swindon","South West England",2017,7.83,69.63151207,2.72,7.58,53.6985235,18.43578252,3.3618712,81.385,7.7,11.89401125,9.832308319,63.43897562,28.82898618,67.94949853,20.42085105,17.3,4.28993068,96.06448554
"Swindon","South West England",2015,7.86,67.45704467,3.01,7.45,55.28891749,18.43578252,3.681304665,81.195,7.66,11.5725421,9.832308319,68.9708862,27.60193567,67.0457959,8.272667108,18.6,4.4728862,96.33240483
"Swindon","South West England",2016,7.8,68.56575025,2.94,7.41,55.28891749,18.43578252,3.513252298,81.455,7.75,11.43288498,9.832308319,68.9708862,26.84071183,67.0457959,12.80995517,14.9,3.97779588,96.33240483
"Swindon","South West England",2018,7.89,70.74235808,2.77,7.51,56.30758473,18.43578252,3.731523212,81.685,7.63,12.26148219,9.832308319,62.1383932,28.66697435,71.67996942,15.76604984,17.7,3.82988682,94.74975466
"Swindon","South West England",2019,7.87,71.09243697,3.16,7.49,51.22895934,20.01215734,4.278683841,81.81,7.7,11.41350088,9.627579273,64.70124715,27.04967476,61.68892649,6.750887742,13.1,3.4907726,93.93790044
"Swindon","South West England",2021,7.85,71.09243697,3.25,7.5,53.10919246,20.28024483,3.328655811,81.685,7.6,5.608373975,13.37554602,64.9871028,30.3674787,70.05254033,4.278752145,12.5,3.76180294,93.68131868
"Peterborough","East of England",2020,7.69,66.97490092,3.47,7.29,47.20006146,89.81265589,6.835344856,80.545,7.21,7.896321301,23.40719959,59.49882305,30.56029406,58.80491531,4.441680732,15.7,4.9362199,93.94849785
"Peterborough","East of England",2016,7.75,62.707452,2.93,7.61,54.4724591,25.2127874,2.84946471,80.42,7.61,14.38483239,9.763813636,62.15567674,28.50546184,62.00695403,10.67425725,17.6,4.55302128,92.9301912
"Peterborough","East of England",2017,7.8,63.31025802,2.74,7.48,57.17949499,25.2127874,2.428402164,80.365,7.58,15.85609862,9.763813636,62.52716599,29.97599827,61.07733738,15.58462451,17.6,4.99029318,93.19371728
"Peterborough","East of England",2018,7.84,66.63479924,2.77,7.59,47.95933057,25.2127874,3.75240787,80.28,7.63,14.59403803,9.763813636,68.1530245,26.87533552,61.72078864,14.4249183,19.5,4.87871225,93.60751006
"Peterborough","East of England",2015,7.8,61.18677043,2.89,7.47,54.4724591,25.2127874,2.542336517,80.515,7.56,12.39304544,9.763813636,62.15567674,26.72394087,62.00695403,7.745653398,18.1,5.17057304,92.9301912
"Peterborough","East of England",2019,7.8,66.97490092,2.98,7.51,48.24509054,27.07721363,2.440074292,80.605,7.59,11.00074657,14.99220857,67.94463162,29.28499263,65.98571545,18.29337631,18.8,5.12728232,92.92841649
"Peterborough","East of England",2021,7.67,66.97490092,3.12,7.26,47.20006146,56.84518917,2.289043829,80.545,7.27,7.896321301,59.63097845,60.69873529,30.56029406,57.4389317,16.63978109,14.4,4.6997136,93.01686936
"Luton","East of England",2020,7.78,68.32620648,2.91,7.46,48.7781475,18.81977991,6.404415336,80.235,7.18,5.277996328,10.556642,71.3221989,32.49306434,57.70856754,7.024839834,17.2,5.6195152,94.75713184
"Luton","East of England",2021,7.91,68.32620648,2.75,7.74,48.7781475,19.36520169,7.418047494,80.235,7.67,5.277996328,10.34445535,67.51032445,32.49306434,56.78528204,3.113518899,14.1,6.04237626,93.97240378
"Luton","East of England",2017,7.84,68.40247132,2.83,7.57,47.80418789,21.35645796,5.507639122,80.275,7.71,8.166478771,7.496812898,64.05264864,32.13098129,59.85220471,40.5295866,14.3,5.24933567,92.87469287
"Luton","East of England",2016,7.85,65.29904652,2.84,7.52,49.84040117,21.35645796,5.545091892,80.29,7.63,8.869272025,7.496812898,65.03552486,30.7797529,61.75566862,35.19919968,16.3,5.66932737,93.23338736
"Luton","East of England",2018,7.96,68.92261002,2.44,7.66,40.72178938,21.35645796,4.909898901,80.27,7.64,7.351395784,7.496812898,61.23433792,30.96214511,58.66766808,21.95143595,16,4.56116593,93.75256885
"Luton","East of England",2015,7.82,60.49681915,2.8,7.49,49.84040117,21.35645796,4.675109332,80.5,7.57,7.608354676,7.496812898,65.03552486,29.25067424,61.75566862,24.8149414,15.8,5.21549097,93.23338736
"Luton","East of England",2019,7.99,68.32620648,2.6,7.65,42.66899508,23.48231825,5.409667225,80.695,7.72,7.542759514,7.203313278,67.04633607,31.44078916,56.62562457,20.18286615,16.8,4.59645729,93.6501753
"Southend-on-Sea","East of England",2021,7.84,73.81170018,3.15,7.52,54.61575337,16.73843565,4.046524968,80.575,7.55,5.427497497,11.05367769,68.83133465,27.91041522,65.44150638,5.537067901,12.9,4.61867242,93.21125502
"Southend-on-Sea","East of England",2020,7.65,73.81170018,3.24,7.32,54.61575337,17.45238147,4.014441652,80.575,7.32,5.427497497,12.19980885,63.86220014,27.91041522,63.23840959,4.37701411,13.3,4.53329315,94.76716275
"Southend-on-Sea","East of England",2017,7.92,74.21839601,2.98,7.54,58.38698262,19.92860972,3.600229803,80.525,7.63,7.76643492,15.38817356,59.84733046,27.03514355,63.44959689,39.60221772,18,4.46107962,94.47972643
"Southend-on-Sea","East of England",2018,7.88,73.76214715,2.91,7.6,55.75073291,19.92860972,7.056207325,80.595,7.64,9.081293194,15.38817356,66.57272492,27.62146555,62.96788519,6.028619501,15.9,3.63103647,94.86203616
"Southend-on-Sea","East of England",2015,7.77,68.73881932,2.76,7.56,54.85904441,19.92860972,4.019160312,80.795,7.64,8.731602263,15.38817356,57.82967576,27.11224122,65.00364379,22.31719428,18.8,5.33058777,94.47592068
"Southend-on-Sea","East of England",2016,7.81,71.2875729,2.92,7.42,54.85904441,19.92860972,4.438117603,80.76,7.62,9.872318749,15.38817356,57.82967576,26.30252101,65.00364379,24.36242428,17.2,5.07886616,94.47592068
"Southend-on-Sea","East of England",2019,7.95,73.81170018,2.97,7.49,49.44106501,19.92636019,2.927287418,80.81,7.7,7.240955631,10.20317216,59.01105926,27.85888078,65.07470156,17.47440273,13.2,3.92413657,95.09658247
"Thurrock","East of England",2020,7.89,73.86914378,3.12,7.6,50.62080778,14.38557331,8.592833565,80.445,7.42,5.896394369,6.079232193,69.17861289,32.30932203,58.25894009,2.848499695,14,4.41577466,93.76430206
"Thurrock","East of England",2017,7.86,75.46439628,3.09,7.53,51.32523916,15.50165461,4.591461525,80.55,7.59,11.03325234,7.892487593,69.27263721,29.49247846,59.54044544,5.281876122,17.7,4.43461092,94.0151075
"Thurrock","East of England",2016,7.88,74.93123772,3.01,7.55,49.11412046,15.50165461,4.609941317,80.71,7.65,9.861780702,7.892487593,66.32416976,30.14773248,54.8140132,2.374902035,20.8,5.02479807,94.72789116
"Thurrock","East of England",2015,7.87,72.31848185,2.79,7.4,49.11412046,15.50165461,2.498160579,80.8,7.55,9.654300169,7.892487593,66.32416976,29.46033696,54.8140132,4.215851602,21.3,5.83910305,94.72789116
"Thurrock","East of England",2018,7.82,74.9498998,3.07,7.4,47.28596372,15.50165461,5.211416987,80.74,7.53,11.34907984,7.892487593,67.40764684,31.13230195,60.91203475,5.21663527,17.9,4.11043007,93.20269443
"Thurrock","East of England",2019,7.93,73.86914378,3.23,7.38,46.37763722,13.69580693,3.790296202,81.025,7.58,10.37621672,6.253358116,75.81387174,30.07888773,58.5576109,4.588708336,17.5,4.59902661,92.90085679
"Thurrock","East of England",2021,7.77,73.86914378,2.96,7.5,50.62080778,12.32771762,3.853271701,80.445,7.61,5.896394369,8.03253529,76.34524493,32.30932203,60.29471525,1.136996737,12.6,4.7065192,93.02575107
"Medway","South East England",2020,7.81,73.96566282,3.43,7.31,56.74991745,17.61014904,5.181481309,80.335,7.47,6.34444118,9.709642914,69.16245993,31.19747899,67.27331558,1.074721826,14.7,4.78963379,94.10039113
"Medway","South East England",2015,7.7,70.85569048,2.93,7.39,56.77408606,16.75719538,4.185064746,80.2,7.48,7.755036776,8.198737879,66.53416577,27.85936588,65.99632094,5.087652993,22.3,7.45226325,93.79573656
"Medway","South East England",2018,7.82,72.79122116,3.23,7.45,48.31717417,16.75719538,2.594179561,80.815,7.51,8.184124813,8.198737879,68.69127572,28.73927874,63.92027047,6.838099008,14.7,3.93365435,93.5395189
"Medway","South East England",2019,7.84,73.96566282,3.17,7.55,49.05872593,17.34165526,5.760816924,80.805,7.7,8.888697425,8.62695829,69.58534558,30.03933244,66.74776457,4.307930901,14.1,4.10993669,94.48085547
"Medway","South East England",2017,7.84,73.86208776,3.06,7.45,54.4657812,16.75719538,2.343646391,80.605,7.63,9.448302691,8.198737879,64.33538205,29.02779612,65.81901068,15.84923059,17.6,4.6413281,93.56252107
"Medway","South East England",2016,7.79,73.69413032,3.17,7.34,56.77408606,16.75719538,6.827832411,80.295,7.58,7.842372643,8.198737879,66.53416577,27.78140845,65.99632094,5.054936326,19,6.02695784,93.79573656
"Medway","South East England",2021,7.66,73.96566282,3.33,7.37,56.74991745,19.55114643,3.138134624,80.335,7.38,6.34444118,12.63423896,69.37409965,37.86185263,60.83964716,3.931000225,14.5,4.08973716,94.82368166
"Bracknell Forest","South East England",2021,7.66,75.84187408,3.48,7.37,57.50418322,21.92650282,4.07129455,83.55,7.47,4.912817622,12.9882623,63.50335249,26.08251634,65.45944031,1.597775896,10.8,3.49778996,96.55455291
"Bracknell Forest","South East England",2015,7.88,72.67479153,2.97,7.47,55.44791792,20.76462597,3.511226617,83.22,7.69,5.989681641,11.08783952,58.65572439,23.97926773,68.12422124,4.194454931,16.7,3.22659324,96.78284182
"Bracknell Forest","South East England",2020,7.68,75.84187408,3.34,7.41,57.50418322,20.06878652,2.768290094,83.55,7.29,4.912817622,14.93183628,65.27528118,26.08251634,71.12393313,3.221519752,11.3,3.5676056,95.68345324
"Bracknell Forest","South East England",2016,7.94,73.4939759,3,7.57,55.44791792,20.76462597,5.233992188,83.38,7.78,6.765221749,11.08783952,58.65572439,23.72190299,68.12422124,8.352125616,16.1,3.16481021,96.78284182
"Bracknell Forest","South East England",2017,7.91,72.89473684,2.95,7.54,54.48199912,20.76462597,7.09707571,83.085,7.82,5.582461766,11.08783952,61.99127588,24.64640302,72.22487826,4.984340862,13.3,2.9082439,96.00371747
"Bracknell Forest","South East England",2018,7.95,74.74120083,2.76,7.65,58.34839397,20.76462597,4.701127852,83.36,7.78,6.911798547,11.08783952,60.25783445,27.028729,73.87089126,15.61524047,10.9,2.39885094,95.62109026
"Bracknell Forest","South East England",2019,7.77,75.84187408,3.15,7.53,53.60274476,21.70721456,6.666886362,83.585,7.63,7.221601155,9.905808384,59.7001622,23.77329193,71.84518141,17.95200287,11.9,2.49792588,96.35666347
"West Berkshire","South East England",2021,7.73,74.91638796,3.18,7.47,57.69811404,17.770659,7.556669616,83.265,7.5,3.792635598,9.998643986,61.49926099,24.47363786,67.48087321,0.617798783,13.4,2.98640744,96.26315789
"West Berkshire","South East England",2020,7.61,74.91638796,3.36,7.23,57.69811404,20.0327641,6.933245536,83.265,7.34,3.792635598,13.14664594,57.77391436,24.47363786,77.34597139,5.679487584,11.2,3.1081326,96.27659574
"West Berkshire","South East England",2016,8.01,74.96296296,2.98,7.6,59.31908551,20.48824359,6.440863092,82.83,7.88,6.936736959,14.51215062,59.24369289,22.68851435,71.72556401,8.828574311,12.8,3.16788174,97.1473029
"West Berkshire","South East England",2015,7.97,70.65837221,2.94,7.67,59.31908551,20.48824359,3.817737142,82.67,7.87,6.077734028,14.51215062,59.24369289,24.19036512,71.72556401,9.526228884,14.1,2.84656136,97.1473029
"West Berkshire","South East England",2017,8.03,76.07555089,2.93,7.6,56.14745243,20.48824359,4.721115898,82.855,7.85,7.269377118,14.51215062,61.78768459,24.69078596,73.62506981,12.62044639,13.1,2.2928664,95.92573491
"West Berkshire","South East England",2019,7.97,74.91638796,2.94,7.57,60.09855888,20.62653538,7.533726528,83.52,7.68,6.311139161,13.22287741,57.86817016,24.00837284,65.68048384,6.311139161,10.3,2.47898607,96.33389735
"West Berkshire","South East England",2018,8.02,74.23510467,2.7,7.84,60.08182893,20.48824359,13.01500045,83.155,7.88,7.361522012,14.51215062,58.45627086,24.51973314,68.52408766,11.35453267,10.1,2.79446492,97.08470847
"Reading","South East England",2020,7.46,69.96684036,3.59,7.16,56.82165009,23.86237703,7.23732756,80.635,7.31,9.504980136,19.97933598,61.57234658,29.03896104,66.61064115,11.85004085,13.9,4.23756737,94.65381245
"Reading","South East England",2021,7.54,69.96684036,3.42,7.41,56.82165009,18.96893556,3.389702973,80.635,7.3,9.504980136,18.63284976,63.51179234,29.03896104,69.14432277,12.70427903,15.8,4.06181156,93.89705882
"Reading","South East England",2017,7.87,70.67804221,3.05,7.6,54.07586018,24.17003924,4.510816936,80.88,7.67,17.18227809,17.37762822,58.97895734,27.915664,68.7247745,19.00965813,13.6,3.38055429,94.09751925
"Reading","South East England",2016,7.86,70.88087631,3.04,7.45,52.94322588,24.17003924,5.324654936,81.06,7.66,17.1357275,17.37762822,56.43835226,29.54436399,64.75646009,13.52173619,15.8,4.52484937,96.02420052
"Reading","South East England",2015,7.75,67.98383476,2.84,7.57,52.94322588,24.17003924,3.931851966,80.965,7.6,15.12050018,17.37762822,56.43835226,29.0685544,64.75646009,9.894805845,17.6,5.21730472,96.02420052
"Reading","South East England",2019,7.9,69.96684036,3.04,7.63,57.58585695,20.75240063,4.708826232,81.2,7.82,12.70861664,17.40290205,58.51513452,28.13196115,63.89381037,17.30745457,13.9,3.39685429,93.12267658
"Reading","South East England",2018,7.7,71.8328841,2.98,7.58,50.79042909,24.17003924,3.613829939,81.095,7.64,13.47401702,17.37762822,56.75671614,28.31797235,68.75159765,15.31834586,13,4.11835338,94.62081129
"Slough","South East England",2021,7.49,73.82220401,3.14,7.41,49.74927042,17.25482207,6.756855148,80.45,7.25,6.545123916,8.876539333,61.94903767,31.91874234,48.79179646,12.00336094,14.9,6.1531804,94.92490937
"Slough","South East England",2020,7.68,73.82220401,3.61,7.19,49.74927042,22.17451804,7.218967499,80.45,7.35,6.545123916,8.7792197,58.68847394,31.91874234,55.95699471,11.36538372,16.3,5.79419562,95.73304158
"Slough","South East England",2016,7.84,68.48578017,3.07,7.59,48.45146228,22.18125015,3.006235162,80.425,7.54,10.86397357,9.173642443,65.75577844,30.98577929,59.60549999,16.92207722,18,4.89797293,96.27329193
"Slough","South East England",2015,7.63,65.29318542,3.26,7.28,48.45146228,22.18125015,3.778062186,80.555,7.42,11.15463099,9.173642443,65.75577844,29.13305982,59.60549999,11.64080582,18.2,4.29710011,96.27329193
"Slough","South East England",2018,7.73,72.80880554,3.26,7.42,45.07969081,22.18125015,3.699685138,80.48,7.54,9.181018295,9.173642443,66.18636812,31.6904592,55.79702728,19.44846827,21.3,3.72578837,96.12307692
"Slough","South East England",2019,7.83,73.82220401,3.62,7.39,41.79677171,25.93455761,3.717443946,80.925,7.47,10.02414086,8.14048826,65.86023718,31.40921948,55.75739338,16.7180468,16.2,4.08425291,95.28415961
"Slough","South East England",2017,7.8,71.28325509,3.19,7.34,49.38656759,22.18125015,3.392340949,80.42,7.55,8.940094644,9.173642443,63.06091441,31.37116605,54.72231836,18.14906431,16.6,3.79112606,96.40421575
"Windsor and Maidenhead","South East England",2020,7.74,75.09727626,3.68,7.39,60.63824428,14.92680802,4.550835076,83.26,7.5,4.614174373,9.417898091,62.34954762,22.58592753,68.50728915,5.288452004,11.4,3.43873047,95.04685408
"Windsor and Maidenhead","South East England",2015,7.97,74.22012949,2.98,7.67,64.67590683,18.76074221,3.202681884,82.955,7.83,6.589019201,9.263414992,53.36973109,23.26651855,69.63636769,23.60447001,13,3.50576011,95.38361508
"Windsor and Maidenhead","South East England",2017,7.9,76.92307692,3.08,7.51,60.44388239,18.76074221,4.320686311,83.09,7.75,6.7470361,9.263414992,56.73685785,23.73588127,70.74187659,7.326495271,11.2,2.51858523,95.51934827
"Windsor and Maidenhead","South East England",2016,7.88,74.67532468,2.95,7.65,64.67590683,18.76074221,3.949957439,83.095,7.75,6.827488994,9.263414992,53.36973109,21.76912967,69.63636769,5.344414085,12.2,3.36860243,95.38361508
"Windsor and Maidenhead","South East England",2018,7.87,75.17027864,3.02,7.73,55.9636785,18.76074221,11.18282526,83.17,7.83,7.176653016,9.263414992,58.19627138,24.0045869,71.15214289,7.289305926,8.4,2.7461624,94.71308833
"Windsor and Maidenhead","South East England",2019,7.91,75.09727626,2.9,7.72,61.51375643,17.34448357,8.006437585,83.345,7.77,5.857801376,8.510038748,54.47476924,22.01691487,72.28523339,26.4162407,9.8,2.42676243,94.77561956
"Windsor and Maidenhead","South East England",2021,7.56,75.09727626,3.45,7.37,60.63824428,14.12024029,8.15552438,83.26,7.65,4.614174373,10.38209464,56.98291902,22.58592753,70.77124372,1.949051786,11.9,3.65291395,95.28301887
"Wokingham","South East England",2021,7.76,77.40686986,3.4,7.44,57.24213406,24.24475244,6.961357571,83.96,7.47,3.115927448,13.06947408,60.15552082,25.17640628,68.39193371,2.245059466,6.7,2.82281118,95.27744982
"Wokingham","South East England",2015,7.85,70.29843676,2.97,7.62,60.09012543,27.03202193,3.755944279,83.21,7.73,4.683622829,11.34542163,50.70249497,21.50450323,69.50053861,8.684863524,9.5,2.84315177,96.41337386
"Wokingham","South East England",2016,7.98,75.97156398,2.87,7.66,60.09012543,27.03202193,6.005421503,83.345,7.93,5.751531391,11.34542163,50.70249497,23.52108268,69.50053861,6.744866237,8.8,3.05490721,96.41337386
"Wokingham","South East England",2020,7.63,77.40686986,3.59,7.28,57.24213406,26.38503573,6.821582882,83.96,7.33,3.115927448,13.40777047,58.02289947,25.17640628,75.07731727,0.574894363,7.5,3.26893712,95.05962521
"Wokingham","South East England",2017,8.08,76.70737223,2.68,7.79,65.73875445,27.03202193,7.164952192,83.56,7.98,5.588556189,11.34542163,55.08188876,22.20264195,71.23622068,6.061340769,8.1,2.5107227,95.23219814
"Wokingham","South East England",2019,8.03,77.40686986,2.95,7.63,57.53169288,24.3560302,5.067440715,84.095,7.8,4.248505426,13.24090104,59.72357138,22.27746088,75.30567286,5.843886418,8.4,2.11134992,96.48910412
"Wokingham","South East England",2018,8.02,75.46210721,2.51,7.76,58.6201728,27.03202193,8.03201562,83.915,8.04,5.006578203,11.34542163,53.36737413,21.11057824,73.48650395,4.167187565,8.2,2.50106818,96.85230024
"Milton Keynes","South East England",2020,7.59,73.4522844,3.44,7.22,56.81349298,23.12312306,24.54613441,81.245,7.36,5.677213058,11.62024318,63.43003771,27.19279685,66.71254419,6.661658087,14.5,3.84884795,94.41780822
"Milton Keynes","South East England",2015,7.74,66.91957511,2.86,7.47,52.96272632,22.74502347,3.841349202,80.985,7.53,12.61489241,10.60858545,62.4317422,27.93847786,66.84583822,11.01903253,16.4,5.11356111,93.93627955
"Milton Keynes","South East England",2016,7.86,71.25151883,2.56,7.67,52.96272632,22.74502347,4.595866531,81.04,7.68,12.91691707,10.60858545,62.4317422,28.41862416,66.84583822,14.27283654,14.5,4.2901318,93.93627955
"Milton Keynes","South East England",2018,7.84,73.46886912,2.8,7.62,54.10943455,22.74502347,14.56199918,81.13,7.59,10.65497176,10.60858545,64.90201087,28.61900186,67.1074066,15.26393579,13.4,4.30910965,94.61457233
"Milton Keynes","South East England",2017,7.95,73.44533601,2.8,7.64,54.9474969,22.74502347,19.19773612,81.11,7.63,13.28493838,10.60858545,65.32325564,28.5014245,64.12165758,17.94251666,13.3,4.25070186,94.32142857
"Milton Keynes","South East England",2019,7.79,73.4522844,3.35,7.31,46.31460347,21.27320394,7.299475178,81.43,7.61,11.98335913,10.078772,63.60326891,27.97619048,68.11511839,12.98908546,15.1,3.7840347,94.70079308
"Milton Keynes","South East England",2021,7.71,73.4522844,3.27,7.4,56.81349298,20.9391899,6.596337216,81.245,7.43,5.677213058,13.14928885,69.34447432,27.19279685,66.83471717,6.245641063,14.9,3.78465076,93.82992327
"Brighton and Hove","South East England",2018,7.57,72.35614308,3.43,7.38,61.31893585,18.89183077,16.15583677,80.92,7.56,9.266688476,37.18424256,51.09402655,21.99503334,76.65039152,22.03894695,19.3,5.95738126,94.33876812
"Brighton and Hove","South East England",2017,7.83,69.54087346,3.47,7.28,66.88265889,18.89183077,19.44356472,81.075,7.51,10.86915028,37.18424256,48.02329054,21.9738906,78.01848939,61.77231004,18,4.70815036,95.0139795
"Brighton and Hove","South East England",2020,7.61,71.73228346,3.72,7.14,65.28689973,14.88343245,24.37720038,81.25,7.27,8.147721586,53.79409945,49.86494005,25.47996256,71.94375865,9.254879378,17.4,5.59614511,93.79496403
"Brighton and Hove","South East England",2016,7.75,66.43535427,3.35,7.37,66.61470115,18.89183077,13.99590308,81.43,7.57,9.858169118,37.18424256,51.12718596,22.9801843,75.53184056,50.14398986,19.9,5.52125265,94.28442844
"Brighton and Hove","South East England",2015,7.59,64.90112994,3.65,7.29,66.61470115,18.89183077,23.30658192,81.405,7.52,9.828459586,37.18424256,51.12718596,22.17080952,75.53184056,27.45773094,20.9,5.81047819,94.28442844
"Brighton and Hove","South East England",2019,7.73,71.73228346,3.66,7.32,69.00166635,12.75086416,15.89406529,81.135,7.61,12.09412654,29.19313219,50.8483487,22.76150628,75.9120102,30.25250529,17.5,3.76175005,94.85057471
"Brighton and Hove","South East England",2021,7.71,71.73228346,3.71,7.26,65.28689973,12.88981671,20.19704065,81.25,7.57,8.147721586,38.06585615,58.80947713,27.58842415,69.03710831,13.38959375,13.7,4.7680765,94.56378781
"Portsmouth","South East England",2018,7.78,70.17681729,2.78,7.64,50.3724133,33.35296632,14.05117145,80.22,7.65,14.60027053,24.08242449,64.0459691,30.36899773,67.71901583,8.831745943,17.5,4.39011031,91.50769231
"Portsmouth","South East England",2019,7.81,69.40639269,3.01,7.55,53.12377863,26.174894,18.91288936,80.16,7.69,13.62927805,48.60288796,68.07220039,31.57555623,66.58127349,12.09836905,16.4,3.94132838,89.32384342
"Portsmouth","South East England",2017,7.89,70.79504594,3.07,7.53,59.54362824,33.35296632,6.84261029,80.14,7.73,18.98303822,24.08242449,63.84433529,30.01998861,66.61366588,19.56053987,15.2,4.09751919,90.57258531
"Portsmouth","South East England",2015,7.88,68.71711858,2.6,7.64,53.83703176,33.35296632,22.48433966,79.965,7.81,14.94742042,24.08242449,66.90433037,28.20184601,66.50329852,7.124604584,19.8,6.16501334,89.84741784
"Portsmouth","South East England",2016,7.82,69.51219512,2.73,7.68,53.83703176,33.35296632,14.67337384,80.07,7.74,17.53111304,24.08242449,66.90433037,29.45038877,66.50329852,17.3436145,20.1,5.64180817,89.84741784
"Portsmouth","South East England",2020,7.61,69.40639269,3.1,7.51,49.65841298,38.26240579,21.1889475,80.42,7.42,14.18776666,33.40406322,66.94017184,30.94563604,69.71368646,13.50772269,16.6,5.34487076,88.40315726
"Portsmouth","South East England",2021,7.69,69.40639269,3.22,7.33,49.65841298,33.72420294,19.525785,80.42,7.36,14.18776666,37.38643821,65.43824825,34.4990271,61.19601972,11.60384474,13.6,4.74423946,91.95214791
"Southampton","South East England",2019,7.61,71.43826323,2.98,7.36,53.21328256,24.52639646,29.55055455,80.5,7.56,12.68414383,28.41110938,64.22902553,29.21257325,65.14993795,5.940123555,16.8,4.51846205,92.09549072
"Southampton","South East England",2020,7.65,71.43826323,3.22,7.15,54.11769768,22.5046727,15.36967434,80.39,7.26,8.466734158,25.50672449,57.90891449,30.82898335,62.3963917,7.513682812,14.4,4.725622,91.35107472
"Southampton","South East England",2018,7.71,71.30815914,3.28,7.5,52.31032704,19.09695267,13.4140694,80.37,7.7,13.71065998,22.2558808,64.68411417,30.32345204,69.29885271,11.4717005,16.2,5.55523627,92.06521739
"Southampton","South East England",2017,7.71,70.00324992,2.78,7.44,55.58205338,19.09695267,17.85677032,80.39,7.73,15.14905353,22.2558808,63.48816999,29.1966921,65.22956048,11.49156559,17.4,4.20552679,89.41961993
"Southampton","South East England",2016,7.7,69.58139535,2.82,7.39,56.01542832,19.09695267,20.07249584,80.615,7.6,14.29444398,22.2558808,61.29802179,29.51465878,66.46649935,9.18614729,17.8,5.83144497,92.26722777
"Southampton","South East England",2015,7.72,66.01523683,2.6,7.46,56.01542832,19.09695267,10.12949083,80.53,7.61,13.736822,22.2558808,61.29802179,28.58465608,66.46649935,12.59886041,20.5,5.61601653,92.26722777
"Southampton","South East England",2021,7.62,71.43826323,3.2,7.4,54.11769768,21.3044143,7.613341324,80.39,7.44,8.466734158,20.45102375,64.99492504,30.82898335,64.77971156,3.639952114,12.5,5.24095208,91.52305543
"Isle of Wight","South East England",2020,7.72,71.45015106,3.14,7.5,64.02095892,21.91251295,22.48169108,81.515,7.48,2.129364142,13.02309579,62.65043433,28.57356459,68.40693379,2.811041772,13.7,5.19907652,95.48551959
"Isle of Wight","South East England",2017,7.98,71.16519174,2.79,7.63,67.35605175,22.55018592,27.22670942,81.725,7.85,5.759518811,10.98561266,65.23103567,28.7755102,68.08925887,6.383703115,14.1,4.23773053,95.19817073
"Isle of Wight","South East England",2015,7.93,71.68539326,2.72,7.58,64.34997864,22.55018592,22.18377941,81.72,7.72,4.235741935,10.98561266,67.00621018,28.51405622,67.90791132,2.861987794,16.4,5.23644375,94.40406977
"Isle of Wight","South East England",2018,8.03,72.96072508,2.85,7.71,57.47293215,22.55018592,19.28672578,81.605,7.84,5.609800902,10.98561266,60.29741031,28.33333333,74.90411839,16.95657703,13.2,3.98145984,94.35163087
"Isle of Wight","South East England",2016,7.99,72.03007519,2.79,7.7,64.34997864,22.55018592,9.263629065,81.745,7.74,5.168824502,10.98561266,67.00621018,27.36905238,67.90791132,11.40706097,15.3,5.31572551,94.40406977
"Isle of Wight","South East England",2019,7.91,71.45015106,3.3,7.48,61.40964688,20.02435729,15.06938024,81.57,7.64,4.782360285,11.68750037,62.09674593,28.3409421,70.57768251,7.758991613,14.4,3.6180951,95.06057782
"Isle of Wight","South East England",2021,7.63,71.45015106,3.34,7.34,64.02095892,27.28020054,3.091077573,81.515,7.27,2.129364142,21.65098736,61.72617248,28.57356459,70.23178532,3.5488931,13.1,4.91281496,95.63758389
"County Durham","North East England",2020,7.78,71.89961531,3.05,7.4,57.77594353,24.35726055,3.337414657,79.485,7.43,5.491898137,19.84329877,63.36005269,31.24858247,65.50209612,2.063213098,16.5,6.1,92.43119266
"County Durham","North East England",2016,7.88,69.17937297,2.62,7.53,59.73702936,23.63703198,2.810935917,79.67,7.65,6.351384502,16.04220587,68.33018488,30.69338034,63.74735674,2.299837478,17.9,5.8,92.07998432
"County Durham","North East England",2015,7.8,63.59231701,3.18,7.29,59.73702936,23.63703198,5.203819479,79.65,7.62,5.252750088,16.04220587,68.33018488,29.73486077,63.74735674,0.57764847,19,6.8,92.07998432
"County Durham","North East England",2018,8.07,72.9482212,2.82,7.53,52.75589182,23.63703198,3.29462487,79.85,7.83,8.427264792,16.04220587,66.87704146,31.02861035,61.92214584,2.277126267,15,4.6,91.71006944
"County Durham","North East England",2017,8.01,72.07381371,2.8,7.57,57.12900162,23.63703198,3.264769833,79.81,7.8,7.077084073,16.04220587,67.98094842,30.89663342,66.73248609,2.482517349,14.3,5.5,92.87005423
"County Durham","North East England",2019,7.8,71.89961531,3.23,7.34,55.44538232,22.92635528,3.549143242,80.045,7.57,8.240047991,13.67329914,62.41184443,30.8328784,64.41492261,0.377291575,17,5.4,92.23932365
"County Durham","North East England",2021,7.68,71.89961531,2.9,7.39,57.77594353,21.6600846,6.603450911,79.485,7.54,5.491898137,20.30325887,70.81948784,31.24858247,63.52826557,2.10992316,16.2,5.3,91.42914092
"Cheshire East","North West England",2020,7.73,73.03703704,3.26,7.43,53.47853424,22.28957255,4.473108139,82.045,7.6,3.674996832,13.47079298,68.75655766,27.54173228,71.25343529,1.5517228,10.9,3.6,95.65567176
"Cheshire East","North West England",2015,8.1,68.44814906,2.45,7.63,55.77271859,20.96916989,4.715342693,81.96,7.85,5.184684421,12.81831197,59.46422426,23.83744876,69.62628966,0,12.5,3.5,95.34288639
"Cheshire East","North West England",2016,7.87,71.47210502,3,7.41,55.77271859,20.96916989,5.80381975,81.995,7.56,6.292025242,12.81831197,59.46422426,24.2759276,69.62628966,1.060155896,13.3,3.6,95.34288639
"Cheshire East","North West England",2018,7.96,72.725,2.65,7.61,52.7011605,20.96916989,2.919987526,82.06,7.93,7.652511883,12.81831197,63.3373569,25.96050533,73.74133792,2.626119383,8.7,3.1,96.42956764
"Cheshire East","North West England",2017,8.08,71.87572997,2.6,7.61,62.01899216,20.96916989,2.186596217,82.03,7.8,7.549241644,12.81831197,60.18634518,24.41306307,69.17481474,5.543149459,16.4,3,95.00667557
"Cheshire East","North West England",2019,7.91,73.03703704,3.1,7.38,53.22366408,25.05454234,2.813184785,82.19,7.69,7.273162706,13.12645196,65.84083979,27.54173228,68.34667779,2.082509007,13.8,3,95.73205201
"Cheshire East","North West England",2021,7.88,73.03703704,3.14,7.47,53.47853424,23.47917428,6.138260707,82.045,7.76,3.674996832,14.65257703,68.30427375,27.54173228,70.57993736,0.99868174,13.5,3.7,96.21351565
"Cheshire West and Chester","North West England",2020,7.73,71.64299116,3.12,7.39,54.96237357,17.89698065,5.225462855,81.505,7.41,4.868784229,10.31339219,69.83119143,28.82264063,69.12614736,1.163389302,13.3,3.2,93.09448136
"Cheshire West and Chester","North West England",2016,7.92,70.69948187,2.3,7.58,55.93130824,19.39681206,1.730691329,81.255,7.84,8.131679594,9.053891044,59.91535331,27.00378944,66.64207919,2.08504605,11.7,4,93.54120267
"Cheshire West and Chester","North West England",2015,7.8,68.47966848,2.81,7.43,55.93130824,19.39681206,13.79972822,81.46,7.6,6.782472773,9.053891044,59.91535331,27.68752986,66.64207919,1.497234608,13.1,4.1,93.54120267
"Cheshire West and Chester","North West England",2017,8.07,70.41602465,2.54,7.67,54.84269517,19.39681206,9.32906924,81.33,7.88,8.524021705,9.053891044,58.99746314,26.71610221,68.43491988,5.325664377,12.7,3.8,93.31977926
"Cheshire West and Chester","North West England",2018,7.87,71.89886753,2.87,7.6,55.61627282,19.39681206,3.517625563,81.46,7.72,7.914784641,9.053891044,63.7069579,25.88136803,67.0309794,4.992628531,13.8,3.6,92.75841346
"Cheshire West and Chester","North West England",2019,7.75,71.64299116,2.84,7.53,56.50670183,17.59982635,3.86078408,81.695,7.65,7.100571019,10.79602303,65.44325955,28.82264063,71.11423178,4.080787942,11.3,3.4,93.48089751
"Cheshire West and Chester","North West England",2021,7.83,71.64299116,2.93,7.4,54.96237357,17.19143185,4.53480963,81.505,7.47,4.868784229,13.26067347,60.24013271,28.82264063,73.40023953,2.236517295,8.8,3.6,93.12869614
"Shropshire","West Midlands",2021,7.84,72.71169009,3.01,7.4,62.20108474,16.8589952,7.207513222,81.945,7.56,3.497072968,9.434999248,67.96253674,26.14691615,72.88171156,6.46718979,13.2,3.7,91.8556701
"Shropshire","West Midlands",2020,7.84,72.71169009,3.28,7.48,62.20108474,17.29846909,5.620392862,81.945,7.5,3.497072968,9.538496372,65.06872559,26.14691615,69.70788804,7.067897915,10.8,3.7,92.44444444
"Shropshire","West Midlands",2015,8.01,68.45196959,2.87,7.66,64.98856968,16.88628359,9.076964679,82.045,7.73,4.615231867,8.975161049,59.41011466,25.96766031,70.93647554,2.241958575,14.5,3.4,94.7299509
"Shropshire","West Midlands",2016,8.02,69.42372881,2.87,7.66,64.98856968,16.88628359,3.199667864,82.115,7.77,4.042723733,8.975161049,59.41011466,26.02417666,70.93647554,4.134965266,17.2,3.4,94.7299509
"Shropshire","West Midlands",2017,7.97,71.12054884,2.89,7.53,65.39725656,16.88628359,3.461869298,81.895,7.72,4.99277072,8.975161049,70.40824845,27.05819045,68.2457516,4.095016994,14,3.4,94.57468185
"Shropshire","West Midlands",2018,7.93,70.10413168,2.97,7.68,57.37489697,16.88628359,5.638559612,81.98,7.77,5.617065388,8.975161049,72.13430566,26.76652797,69.13196022,6.556885667,13.6,2.9,94.27439683
"Shropshire","West Midlands",2019,8.11,72.71169009,2.84,7.68,57.77933689,16.10795094,5.02721735,82.075,7.89,4.626534957,8.535289067,68.50144183,26.38591362,68.53746592,4.95147554,13.7,3.1,94.03508772
"Cornwall","South West England",2018,7.95,68.56327627,2.82,7.61,62.92550513,23.07553823,5.95487319,81.465,7.74,3.991391739,12.15561701,55.00205496,27.07669683,69.77510289,9.364487038,13.8,2.8,93.59049289
"Cornwall","South West England",2016,7.88,67.23853514,2.63,7.59,61.54398194,23.07553823,6.899216538,81.515,7.82,3.74375965,12.15561701,60.81693218,29.41421264,70.7504559,17.83600603,15.7,4.1,93.66792589
"Cornwall","South West England",2015,7.96,63.43519494,2.81,7.61,61.54398194,23.07553823,13.76468921,81.49,7.78,3.365541003,12.15561701,60.81693218,27.9319515,70.7504559,11.81210395,18.1,4,93.66792589
"Cornwall","South West England",2017,8.01,68.8440549,2.6,7.71,64.16297933,23.07553823,7.89205086,81.535,7.91,4.556879945,12.15561701,64.25593945,28.1281072,68.98964253,12.11367616,14.8,3.1,94.01693667
"Cornwall","South West England",2020,7.78,70.29581656,3.13,7.52,59.45223596,23.46968554,3.633979562,81.74,7.57,2.086171439,13.30189084,63.42362131,28.47679564,69.35409001,5.058442453,12.9,4,93.94117647
"Cornwall","South West England",2021,7.77,70.29581656,3.14,7.47,59.45223596,21.362652,10.34090407,81.74,7.58,2.086171439,15.90859475,62.70671883,28.47679564,71.69227052,4.895019318,11.5,3.5,93.40722339
"Cornwall","South West England",2019,7.95,70.29581656,2.9,7.5,62.30270733,23.33580113,4.653673219,81.645,7.7,3.174279905,14.575435,62.71815039,27.315815,74.2196861,4.213645892,15.2,3.1,93.76587844
"Wiltshire","South West England",2015,7.96,66.330754,2.74,7.61,62.28936577,21.62846628,18.28887673,82.41,7.83,4.174113129,9.557876926,61.87819811,24.61470513,74.23523963,4.708415987,14.3,3.3,95.27989077
"Wiltshire","South West England",2020,7.74,72.39431487,3.19,7.34,58.58002976,22.58833284,7.620640763,82.725,7.51,2.735731148,13.92138859,63.38778076,26.49037927,72.05208172,2.380621739,13.8,3.2,95.22722557
"Wiltshire","South West England",2021,7.74,72.39431487,3.12,7.51,58.58002976,21.53599816,9.689732395,82.725,7.44,2.735731148,16.44275411,61.78710804,26.49037927,72.87794568,2.14253298,11.7,2.7,94.58856911
"Wiltshire","South West England",2017,7.97,70.58191585,2.91,7.54,62.8361815,21.62846628,2.863157542,82.44,7.78,5.001582524,9.557876926,61.66568975,24.94427628,69.25613076,6.249458212,14,2.8,95.74164629
"Wiltshire","South West England",2016,8.02,71.18968821,2.76,7.61,62.28936577,21.62846628,5.042215611,82.54,7.77,3.931009264,9.557876926,61.87819811,24.75993763,74.23523963,3.656752804,13.9,3.4,95.27989077
"Wiltshire","South West England",2018,7.93,72.12389381,2.8,7.75,64.20668422,21.62846628,7.488883199,82.625,7.8,5.226235986,9.557876926,59.03857603,24.48675928,70.76558161,4.417103023,12.3,2.9,94.97678345
"Wiltshire","South West England",2019,7.93,72.39431487,2.84,7.53,61.0921998,24.23703161,10.76894704,82.875,7.69,5.20375022,14.84490124,60.05902095,24.29790987,71.15597646,3.599827208,14.6,2.7,95.92584609
"Bedford","East of England",2020,7.48,68.82378662,2.85,7.36,51.26222178,26.7402123,3.914125936,81.235,7.49,7.029716006,14.62169223,62.24323472,29.28950472,65.17625485,3.434714661,16.7,3.55789753,94.95387954
"Bedford","East of England",2015,7.79,60.70004431,2.96,7.37,58.02878933,16.50109609,3.940255789,81.71,7.54,9.099870174,7.606741384,57.74376078,27.5437788,63.8019774,30.65345963,17.3,5.12624032,94.87585843
"Bedford","East of England",2017,7.9,66.87062937,2.64,7.69,61.29776664,16.50109609,2.545879975,81.565,7.92,9.251848015,7.606741384,60.87694971,26.78282754,64.30116097,44.72903621,16.2,4.18270055,94.09237379
"Bedford","East of England",2018,7.8,69.45064761,2.62,7.59,51.77216799,16.50109609,2.916202552,81.64,7.87,11.63014281,7.606741384,62.02446713,27.69927902,63.48053454,29.71629677,15.3,3.95261523,93.70552819
"Bedford","East of England",2016,7.87,63.77392078,3.18,7.7,58.02878933,16.50109609,2.583570156,81.75,7.65,10.65077541,7.606741384,57.74376078,27.70376176,63.8019774,34.94970796,15.1,4.5042602,94.87585843
"Bedford","East of England",2019,7.84,68.82378662,2.96,7.5,55.00645491,19.19257946,2.895806851,81.525,7.81,9.146411837,12.02496198,65.05788981,28.97812971,67.7307467,17.31182051,10.8,3.92009605,94.05021834
"Bedford","East of England",2021,8.05,68.82378662,3.28,7.5,51.26222178,29.82349097,3.17154735,81.235,7.89,7.029716006,15.94628408,63.29331444,29.28950472,68.14092923,1.076652257,9.9,4.46412789,94.18425116
"Central Bedfordshire","East of England",2020,7.83,72.53722795,2.95,7.55,58.04472092,20.74310943,4.715417289,82.32,7.57,4.019095805,11.57655653,58.01559659,25.33936652,66.9595605,2.040150155,14.8,3.235013709,94.74650992
"Central Bedfordshire","East of England",2018,8.02,72.88040427,2.61,7.75,55.76467495,20.78695005,6.678117926,82.655,7.88,6.188162451,11.50609869,59.9036609,24.46017251,63.38977282,5.994231434,13.8,2.893202768,95.32638084
"Central Bedfordshire","East of England",2015,7.86,64.15371077,2.61,7.51,54.58912938,20.78695005,5.92638246,82.675,7.7,4.639877249,11.50609869,59.19840668,23.44572095,66.52261538,3.670788963,16.7,3.160115267,94.56963428
"Central Bedfordshire","East of England",2016,7.91,69.30967563,2.72,7.74,54.58912938,20.78695005,3.466291467,82.72,7.9,5.825151501,11.50609869,59.19840668,24.52279661,66.52261538,6.865873357,10.3,3.140425536,94.56963428
"Central Bedfordshire","East of England",2019,7.95,72.53722795,2.83,7.71,55.89284564,22.94287091,3.019831233,82.81,7.82,6.035032288,12.0003979,64.3111737,24.69611486,65.30978729,4.503755439,13.7,2.29702768,94.4552152
"Central Bedfordshire","East of England",2017,7.86,71.4848144,3.06,7.44,57.04900656,20.78695005,2.436661548,82.9,7.77,5.524408099,11.50609869,63.07440212,25.22114648,70.84848806,4.642359747,15.8,2.843395213,95.33898305
"Central Bedfordshire","East of England",2021,7.79,72.53722795,2.77,7.64,58.04472092,19.97748625,3.55313948,82.32,7.72,4.019095805,14.27978023,65.83704788,25.33936652,68.92334407,1.015087585,11.5,3.052035024,94.03367496
"Northumberland","North East England",2021,7.91,74.52208306,3.06,7.48,57.61601047,21.21979106,1.999850476,81.075,7.68,3.931196344,17.94106789,65.88752586,33.42013889,70.1253437,1.24394355,11.8,5.2,93.51557533
"Northumberland","North East England",2015,7.8,64.49814126,2.72,7.58,57.26706396,20.47901403,5.085151479,80.92,7.76,4.515678474,12.60908829,62.94112727,28.86179914,65.53621943,1.580013462,16.6,6.2,94.00630915
"Northumberland","North East England",2016,7.67,73.15068493,2.92,7.51,57.26706396,20.47901403,9.277747232,80.915,7.51,5.374176233,12.60908829,62.94112727,28.00795546,65.53621943,0,16.9,5.5,94.00630915
"Northumberland","North East England",2020,7.72,74.52208306,3.19,7.28,57.61601047,23.09688367,2.677912287,81.075,7.53,3.931196344,15.83872721,70.59371324,26.17275818,65.4823827,1.85288123,13.6,5.3,93.15387172
"Northumberland","North East England",2018,7.89,74.45820433,2.72,7.47,55.79808769,20.47901403,4.134704389,81.055,7.58,6.816038767,12.60908829,62.29382031,29.92124478,65.67921241,0,12.1,4.3,93.00254453
"Northumberland","North East England",2017,7.83,74.53690091,3,7.47,60.36989361,20.47901403,2.804721047,81.06,7.63,6.334827446,12.60908829,65.08760522,29.75383563,67.24300966,0.626900292,13,5,92.8504527
"Northumberland","North East England",2019,7.81,74.52208306,3.03,7.36,59.89915133,23.68849784,3.112810299,81.15,7.58,6.506757972,13.37859162,63.42845792,26.02827399,72.12784178,4.652114851,12.9,4.7,93.60313316
"Bournemouth, Christchurch and Poole","South West England",2015,7.77,68.84200196,2.77,7.39,62.22666171,21.92417423,2.759665939,81.83,7.53,9.317223048,15.06277264,61.37972223,25.15455447,64.55865843,16.62876162,17.5,4.2,94.09594096
"Bournemouth, Christchurch and Poole","South West England",2020,7.7,73.95104895,3.19,7.33,57.84841006,23.3033974,2.394199024,82.025,7.46,7.113547227,16.44619624,60.20077954,25.44467932,63.30402382,6.297403706,11,4.5,94.24642155
"Bournemouth, Christchurch and Poole","South West England",2017,7.91,74.15626445,2.85,7.59,63.28638734,21.92417423,2.331917449,81.69,7.64,9.225605225,15.06277264,59.47300781,25.46189332,68.85219647,16.6819163,12.7,3.4,94.32778838
"Bournemouth, Christchurch and Poole","South West England",2016,7.79,71.89634865,2.82,7.62,62.22666171,21.92417423,2.897508682,81.825,7.64,9.017560513,15.06277264,61.37972223,23.75088597,64.55865843,15.22807855,16.1,4.2,94.09594096
"Bournemouth, Christchurch and Poole","South West England",2018,7.84,74.33325177,2.86,7.49,59.74012256,21.92417423,2.355334778,81.865,7.65,9.780587391,15.06277264,61.0358304,25.36892361,70.99272586,11.36983809,14.6,3.3,95.73325798
"Bournemouth, Christchurch and Poole","South West England",2021,7.66,73.95104895,3.19,7.49,57.84841006,21.24712244,2.642194096,82.025,7.5,7.113547227,16.20325412,63.88700438,25.44467932,69.96137113,7.248024913,11.4,3.9,94.53277545
"Bournemouth, Christchurch and Poole","South West England",2019,7.96,73.95104895,2.86,7.58,54.87780065,24.47779189,2.539511227,82.07,7.73,8.931755921,13.16661998,61.00504415,25.18797668,69.66849775,18.21258641,13.9,3,95.11908262
"Dorset","South West England",2021,7.9,71.48797149,2.91,7.65,64.81903905,21.66456764,2.565182244,83.045,7.69,2.043229039,11.4010569,59.04029956,26.54944946,68.08016136,3.409460466,9.4,3.1,94.43663951
"Dorset","South West England",2016,7.96,69.8694807,2.74,7.61,64.80172438,19.25112247,2.120959364,82.885,7.75,4.846124172,8.701866893,59.49621974,24.75471466,69.20676483,4.286234757,12.9,3.5,96.10461881
"Dorset","South West England",2020,7.98,71.48797149,3.15,7.66,64.81903905,21.27048668,2.370578997,83.045,7.76,2.043229039,10.9600268,66.34944644,26.54944946,77.10116955,4.21284338,10.9,3.5,95
"Dorset","South West England",2015,7.99,67.89780616,2.6,7.64,64.80172438,19.25112247,3.329870229,82.94,7.82,4.445209829,8.701866893,59.49621974,25.38980019,69.20676483,5.381609962,15,2.9,96.10461881
"Dorset","South West England",2018,8.12,70.57006459,2.71,7.72,64.32799339,19.25112247,3.215523209,82.75,7.88,3.846112982,8.701866893,62.60796587,25.49628904,70.50358497,9.296543811,12.4,2.6,95.56534508
"Dorset","South West England",2017,7.89,68.9519528,2.68,7.55,64.78612185,19.25112247,2.754100187,82.715,7.67,4.96465814,8.701866893,62.71149601,24.44121455,69.8478704,6.665760123,12.4,2.5,95.69741282
"Dorset","South West England",2019,8.05,71.48797149,3.1,7.69,64.92599151,19.7079626,2.143340456,83.12,7.86,2.697433079,8.388555668,59.70663622,25.5508038,72.33442114,4.755513754,10.1,2.6,96.11338399
"Buckinghamshire","South East England",2020,7.63,74.32698621,3.25,7.33,58.37695333,23.29784779,2.575186861,83.305,7.39,3.081928856,11.75877129,62.66336022,24.60714908,71.12759633,0.913976529,10.27542409,3.6,95.99449888
"Buckinghamshire","South East England",2015,7.95,68.05687204,2.82,7.66,58.67413563,24.28855324,5.886676309,83.185,7.86,5.403005801,11.19161218,59.90456073,22.63988273,71.37384877,5.122231624,11.08248164,3.842984539,96.44898666
"Buckinghamshire","South East England",2017,7.93,73.26442456,2.85,7.7,60.47602524,24.28855324,3.197168693,83.31,7.78,6.771558335,11.19161218,57.45116883,22.64015423,69.58768341,6.717445579,9.50263753,2.7,96.95089523
"Buckinghamshire","South East England",2018,8.01,73.75580093,2.89,7.68,57.81270179,24.28855324,2.659806503,83.41,7.89,4.929091081,11.19161218,54.71191548,23.55456488,70.54704117,7.221433214,10.24536282,2.9,96.83330368
"Buckinghamshire","South East England",2016,7.99,70.76804916,2.9,7.64,58.67413563,24.28855324,3.101175119,83.365,7.87,6.096920399,11.19161218,59.90456073,23.77357043,71.37384877,8.254292232,11.21772084,3.4,96.44898666
"Buckinghamshire","South East England",2019,7.95,74.32698621,2.85,7.58,60.93936154,21.07133259,3.133153049,83.5,7.75,4.5516965,12.18408785,60.42497463,23.89614216,70.97096162,6.617975525,11.2664862,2.8,96.32688928
"Buckinghamshire","South East England",2021,8,74.32698621,2.99,7.51,58.37695333,20.84347837,2.46692653,83.305,7.79,3.081928856,11.16512366,60.95461862,24.60714908,71.87792161,0.540290352,10.5,3.6,95.87217044
"North Northamptonshire","East Midlands",2020,7.86,70.0978109,2.98,7.47,52.7467541,29.89726866,5.800809896,80.815,7.42,4.771035931,18.53292678,68.31024775,28.81458233,62.95783225,6.277678857,15.63320835,3.4,93.9783105
"North Northamptonshire","East Midlands",2017,7.79,68.25044405,2.69,7.57,54.67239893,32.53408965,4.141047178,80.75,7.68,7.793096791,23.20193703,67.91147573,29.13917617,63.23088636,10.53121188,14.93524007,4.173503693,93.02521008
"North Northamptonshire","East Midlands",2015,7.79,63.42135476,2.69,7.57,54.70291415,32.53408965,7.042835886,80.955,7.68,7.143653753,23.20193703,64.42138472,27.52732783,66.32063663,7.535499739,22.22377608,4.542844172,93.74130737
"North Northamptonshire","East Midlands",2018,7.79,69.83340837,2.69,7.57,49.41277346,32.53408965,3.583008962,80.81,7.68,7.887645198,23.20193703,69.49480473,27.17575758,62.07162264,17.94620192,16.14423681,4.299560291,94.03075068
"North Northamptonshire","East Midlands",2016,7.79,67.38794436,2.69,7.57,54.70291415,32.53408965,6.611545609,80.89,7.68,9.801448703,23.20193703,64.42138472,28.09307239,66.32063663,5.341388939,16.9685048,4.193519767,93.74130737
"North Northamptonshire","East Midlands",2019,7.79,70.0978109,2.69,7.57,52.26097311,30.49841505,2.736852871,80.925,7.68,7.66739033,15.80072304,65.80193441,28.66759482,68.04046994,10.33805438,17.8385081,3.474108757,94.20076538
"North Northamptonshire","East Midlands",2021,7.67,70.0978109,2.66,7.62,52.7467541,29.88796021,3.572153948,80.815,7.5,4.771035931,18.05266788,69.60060282,28.81458233,62.5882155,3.329809285,16.17951993,3.6,94.17555373
"West Northamptonshire","East Midlands",2020,7.89,72.11859415,2.95,7.56,51.45340841,23.54573573,8.908457856,81.26,7.55,3.587119806,13.63154921,63.65844838,25.83760246,63.90798572,3.196199964,12.09586166,3.6,94.91819534
"West Northamptonshire","East Midlands",2015,7.99,65.68914956,2.63,7.65,57.66001569,22.3164573,4.798834919,81.485,7.8,7.448694173,12.73048959,63.53375835,26.2974949,64.72009774,6.65976783,16.15825553,3.737248252,93.85943871
"West Northamptonshire","East Midlands",2018,7.99,72.5966207,2.63,7.65,53.58979437,22.3164573,5.106237286,81.505,7.8,5.78895672,12.73048959,65.83188034,25.85606706,65.6885422,7.211329247,14.66836987,4.175197298,94.53262787
"West Northamptonshire","East Midlands",2017,7.99,71.21358287,2.63,7.65,52.94074449,22.3164573,4.221525779,81.535,7.8,6.768193746,12.73048959,63.4101156,27.21703938,63.97118189,4.256725626,16.89482182,4.595074891,94.06862745
"West Northamptonshire","East Midlands",2016,7.99,68.84801549,2.63,7.65,57.66001569,22.3164573,3.578636893,81.545,7.8,7.540566579,12.73048959,63.53375835,26.56233184,64.72009774,5.310258154,15.95319336,3.688635331,93.85943871
"West Northamptonshire","East Midlands",2019,7.99,72.11859415,2.63,7.65,54.1957867,19.37284741,5.236673015,81.56,7.8,5.853598321,13.32621883,61.65678178,25.73979895,63.38308463,9.134674732,14.95877299,3.447862597,94.37086093
"West Northamptonshire","East Midlands",2021,7.76,72.11859415,2.92,7.51,51.45340841,20.85256013,2.747143147,81.26,7.66,3.587119806,13.8727869,68.91660823,25.83760246,63.29214492,3.517312211,11.70708548,3.6,94.38639125
"Cambridge","East of England",2021,7.64,70.30042918,3.54,7.45,56.85447357,11.87131838,5.647752725,82.93,7.46,20.77353014,18.13118618,49.59876247,20.82829312,76.10168879,9.674254046,14.3,3.43457252,92.93478261
"Cambridge","East of England",2015,7.52,63.68038741,3.49,7.12,61.55224234,14.77209797,3.14892674,82.105,7.36,25.07493705,17.64511245,50.66239369,21.16515867,78.43038272,14.38791415,17.7,3.29359536,93.97741531
"Cambridge","East of England",2019,7.59,70.30042918,3.34,7.21,58.79275029,14.48265392,2.399828547,82.57,7.47,34.39157679,19.09354995,52.45281062,20.09750813,75.19299947,26.44273145,17.1,2.40324829,94.64968153
"Cambridge","East of England",2018,7.89,67.72575251,2.75,7.84,63.9589214,14.77209797,5.140193177,82.28,7.83,30.66206524,17.64511245,42.77591791,21.55208828,80.12599816,21.46980709,14.1,3.7563246,94.43813848
"Cambridge","East of England",2016,7.56,65.62763269,3.5,7.45,61.55224234,14.77209797,3.764390566,82.24,7.44,27.15128174,17.64511245,50.66239369,19.75167981,78.43038272,32.09371364,15.1,3.49413539,93.97741531
"Cambridge","East of England",2017,7.76,69.74317817,3.33,7.28,66.042058,14.77209797,2.775193092,82.2,7.67,31.62849526,17.64511245,50.70850668,22.56962389,77.09819784,20.81348714,17,3.4566881,94.57964602
"Cambridge","East of England",2020,8.13,70.30042918,3.38,7.94,56.85447357,13.15325585,2.791175072,82.93,7.86,20.77353014,18.17250329,47.71909906,20.82829312,75.00386646,12.79355205,15,4.02440042,93.58974359
"East Cambridgeshire","East of England",2021,7.89,72.22222222,2.7,7.75,61.86786809,19.15371576,4.470305794,82.89,7.71,3.216075944,12.74060673,63.35672292,22.52326218,67.56222285,3.403482897,5.5,2.89127189,96.34955752
"East Cambridgeshire","East of England",2020,8.08,72.22222222,3.02,7.69,61.86786809,26.00440712,2.623969723,82.89,7.96,3.216075944,10.75660589,57.03354877,22.52326218,70.93870815,0,15.5,3.28117477,96.30459127
"East Cambridgeshire","East of England",2015,7.95,66.25475285,2.89,7.62,58.95650917,21.2854437,2.802402629,83.205,7.67,1.982160555,11.71948115,65.35345266,23.49358974,63.5860735,1.139172733,14.4,3.05639409,94.54545455
"East Cambridgeshire","East of England",2018,7.87,75.14563107,2.89,7.26,63.12036176,21.2854437,3.428521584,83.155,7.77,2.137373828,11.71948115,60.09976045,21.77377814,67.40420691,1.119043889,10.8,2.37230607,95.76923077
"East Cambridgeshire","East of England",2016,7.89,70.63356164,2.6,7.34,58.95650917,21.2854437,2.607196181,83.115,7.45,2.324552949,11.71948115,65.35345266,24.46778711,63.5860735,4.535713071,15.3,3.17158586,94.54545455
"East Cambridgeshire","East of England",2017,7.66,72.18604651,2.69,7.54,57.05513866,21.2854437,4.033512204,83.245,7.36,3.9838844,11.71948115,58.49241183,20.51876147,62.83778903,2.250782147,15.3,2.32629312,94.96932515
"East Cambridgeshire","East of England",2019,7.63,72.22222222,2.89,7.36,58.49612115,21.89789527,3.472236832,83.12,7.65,3.03873553,11.35468577,60.6833671,20.78915237,66.16371147,1.113089938,13.5,2.11234601,94.34416366
"Fenland","East of England",2020,7.49,67.69825919,2.53,7.14,52.53744737,24.79713593,3.580500267,80.36,7.45,3.242554859,14.13468586,74.61597796,30.46251994,62.7298442,4.898119122,22.8,3.51150142,91.85185185
"Fenland","East of England",2017,7.78,64.39704676,3.18,6.7,56.43881674,23.67955081,3.085442828,80.25,7.46,7.839168056,9.391250693,71.50077229,27.36849548,60.67002693,8.930697785,16.3,3.27783482,93.59116022
"Fenland","East of England",2015,7.86,60.32315978,3.27,7.06,61.12103848,23.67955081,2.648592759,80.585,7.61,7.013176271,9.391250693,72.1757201,27.42957559,64.70064605,6.072014087,26.4,4.02495051,91.86176143
"Fenland","East of England",2018,8.05,66.55052265,2.93,7.35,54.5553563,23.67955081,7.743915867,80.37,7.6,6.700101487,9.391250693,67.08084044,27.50987492,58.95416861,22.66210797,19.4,3.71485182,93.56376639
"Fenland","East of England",2016,8.26,64.70070423,2.74,7.61,61.12103848,23.67955081,4.748356606,80.37,7.84,8.310249307,9.391250693,72.1757201,27.53094607,64.70064605,7.025573086,21.6,3.97340701,91.86176143
"Fenland","East of England",2019,8.22,67.69825919,2.71,7.39,47.56365649,30.80436111,2.868611677,80.43,7.63,5.193912617,16.51978134,71.36277613,28.99997495,62.77306853,10.80019637,21.9,3.57507044,93.06803594
"Fenland","East of England",2021,7.64,67.69825919,2.66,7.6,52.53744737,24.62711488,7.836220766,80.36,7.62,3.242554859,12.8575155,67.13047739,30.46251994,55.81300698,8.759806116,27.8,4.29559538,92.68585132
"Huntingdonshire","East of England",2021,8.01,70.77077077,2.74,7.53,51.18362271,24.30219355,5.327923431,82.56,7.78,3.072883203,15.33626262,65.32691405,26.38662707,68.59512454,3.850300323,12.7,3.41841288,93.49593496
"Huntingdonshire","East of England",2020,7.69,70.77077077,3.41,7.1,51.18362271,16.6415427,4.279432602,82.56,7.3,3.072883203,11.25122456,64.2950541,26.38662707,71.43187455,4.469648295,17.2,3.73804376,95.31568228
"Huntingdonshire","East of England",2015,7.83,66.23698562,2.99,7.54,57.01839042,16.70860218,4.691256698,82.845,7.51,4.682491702,7.175253012,59.88503033,23.70716511,62.75685422,1.140680073,13.9,2.65962552,96.40243902
"Huntingdonshire","East of England",2018,7.98,70.79427726,2.9,7.82,55.15992539,16.70860218,4.890877777,82.885,7.84,6.326401732,7.175253012,65.01261067,23.76131355,66.61042471,2.819252109,14.4,2.69896143,95.56400507
"Huntingdonshire","East of England",2016,8,70.67490494,2.41,7.83,57.01839042,16.70860218,6.747024497,83.06,7.81,4.900763792,7.175253012,59.88503033,24.49673133,62.75685422,1.703625884,14,2.75293762,96.40243902
"Huntingdonshire","East of England",2019,7.69,70.77077077,3.05,7.31,55.81178197,16.5174195,11.34757372,82.895,7.71,5.07970758,9.901405871,66.41878489,23.47038328,62.73489503,2.247658221,9.9,2.69480293,93.44262295
"Huntingdonshire","East of England",2017,7.92,71.21718377,3.09,7.43,60.66895919,16.70860218,3.984380834,82.955,7.7,5.531729753,7.175253012,64.6446315,24.04376939,75.11338425,2.26015516,14,2.60558824,95.44887781
"South Cambridgeshire","East of England",2021,7.8,74.21790723,3.39,7.47,61.9171808,21.66261448,5.061103771,84.49,7.63,1.901755084,20.686613,58.32088805,22.46419695,73.41352677,1.22697881,6.3,2.9156791,96.15839243
"South Cambridgeshire","East of England",2015,7.94,69.61538462,2.82,7.73,70.97675154,21.97892319,7.396213715,83.65,7.68,2.077831288,10.52520152,60.1181634,21.8138397,71.93344003,0,12.8,2.50255988,96.21928166
"South Cambridgeshire","East of England",2017,8.03,73.99895996,3.5,7.63,62.88051435,21.97892319,7.347276509,83.85,7.92,3.114131649,10.52520152,54.92040219,20.23383276,73.11408893,2.552566925,11.3,2.12360731,95.66395664
"South Cambridgeshire","East of England",2020,7.88,74.21790723,3.37,7.56,61.9171808,27.38979753,5.555122916,84.49,7.46,1.901755084,25.91520714,58.57987065,22.46419695,74.86441421,1.864465768,12.3,3.5796993,96.27659574
"South Cambridgeshire","East of England",2016,7.6,73.84453782,3.1,7.47,70.97675154,21.97892319,4.58465467,83.74,7.55,2.807332393,10.52520152,60.1181634,21.2369063,71.93344003,0,12.8,2.332895,96.21928166
"South Cambridgeshire","East of England",2019,7.82,74.21790723,3.53,7.26,57.98388843,30.72975292,3.561865456,84.37,7.7,2.866374162,21.26220536,57.48891717,19.34097421,72.96611595,1.25718165,7.2,1.87118084,94.9754902
"South Cambridgeshire","East of England",2018,7.93,74.47495961,2.72,7.7,62.56046612,21.97892319,5.062278933,84.22,7.89,2.907585752,10.52520152,58.73996915,20.94405594,68.25439021,0,10.4,2.15613938,95.50128535
"Allerdale","North West England",2021,7.66,68.0293501,3.07,7.37,56.90592768,16.77629249,4.624212932,80.715,7.47,2.412323292,7.900687663,57.79719723,33.9031339,73.19757213,0,15.5,3.51889354,94.61187215
"Allerdale","North West England",2020,8.05,68.0293501,2.98,7.45,56.90592768,19.3757449,2.506454194,80.715,7.48,2.412323292,10.0939157,60.12055251,33.9031339,75.33374054,1.022170887,11.7,3.62694011,94.95875344
"Allerdale","North West England",2017,7.92,65.19916143,2.67,7.5,58.91391254,17.25387176,5.730844542,80.505,7.9,6.418894592,9.644303089,65.20259055,31.25320655,71.81411453,1.028669005,13.6,3.90993628,94.46366782
"Allerdale","North West England",2015,7.94,58.7406015,2.58,7.7,59.62583792,17.25387176,5.885553647,80.59,7.82,6.139154161,9.644303089,65.58759205,29.53025457,71.98896014,0,17.2,3.92283203,93.43128781
"Allerdale","North West England",2016,7.92,62.34269119,2.55,7.62,59.62583792,17.25387176,3.642190376,80.465,7.74,7.250332135,9.644303089,65.58759205,29.98324958,71.98896014,3.089630171,17.7,3.99876684,93.43128781
"Allerdale","North West England",2019,7.93,68.0293501,3.26,7.56,58.4914762,15.38547211,2.641388985,80.945,8.1,4.142756314,9.779483389,59.53536208,32.36847693,69.54586594,8.183222348,15.5,3.31148106,94.84820607
"Allerdale","North West England",2018,8.12,68.55087359,2.83,7.78,61.29491143,17.25387176,4.945175494,80.84,7.9,6.716088878,9.644303089,62.6241077,33.3289874,65.83670805,3.076071242,13.1,3.10333276,95.41366906
"Barrow-in-Furness","North West England",2021,6.91,70.52932761,3.57,7.4,53.18120649,12.20379888,2.531799833,78.855,7.28,4.825705122,9.183234251,63.92067669,34.77350794,61.57979021,0,19,4.09406056,92.92168675
"Barrow-in-Furness","North West England",2020,7.18,70.52932761,3.91,6.86,53.18120649,17.40285247,2.190154792,78.855,6.89,4.825705122,11.4367978,72.24984364,34.77350794,60.45136447,0,14.5,4.31323999,93.80952381
"Barrow-in-Furness","North West England",2016,7.92,65.15580737,2.59,7.69,46.28858762,16.01017813,5.842138954,78.865,7.77,7.744476693,8.872823418,70.66001131,33.80899556,58.88257766,5.923117929,16.2,5.56834966,95.19595449
"Barrow-in-Furness","North West England",2015,7.76,63.74663073,2.95,7.47,46.28858762,16.01017813,3.598682612,79.05,7.68,6.959631184,8.872823418,70.66001131,33.34236186,58.88257766,5.910514806,20.1,6.24493507,95.19595449
"Barrow-in-Furness","North West England",2018,7.47,71.95121951,2.29,7.17,50.54672254,16.01017813,2.030781833,79.16,7.57,5.600488553,8.872823418,65.63262707,34.25411354,60.9044669,0,19.3,4.47715612,95.65217391
"Barrow-in-Furness","North West England",2017,7.73,68.83468835,3.02,7.59,52.63704315,16.01017813,5.715012894,79.14,7.53,5.797403836,8.872823418,66.26263333,35.09329941,66.02410186,0,18.1,4.5125077,94.13333333
"Barrow-in-Furness","North West England",2019,7.4,70.52932761,3.47,7.26,53.87177501,17.01800411,3.84533364,79.565,7.4,5.906128354,9.771686607,69.42186492,30.27493606,66.63710955,4.474339662,21.4,4.66754999,92.80245023
"Carlisle","North West England",2021,7.7,70.40322581,3.52,7.52,59.55218497,28.62835968,2.228331365,80.2,7.45,5.353654491,25.33432159,70.34480146,27.96123125,64.48204655,0,14.7,3.28621203,94.36090226
"Carlisle","North West England",2020,7.52,70.40322581,3.87,7.2,59.55218497,34.18127366,2.348564057,80.2,7.12,5.353654491,27.64943976,61.572734,27.96123125,62.53340841,0.921455162,17.9,3.42574881,94.41674975
"Carlisle","North West England",2017,7.68,66.58536585,3.24,7.16,60.14270253,35.21925073,3.653979084,80.44,7.53,11.60943532,14.74080698,61.08429928,33.8893344,70.16801588,0.923582762,16.1,3.33774382,94.77386935
"Carlisle","North West England",2016,7.92,62.74664562,2.88,7.62,56.25125835,35.21925073,2.397323146,80.905,7.76,9.687419272,14.74080698,57.89699918,31.98906357,69.50586144,0.922611359,14.2,4.47386164,93.93939394
"Carlisle","North West England",2015,7.96,63.09047238,2.96,7.35,56.25125835,35.21925073,2.336348648,80.935,7.6,9.647670407,14.74080698,57.89699918,31.18599667,69.50586144,0,13.9,2.8236248,93.93939394
"Carlisle","North West England",2018,7.96,69.06170752,2.41,7.77,54.63063875,35.21925073,2.232917815,80.29,7.96,11.22828383,14.74080698,62.98649006,28.72696817,66.79855875,2.767859614,14.7,2.64592194,94.01794616
"Carlisle","North West England",2019,7.81,70.40322581,3.1,7.35,54.94731876,33.70137835,2.376505028,80.6,7.68,8.49297926,23.94521054,66.5773139,29.44693572,62.36552489,4.600747161,17.7,2.90004906,94.93813273
"Copeland","North West England",2021,7.75,68.34319527,2.67,7.76,53.80199536,26.29627655,2.228879797,79.815,7.67,2.292735263,15.27555861,65.58632054,33.50174216,72.85562912,0,17.8,2.73137621,95.32062392
"Copeland","North West England",2020,7.95,68.34319527,3.1,7.43,53.80199536,27.82716363,3.264275736,79.815,7.84,2.292735263,13.56221896,64.89513078,33.50174216,67.99250512,0,18.1,3.74329073,93.54243542
"Copeland","North West England",2015,7.81,61.68091168,3.07,7.45,60.17869808,25.54063129,3.6268296,79.83,7.49,3.587418207,15.22121143,61.80011203,30.28050109,62.92301096,2.869934565,19.6,5.30956516,95.1863354
"Copeland","North West England",2017,8.25,67.59259259,2.62,8.24,55.98115092,25.54063129,2.684621419,79.82,8.24,4.775145948,15.22121143,65.70605325,34.53520648,64.84261653,1.455837179,17.2,4.22484879,94.63955638
"Copeland","North West England",2016,8.07,63.82978723,2.68,7.68,60.17869808,25.54063129,5.416605287,79.945,8.08,4.819207572,15.22121143,61.80011203,33.73015873,62.92301096,0,16.1,5.50729111,95.1863354
"Copeland","North West England",2018,8.05,68.09078772,3.06,7.44,55.54471329,25.54063129,5.58697832,79.97,7.89,4.720565883,15.22121143,71.19107304,33.20895522,66.74241198,0,16.9,3.79705785,94.65346535
"Copeland","North West England",2019,8.13,68.34319527,3.11,7.87,57.57835836,21.34247727,1.504569469,80.235,7.98,2.537289354,11.32573572,69.50895935,31.99791312,63.10048125,1.466641245,14.6,3.45097226,95.95959596
"Eden","North West England",2021,7.63,71.82448037,2.56,7.42,57.26417874,10.28923058,5.190976977,83.96,7.8,2.437027942,5.349226504,66.82576751,26.62957075,75.80320638,0,8.2,2.86088373,96.31675875
"Eden","North West England",2015,8.38,63.95833333,2.45,7.72,63.73769667,14.79703831,1.620129797,82.965,7.99,2.624771759,5.262840325,52.25602788,30.63528915,71.59007451,5.706025563,14.7,1.80855868,96.08208955
"Eden","North West England",2020,8.19,71.82448037,3.1,7.45,57.26417874,9.011618332,2.483348917,83.96,7.59,2.437027942,3.691762386,58.42940841,26.62957075,78.73505866,3.720653347,9.5,2.56835972,95.54263566
"Eden","North West England",2016,7.85,67.7148847,2.71,8,63.73769667,14.79703831,3.247811281,82.865,7.87,2.697465902,5.262840325,52.25602788,28.77821104,71.59007451,0,18.6,2.48468813,96.08208955
"Eden","North West England",2017,8.2,71.08695652,2.04,7.78,65.8027667,14.79703831,1.51720777,82.95,8.15,2.69046401,5.262840325,63.9190466,28.12428342,69.29202333,1.894692965,13.1,1.84717017,97.88359788
"Eden","North West England",2019,7.97,71.82448037,2.75,7.28,61.20392086,10.97210591,3.464142666,83.89,7.98,3.811991813,5.456411054,51.58934756,26.79193629,68.27363651,0,8.3,1.51456471,97.8858351
"Eden","North West England",2018,8.11,71.96969697,2.59,7.58,63.17687889,14.79703831,4.517651137,83.45,7.97,3.309317146,5.262840325,62.17477189,29.09343201,70.26828697,0,8.7,1.81583557,96.34146341
"South Lakeland","North West England",2021,8.07,74.76415094,2.83,7.88,64.27882892,11.60452934,3.810020606,82.56,7.86,1.60144893,7.54388294,57.50468885,27.9743029,73.598003,8.597959418,10.4,2.81931607,97.51286449
"South Lakeland","North West England",2020,8.02,74.76415094,3.03,7.72,64.27882892,14.3399204,2.040660554,82.56,7.79,1.60144893,7.652760048,52.29768707,27.9743029,73.78642921,3.812973643,6.3,2.83454812,96.08013937
"South Lakeland","North West England",2015,7.97,67.53246753,2.48,7.66,61.48032718,14.40169918,1.934000369,82.735,7.87,3.478646315,7.880722644,53.07005573,24.71567553,71.72967306,0,10.5,2.07756132,96.6031483
"South Lakeland","North West England",2016,8.23,70.1814059,2.61,7.7,61.48032718,14.40169918,2.423992828,83.09,7.88,3.640706567,7.880722644,53.07005573,26.2496791,71.72967306,2.889449656,12.5,2.43201377,96.6031483
"South Lakeland","North West England",2018,7.82,71.73144876,2.42,7.36,61.90248915,14.40169918,2.798142538,83.335,7.72,3.750047832,7.880722644,52.92811639,25.72222222,71.51080038,0,10.1,1.81987505,97.6146789
"South Lakeland","North West England",2017,7.71,74.28571429,2.71,7.49,68.58653824,14.40169918,1.759757108,83.595,7.62,3.565916738,7.880722644,54.96023675,27.72820227,72.31781407,2.875739305,9.4,1.80770658,96.79715302
"South Lakeland","North West England",2019,7.95,74.76415094,2.49,7.78,60.92240555,12.29022414,2.643819212,83.395,7.93,3.273447016,7.004099834,50.7732922,25.47059033,73.55146535,13.32216809,12.4,1.60481222,97.89377289
"Amber Valley","East Midlands",2015,8.2,69.52104499,2.18,7.92,57.53126946,17.93252253,2.368145582,80.89,8.13,4.9602216,9.399163929,66.39950868,24.44363578,67.69414974,3.220923117,18.4,3.80859724,95.27836505
"Amber Valley","East Midlands",2020,7.59,71.92156863,3.32,7.51,54.96925889,17.44060723,3.500520258,81.36,7.54,3.795729222,10.61398037,64.88014578,28.18825911,70.4465904,1.55244549,15,4.51732049,94.74522293
"Amber Valley","East Midlands",2017,7.91,71.5261959,3.07,7.39,55.47012817,17.93252253,2.70091964,81.1,7.73,7.140701203,9.399163929,59.51510391,28.76284275,65.13174304,3.177175174,15.2,3.29343721,93.14456036
"Amber Valley","East Midlands",2018,7.98,72.76064611,3.06,7.63,60.23378627,17.93252253,3.027492712,81.43,7.96,5.810006473,9.399163929,61.29702636,26.23432836,68.26387757,4.73641832,15.4,3.60363091,95.84332534
"Amber Valley","East Midlands",2016,8.11,73.223635,3.09,7.45,57.53126946,17.93252253,3.095005991,80.955,7.93,5.488694091,9.399163929,66.39950868,26.18461538,67.69414974,3.205076842,10.7,3.46139696,95.27836505
"Amber Valley","East Midlands",2019,8.02,71.92156863,2.98,7.68,58.83764942,20.26865475,2.778242452,81.65,7.92,5.064496243,10.86379769,64.47970901,28.34245319,70.35631244,3.12141525,12.5,2.63043581,94.33070866
"Amber Valley","East Midlands",2021,8.1,71.92156863,2.68,7.59,54.96925889,16.260935,2.418472201,81.36,7.79,3.795729222,12.69159279,62.61780139,28.18825911,69.94869943,0.79058258,15.9,3.38328904,93.67588933
"Bolsover","East Midlands",2021,7.66,68.21983274,3.07,7.25,49.22399061,18.83995966,3.380255959,79.72,7.48,3.025644179,13.40218907,68.85987206,29.46170592,58.46328069,0,15.9,3.28656627,90.40333797
"Bolsover","East Midlands",2015,7.91,65.69428238,3.5,7.2,50.11410003,23.40947798,1.999755173,79.42,7.88,4.094100132,9.936358203,73.87921851,26.51939655,62.63321758,5.133667877,19.6,4.18519039,92.74292743
"Bolsover","East Midlands",2020,7.8,68.21983274,3.88,7.17,49.22399061,19.54827671,3.008459908,79.72,7.75,3.025644179,11.31828964,76.51285773,29.46170592,62.80538469,4.919746633,16,5.29797859,92.99610895
"Bolsover","East Midlands",2017,8.56,68.84875847,2.53,8.07,52.75181008,23.40947798,10.07996754,79.73,8.5,4.134112114,9.936358203,68.94795636,28.92943063,62.24414857,6.321272346,16.7,4.6067172,91.6
"Bolsover","East Midlands",2019,8.14,68.21983274,3.32,7.33,47.04618579,22.51503942,3.239807927,79.895,7.92,3.711427224,10.18011512,71.89330295,31.23113224,65.52223628,2.482560016,10.6,3.45766714,92.81842818
"Bolsover","East Midlands",2018,8.32,68.71686108,2.79,7.75,56.59041761,23.40947798,3.066236038,80.165,8.09,5.63309443,9.936358203,69.42600203,32.32139243,60.59797386,2.514774299,18.2,4.35791829,92.36842105
"Bolsover","East Midlands",2016,8.02,68.18181818,3.23,7.3,50.11410003,23.40947798,4.335919548,79.47,7.84,3.38766379,9.936358203,73.87921851,28.97360704,62.63321758,8.948545861,18,4.10760569,92.74292743
"Chesterfield","East Midlands",2017,7.98,68.02664446,3.15,7.49,59.05027236,30.1215697,3.473547237,79.99,7.84,7.42978992,19.82733104,65.74746642,30.06853698,65.6821699,11.47457903,17.5,5.84335925,93.57429719
"Chesterfield","East Midlands",2020,7.89,68.87298748,3.17,7.5,56.19522019,25.78025898,3.117052883,79.8,7.14,5.861050224,20.41619569,67.82141618,28.50730371,77.73786491,8.577146669,18,6.04901633,95.33632287
"Chesterfield","East Midlands",2018,7.74,68.21015138,2.78,7.65,51.83761139,30.1215697,4.065313172,80.02,7.93,7.521887067,19.82733104,70.67010822,29.81944171,67.06770907,17.20380778,17.3,5.17427137,94.08071749
"Chesterfield","East Midlands",2015,7.89,63.93581081,2.54,7.9,59.86971998,30.1215697,3.300911493,80.095,7.82,8.270871026,19.82733104,67.51794297,27.3314102,71.92303911,0,18.2,5.14958637,93.45284489
"Chesterfield","East Midlands",2021,7.73,68.87298748,3.71,7.2,56.19522019,28.83775796,2.35748338,79.8,7.33,5.861050224,24.03550646,70.08051214,28.50730371,66.77813324,4.822903002,11.4,4.16485414,92.82094595
"Chesterfield","East Midlands",2016,7.76,68.67061812,3.25,7.48,59.86971998,30.1215697,3.112786331,80.105,7.53,7.911831393,19.82733104,67.51794297,28.42615118,71.92303911,9.566906158,16.3,4.8815984,93.45284489
"Chesterfield","East Midlands",2019,7.98,68.87298748,3.15,7.54,52.85954819,35.30129883,2.520252504,80.015,7.49,8.179218303,22.14122017,67.41676772,29.8501816,68.708338,12.392755,13.7,4.92467811,92.66227658
"Derbyshire Dales","East Midlands",2015,8.13,72.61146497,2.58,7.9,64.2837251,12.66313989,2.606316822,82.605,8.23,1.809231287,5.679863779,59.36159227,24.67787115,73.33289021,4.207514621,12.2,2.03787592,97.21886336
"Derbyshire Dales","East Midlands",2021,7.72,72.60504202,3.05,7.26,67.54152595,12.08008143,4.333645177,82.935,7.62,2.098809754,6.718078114,59.60132842,26.66666667,75.98927593,2.790139646,13.3,3.44018596,95.71045576
"Derbyshire Dales","East Midlands",2016,7.78,71.5339233,2.6,7.21,64.2837251,12.66313989,2.267643852,82.22,7.64,1.650880703,5.679863779,59.36159227,25.12195122,73.33289021,2.798102886,14.3,2.51392902,97.21886336
"Derbyshire Dales","East Midlands",2020,8.02,72.60504202,2.92,7.39,67.54152595,10.9477736,2.140568419,82.935,7.67,2.098809754,5.571261012,55.6759046,26.66666667,78.39351729,2.761591782,11.5,3.60133473,96.27586207
"Derbyshire Dales","East Midlands",2018,7.74,71.82130584,3.04,7.6,65.43153394,12.66313989,2.289205918,82.765,7.82,2.514692193,5.679863779,58.01967823,25.14855688,72.37303593,1.389332704,9.5,2.77147386,97.13114754
"Derbyshire Dales","East Midlands",2019,7.75,72.60504202,3.02,7.38,63.64736381,12.04476939,6.391837184,83.35,7.52,2.848254407,5.981767061,53.21326641,23.20934152,78.50561171,4.147943311,9.5,2.13878723,95.68845619
"Derbyshire Dales","East Midlands",2017,7.69,73.65930599,2.96,7.52,67.39123566,12.66313989,3.531323324,82.47,7.72,1.878940556,5.679863779,54.17895165,23.56557377,74.99612375,2.783615638,10.4,2.5745568,96.88311688
"Erewash","East Midlands",2021,7.79,68.91151135,2.93,7.38,56.97097461,14.6138327,3.764485774,80.89,7.65,5.297749107,13.64124347,72.15601173,26.34085213,61.46226802,0,18.6,3.45993793,90.17013233
"Erewash","East Midlands",2020,7.94,68.91151135,3.51,7.38,56.97097461,19.81251749,7.024508143,80.89,7.41,5.297749107,12.63446335,63.16973157,26.34085213,63.76574359,5.202372282,9.8,4.45451132,91.16751269
"Erewash","East Midlands",2016,8.37,68.56264412,2.73,7.59,57.98923819,18.32451114,5.092449148,81.355,8.03,7.68816457,8.594707865,63.68016002,29.58383974,71.63447859,3.474876642,10.7,3.44613086,94.0312213
"Erewash","East Midlands",2015,8.04,65.63467492,2.39,7.74,57.98923819,18.32451114,5.22910862,81.215,7.88,6.68794252,8.594707865,63.68016002,27.02349628,71.63447859,0.871961215,20.4,4.14135406,94.0312213
"Erewash","East Midlands",2018,8.03,70.03231018,2.37,7.55,55.28346581,18.32451114,5.110693815,81.4,7.72,8.303749242,8.594707865,65.94993961,29.26753388,65.33764563,7.792882501,11,4.96579583,94.47236181
"Erewash","East Midlands",2017,8.05,68.7546607,2.95,7.72,58.46385353,18.32451114,4.475265778,81.455,7.81,9.94675408,8.594707865,67.24100977,27.48131487,66.0767938,2.601592174,15.4,3.92354873,92.57473481
"Erewash","East Midlands",2019,8.13,68.91151135,2.8,7.49,53.09744161,18.78093989,5.934540384,81.44,7.68,7.393539104,13.13174834,68.36695793,27.80411728,61.55521829,9.534458399,16.6,3.11922613,93.04865938
"High Peak","East Midlands",2020,8.03,73.17880795,3.08,7.37,60.85959829,13.64583394,3.833678598,80.83,7.45,2.450530588,7.665327991,62.73481406,24.84942085,76.06270235,3.238586681,18.8,4.12493425,93.78531073
"High Peak","East Midlands",2016,7.87,70.95808383,2.93,7.49,56.58718954,13.8460663,3.31826615,81.155,7.72,4.230266027,8.390993244,61.72581715,26.34203169,72.05497078,1.090274749,16.2,3.62516708,94.68937876
"High Peak","East Midlands",2015,8.08,70.14925373,2.61,7.71,56.58718954,13.8460663,4.167255906,81.235,7.81,3.245085935,8.390993244,61.72581715,25.925809,72.05497078,3.27786458,17.2,3.52064647,94.68937876
"High Peak","East Midlands",2019,8.16,73.17880795,2.54,7.73,53.66206559,11.1292592,3.82664989,81.545,7.91,4.834567155,9.199954501,60.18309397,23.70210314,73.85002377,2.158288909,12.3,3.27914201,94.49101796
"High Peak","East Midlands",2018,7.95,72.68770403,2.66,7.6,61.28337847,13.8460663,2.760302516,81.61,7.72,5.096453086,8.390993244,57.89111308,28.33185281,70.01320406,1.08435172,15.5,3.88344071,95.82887701
"High Peak","East Midlands",2017,7.85,70.90367428,3.24,7.33,59.74632465,13.8460663,6.589281378,81.575,7.56,4.19278103,8.390993244,54.19976332,27.41758242,73.28983436,3.258638107,15.8,3.54140806,94.74747475
"High Peak","East Midlands",2021,8.49,73.17880795,2.36,7.91,60.85959829,13.78923958,2.262856324,80.83,8.34,2.450530588,10.51450435,66.96247641,24.84942085,72.63707682,2.195293291,15.3,3.91283222,95.13574661
"North East Derbyshire","East Midlands",2021,7.65,71.9,2.89,7.58,58.02157219,15.45427946,3.838256676,81.07,7.53,0.997886828,8.584006201,73.76521356,27.29924502,68.60393994,0,9.9,2.80773048,93.89736477
"North East Derbyshire","East Midlands",2020,8.05,71.9,3.61,7.18,58.02157219,13.10328629,3.483359467,81.07,7.44,0.997886828,7.763564971,71.05329943,27.29924502,70.02640932,0,8,4.74208231,94.33465086
"North East Derbyshire","East Midlands",2017,8.17,70.41306436,3,7.55,57.68571322,18.64410739,4.840133975,81.31,7.88,2.024211153,8.116826196,66.16577137,27.48271814,67.96596369,2.976781107,15.9,3.51627517,95.59834938
"North East Derbyshire","East Midlands",2015,7.78,70.57673509,3.01,7.31,59.65769721,18.64410739,4.130667413,81.615,7.64,1.464966236,8.116826196,62.46873867,26.77068821,70.15783803,3.010204594,20.8,4.0794378,95.82806574
"North East Derbyshire","East Midlands",2018,8.1,70.67209776,2.65,7.87,56.07800916,18.64410739,3.469012927,81.3,7.77,1.532756489,8.116826196,68.62503533,28.52502148,69.97872539,2.966625464,9.3,3.98004153,95.31034483
"North East Derbyshire","East Midlands",2019,8.23,71.9,2.58,7.86,59.31956289,17.09439901,8.285919902,81.19,8.13,1.005302478,7.052513814,65.02717148,28.58656025,72.62508786,0,8.6,3.05699853,94.41340782
"North East Derbyshire","East Midlands",2016,7.93,72.65917603,2.85,7.73,59.65769721,18.64410739,4.327819691,81.41,7.96,1.901443504,8.116826196,62.46873867,27.28772193,70.15783803,1.991040319,14.7,3.83309885,95.82806574
"South Derbyshire","East Midlands",2015,8.07,71.46486029,3.51,7.55,54.83211492,21.00499811,6.2433187,80.9,7.76,1.972922643,11.69234767,69.32162936,26.69005102,69.46943784,1.006593185,13.9,3.02949203,95.95238095
"South Derbyshire","East Midlands",2020,7.84,72.35142119,3.17,7.39,49.26150042,19.66315796,2.912378383,81.235,7.08,1.762299573,12.0091986,69.7118621,28.77941802,67.62934059,1.826217174,15.5,3.82712896,95.48472776
"South Derbyshire","East Midlands",2016,8,70.7743547,2.69,7.36,54.83211492,21.00499811,2.188502883,80.955,7.83,3.276207168,11.69234767,69.32162936,25.59392553,69.46943784,0.99580765,13.4,2.57670729,95.95238095
"South Derbyshire","East Midlands",2018,8.46,72.95492487,2.34,7.85,54.34071326,21.00499811,5.357809359,81.295,8,2.459494894,11.69234767,66.52427513,28.26999389,64.57778148,0,14.4,3.32902954,95.2120383
"South Derbyshire","East Midlands",2017,8.21,72.53634895,2.76,7.76,53.65772185,21.00499811,2.388229232,80.86,7.8,3.691947063,11.69234767,66.68196335,30.28626439,71.27947017,1.953411144,13,2.75769586,93.35071708
"South Derbyshire","East Midlands",2019,8.08,72.35142119,3.44,7.64,54.92384013,18.35036044,4.753574913,81.45,7.86,2.237532747,10.70868782,67.27095669,28.77941802,67.76780528,0,15.8,2.26644486,96.80998613
"South Derbyshire","East Midlands",2021,7.72,72.35142119,3.23,7.57,49.26150042,16.37089853,3.273527862,81.235,7.76,1.762299573,10.5092884,70.43507504,28.77941802,69.99456404,0.925386117,11.9,3.7626054,93.4751773
"East Devon","South West England",2021,7.75,73.6422882,3.06,7.25,67.6720753,19.05406235,3.491985916,83.455,7.48,1.073743922,9.490638246,65.17154286,26.41804964,69.08124034,5.259006048,11.1,2.9138026,94.81245012
"East Devon","South West England",2016,8.14,72.28221742,2.49,7.79,66.64445917,20.59098905,6.603098931,82.785,8.03,2.45239572,9.35928639,62.12570462,24.72528434,70.63850712,3.564528662,6.1,3.52656385,96.11280488
"East Devon","South West England",2015,8.18,74.74509804,2.47,7.84,66.64445917,20.59098905,4.873893868,82.69,7.83,2.326925856,9.35928639,62.12570462,22.75469628,70.63850712,5.781182252,9.1,2.42720311,96.11280488
"East Devon","South West England",2017,8.02,70.11494253,2.69,7.75,70.89183315,20.59098905,4.337356843,83.005,7.9,3.226373317,9.35928639,60.95889254,24.87521368,74.6431645,4.217481461,9.2,2.34863551,95.60185185
"East Devon","South West England",2019,7.86,73.6422882,3.16,7.69,68.2301788,20.66751548,2.564402219,83.32,7.91,2.399442181,10.21215825,54.46012456,23.2890381,78.81231329,2.734407044,10.3,2.13309671,95.2892562
"East Devon","South West England",2018,8.23,71.37628111,2.56,7.98,58.34178736,20.59098905,6.361431896,83.215,8.06,3.187427677,9.35928639,57.53748182,22.74946416,77.32681065,3.464595301,8.6,1.87354942,95.28071603
"East Devon","South West England",2020,7.77,73.6422882,3.04,7.54,67.6720753,19.57433287,3.700697609,83.455,7.33,1.073743922,8.417623585,57.04332669,26.41804964,73.22920198,8.779038358,10,3.30888779,94.97114592
"Exeter","South West England",2021,7.59,71.78257394,3.64,7.17,62.66439495,30.29185255,3.711739018,81.57,7.31,3.547508869,22.39986392,61.26332727,24.24731183,74.61518021,10.82694672,12.2,3.24949741,92.6780341
"Exeter","South West England",2016,7.64,69.04577192,3.22,7.45,61.31896229,23.99660569,4.569990369,81.27,7.55,10.93144712,29.58355001,61.27457596,24.06507105,74.9337727,32.15131507,13.9,5.34790123,94.25641026
"Exeter","South West England",2015,7.88,70.1309329,3.08,7.58,61.31896229,23.99660569,6.323414757,81.645,7.88,9.691356551,29.58355001,61.27457596,27.22709552,74.9337727,21.4833027,14.2,3.85283799,94.25641026
"Exeter","South West England",2017,7.94,68.14932486,3.25,7.65,64.19405349,23.99660569,12.16166607,81.21,7.86,8.858481492,29.58355001,54.68257933,24.48665743,78.77393748,27.14946166,12.4,3.24840345,92.70516717
"Exeter","South West England",2019,8.34,71.78257394,2.74,7.86,61.18492506,26.82414329,6.719999446,81.345,8.16,7.944903162,31.06829783,59.84325164,24.48361823,75.14645333,23.59118755,11.4,2.8386864,92.95774648
"Exeter","South West England",2018,7.67,68.87298748,3.32,7.61,59.57751604,23.99660569,7.529818829,81.27,7.44,10.02852148,29.58355001,56.16247687,23.08501684,80.01303834,13.0340111,17.2,3.33816427,93.88412017
"Exeter","South West England",2020,7.29,71.78257394,3.7,7.25,62.66439495,21.12229038,7.067896582,81.57,7.35,3.547508869,23.6956312,57.7032676,24.24731183,73.48905667,27.75006938,6.6,4.40704452,93.69918699
"Mid Devon","South West England",2021,7.94,70.46263345,2.41,7.57,61.11669957,13.98829643,3.51402181,82.78,7.75,1.068555649,9.254386503,63.12425585,18.39339339,66.65964565,6.010626788,10.8,2.98819337,91.88829787
"Mid Devon","South West England",2015,7.88,70.6155633,2.09,7.8,58.17546304,18.59157957,5.12479806,83.175,7.96,2.324646277,8.20899269,62.26687117,27.21259234,70.43645816,8.795958885,10,2.9235751,93.63957597
"Mid Devon","South West England",2020,7.86,70.46263345,3.15,7.83,61.11669957,17.25050247,3.213177095,82.78,7.56,1.068555649,10.76559958,67.7173844,18.39339339,72.46016175,2.401248649,9.6,3.1867855,94.06565657
"Mid Devon","South West England",2016,7.94,70.6155633,2.83,7.65,58.17546304,18.59157957,4.240136259,82.715,7.86,2.441161743,8.20899269,62.26687117,24.31733648,70.43645816,5.007511267,17.1,3.3053476,93.63957597
"Mid Devon","South West England",2018,8.06,72.12543554,2.72,7.84,62.61690407,18.59157957,4.40127177,82.69,7.73,3.182569313,8.20899269,61.87376705,24.78489217,70.81267966,3.672195361,13.3,2.56390495,95.36152797
"Mid Devon","South West England",2017,8.07,70.17353579,2.55,7.75,61.44248446,18.59157957,3.408669237,82.6,7.89,3.224886199,8.20899269,62.55024466,28.76045599,67.01360813,3.721022537,16.9,2.33058499,95.13513514
"Mid Devon","South West England",2019,7.92,70.46263345,3.33,7.15,63.55805693,20.25498438,6.621654003,82.855,7.61,2.405510807,10.56636405,68.25811428,18.88111888,73.86867401,1.214904448,10.6,2.65292119,94.53015428
"North Devon","South West England",2015,8.11,74.11417323,2.5,7.81,70.11764082,25.24380233,2.779190565,81.485,7.96,4.258618126,9.309571479,61.53773412,24.92288899,67.40876679,29.73598692,14.5,2.64230522,94.22548121
"North Devon","South West England",2021,7.97,72.40704501,2.86,7.64,61.89991604,16.45058982,2.927992259,82.17,8,1.976163797,15.19584437,64.12322821,24.22851956,71.170141,7.039774727,10.3,2.92427324,95.92417062
"North Devon","South West England",2016,8.33,74.88457987,2.43,7.81,70.11764082,25.24380233,3.168295625,81.29,8.13,3.708673647,9.309571479,61.53773412,28.00996833,67.40876679,16.90563486,12.8,3.71514539,94.22548121
"North Devon","South West England",2018,8.15,73.28015952,2.65,7.99,62.88426745,25.24380233,3.5333904,81.51,8.22,5.098324836,9.309571479,65.02671479,23.13780814,65.77508801,12.48569348,14.4,2.10963878,94.09448819
"North Devon","South West England",2017,8.32,73.11827957,2.55,7.73,66.31082208,25.24380233,3.490497779,81.3,8.13,4.746437552,9.309571479,58.53298011,26.28006873,74.20405149,20.95557418,15.3,2.27014079,96.34615385
"North Devon","South West England",2020,7.5,72.40704501,3.15,7.6,61.89991604,21.03303227,6.17510703,82.17,7.49,1.976163797,14.84650628,67.32822667,24.22851956,71.01770967,12.22369359,12.7,3.29452861,95.17102616
"North Devon","South West England",2019,7.99,72.40704501,3.05,7.58,60.27945022,16.95872543,6.649922798,82.08,7.93,3.74697617,11.68412546,67.29087648,24.79390175,72.1244277,24.70533738,16.5,2.36935792,94.85368315
"South Hams","South West England",2021,8.02,76.6798419,2.62,7.65,67.48212628,9.887874264,3.567466836,83.64,7.71,1.307620585,9.918287041,50.81753227,24.04869067,76.25081897,2.241825743,5.1,2.74679883,95.57739558
"South Hams","South West England",2015,8.32,74.23076923,2.36,7.83,68.59333688,13.86169302,3.616485613,83.055,8.13,2.356101124,6.481448481,61.33777887,22.97255628,71.42637304,10.60245506,13,2.80599749,96.38273046
"South Hams","South West England",2016,7.92,77.35148515,2.92,7.61,68.59333688,13.86169302,3.980075979,83.24,7.74,2.734752576,6.481448481,61.33777887,22.91666667,71.42637304,3.536317986,13.6,3.13856981,96.38273046
"South Hams","South West England",2018,7.87,75.46174142,2.61,7.75,67.92288581,13.86169302,7.638537214,83.52,7.68,2.795142715,6.481448481,61.34043872,23.32208474,70.09676086,8.118671785,17.3,2.13825882,96.02977667
"South Hams","South West England",2017,7.91,77.51256281,2.42,7.75,70.35411541,13.86169302,10.8786085,83.245,7.7,3.152097492,6.481448481,56.9438461,23.38713622,72.42449991,8.202484181,16.2,2.02688956,96.80851064
"South Hams","South West England",2019,8.28,76.6798419,2.6,8.02,64.06279213,13.91906456,4.338316304,83.56,8.3,2.091857846,8.489010102,58.75030604,19.98696705,75.16155516,1.149372443,20.4,2.02005704,96.52509653
"South Hams","South West England",2020,8.26,76.6798419,3.32,7.56,67.48212628,15.39612924,8.028937731,83.64,8.06,1.307620585,4.284517522,52.95492593,24.04869067,80.16914012,1.137061379,8.7,3.75728057,96.31828979
"Teignbridge","South West England",2016,8.03,73.27781983,2.31,7.64,62.15459655,17.49964481,6.930783348,82.505,7.93,2.732513836,9.335310679,67.29874686,26.95025438,71.59203172,2.309166622,12.1,3.88150262,95.51607445
"Teignbridge","South West England",2018,7.69,72.39852399,2.92,7.6,64.05177458,17.49964481,4.698684054,82.53,7.63,2.79274939,9.335310679,63.3482248,26.25934671,69.69786125,5.269338472,14.1,2.33746678,95.53903346
"Teignbridge","South West England",2017,8.01,71.39722019,2.9,7.51,64.73627691,17.49964481,7.602815566,82.655,7.62,3.149798002,9.335310679,55.74523284,27.03989374,75.15847177,2.28246232,16.3,2.45639515,95.0660793
"Teignbridge","South West England",2020,8.23,73.10398749,2.76,7.74,64.22459093,16.37233461,6.424765873,82.59,7.78,1.310732455,10.17852201,61.83288985,24.91071429,74.95324383,4.443160865,11.4,3.78213218,94.60737938
"Teignbridge","South West England",2015,8,72.01520913,2.98,7.68,62.15459655,17.49964481,5.869587808,82.495,7.92,2.35836249,9.335310679,67.29874686,25.65789474,71.59203172,0.775777135,12.5,2.64309215,95.51607445
"Teignbridge","South West England",2021,7.92,73.10398749,2.69,7.61,64.22459093,18.20250608,3.60593679,82.59,7.8,1.310732455,8.961970155,64.26935955,24.91071429,71.65266604,3.697787244,19,3.07047947,94.37788018
"Teignbridge","South West England",2019,8.03,73.10398749,3.26,7.96,60.53364069,18.43036942,6.409416292,82.705,7.83,2.087013558,10.58243368,58.23386737,23.76681614,72.92922916,3.726809925,11.8,2.60785811,93.75
"Torridge","South West England",2021,8.25,68.98148148,2.4,8.16,54.20749268,20.72686994,21.00964999,81.74,8.25,1.979074201,14.1635456,65.7223635,31.8974359,70.32424893,10.22270902,6.4,2.78996723,93.8976378
"Torridge","South West England",2015,8.08,63.50574713,2.72,7.66,59.08647214,21.05176114,4.205922964,81.45,7.93,4.252623959,6.315295629,59.57429579,28.14228429,66.65533299,0,12.5,4.67664865,92.98245614
"Torridge","South West England",2017,7.99,67.0781893,2.74,7.56,65.99693383,21.05176114,13.69806241,81.06,7.86,4.747791982,6.315295629,57.15079937,28.02795992,71.95996618,5.897878238,15.4,2.91431234,94.88117002
"Torridge","South West England",2018,8.13,67.24137931,2.71,7.84,64.56887647,21.05176114,7.102833022,81.27,7.8,5.106907533,6.315295629,65.53255113,27.5210084,72.72620316,4.402506494,7.1,2.37797439,94.89795918
"Torridge","South West England",2019,7.79,68.98148148,3.29,7.33,59.77296198,15.74828112,23.27284265,81.295,7.55,3.735333324,7.741267215,61.79365861,26.77655678,71.51229689,4.394509792,12.6,2.38891379,92.27642276
"Torridge","South West England",2016,7.81,66.71348315,2.83,7.37,59.08647214,21.05176114,18.9617229,81.3,7.65,3.700277521,6.315295629,59.57429579,27.1098435,66.65533299,2.984094775,18.1,4.70119216,92.98245614
"Torridge","South West England",2020,8.11,68.98148148,2.86,8.04,54.20749268,16.82445764,6.24789741,81.74,8.1,1.979074201,9.27814846,63.76445841,31.8974359,73.01946953,5.820806473,11.1,4.2453769,92.24952741
"West Devon","South West England",2021,7.84,74.09638554,2.84,7.83,66.94913732,19.03895232,20.98022227,82.315,7.87,1.30034379,13.9541932,62.95303109,27.06801471,75.52797768,0,13.9,2.95682231,94.05034325
"West Devon","South West England",2018,8.43,71.42857143,1.82,8.15,61.61480141,26.96495531,15.03062779,82.11,8.25,2.791384527,8.85639429,58.43601236,26.10156833,70.13173748,0,14.3,2.25337469,94.14519906
"West Devon","South West England",2016,8.19,73.30754352,2.56,7.52,67.99094264,26.96495531,18.40110166,82.26,7.81,2.721858902,8.85639429,61.66160941,27.19655797,72.85803239,0,14,3.21581378,95.67198178
"West Devon","South West England",2019,8.53,74.09638554,2.73,8.01,66.18405587,24.62177281,22.430641,82.28,8.28,2.079002079,8.563560065,57.69992128,24.90583804,77.47080612,1.792243172,20.6,2.27147927,94.29280397
"West Devon","South West England",2020,8.54,74.09638554,2.44,8.01,66.94913732,20.24256341,18.34749202,82.315,7.81,1.30034379,14.5547389,55.83692176,27.06801471,76.17968771,0,14.4,3.42148663,94.49760766
"West Devon","South West England",2015,7.95,69.37618147,2.74,7.47,67.99094264,26.96495531,13.39240316,82.365,7.81,2.348537668,8.85639429,61.66160941,28.05179454,72.85803239,0,12.3,2.45967412,95.67198178
"West Devon","South West England",2017,8,73.55864811,2.47,7.18,65.12623787,26.96495531,15.61742513,82.185,7.76,3.144824595,8.85639429,54.76244418,24.57596751,71.37168105,0,4.9,2.17273691,95.7605985
"Eastbourne","South East England",2021,7.71,75.13661202,3.32,7.56,64.91723287,18.2908887,9.441354105,81.25,7.46,5.555340482,14.63572139,60.90669061,27.26986129,66.09261685,9.843197858,13,4.82809632,91.15853659
"Eastbourne","South East England",2018,7.42,75.43402778,3.39,7.3,55.93091391,25.59600791,18.18706437,81.545,7.6,9.247770454,12.26799772,61.15735947,28.64902939,65.18079664,5.816207832,14.1,4.32726771,89.53488372
"Eastbourne","South East England",2017,7.82,76.04790419,2.87,7.55,59.86252495,25.59600791,13.59969784,81.625,7.56,9.752932175,12.26799772,60.69939282,27.50840807,63.44605966,39.70905851,12.3,4.81617181,92.27373068
"Eastbourne","South East England",2015,7.69,70.4745167,2.42,7.45,67.43970592,25.59600791,14.2606901,81.61,7.8,7.729638762,12.26799772,53.65502308,27.26482854,57.09015714,9.784352863,18.8,6.24305704,91.5821501
"Eastbourne","South East England",2016,7.79,73.7295435,2.57,7.34,67.43970592,25.59600791,6.710136905,81.675,7.6,9.067697057,12.26799772,53.65502308,29.60493135,57.09015714,18.44606468,21.3,5.35303281,91.5821501
"Eastbourne","South East England",2019,7.72,75.13661202,3.54,7.39,62.13623807,24.36973169,19.22021532,81.255,7.34,7.923273411,14.90688179,65.71689986,29.19413919,69.18355776,15.42243,16.7,4.17245256,91.22426869
"Eastbourne","South East England",2020,7.64,75.13661202,3.42,7.06,64.91723287,23.70111247,17.6230813,81.25,7.17,5.555340482,11.64000487,64.29053389,27.26986129,64.2073236,13.54961093,11.3,4.73516522,92.30769231
"Hastings","South East England",2015,7.65,73.01136364,2.67,7.43,63.67330076,15.08479884,18.48706027,79.68,7.43,9.201953512,10.47182051,58.90608242,27.98852121,72.11780095,17.40322177,25.6,8.46521039,90.69767442
"Hastings","South East England",2021,7.9,75.58685446,3.19,7.9,45.66528803,22.10514284,20.5211162,79.875,7.69,5.099725566,15.95620228,63.730062,29.03837573,70.70767161,25.28611792,25.8,5.49784007,91.56626506
"Hastings","South East England",2016,7.61,75.66137566,2.86,7.39,63.67330076,15.08479884,16.78177382,79.375,7.5,7.997588883,10.47182051,58.90608242,29.39122277,72.11780095,27.98617913,25.7,7.01680608,90.69767442
"Hastings","South East England",2018,7.9,73.885918,3.03,7.24,55.63427899,15.08479884,28.21297919,79.345,7.37,7.258629045,10.47182051,58.41552417,28.89017957,66.09020245,51.69350062,17,4.83243423,90.97127223
"Hastings","South East England",2020,7.61,75.58685446,2.93,7.4,45.66528803,20.53181511,7.009630874,79.875,7.42,5.099725566,16.89089802,65.6466385,29.03837573,67.49311424,17.28720531,17,5.70659699,89.97093023
"Hastings","South East England",2017,7.69,73.07692308,2.74,7.47,58.85606997,15.08479884,12.74413486,79.275,7.38,7.294236799,10.47182051,60.39588701,29.65080972,63.2127927,43.09741092,22.2,4.99760157,89.6039604
"Hastings","South East England",2019,7.96,75.58685446,2.78,7.74,56.0487764,22.61335491,14.9983802,79.885,7.65,8.39619689,14.31237606,63.13889563,28.83663366,65.92306995,22.66325639,16.5,4.32190521,91.91073919
"Lewes","South East England",2020,7.92,73.7654321,3.02,7.67,61.35623917,18.7152115,2.846652736,82.665,7.69,2.395556629,13.07546113,60.68768404,26.95461557,73.25554097,7.727602028,8.9,4.49965714,91.51515152
"Lewes","South East England",2015,7.78,73.51351351,2.96,7.35,67.81244796,23.36050154,8.92008434,83.175,7.74,2.844456778,12.18917258,58.19088436,21.01742817,71.09971947,8.919899304,17.7,5.03330783,93.91634981
"Lewes","South East England",2018,7.7,74.70472441,2.46,7.59,63.96568628,23.36050154,13.81212628,83.175,7.69,3.007474889,12.18917258,58.7057802,25.86215919,67.63993568,8.759635599,11,3.17261852,93.45238095
"Lewes","South East England",2019,7.87,73.7654321,3.34,7.6,63.10163586,22.65923975,20.44176895,83.025,7.66,3.185885269,12.39066382,58.51560554,21.86339305,69.61106477,0.968354185,10.1,3.69779447,93.79379379
"Lewes","South East England",2016,8.01,74.52290076,3.22,7.38,67.81244796,23.36050154,25.33398822,83.375,7.81,3.001052828,12.18917258,58.19088436,26.26984127,71.09971947,2.951855241,11.6,3.86847466,93.91634981
"Lewes","South East England",2017,7.74,74.60901564,3.28,7.2,66.01649372,23.36050154,18.31273094,83.265,7.57,3.618334197,12.18917258,50.13267107,24.62571384,70.57594877,0.977928161,13.3,2.78656052,94.11177645
"Lewes","South East England",2021,8.09,73.7654321,3.79,7.81,61.35623917,20.21395322,4.846404958,82.665,7.64,2.395556629,14.37705355,61.57125256,26.95461557,73.01542578,10.97870132,12.4,3.880087,92.92828685
"Rother","South East England",2021,8.17,75.33333333,3.63,7.68,63.13648413,21.46891693,4.232214579,82.325,7.82,2.564208611,9.0171373,66.78558113,27.45098039,69.95645443,3.210994445,16.7,3.64228864,92.92134831
"Rother","South East England",2015,8.01,74.08716137,2.28,7.67,68.94779352,22.40657362,2.603724561,81.79,8.11,3.240621513,10.6029256,62.27283891,25.93954248,65.90503611,5.365267405,15.7,3.84310266,95.15640767
"Rother","South East England",2020,7.89,75.33333333,4.14,7.39,63.13648413,23.70403033,6.548798914,82.325,7.63,2.564208611,11.67057397,65.74896745,27.45098039,66.16373473,3.101865255,17.9,3.64081689,93.56984479
"Rother","South East England",2017,8.15,77.99752781,2.52,7.64,62.96327118,22.40657362,3.043329146,82.035,7.87,3.863279893,10.6029256,62.07813697,28.61629881,66.6701843,4.210659284,16.9,3.47841481,94.34156379
"Rother","South East England",2019,7.99,75.33333333,2.9,7.55,60.2918231,22.20518225,3.107317133,82.31,7.81,5.48501249,7.864536186,66.26833153,26.69753086,65.10286512,4.163197336,12.4,3.27134006,94.93670886
"Rother","South East England",2018,8,77.0156438,2.88,7.82,61.09551723,22.40657362,3.269326032,82.385,7.72,4.432549971,10.6029256,56.31854576,24.72699225,64.81198203,8.363301832,16.8,3.72799175,94.83315393
"Rother","South East England",2016,8.03,73.62385321,2.72,7.69,68.94779352,22.40657362,3.013215152,82.165,7.71,3.235212737,10.6029256,62.27283891,27.57035003,65.90503611,1.064214716,15.1,4.55945464,95.15640767
"Wealden","South East England",2015,7.79,78.22368421,2.4,7.49,65.50940084,19.43142803,5.361151962,83.165,7.69,1.600867402,6.222766203,56.45879564,22.49800107,74.72169099,0,14.4,3.47422136,95.21973786
"Wealden","South East England",2018,7.96,79.50435365,2.55,7.82,66.5175249,19.43142803,2.660808443,82.925,7.77,1.723115343,6.222766203,64.15617604,24.61956522,71.03952115,1.872951459,11.5,3.13172271,94.49917898
"Wealden","South East England",2017,7.88,79.51411687,2.88,7.76,65.67219906,19.43142803,2.693736419,83.02,7.78,1.856034629,6.222766203,61.25398473,24.61297949,68.86150868,2.516657124,8.8,2.68735723,95.27186761
"Wealden","South East England",2020,7.65,78.02929427,3.59,7.44,65.42087224,20.42066595,5.908412677,83.315,7.53,1.966411238,7.429232234,62.33827648,26.08217562,73.44512009,0.614503512,10.7,4.01787482,93.47826087
"Wealden","South East England",2016,7.9,78.58064516,2.97,7.51,65.50940084,19.43142803,1.99929999,83.205,7.85,1.657661306,6.222766203,56.45879564,25.22340614,74.72169099,4.428866084,14.2,3.39483418,95.21973786
"Wealden","South East England",2021,7.97,78.02929427,3,7.66,65.42087224,14.59203431,13.51301396,83.315,7.77,1.966411238,9.872428604,68.65331842,26.08217562,69.0311666,1.866263554,12,3.47576834,93.61525705
"Wealden","South East England",2019,8.03,78.02929427,3.14,7.44,57.9466141,17.22062378,3.94825447,83.145,7.77,2.303762192,7.706647584,58.96680172,23.28397892,68.41336279,1.238581824,9.4,2.50896601,94.15749365
"Basildon","East of England",2020,7.82,73.97260274,3.19,7.19,49.79726059,18.43104405,4.061917105,80.96,7.63,5.491634588,8.904211848,66.84669365,29.40676568,58.40695266,1.59950522,12.2,4.55523139,94.34993925
"Basildon","East of England",2018,7.74,72.80252266,3.01,7.47,45.00158945,16.66755408,3.595227708,81,7.47,8.985161033,7.340104265,71.17949535,27.07141858,61.8694971,6.456403138,15.7,3.97994383,94.12844037
"Basildon","East of England",2016,7.87,70.95573024,3.02,7.49,53.81477521,16.66755408,8.670999189,81.2,7.78,7.095903531,7.340104265,67.22748808,28.11554639,65.4596393,9.25079448,16.8,4.89174101,93.63920751
"Basildon","East of England",2015,7.88,67.04307821,3.02,7.61,53.81477521,16.66755408,1.582228875,81.315,7.59,7.117300812,7.340104265,67.22748808,27.02150054,65.4596393,7.144780738,17.8,4.9282106,93.63920751
"Basildon","East of England",2017,7.61,71.34410721,2.79,7.45,50.1754579,16.66755408,3.169298635,81.155,7.38,7.046872544,7.340104265,71.12774674,26.83286537,60.98353368,13.00961085,16.7,4.18454175,92.97450425
"Basildon","East of England",2021,7.83,73.97260274,2.7,7.83,49.79726059,15.20594637,8.272232524,80.96,7.66,5.491634588,10.49557016,69.67811269,29.40676568,63.06394849,1.0657629,13.3,4.2621512,94.18537709
"Basildon","East of England",2019,7.92,73.97260274,3.04,7.51,47.90690534,16.2282458,5.047036951,81.215,7.64,8.408164574,7.388419788,60.61704219,28.15417843,66.47894809,2.670954439,18.7,4.20335507,93.61571516
"Braintree","East of England",2015,8.08,65.38461538,2.58,7.84,52.01643646,21.03203403,2.918114817,81.75,7.84,4.072277951,10.8815922,57.86692719,25.68388779,57.80123295,2.657277619,20.2,3.93102078,95.04600142
"Braintree","East of England",2017,7.88,74.04844291,2.44,7.57,62.92002834,21.03203403,5.041587845,81.435,7.72,3.73161389,10.8815922,58.49214342,26.45116606,66.45132428,0,17.2,2.84240516,94.57142857
"Braintree","East of England",2020,7.47,74.03787416,3.26,7.51,57.02003004,17.74814622,6.979264573,81.76,7.41,3.174582438,12.18798979,60.51746888,27.33158388,65.14838003,0,17.8,3.18339431,94.47272727
"Braintree","East of England",2019,7.76,74.03787416,3.35,7.58,57.97933228,21.05472649,5.353796921,81.56,7.61,5.628948127,11.14582823,62.81526972,29.16284184,63.55290702,3.27645409,18.5,2.96059139,94.53004622
"Braintree","East of England",2018,7.87,73.18051576,3.06,7.58,61.10556518,21.03203403,4.503089561,81.565,7.61,4.658190432,10.8815922,60.98020895,28.33200355,67.55481965,3.299001722,16.1,3.1913114,94.11764706
"Braintree","East of England",2016,7.95,72.33314318,2.83,7.45,52.01643646,21.03203403,3.211320656,81.73,7.61,3.98722501,10.8815922,57.86692719,26.97172619,57.80123295,0.661231345,15.8,3.83807893,95.04600142
"Braintree","East of England",2021,8.13,74.03787416,3.01,7.67,57.02003004,17.79689866,13.44600523,81.76,7.8,3.174582438,13.33703765,68.26062187,27.33158388,61.17892029,3.211097553,9.5,3.14740689,93.1598513
"Brentwood","East of England",2021,7.73,77.09563164,3.15,7.31,57.86727662,14.1125945,17.79269076,82.685,7.58,4.958442298,8.407729951,61.29766867,22.17281577,68.41526286,0,14.1,3.68162437,95.64846416
"Brentwood","East of England",2020,7.5,77.09563164,3.55,7.07,57.86727662,17.20396911,9.683417228,82.685,7.37,4.958442298,7.117665174,61.17131041,22.17281577,74.11537652,0,6.7,3.94856495,95.03367003
"Brentwood","East of England",2017,8.22,78.33333333,2.66,7.5,62.09416245,20.7141793,5.669890046,82.755,7.72,4.218086843,7.473618076,58.00603558,24.41229656,70.09800516,0,6.5,3.07489231,96.54859219
"Brentwood","East of England",2015,7.74,70.52631579,3.15,7.41,64.00669925,20.7141793,6.362832845,82.61,7.59,3.638600579,7.473618076,58.15345324,23.30375254,68.62717127,0,16.1,2.87319783,95.63318777
"Brentwood","East of England",2016,8,75.4601227,3.32,7.02,64.00669925,20.7141793,7.676160838,82.715,7.79,3.51704464,7.473618076,58.15345324,23.03830502,68.62717127,1.302609126,12,3.61557832,95.63318777
"Brentwood","East of England",2018,8.32,76.8683274,2.74,7.77,57.91596472,20.7141793,4.349829198,82.97,8.17,5.617243632,7.473618076,60.03538373,22.50429237,65.78877502,2.612671457,6.8,3.63230421,97.34513274
"Brentwood","East of England",2019,7.72,77.09563164,2.47,7.59,57.50858747,21.42954252,3.366550258,83,7.56,5.959413666,9.514522693,52.14426237,22.17281577,72.93844971,0,11.5,2.81232063,96.58273381
"Castle Point","East of England",2021,8.16,73.73417722,2.7,7.65,54.60978373,16.49257631,3.570575917,81.285,7.9,3.148336353,6.73186347,70.45094551,27.77362919,64.42222236,3.34418335,12.6,3.90939955,93.85321101
"Castle Point","East of England",2020,7.95,73.73417722,3.26,7.36,54.60978373,15.92173104,8.915524661,81.285,7.68,3.148336353,5.300820522,73.27428567,27.77362919,66.48978065,1.104679422,10.4,3.27150967,94.18719212
"Castle Point","East of England",2015,8.16,64.80686695,2.52,7.96,58.68671773,17.44933816,4.713874898,81.195,7.85,2.769555077,5.600968108,67.4728214,29.63817549,69.86391937,0,19.2,3.84546238,94.66895959
"Castle Point","East of England",2016,7.9,72.48677249,2.66,7.71,58.68671773,17.44933816,2.687264221,81.215,7.87,3.19770033,5.600968108,67.4728214,29.53863466,69.86391937,0,20.3,3.94318875,94.66895959
"Castle Point","East of England",2018,7.72,73.92218717,2.54,7.6,55.52834426,17.44933816,9.507399937,81.48,7.6,4.474297768,5.600968108,65.86065562,26.52190586,68.4343652,0,15.4,3.07796215,94.11764706
"Castle Point","East of England",2017,7.96,72.91666667,2.35,7.78,58.20298742,17.44933816,7.072961876,81.46,7.77,5.221903044,5.600968108,64.05275091,29.40729011,61.27445758,0,21.5,3.48176936,94.21252372
"Castle Point","East of England",2019,8.2,73.73417722,4.01,7.26,51.64701779,22.66476977,6.970983041,81.84,7.96,4.923873595,7.019953274,64.85884564,29.13978495,61.36979109,0,11.3,2.85871927,93.91124871
"Chelmsford","East of England",2020,7.63,73.30960854,3.06,7.4,60.55002354,20.55927931,2.899237666,82.96,7.41,5.836846766,11.35820527,59.4362826,25.88616744,71.13040172,5.012559246,17.3,3.46450022,96.15768463
"Chelmsford","East of England",2015,7.78,69.82401656,2.43,7.67,55.25116095,18.46223459,2.374914107,83.025,7.86,8.771472739,8.250853357,60.76153578,24.54311723,67.26048083,6.947701179,10.7,4.01582718,95.36132813
"Chelmsford","East of England",2017,7.73,74.87586892,3.35,7.33,53.69680258,18.46223459,2.667724054,82.66,7.49,7.486066495,8.250853357,62.77333893,26.12298345,67.87716321,9.64845568,12,3.25207111,96.37570189
"Chelmsford","East of England",2019,8.13,73.30960854,2.98,7.73,55.41512142,18.70949957,3.543857877,82.89,7.88,7.668677265,11.61317235,60.61392904,25.68872278,71.44583306,8.408637352,7.6,2.52200007,94.88752556
"Chelmsford","East of England",2016,8.11,73.14453125,2.64,7.87,55.25116095,18.46223459,2.342441272,82.94,7.99,8.43298105,8.250853357,60.76153578,24.55130472,67.26048083,8.036877788,14.1,3.32300526,95.36132813
"Chelmsford","East of England",2018,7.83,74.81827622,2.89,7.66,57.89774536,18.46223459,2.6695639,82.815,7.83,7.883487031,8.250853357,57.13326114,25.04299754,62.7256223,7.906075819,12.1,3.54690701,95.90288316
"Chelmsford","East of England",2021,7.88,73.30960854,3.12,7.63,60.55002354,23.30586406,5.580598963,82.96,7.69,5.836846766,14.36515674,58.14518841,25.88616744,67.41908152,7.152170684,7.3,3.59412021,95.22872602
"Colchester","East of England",2016,7.87,70.26532479,2.68,7.7,57.91328872,25.76350459,2.201571925,81.525,7.5,7.893067851,15.25387855,59.86896207,23.88518523,74.32785226,10.65910581,8.9,3.91558034,95.01084599
"Colchester","East of England",2017,7.73,72.16842105,2.88,7.42,54.64335167,25.76350459,6.0278293,81.61,7.63,9.658176309,15.25387855,64.30102596,24.65514499,67.21321656,10.52088923,16,3.92966436,95.18272425
"Colchester","East of England",2015,7.89,65.82620441,2.38,7.36,57.91328872,25.76350459,3.241916449,81.7,7.77,8.685024552,15.25387855,59.86896207,24.56973503,74.32785226,4.86707478,19.8,3.78326229,95.01084599
"Colchester","East of England",2018,7.76,73.11299687,3,7.25,59.10232285,25.76350459,2.748014743,81.645,7.51,9.510551986,15.25387855,58.59948243,25.51608631,67.73875098,6.752439968,14.7,3.30927995,95.11363636
"Colchester","East of England",2020,7.76,73.95696091,3.17,7.41,55.34205541,29.5104453,3.379988585,81.95,7.68,5.030425963,15.19990888,63.18775931,26.06756832,72.59209664,2.028397566,15.5,4.61684617,94.42036836
"Colchester","East of England",2019,7.75,73.95696091,3.39,7.33,48.86653779,26.07033687,4.407747235,81.945,7.44,8.900598852,17.6734081,59.88269034,25.5233114,71.42460351,5.135948558,11,3.70902659,94.80968858
"Colchester","East of England",2021,7.58,73.95696091,3.24,6.76,55.34205541,28.4709576,4.8345716,81.95,7.35,5.030425963,23.7256246,66.21064263,26.06756832,64.12383394,1.039371388,12.7,3.60427112,95.3257086
"Epping Forest","East of England",2020,7.89,74.9628529,3.4,7.17,61.74181302,19.42836326,1.812738271,82.18,7.34,5.053905807,8.169164185,61.8133433,26.63860446,68.0670599,0.756572726,13.2,3.77897179,95.27938343
"Epping Forest","East of England",2015,7.99,69.16146916,2.99,7.44,59.89608914,17.30188658,8.318294751,82.045,7.88,3.945108839,7.517147017,59.92585112,23.78246753,68.72301321,0.773550753,22.1,3.83093586,93.75609756
"Epping Forest","East of England",2019,8.22,74.9628529,2.82,7.47,58.91270928,22.35913837,2.431306619,82.52,7.82,4.206881364,8.75325886,62.1990717,24.92032246,67.3864481,1.518729734,13.2,2.82487174,95.50102249
"Epping Forest","East of England",2017,7.74,73.25268817,3.59,7.75,56.71943304,17.30188658,3.896652652,82.515,7.56,4.464832741,7.517147017,59.80434131,25.73084241,67.64591819,1.53167504,7.8,3.69497067,95.29872674
"Epping Forest","East of England",2016,8.09,70.1462766,2.37,7.8,59.89608914,17.30188658,2.60181248,81.985,8.07,4.117823634,7.517147017,59.92585112,27.40860054,68.72301321,1.539373321,8.5,3.73273137,93.75609756
"Epping Forest","East of England",2018,7.74,73.45309381,2.44,7.8,52.42661298,17.30188658,2.86277201,82.53,7.86,5.398933939,7.517147017,58.41277409,25.27472527,69.78055406,2.287683873,13.8,3.22193288,94.9327818
"Epping Forest","East of England",2021,7.87,74.9628529,3.19,7.39,61.74181302,19.58709763,2.575626797,82.18,7.73,5.053905807,9.539969477,57.45089896,26.63860446,67.84120624,1.482480783,14.4,3.80981198,94.35483871
"Harlow","East of England",2021,7.75,72.2392638,2.84,7.79,51.44039686,26.74607215,3.052601263,80.52,7.48,7.115032081,17.93333358,73.49641059,32.36845371,60.42478514,0,20.5,4.40982606,91.17647059
"Harlow","East of England",2020,7.7,72.2392638,3.72,7.07,51.44039686,25.18291401,2.501141131,80.52,7.26,7.115032081,11.8837634,62.7935534,32.36845371,60.70653753,4.582951421,14.9,5.01860321,94.97142857
"Harlow","East of England",2018,7.96,71.66172107,2.49,7.75,45.43652459,23.80977782,2.259907028,80.44,7.77,9.053745063,11.37738999,69.65108722,29.99833417,63.30561599,10.39332979,20.6,4.66442468,93.97590361
"Harlow","East of England",2019,7.8,72.2392638,2.96,7.19,54.24732808,27.5008219,2.227742608,80.675,7.36,8.912676445,10.45422738,66.25225771,29.57200914,59.76031408,3.445622337,18.6,5.16441546,93.17180617
"Harlow","East of England",2017,7.74,71.56177156,2.79,7.6,46.23191782,23.80977782,2.119896504,80.87,7.71,9.931431356,11.37738999,68.15787323,28.34747965,62.78053026,27.84513464,14.8,4.07253415,95.63794984
"Harlow","East of England",2016,7.7,70.56074766,3.21,7.14,52.49814221,23.80977782,2.090939136,80.765,7.52,11.14514307,11.37738999,68.54909392,28.94384002,60.80147021,23.29183505,21.4,4.18596321,95.53571429
"Harlow","East of England",2015,7.93,66.33048875,3.05,7.39,52.49814221,23.80977782,2.598685153,81.025,7.83,12.78490654,11.37738999,68.54909392,27.61053348,60.80147021,17.57778168,22.9,5.44893013,95.53571429
"Maldon","East of England",2021,7.76,75.16025641,3.39,7.21,61.39574268,17.34636925,5.213964863,82.19,7.43,1.865414902,12.81920235,69.08921412,29.09647171,72.18207181,3.001786063,14.5,3.36243077,92.60969977
"Maldon","East of England",2015,7.92,72.24880383,2.37,7.52,64.90738913,19.7625335,1.890064065,82.23,7.5,1.321151152,10.5402029,58.75628474,26.65985313,68.55927955,1.591748376,18.1,3.33154265,94.84777518
"Maldon","East of England",2018,8.06,76.25,2.86,7.7,61.91173301,19.7625335,1.966482659,82.12,7.88,1.67636787,10.5402029,65.60488139,31.26068376,68.39143519,0,15.3,3.65617687,90.88669951
"Maldon","East of England",2016,7.92,73.63344051,2.76,7.86,64.90738913,19.7625335,2.56804353,81.815,7.95,1.103787568,10.5402029,58.75628474,28.42557252,68.55927955,4.730518149,8.1,3.44902237,94.84777518
"Maldon","East of England",2020,7.55,75.16025641,2.96,6.75,61.39574268,18.60264949,2.351296853,82.19,7.02,1.865414902,10.68992362,59.14770531,29.09647171,73.68179519,1.529028608,8.8,4.25134044,94.52954048
"Maldon","East of England",2019,7.82,75.16025641,1.93,7.7,57.52296518,18.27347529,2.198408379,82.355,7.56,2.633767674,8.964758702,67.28931028,28.03921569,69.65963511,3.080430028,16.5,2.63200749,94.20654912
"Maldon","East of England",2017,7.76,74.67948718,2.91,7.67,59.7186753,19.7625335,2.90499975,81.785,7.45,1.500586166,10.5402029,60.82313011,29.34968413,67.43587948,1.56311059,5.3,3.85737249,96.20253165
"Rochford","East of England",2021,8.15,79.23913043,2.34,7.97,55.05168696,21.89547059,6.428831305,82.64,7.96,1.620505095,13.08254415,67.24697794,25.90361446,68.25472608,1.160281252,8.5,3.06519812,96.21513944
"Rochford","East of England",2020,7.75,79.23913043,3.46,7.26,55.05168696,29.94666525,2.267682573,82.64,7.96,1.620505095,12.3629074,62.92745121,25.90361446,67.66535557,1.141200771,11.6,3.69367645,94.59459459
"Rochford","East of England",2017,8.31,77.41559953,2.21,8.04,55.27453862,21.09734272,2.380546359,82.935,8,2.969527544,13.2200228,59.93588243,25.02035002,70.04771723,12.75968866,11,3.20183645,95.38904899
"Rochford","East of England",2018,8.02,78.97196262,2.48,7.59,54.87572885,21.09734272,2.801318388,82.89,7.94,2.943171497,13.2200228,58.17147876,24.72196478,69.75261731,3.449029098,9.4,2.62729166,95.96153846
"Rochford","East of England",2016,7.7,74.33035714,3.24,7.07,58.40733251,21.09734272,2.865626706,83.105,7.66,3.651934475,13.2200228,54.79964019,24.44022324,64.23367555,0,19,2.80188393,95.05703422
"Rochford","East of England",2015,8.16,72.00854701,2.88,7.49,58.40733251,21.09734272,2.837351287,82.865,8.07,4.296178045,13.2200228,54.79964019,23.90897141,64.23367555,0,12.5,3.03215117,95.05703422
"Rochford","East of England",2019,8.09,79.23913043,2.59,7.8,54.53034568,25.8528446,2.348424762,82.99,7.96,2.575313616,10.29618637,63.8024139,23.83838384,66.5489461,1.144583829,5.5,2.18801253,93.59504132
"Tendring","East of England",2020,7.52,70.92245989,3.77,7.27,50.34454534,25.97063269,3.323984604,80.095,7.28,3.379639369,12.71128789,69.2597088,32.10526316,68.14245093,0,15.6,5.37004243,91.80811808
"Tendring","East of England",2017,7.81,69.70284238,2.74,7.4,54.67829348,21.96644609,3.335743543,79.65,7.65,8.023219654,8.423614922,66.1486123,27.82162737,62.60968216,4.146366746,16.7,5.37755729,92.52717391
"Tendring","East of England",2016,7.72,67.08443272,2.92,7.27,54.31859253,21.96644609,3.797639061,79.985,7.53,8.036106674,8.423614922,67.50568225,27.03934016,58.01083045,3.487893522,18.1,6.36120113,94.44807315
"Tendring","East of England",2015,7.76,65.6207367,3.31,7.15,54.31859253,21.96644609,6.066948343,80.11,7.4,8.033006559,8.423614922,67.50568225,27.93807642,58.01083045,4.936878482,19.3,5.65246042,94.44807315
"Tendring","East of England",2018,7.71,70.25920873,2.66,7.49,58.63194571,21.96644609,2.519656466,79.72,7.68,7.407254995,8.423614922,69.9535556,30.53295879,62.55276533,4.115141664,14.7,3.99280804,94.21547361
"Tendring","East of England",2019,7.74,70.92245989,3.14,7.42,54.77626023,21.91090111,5.532714652,79.94,7.57,6.140787795,9.977751247,64.9057958,31.35518591,59.82786122,2.72923902,13.4,4.87778703,94.10050983
"Tendring","East of England",2021,7.78,70.92245989,3.02,7.52,50.34454534,22.65508972,4.472300265,80.095,7.63,3.379639369,13.48747453,67.84244959,32.10526316,61.04906431,1.34287671,15.2,4.82678143,90.99933819
"Uttlesford","East of England",2021,7.97,78.03921569,3.02,7.61,59.53129666,17.01546748,2.922437508,83.965,7.9,1.800364385,9.392062621,64.33683329,20.72422259,71.18284003,1.087571236,8.1,3.00430017,96.96169089
"Uttlesford","East of England",2016,8.12,79.00287632,2.74,7.67,63.2083973,19.44860356,3.910621151,82.925,8.22,4.484928554,7.014440748,57.75164449,24.70086705,68.99012946,0,6.4,2.0840551,95.53571429
"Uttlesford","East of England",2015,7.82,73.1876862,3.29,7.59,63.2083973,19.44860356,3.408524534,83.365,7.74,3.462238132,7.014440748,57.75164449,23.24488412,68.99012946,2.347280089,10.7,2.6735063,95.53571429
"Uttlesford","East of England",2020,8.29,78.03921569,2.56,7.79,59.53129666,16.89258653,2.586961829,83.965,7.96,1.800364385,8.584885698,62.70314312,20.72422259,67.8442403,0,13.4,3.79441846,96.39769452
"Uttlesford","East of England",2017,8.22,76.60878447,2.51,7.62,62.68599476,19.44860356,4.660583551,83.35,7.97,3.774919027,7.014440748,56.04166651,22.2629521,71.38067199,2.280917841,12.3,2.43160811,94.89795918
"Uttlesford","East of England",2018,8.09,76.58486708,2.87,7.74,61.82501538,19.44860356,4.998400494,83.755,7.74,3.599502125,7.014440748,56.36619529,22.1855139,70.71927535,0,10.6,2.99717784,96.01648352
"Uttlesford","East of England",2019,8.22,78.03921569,3.1,7.7,60.37861169,16.23999929,8.689571727,84.35,7.89,4.896805574,8.39363891,56.76474795,21.67924973,74.68205987,0,13,2.0790522,96.81881051
"Cheltenham","South West England",2020,7.43,72.15397215,3.38,7.32,52.41638873,13.9258027,5.217030848,81.69,7.54,6.540678886,9.771898458,56.09686138,24.89983974,72.64889164,5.170497143,8.4,3.56524111,94.56398641
"Cheltenham","South West England",2021,7.33,72.15397215,2.72,7.27,52.41638873,10.5724021,2.552739622,81.69,7.58,6.540678886,11.0522161,59.03252101,24.89983974,71.57893005,6.730267696,8.7,2.94453824,94.24379233
"Cheltenham","South West England",2016,7.44,70.86677368,3.13,7.17,59.50571677,16.30292134,2.503178446,81.835,7.34,12.35315697,12.67722836,54.94193628,23.66597048,74.01510409,9.384304324,11.9,4.11932922,94.04205607
"Cheltenham","South West England",2015,7.93,65.70762053,3.23,7.48,59.50571677,16.30292134,3.502535566,81.955,7.81,12.08487718,12.67722836,54.94193628,23.13951443,74.01510409,0.85769178,11.2,4.28817902,94.04205607
"Cheltenham","South West England",2018,7.68,69.8296837,3.03,7.23,58.28140249,16.30292134,2.166691264,81.88,7.61,10.70117004,12.67722836,56.95528163,25.00200723,71.52947155,1.708087796,10.8,2.83866902,94.94451295
"Cheltenham","South West England",2019,7.58,72.15397215,3.18,7.61,61.26724562,15.47825564,2.584929739,82.16,7.78,10.38639451,11.28108444,57.54973909,23.89948495,73.8738346,7.738207831,10.7,2.97376958,94.54976303
"Cheltenham","South West England",2017,7.84,68.85644769,2.77,7.41,64.43674131,16.30292134,4.501205167,81.74,7.73,11.47462605,12.67722836,59.40319994,26.01495376,71.99765155,7.683901373,10.5,2.635269,95.80498866
"Cotswold","South West England",2021,7.98,75.30120482,2.64,7.77,63.04750057,21.71433331,2.401628686,83.46,7.82,1.695027918,10.09597345,60.74808171,25.86236194,71.42075301,1.09739369,6.6,2.36905699,96.07438017
"Cotswold","South West England",2020,7.94,75.30120482,2.96,7.72,63.04750057,19.41414488,4.120788065,83.46,7.71,1.695027918,11.00779794,58.89746449,25.86236194,72.79734065,5.539306922,11.3,2.94001817,95.75518263
"Cotswold","South West England",2019,8.03,75.30120482,2.76,7.49,65.43536843,14.45963745,2.386188258,83.915,7.81,2.748659055,7.093194862,62.04115098,21.79487179,77.33248358,7.789722018,11,2.28678294,95.38968167
"Cotswold","South West England",2015,7.9,69.7954272,2.53,7.31,63.01177188,13.46958583,2.37306974,82.98,7.69,2.372936831,6.093323159,53.72764442,26.91919192,73.89593396,4.675737598,14.1,2.70309534,95.76446281
"Cotswold","South West England",2016,7.79,71.25307125,2.23,7.78,63.01177188,13.46958583,3.732517898,83.125,7.89,3.808594884,6.093323159,53.72764442,23.94557823,73.89593396,6.966941861,5.8,2.52412064,95.76446281
"Cotswold","South West England",2017,7.89,72.4691358,2.24,7.81,63.81304937,13.46958583,3.114606789,83.35,7.92,3.279662663,6.093323159,57.88042355,23.9063342,64.52800723,1.142739604,9.8,2.06611557,95.73604061
"Cotswold","South West England",2018,8.07,73.02798982,3.16,7.63,70.27330542,13.46958583,3.163560217,83.77,8.12,3.055424502,6.093323159,58.42131738,25.76298701,74.80230673,5.616589158,12.2,2.59009417,95.36560247
"Forest of Dean","South West England",2021,7.64,69.57055215,3.35,7.28,60.67748124,10.89431281,4.376546644,82.265,7.21,1.033212027,7.246223204,70.34125705,29.26208651,69.46543562,0,15.3,3.16953179,93.67741935
"Forest of Dean","South West England",2016,7.68,63.35963923,2.88,7.13,59.53436069,13.41121211,2.808193883,82.03,7.48,2.388451136,5.759582228,67.75468079,29.24923195,68.20974346,0,17.2,4.44661492,91.22807018
"Forest of Dean","South West England",2020,7.72,69.57055215,3.54,7.03,60.67748124,12.19687303,7.473463326,82.265,7.35,1.033212027,6.350188052,67.21214439,29.26208651,72.43921454,0,15.2,3.28733692,90.05167959
"Forest of Dean","South West England",2017,7.89,68.33712984,3.28,7.54,62.04626529,13.41121211,7.263753409,81.91,7.79,2.210407529,5.759582228,59.79484431,28.99419027,65.81209374,1.163372384,15.2,3.75468714,92.21967963
"Forest of Dean","South West England",2015,7.79,60.16646849,2.69,7.53,59.53436069,13.41121211,4.396942389,81.92,7.67,1.560726447,5.759582228,67.75468079,28.60738255,68.20974346,2.364737041,20.3,3.98307979,91.22807018
"Forest of Dean","South West England",2018,8.26,66.97892272,2.26,8.04,61.07773679,13.41121211,2.641090994,81.875,8.16,1.975896375,5.759582228,65.66897762,28.45075346,74.69369312,1.155494956,10.8,3.14072616,92.81129653
"Forest of Dean","South West England",2019,8.04,69.57055215,2.88,7.51,61.18255883,12.12421981,3.19428516,82.34,7.75,1.855031052,5.861046704,64.01363174,26.81669011,72.33764452,3.456579599,13.2,3.20439944,92.56661992
"Gloucester","South West England",2020,7.56,68.90965732,3.2,7.11,50.4642751,27.57388725,4.874033368,80.37,7.16,7.817499171,20.54034782,65.43413147,32.53132721,67.62867583,8.480521783,21.1,4.2714821,95.16702203
"Gloucester","South West England",2016,7.79,61.15023474,2.76,7.29,54.13042258,22.0189187,3.626762934,80.065,7.76,14.28849675,9.323881209,67.00443059,30.91714211,64.43956768,17.91905263,16.8,4.50858357,94.07008086
"Gloucester","South West England",2015,7.81,59.12364946,2.72,7.38,54.13042258,22.0189187,6.446773808,80.335,7.77,15.08229207,9.323881209,67.00443059,30.16919989,64.43956768,10.22261715,18.7,5.10663665,94.07008086
"Gloucester","South West England",2017,7.77,63.80266075,2.78,7.22,62.57374624,22.0189187,4.607802336,80.165,7.75,12.57330555,9.323881209,64.13817786,31.60610555,64.4414746,11.62043027,21.3,3.73740444,94.3019943
"Gloucester","South West England",2018,7.97,66.80351906,2.82,7.5,55.66394307,22.0189187,10.8167286,80.32,7.82,13.79123642,9.323881209,65.12451918,30.49138804,64.38719695,4.640909618,13.5,3.10587834,94.77882524
"Gloucester","South West England",2019,7.61,68.90965732,3.04,7.49,49.46503495,24.24047143,4.103239268,80.71,7.71,12.70057617,15.23956528,60.72384933,31.46998135,63.63904852,13.1652314,20.1,3.7318696,94.77077364
"Gloucester","South West England",2021,7.63,68.90965732,2.46,7.58,50.4642751,31.29902703,7.046659772,80.37,7.39,7.817499171,26.07731668,72.06430957,32.53132721,68.66495428,5.281504172,19.4,3.2978593,94.35650379
"Stroud","South West England",2020,8.06,73.63481229,2.85,7.72,61.97307338,11.25751556,4.849253283,81.88,7.81,2.150484273,8.834341811,60.32901562,25.3968254,69.98792587,4.135546678,7.3,3.1069638,95.26578073
"Stroud","South West England",2016,8.09,68.8006483,2.92,7.58,63.97468819,11.16139706,7.081924362,81.75,7.95,4.230795424,7.214612209,57.3313819,26.1215487,72.81818637,1.70253337,11.4,2.80037845,95.64124057
"Stroud","South West England",2017,7.95,70.53846154,2.94,7.25,64.50761924,11.16139706,4.730935958,82.03,7.76,5.570134597,7.214612209,57.18085066,27.67766388,76.53046292,1.69305003,12,2.59173879,96.66080844
"Stroud","South West England",2018,7.96,71.42857143,2.94,7.58,64.86393291,11.16139706,3.355480572,81.88,7.91,3.898537208,7.214612209,58.44892436,25.75757576,73.58963608,3.360807938,11.9,2.54074873,96.55469423
"Stroud","South West England",2015,7.87,70.19607843,3.09,7.34,63.97468819,11.16139706,4.296866085,81.615,7.59,3.211331289,7.214612209,57.3313819,25.888536,72.81818637,0.856355011,10.4,3.03799831,95.64124057
"Stroud","South West England",2019,8.17,73.63481229,2.65,7.72,60.66721498,12.0129935,5.071348116,82.265,8,2.842519422,5.96094967,58.06122144,26.31448413,78.38335422,1.667166817,9.6,2.1054502,96.89557855
"Stroud","South West England",2021,7.75,73.63481229,3.09,7.57,61.97307338,11.06398683,5.450243561,81.88,7.6,2.150484273,7.471050368,62.21871144,25.3968254,69.66796449,1.645697735,13,3.05964205,96.93094629
"Tewkesbury","South West England",2016,8.23,67.48120301,2.82,7.49,59.8857432,21.10148474,5.157846112,82.74,7.99,3.118009896,11.01549269,59.21069571,27.62951334,74.56355384,0,11.6,3.9491777,92.85714286
"Tewkesbury","South West England",2021,7.5,73.8407699,3,7.56,60.18151165,16.53688132,3.262073799,83.05,7.46,2.163023679,11.20680665,67.58361826,29.62148962,70.61063963,1.047899485,12.7,3.11430064,94.57013575
"Tewkesbury","South West England",2020,7.79,73.8407699,3.35,7.42,60.18151165,18.82490716,4.634696589,83.05,7.47,2.163023679,9.365074429,59.12886446,29.62148962,70.04438062,1.03493956,18.1,3.3398436,95.13074842
"Tewkesbury","South West England",2019,8.11,73.8407699,3.31,7.47,61.03875044,21.44384032,2.234920037,83.2,7.95,2.673149581,9.335388503,58.48879347,28.69767442,71.13048889,2.104842189,12.3,3.1388926,95.56377079
"Tewkesbury","South West England",2018,7.95,69.34579439,2.92,7.79,59.72347606,21.10148474,2.416310741,82.885,7.88,3.08858627,11.01549269,60.84660866,31.28571429,66.12108751,1.079925269,13.9,2.5079366,92.64150943
"Tewkesbury","South West England",2015,7.79,65.04149378,3.12,7.26,59.8857432,21.10148474,3.415497583,82.67,7.67,3.200257863,11.01549269,59.21069571,28.33147265,74.56355384,0,14.8,3.63331912,92.85714286
"Tewkesbury","South West England",2017,7.98,70.13487476,2.82,7.49,62.82235633,21.10148474,4.9137046,83.105,7.86,3.155028118,11.01549269,61.94550406,25.55197518,70.23215826,2.21405482,15.9,2.5467581,93.38768116
"Basingstoke and Deane","South East England",2020,7.85,79.64388835,2.76,7.75,60.1391378,47.23430329,2.343155283,82.06,7.52,2.897164716,40.36302763,65.24524664,27.88511776,71.87311994,0,8.1,3.52971581,95.21594684
"Basingstoke and Deane","South East England",2015,7.97,73.65787079,2.39,7.57,57.84273392,26.83445878,5.903680164,81.93,7.88,5.277044855,13.14254335,58.60964988,25.3219487,67.83486014,11.47183664,20.2,3.67410216,96.37837838
"Basingstoke and Deane","South East England",2018,7.95,77.12093863,2.82,7.83,50.75334418,26.83445878,3.598501132,81.92,7.91,6.197042036,13.14254335,61.94261682,27.53349113,73.14104879,4.552464306,11.9,2.38262778,95.35036018
"Basingstoke and Deane","South East England",2017,8.2,77.39609839,2.48,8.04,57.85510117,26.83445878,1.842219963,81.875,8.09,6.593018017,13.14254335,61.15892047,27.66666667,66.91217337,8.554954174,16.9,2.45603072,95.7952468
"Basingstoke and Deane","South East England",2016,7.95,76.10657499,2.73,7.93,57.84273392,26.83445878,5.366883401,81.91,7.97,6.112106651,13.14254335,58.60964988,28.14376203,67.83486014,14.83798066,15.6,3.25001195,96.37837838
"Basingstoke and Deane","South East England",2019,7.93,79.64388835,3.15,7.41,48.2957661,25.89951414,2.02257211,82.19,7.63,5.328968978,12.95277758,60.96016629,25.75637211,69.94645579,2.831545684,7.7,2.7645451,94.8374761
"Basingstoke and Deane","South East England",2021,7.86,79.64388835,2.9,7.41,60.1391378,33.38464542,2.125544733,82.06,7.61,2.897164716,25.28267157,59.97239335,27.88511776,72.02749167,1.077261171,14.7,3.57268001,94.8852459
"East Hampshire","South East England",2016,7.79,76.26427406,2.6,7.7,56.020961,18.2413464,3.391029036,83.135,7.76,3.866728444,10.87280242,60.90141866,23.66912367,72.07245541,1.684848995,9.9,3.41919348,94.22442244
"East Hampshire","South East England",2018,8.09,75.6,3.05,7.67,58.72491598,18.2413464,2.206985971,82.98,8.02,4.375170905,10.87280242,62.75874087,25.96293808,69.71728272,3.314523413,7.8,2.42663423,96.20253165
"East Hampshire","South East England",2015,7.9,70.67851373,3.02,7.55,56.020961,18.2413464,2.268298916,83.135,7.75,2.974034071,10.87280242,60.90141866,23.4214859,72.07245541,0.84250257,12.7,3.28246428,94.22442244
"East Hampshire","South East England",2017,7.93,75.55886736,2.69,7.56,57.27307397,18.2413464,2.067431919,83.3,7.77,3.08228357,10.87280242,59.28500346,26.01936799,72.21378301,1.675154114,7.7,2.86197051,96.31181894
"East Hampshire","South East England",2020,8.09,76.09561753,3.47,7.52,59.04944729,18.05880275,2.091294714,83.235,7.68,1.8895654,8.364190606,58.66036468,24.67095147,71.32348308,0.807506581,9,3.47037242,95.18547751
"East Hampshire","South East England",2019,8.1,76.09561753,3.12,7.71,62.97819759,17.10004437,2.141683104,83.2,7.75,3.393073225,9.371923687,64.43769304,23.41509812,73.17939894,0.817608006,5.6,2.12061228,96.46381579
"East Hampshire","South East England",2021,7.73,76.09561753,2.95,7.72,59.04944729,15.28611213,3.49835982,83.235,7.4,1.8895654,10.09710941,60.73301454,24.67095147,76.857132,0.792399306,10.1,3.33282329,95.5039884
"Eastleigh","South East England",2020,7.68,77.8313253,3.29,7.56,57.75053287,19.11351966,2.061862787,83.215,7.56,3.534533648,15.547505,65.11736133,24.75236167,68.06717559,0,8.4,3.55702649,94.12997904
"Eastleigh","South East England",2019,7.88,77.8313253,3.37,7.01,57.39622628,20.26312806,3.095426288,83.33,7.8,6.378009342,9.988318499,53.91048494,24.12375973,68.47725904,2.245777937,8.9,2.77604363,93.11568488
"Eastleigh","South East England",2021,7.87,77.8313253,2.9,7.71,57.75053287,17.88229203,1.534620782,83.215,7.72,3.534533648,12.49504817,65.90580892,24.75236167,69.3165541,2.19019668,10.1,3.22925669,94.05331511
"Eastleigh","South East England",2018,7.8,80.24065864,3.32,7.3,57.67480841,19.98805293,1.389578029,83.33,7.73,6.213064884,12.64772194,61.04321095,24.26212372,65.66791903,0,10.6,3.38297908,95.12372635
"Eastleigh","South East England",2015,7.94,72.67479153,2.9,7.4,56.28639145,19.98805293,5.133175401,83.11,7.66,5.667677183,12.64772194,64.89870152,24.36837102,58.91040267,0,16.5,3.01788571,95.28865295
"Eastleigh","South East England",2017,7.9,77.06766917,2.86,7.75,62.44727224,19.98805293,5.245491373,83.35,7.92,6.344924826,12.64772194,62.7999592,25.12645249,72.02570468,0,13.8,2.99680909,94.06143345
"Eastleigh","South East England",2016,7.88,77.08585248,2.78,7.41,56.28639145,19.98805293,2.497945768,83.3,7.72,6.090500672,12.64772194,64.89870152,26.36743451,58.91040267,0,8.8,3.26786565,95.28865295
"Fareham","South East England",2016,8.06,75.73529412,2.57,7.8,64.79391544,23.94344259,1.428793917,82.57,7.92,8.409746326,12.41739786,70.56927767,25.23085586,71.09723802,15.54162565,10.7,3.34969694,95.58935361
"Fareham","South East England",2020,7.73,78.46283784,3.29,7.32,58.19363594,21.77594618,4.706932282,83.19,7.17,2.999879661,9.869850952,63.68686396,24.83501553,67.44020184,2.578693118,7,3.33345697,94.97206704
"Fareham","South East England",2021,7.94,78.46283784,3.07,7.56,58.19363594,21.81679926,1.804600553,83.19,7.83,2.999879661,11.71604469,62.4717288,24.83501553,68.5853145,6.087327055,11.1,3.46405846,95.30364372
"Fareham","South East England",2018,8.26,77.7027027,1.75,8.07,60.12636737,23.94344259,3.198208477,82.72,8.26,7.761799569,12.41739786,67.00988735,25.08501758,72.02170978,16.3315827,11.5,2.87065955,94.67084639
"Fareham","South East England",2017,8.23,76.32202052,2.21,7.92,60.28502198,23.94344259,4.231039013,82.705,8.1,9.568142903,12.41739786,63.03527733,24.15924171,71.10136029,8.604445056,8.7,2.38806293,96.15076183
"Fareham","South East England",2015,7.71,74.87223169,2.68,7.63,64.79391544,23.94344259,3.031987159,82.515,7.91,7.023666892,12.41739786,70.56927767,26.75207675,71.09723802,5.209147263,7.7,3.39326279,95.58935361
"Fareham","South East England",2019,7.86,78.46283784,3.06,7.21,60.92357379,23.23908249,2.313294121,83.535,7.73,6.314901964,12.45706021,62.06511858,25.46024662,66.97947088,8.603408671,11.3,2.21274854,94.44444444
"Gosport","South East England",2021,8.03,75.11061947,3,7.23,59.24656402,53.6545914,2.139208073,80.64,7.69,4.428488763,30.5476953,70.96086398,34.0450379,66.43065906,3.650612086,11.1,4.18781119,93.86861314
"Gosport","South East England",2018,8.1,74.74541752,2.93,7.36,53.05240031,46.26482416,2.346136773,81.255,7.78,9.966816364,29.89146381,66.76854506,31.24928037,69.59549546,0,15,3.78312244,93.57541899
"Gosport","South East England",2020,7.6,75.11061947,3.33,7.58,59.24656402,41.08226622,3.380156617,80.64,7.53,4.428488763,30.6694385,68.06236721,34.0450379,66.07651858,3.542791011,13.3,4.34341239,88.90429958
"Gosport","South East England",2015,7.9,67.33909702,2.54,7.9,61.00635485,46.26482416,2.144035261,80.645,7.8,7.291433156,29.89146381,71.52828167,26.97296045,69.86024273,4.719374211,15.8,4.68480237,92.81288724
"Gosport","South East England",2019,7.73,75.11061947,3.38,7.27,49.18555793,39.12269705,1.8583114,81.085,7.36,9.547608383,33.18743132,70.30490694,29.79440019,65.2983438,4.714868337,18.2,3.7312553,93.85826772
"Gosport","South East England",2016,7.88,73.138833,2.37,7.76,61.00635485,46.26482416,1.59750227,81.185,7.72,8.608992654,29.89146381,71.52828167,26.97344322,69.86024273,7.018200533,21.9,4.32852776,92.81288724
"Gosport","South East England",2017,7.88,74.92477432,2.88,7.37,56.85059774,46.26482416,2.468670418,81.37,7.86,10.38487177,29.89146381,71.50719237,29.12718556,69.22301053,10.52520787,19.6,3.46130408,92.42819843
"Hart","South East England",2021,7.81,80.65915004,3.3,7.22,58.64956351,24.35083801,1.786637592,84.55,7.68,2.899352512,12.85455992,63.1020261,20.81740277,73.79918693,0.99707856,8.7,3.39122017,96.59090909
"Hart","South East England",2018,8.22,81.25560538,2.63,8,56.11867547,31.01827275,2.576023509,84,8.08,6.199827609,9.708044777,53.81533283,19.78816486,69.5504556,0,8.8,2.62722081,96.09895338
"Hart","South East England",2016,8.26,78.35314092,2.34,7.99,54.68370906,31.01827275,2.488381559,84.42,8.08,6.112855968,9.708044777,61.6602581,22.73442818,70.03245851,0,11.7,2.51328104,96.50283554
"Hart","South East England",2017,7.94,79.11813644,2.74,7.34,59.17705026,31.01827275,2.797878055,84.365,7.67,6.588802179,9.708044777,63.46205854,20.97368124,70.45263605,1.047504321,7.8,2.12381652,96.88109162
"Hart","South East England",2015,8.07,79.45439045,2.59,7.39,54.68370906,31.01827275,2.925096703,84.605,7.78,5.275703162,9.708044777,61.6602581,20.76994434,70.03245851,1.059378145,16.9,2.39209767,96.50283554
"Hart","South East England",2019,7.89,80.65915004,3.78,7.7,63.3620239,25.98417086,3.339246104,84.21,7.84,5.325888764,12.77965557,56.6462588,21.76610573,72.05424977,0,3.4,1.69575112,96.42502483
"Hart","South East England",2020,7.88,80.65915004,2.69,7.78,58.64956351,28.14943862,2.250166559,84.55,7.58,2.899352512,13.8227879,57.29037921,20.81740277,79.88586097,2.049012376,7.7,3.60428068,94.921875
"Havant","South East England",2021,8.1,71.01238165,3.35,7.6,56.70495487,28.80836579,3.088570687,82.1,7.71,4.487925344,16.84238528,63.898039,30.11319784,69.20214011,2.41021933,11.4,3.44091846,91.96750903
"Havant","South East England",2020,7.66,71.01238165,3.26,7.06,56.70495487,28.05882357,3.079207253,82.1,7.25,4.487925344,13.18204946,66.80393458,30.11319784,62.78486443,3.957606123,16.3,4.99425755,92.36912156
"Havant","South East England",2016,8.05,64,2.31,7.65,56.11837929,30.56140699,9.314200325,81.85,7.85,10.50116635,13.78989337,65.49275941,27.28025517,66.78333983,6.457289069,21.9,4.46267528,92.74691358
"Havant","South East England",2017,7.98,66.71428571,2.65,7.48,64.28170786,30.56140699,2.810416264,81.755,7.87,10.38659897,13.78989337,58.17871097,30.48911872,66.38469137,7.995842162,21.4,3.59385829,92.11195929
"Havant","South East England",2015,7.78,63.04514155,2.15,7.72,56.11837929,30.56140699,3.982894743,81.73,7.9,7.675313916,13.78989337,65.49275941,27.40885417,66.78333983,8.122025308,18.1,5.49669231,92.74691358
"Havant","South East England",2018,8.37,68.73580621,2.22,7.67,58.44840263,30.56140699,2.909770443,81.705,8.14,11.07198779,13.78989337,66.68654001,29.88882463,68.89472405,3.974152115,18.3,4.21496536,95.13422819
"Havant","South East England",2019,8.13,71.01238165,2.25,7.9,53.34018128,33.12063301,2.732743875,82.115,7.88,11.62256378,17.1002029,67.22406665,30.44915641,66.494869,0,16.2,3.212052,92.61926193
"New Forest","South East England",2019,8.07,74.96924969,3.24,7.49,64.10039385,27.04472709,2.905449955,83.815,7.89,3.837055629,11.59341772,58.47528234,25.7366247,69.14507296,12.2163855,8.1,2.22950152,95.09677419
"New Forest","South East England",2020,7.62,74.96924969,3.22,7.24,60.32924709,23.52998022,2.172630242,83.97,7.46,2.966896559,13.15937803,65.44891036,25.20254974,70.21503847,9.462897094,9.1,3.87774259,95.50492611
"New Forest","South East England",2018,8.12,76.9874477,2.49,7.62,60.66032358,25.19692544,2.30724498,83.755,7.97,5.112571139,9.116559632,65.26743044,28.06272149,71.36354362,4.45055159,12.6,2.90391456,95.08196721
"New Forest","South East England",2015,8.03,72.85963891,2.82,7.46,63.14686113,25.19692544,2.863701463,83.4,7.73,3.279877284,9.116559632,63.30072464,25.95982143,70.27915859,1.115604518,11.8,3.37747464,94.77958237
"New Forest","South East England",2017,8.11,76.2741652,2.63,7.51,59.32699783,25.19692544,3.851942503,83.515,7.98,4.87220892,9.116559632,59.64805709,26.86859968,68.18065655,3.897767136,15.7,2.42152453,94.64735516
"New Forest","South East England",2016,8.05,76.10315186,2.61,7.51,63.14686113,25.19692544,3.215571263,83.73,7.86,4.578647461,9.116559632,63.30072464,27.26816003,70.27915859,2.228052292,14.4,3.3500162,94.77958237
"New Forest","South East England",2021,7.9,74.96924969,2.93,7.62,60.32924709,29.80409254,2.363168934,83.97,7.72,2.966896559,14.84573017,65.46708524,25.20254974,67.79981498,3.404023556,11.4,3.53408591,94.48275862
"Rushmoor","South East England",2020,8.07,72.92020374,2.83,7.48,54.99331017,21.14813714,3.992181023,81.88,7.62,2.892347463,15.11112267,63.54534269,29.06531657,62.63259956,9.535211417,12.8,4.70120032,94.31279621
"Rushmoor","South East England",2016,7.82,72.52573238,2.22,7.79,50.62789217,18.52559355,3.310238777,81.82,7.63,6.108792707,8.461019111,61.81148509,27.95594141,65.12432351,9.366121697,16.2,3.22947688,94.1011236
"Rushmoor","South East England",2017,8.7,69.6400626,2.02,8.34,53.17529015,18.52559355,2.138337545,81.505,8.59,6.595906781,8.461019111,63.45747694,29.58720729,65.87119206,5.218280681,18.4,2.5263481,94.41997063
"Rushmoor","South East England",2015,7.6,68.17460317,3.26,7.23,50.62789217,18.52559355,2.10688554,81.44,7.35,5.27499317,8.461019111,61.81148509,26.04553612,65.12432351,15.76193178,24,3.52341174,94.1011236
"Rushmoor","South East England",2018,8.19,71.14591921,2.47,7.69,55.319277,18.52559355,5.948329511,81.47,8.09,6.201257068,8.461019111,68.21839142,30.38809633,64.52269282,8.408484161,17.7,2.69111922,94.22150883
"Rushmoor","South East England",2021,7.66,72.92020374,3.21,7.52,54.99331017,22.61479657,4.913125349,81.88,7.76,2.892347463,18.72394838,64.66501564,29.06531657,61.60428292,1.998640924,12.9,3.13190467,94.06392694
"Rushmoor","South East England",2019,7.85,72.92020374,2.78,7.77,49.9867242,19.14332596,1.99209301,81.98,7.59,5.327751879,10.38362396,69.01336276,29.2857779,64.68299672,6.342561761,16.5,2.62475073,93.83333333
"Test Valley","South East England",2020,7.12,78.76664331,2.6,6.86,59.87870271,20.16203062,3.509811237,83.125,7.1,2.406360341,12.14650632,60.56982578,25.88740815,73.30193825,2.359176805,8.7,2.71278578,94.60737938
"Test Valley","South East England",2019,7.69,78.76664331,2.76,7.61,62.63507303,20.55509148,6.630968792,83.125,7.62,3.931515536,12.75294315,55.27284619,27.65137368,69.55211976,4.755865568,9.2,2.70154515,94.4284342
"Test Valley","South East England",2015,8,76.85525349,2.69,7.42,56.27875342,18.98590024,4.677259175,82.77,7.84,5.084382622,10.6097004,60.04244947,24.27026936,61.28240091,2.472147142,10.2,2.81851278,94.66783217
"Test Valley","South East England",2017,7.73,79.95867769,3.27,7.43,62.82513954,18.98590024,4.811720404,82.695,7.68,6.712004969,10.6097004,65.78062125,24.56454998,73.43126832,1.613462733,11,2.35896811,95.00907441
"Test Valley","South East England",2016,8.09,79.20054201,2.58,7.76,56.27875342,18.98590024,4.040632655,82.845,7.95,5.316593798,10.6097004,60.04244947,26.7746776,61.28240091,4.070898773,12.8,2.74023012,94.66783217
"Test Valley","South East England",2018,7.94,78.81806109,2.96,7.68,59.13169406,18.98590024,5.464665432,82.905,7.92,5.26488188,10.6097004,63.67054283,25.80728272,70.2974782,7.190278743,10.9,2.96620976,94.48742747
"Test Valley","South East England",2021,8.05,78.76664331,3.15,7.69,59.87870271,20.86972991,3.896394208,83.125,7.77,2.406360341,13.19085464,62.51971662,25.88740815,70.28426053,2.286759662,9.5,2.9136306,94.46529081
"Winchester","South East England",2015,8.23,76.10759494,2.37,8.04,66.96744576,21.07840594,3.036302497,83.27,8.07,4.994496197,21.18672428,50.52192221,24.09979424,69.15731587,4.107315951,11.2,2.33832318,96.1383749
"Winchester","South East England",2017,7.97,78.40122982,3.38,7.75,62.06795279,21.07840594,2.593317613,83.485,7.93,4.504395418,21.18672428,54.26629966,22.42121096,74.65216674,7.2651539,15.5,1.99517361,96.08163265
"Winchester","South East England",2018,8.2,81.0437452,2.94,7.87,66.87980816,21.07840594,3.638858129,83.56,8.08,4.746771793,21.18672428,57.00419754,23.73321123,72.62336711,6.436300736,10.9,2.60507635,97.07112971
"Winchester","South East England",2020,7.31,78.36990596,2.86,7.33,63.52000803,26.93372065,2.027552069,83.83,7.02,2.517371451,17.34339675,58.56964,21.84330629,75.84284634,5.558864403,6.4,3.26233192,95.29806885
"Winchester","South East England",2019,7.86,78.36990596,3.51,7.03,63.14350048,20.1074347,3.620832228,83.535,7.59,5.718450412,16.72103996,57.56625694,22.4957483,76.15196265,8.009034191,7.7,2.82021881,95.45829893
"Winchester","South East England",2016,8.09,78.29153605,2.93,7.84,66.96744576,21.07840594,6.12235543,83.49,8.08,5.377741673,21.18672428,50.52192221,24.05057675,69.15731587,3.249390739,7.5,3.20026872,96.1383749
"Winchester","South East England",2021,8.11,78.36990596,3.08,7.69,63.52000803,20.31556634,3.65139351,83.83,7.87,2.517371451,16.99897722,57.34786393,21.84330629,76.36373825,2.345289096,6,2.68769888,95.30744337
"Broxbourne","East of England",2020,7.84,73.17473339,3.11,7.51,52.65549985,16.22890863,3.491448606,81.79,7.59,6.434953685,8.365903847,59.70722857,29.22589816,60.40154931,3.074022461,16.7,3.93170903,95.38461538
"Broxbourne","East of England",2021,7.66,73.17473339,2.3,7.81,52.65549985,13.65918571,5.65880499,81.79,7.46,6.434953685,7.357709914,66.16914535,29.22589816,58.85070091,1.00869495,13.5,4.06298886,95.98930481
"Broxbourne","East of England",2018,8.07,72.55060729,3.01,7.58,50.4569751,17.83782284,7.97900624,82.865,7.94,10.52892357,6.106535951,69.58102154,28.51937092,59.48796496,0,18.2,3.45906277,95.39170507
"Broxbourne","East of England",2015,8.04,68.61958266,2.7,7.66,54.62980433,17.83782284,4.064177857,82.735,7.63,7.839187632,6.106535951,61.28245164,27.18294052,61.58442568,0,16.2,3.92443077,94.78499543
"Broxbourne","East of England",2016,7.79,69.04761905,3.26,7.07,54.62980433,17.83782284,4.468850963,83.14,7.6,8.195621432,6.106535951,61.28245164,29.58324394,61.58442568,3.096582405,16.5,4.07082622,94.78499543
"Broxbourne","East of England",2017,8.31,72.81553398,3.92,7.42,65.08248069,17.83782284,3.147729651,83.13,7.92,10.12794279,6.106535951,60.6293945,29.34105846,63.93275774,2.066927099,20.5,3.53302918,94.62659381
"Broxbourne","East of England",2019,8.11,73.17473339,2.71,7.52,54.2099108,19.01751977,3.113447234,82.62,7.67,10.23859209,7.161548612,59.80209584,28.76694915,69.345232,1.027971093,13,3.59140238,96.12188366
"Dacorum","East of England",2020,7.78,70.53241961,3.26,7.4,62.61418159,24.09617825,3.035829107,82.53,7.39,6.606328438,15.76014651,59.61354552,25.69970693,75.23520445,4.502852879,14.7,3.4762531,95.64315353
"Dacorum","East of England",2018,7.85,72.93399889,2.63,7.49,63.92963125,25.68470715,4.325668518,82.84,7.64,7.80399274,10.11629514,60.66887301,26.10191407,68.26894446,9.074410163,14.3,3.17204682,95.40453074
"Dacorum","East of England",2015,7.95,68.60772896,2.37,7.54,60.22962117,25.68470715,2.033359376,82.69,7.56,5.077150176,10.11629514,56.3565406,23.88808689,65.52822217,2.647796702,19,3.59391455,96.23484365
"Dacorum","East of England",2016,7.97,71.56057495,2.75,7.49,60.22962117,25.68470715,2.182278903,83.01,7.83,7.005805372,10.11629514,56.3565406,24.99205877,65.52822217,3.935845715,11,3.24215575,96.23484365
"Dacorum","East of England",2017,8.06,70.93784079,2.78,7.85,60.47956611,25.68470715,4.954801793,82.83,7.78,6.881212659,10.11629514,62.40192496,25.00730994,72.25025279,4.565733518,9.1,3.44124977,95.17006803
"Dacorum","East of England",2019,7.88,70.53241961,2.67,7.52,56.32367468,24.48899812,2.686622143,82.89,7.57,8.535631902,10.64996941,58.34920604,24.80152027,73.26460442,6.461492734,11.4,2.43084976,95.18317503
"Dacorum","East of England",2021,7.63,70.53241961,3.2,7.19,62.61418159,21.64975916,4.513795549,82.53,7.43,6.606328438,15.71052304,61.82569789,25.69970693,69.32113831,3.221296636,14.3,3.51913656,95.0435365
"Hertsmere","East of England",2020,8.09,73.53171496,3.93,7.06,61.06082705,22.58230335,3.166234691,81.735,7,7.528135696,9.986467554,59.96656624,26.42005158,66.71951454,10.42940714,13.8,4.43198879,94.93120927
"Hertsmere","East of England",2015,7.65,67.06827309,2.63,7.79,58.36594072,28.18227562,6.109122152,82.515,7.68,4.856674777,9.374516569,59.88557512,26.3162925,61.1197296,9.693961631,16,4.37655743,94.87369985
"Hertsmere","East of England",2018,7.64,73.71575342,2.4,7.53,64.2589539,28.18227562,2.360514344,82.535,7.21,7.408473682,9.374516569,62.26369682,23.20353529,63.16490202,3.8385874,11.1,3.86856675,95.40229885
"Hertsmere","East of England",2017,8.04,70.7643814,2.45,7.83,54.57083558,28.18227562,6.055977431,82.725,7.65,6.959464006,9.374516569,64.90105003,25.18295262,63.01658205,5.767511607,17.7,3.52882036,96.38554217
"Hertsmere","East of England",2021,7.6,73.53171496,2.92,7.64,61.06082705,22.69371529,6.205966421,81.735,7.08,7.528135696,9.898410058,62.758477,26.42005158,62.44732461,2.775079784,13.9,3.64898392,95.02133713
"Hertsmere","East of England",2019,8.03,73.53171496,3.08,7.48,49.97734539,25.42607051,3.330100667,82.375,7.68,7.586805059,10.69911369,56.7541391,25.5548365,69.04229252,6.671813494,9.4,2.79845442,95.66929134
"Hertsmere","East of England",2016,7.87,68.31761006,3.51,6.86,58.36594072,28.18227562,3.973585834,82.655,7.24,5.419217974,9.374516569,59.88557512,24.64883443,61.1197296,6.749915626,16.3,3.48380914,94.87369985
"North Hertfordshire","East of England",2015,7.95,71.02516882,2.7,7.61,57.91510559,19.03757077,4.41886484,81.945,7.68,4.969189505,10.0734618,59.45261746,21.22251322,70.73286933,3.799074545,14.2,3.67543279,93.64806867
"North Hertfordshire","East of England",2018,7.84,74.41158721,3.12,7.31,60.29245116,19.03757077,6.506753356,82.465,7.41,5.937814344,10.0734618,61.8529505,22.44539963,64.3883934,7.506718513,8.8,3.16787958,95.95070423
"North Hertfordshire","East of England",2017,7.81,73.32144979,3.25,7.7,55.20765386,19.03757077,7.52591113,82.445,7.82,6.225575866,10.0734618,60.84040742,23.36280741,67.62121385,3.750346907,10.9,3.3089607,95.48387097
"North Hertfordshire","East of England",2020,7.83,75.89905363,3.28,7.35,62.25075123,17.55354026,3.49162607,82.63,7.45,4.248368462,14.70923614,57.7420124,22.6530083,64.95417417,1.498542667,12.9,3.4757794,96.05389798
"North Hertfordshire","East of England",2016,8.18,70.78039927,2.73,7.66,57.91510559,19.03757077,11.3083317,82.175,7.82,5.661301873,10.0734618,59.45261746,24.30890538,70.73286933,1.507670273,8.1,3.36589238,93.64806867
"North Hertfordshire","East of England",2019,7.74,75.89905363,2.59,7.56,59.14209954,19.58698835,6.579123548,82.58,7.87,5.15834394,9.476906178,55.98716391,20.33883729,71.65172068,5.240697761,9.4,2.93992961,95.59808612
"North Hertfordshire","East of England",2021,8.09,75.89905363,2.95,7.8,62.25075123,15.8093526,4.924941184,82.63,7.9,4.248368462,10.39836962,55.51007264,22.6530083,70.68685877,0.748665504,9.5,3.34990416,95.46279492
"Three Rivers","East of England",2017,8.03,72.1402214,2.61,7.9,60.5849331,16.84534016,4.093717309,82.97,7.81,3.583726428,5.383710781,56.99781643,25.23273351,68.20285371,2.158871342,11.8,2.82515759,97.5879397
"Three Rivers","East of England",2015,8.05,71.56133829,2.6,7.68,63.93453568,16.84534016,3.969455581,83.04,7.6,2.363911675,5.383710781,59.5663066,23.45465525,69.9444598,1.089360219,13.8,3.00073259,97.59036145
"Three Rivers","East of England",2018,8.13,75.13661202,1.92,7.96,55.04033552,16.84534016,6.005980445,82.745,7.89,3.503681015,5.383710781,58.45500307,25.00902853,69.78154927,1.074748777,14.7,3.4884322,98.22834646
"Three Rivers","East of England",2020,7.51,73.07307307,3.35,7.48,57.46028194,15.83835501,3.249981434,82.76,7.5,3.256497031,5.555650439,55.87949244,22.78244631,71.68145762,4.256858864,6.7,3.6715683,98.09610154
"Three Rivers","East of England",2016,8.21,69.37669377,2.73,7.9,63.93453568,16.84534016,3.203508535,83.015,7.91,2.686779749,5.383710781,59.5663066,23.38328942,69.9444598,1.079028012,18.5,3.46348517,97.59036145
"Three Rivers","East of England",2021,8.09,73.07307307,2.58,7.64,57.46028194,15.71394487,2.552145969,82.76,7.93,3.256497031,8.75475225,62.85779899,22.78244631,69.60303262,1.064373297,11,3.3744938,97.12543554
"Three Rivers","East of England",2019,8.05,73.07307307,2.28,7.76,54.70275765,16.25634786,3.036651216,82.78,7.71,4.200465051,6.509616865,60.12400133,23.22115385,71.02695071,2.143094414,12.3,2.70755288,96.79245283
"Watford","East of England",2021,7.74,66.33587786,3.26,7.55,56.20574349,23.20748693,3.283013787,80.985,7.62,8.269252662,11.41739477,67.34513302,28.35904628,59.17822403,5.856458209,9.4,4.33486234,96.79572764
"Watford","East of England",2020,7.44,66.33587786,3.5,6.85,56.20574349,27.04836533,2.653302633,80.985,7.17,8.269252662,12.93461822,59.80634451,28.35904628,66.22705477,8.279602165,16.5,4.51326891,94.91525424
"Watford","East of England",2017,7.89,67.14697406,2.41,8.02,49.24084364,17.39116065,3.349336854,80.915,7.75,14.17119214,8.531796623,55.80551256,27.5462963,67.96086674,6.206361521,13.3,3.66754826,94.73684211
"Watford","East of England",2015,7.97,63.7037037,2.18,7.89,58.77824737,17.39116065,2.944250301,81.06,7.75,9.465686885,8.531796623,61.68809015,23.5446571,67.77911322,12.45485116,12.5,3.81287273,96.14325069
"Watford","East of England",2019,7.98,66.33587786,2.88,7.81,51.82595465,24.56193345,5.593358913,80.885,7.39,14.5272684,10.37393455,59.22189247,26.2856954,64.37204596,19.67342121,18.6,2.98190568,96.64804469
"Watford","East of England",2016,7.92,64.72261735,2.27,7.54,58.77824737,17.39116065,3.281310419,81.14,7.67,12.27000217,8.531796623,61.68809015,25.69051295,67.77911322,13.46076188,9,3.96991328,96.14325069
"Watford","East of England",2018,7.94,65.73161486,2.68,8.02,48.19935226,17.39116065,6.080878096,80.915,7.51,15.35647483,8.531796623,67.51318749,25.05634145,60.51648518,14.4677421,7.4,4.14433096,95.60585885
"Ashford","South East England",2021,7.99,72.8515625,3.05,7.71,53.22233495,28.61010407,5.733754113,81.645,7.68,4.350547253,28.06935381,63.52679961,30.62373013,66.86872284,0,17.1,4.62541961,95.13274336
"Ashford","South East England",2020,7.91,72.8515625,2.49,7.77,53.22233495,36.1849301,3.378989394,81.645,7.5,4.350547253,21.69176894,65.43231818,30.62373013,66.89288823,0,14.5,3.9142722,93.22651129
"Ashford","South East England",2018,8.06,75.42319749,2.78,7.63,54.99260375,24.00664275,4.125797533,82.41,7.97,10.4578399,6.984193373,65.39434634,26.36700312,65.3356169,15.47017737,21.5,3.6595971,94.04388715
"Ashford","South East England",2015,7.96,72.69155206,2.93,7.35,55.81338787,24.00664275,3.639465647,82.1,7.85,7.489096875,6.984193373,64.7193174,28.75760792,67.45320421,4.030730288,14.5,4.85182714,94.25019425
"Ashford","South East England",2019,7.93,72.8515625,2.71,7.53,53.08982957,23.48659957,7.902351081,82.33,7.67,8.474836963,12.63334965,63.60306979,26.55961609,63.08099645,19.22603667,10.1,3.65969408,93.598234
"Ashford","South East England",2016,8.22,75.32299742,3,7.79,55.81338787,24.00664275,10.57439175,82.125,7.84,7.507686441,6.984193373,64.7193174,30.34252318,67.45320421,6.355713389,17.4,4.6889798,94.25019425
"Ashford","South East England",2017,7.76,73.64576993,2.78,7.54,51.55738046,24.00664275,7.270636842,82.485,7.42,8.633465854,6.984193373,62.30109474,28.87217334,67.56036009,8.625624378,18.1,3.88882014,93.42004591
"Canterbury","South East England",2020,7.93,74.16201117,3.66,7.2,56.82791334,48.38767995,3.370524379,81.43,7.47,5.630779194,30.25170557,63.39199374,27.28239638,76.03672703,14.39176791,8.7,3.93360529,93.42969777
"Canterbury","South East England",2017,7.92,74.08136483,3.19,7.35,62.92090569,33.40420314,4.329927393,81.325,7.68,9.71968312,24.86886629,53.50295217,25.38730821,70.82769627,21.93784278,14.8,3.89419044,94.95967742
"Canterbury","South East England",2015,7.92,73.40569878,2.88,7.63,55.27287839,33.40420314,6.696614504,81.85,7.78,8.223570896,24.86886629,57.88799326,26.56520333,64.74274811,29.43700168,15.3,5.82540104,94.2617666
"Canterbury","South East England",2018,7.62,75.56935818,3.07,7.67,62.59189957,33.40420314,5.997249701,81.275,7.45,9.942085529,24.86886629,56.20311775,26.12628738,70.08583761,20.054329,13.2,4.98719998,95.08196721
"Canterbury","South East England",2019,7.89,74.16201117,3.26,7.68,55.52880782,40.40720289,5.888174175,81.445,7.64,10.24825568,24.01874941,62.06066537,25.96171124,75.57838832,23.58005732,8.4,4.22544393,94.09395973
"Canterbury","South East England",2016,7.95,75.64186965,3.27,7.72,55.27287839,33.40420314,7.173615513,81.505,7.8,8.74450776,24.86886629,57.88799326,21.53072569,64.74274811,30.76885208,10.1,5.02810345,94.2617666
"Canterbury","South East England",2021,7.81,74.16201117,3.32,7.39,56.82791334,35.44669387,3.815979396,81.43,7.91,5.630779194,28.26504045,59.16031813,27.28239638,71.50671653,11.49763021,18.2,3.84758795,95.06849315
"Dartford","South East England",2020,7.95,73.55163728,2.86,7.51,52.37719761,21.03460662,18.71271805,80.71,7.73,6.584773479,10.4652222,63.82589418,31.43805696,61.84494348,3.507202918,17.2,3.50894437,95.64917127
"Dartford","South East England",2015,7.82,72.32524964,2.52,7.13,53.36361322,22.04144906,18.72570968,80.515,7.54,8.470892776,10.18779889,68.0416063,30.58777016,64.11323438,9.658942732,19,5.197543,94.65317919
"Dartford","South East England",2016,7.87,73.67346939,2.93,7.35,53.36361322,22.04144906,12.83412564,80.59,7.48,9.8366582,10.18779889,68.0416063,30.6049644,64.11323438,8.561888182,14.3,4.16159355,94.65317919
"Dartford","South East England",2018,8.21,75.43275632,2.71,7.55,46.57362371,22.04144906,21.99955088,80.905,8.04,8.167060132,10.18779889,65.10943567,30.6286117,71.49663966,10.93802696,9.9,2.89125699,96.12903226
"Dartford","South East England",2017,7.89,74.58279846,2.7,7.45,49.91170954,22.04144906,6.906190867,80.695,7.76,10.18453067,10.18779889,65.47789872,30.70621469,63.93097063,8.37084713,10.2,2.74819176,95.47114682
"Dartford","South East England",2019,8,73.55163728,2.68,7.38,45.93084388,24.49572641,5.899457605,81.125,7.73,9.830737261,9.961962336,72.69915657,31.60396962,69.15322457,11.5446779,26.4,2.50933731,95.01445087
"Dartford","South East England",2021,8.6,73.55163728,1.7,7.93,52.37719761,25.9522607,12.78890324,80.71,8.05,6.584773479,14.9424218,70.37273909,31.43805696,63.47100995,5.137998065,5.1,4.6399652,94.56521739
"Dover","South East England",2020,7.59,75.63667233,3.43,7.03,56.73569321,20.28505815,19.47610489,81.11,7.04,3.172620956,11.44132043,64.60700783,32.05084196,68.74589538,5.906475184,17.5,5.49886505,94.16737109
"Dover","South East England",2015,7.8,73.7936772,3,7.17,63.1781536,17.79284904,17.35863861,80.965,7.38,5.53567336,7.6990513,66.16273089,28.97222222,65.94079068,7.933289847,29.7,5.45626903,93.09309309
"Dover","South East England",2017,7.87,73.50628931,2.91,7.69,66.00533525,17.79284904,14.16719028,80.74,7.71,5.30210789,7.6990513,62.20027546,30.01955671,65.88054932,11.22596133,18.7,4.19372646,93.37016575
"Dover","South East England",2016,7.68,74.62437396,2.39,7.69,63.1781536,17.79284904,15.0790135,80.945,7.78,6.127151486,7.6990513,66.16273089,31.0673061,65.94079068,7.855322417,17.7,5.24895675,93.09309309
"Dover","South East England",2018,8.06,74.19871795,2.88,7.54,61.33659525,17.79284904,20.48408162,80.895,7.75,5.420239551,7.6990513,71.01753831,29.03065403,68.35240646,17.09854748,13.1,3.44490968,92.84565916
"Dover","South East England",2019,7.91,75.63667233,3.12,7.61,55.70059593,18.20043725,16.4979434,81.215,7.54,5.146828521,9.001396298,70.94257322,31.05022831,68.63438184,7.618660639,15.9,5.00119388,92.37631792
"Dover","South East England",2021,7.99,75.63667233,3.4,7.47,56.73569321,15.76787651,13.84800636,81.11,7.52,3.172620956,9.038690898,64.26893394,32.05084196,68.89006673,4.288348557,23.4,4.66186752,92.37079573
"Gravesham","South East England",2020,7.49,75.77854671,2.46,7.3,51.44897221,21.01071794,8.753217377,81.2,6.81,6.586210123,10.60251822,70.19280529,34.03636364,64.20782824,10.29095332,16.6,4.69126983,93.68061486
"Gravesham","South East England",2017,7.98,72.07392197,2.45,7.6,48.5858671,17.89483142,17.46123938,81.645,7.76,10.18648524,7.325408495,66.00897725,33.25954621,61.40572232,8.480885027,18.3,4.6159485,95.34883721
"Gravesham","South East England",2018,7.75,73.97849462,3.04,7.72,48.80749067,17.89483142,17.25148315,81.575,7.65,8.159044978,7.325408495,68.44092128,29.75885226,60.16199178,19.73962495,10.5,4.1850929,94.94773519
"Gravesham","South East England",2015,7.26,63.19942611,3.21,7.65,53.11534112,17.89483142,6.577663519,81.295,7.43,8.466159012,7.325408495,62.91664115,30.63088249,62.49233289,5.675637327,16.5,6.36001058,93.35548173
"Gravesham","South East England",2016,7.9,72.9550479,2.83,7.37,53.11534112,17.89483142,13.14822423,81.605,7.9,9.829120181,7.325408495,62.91664115,31.12859347,62.49233289,11.29783929,11.5,7.1095537,93.35548173
"Gravesham","South East England",2019,7.6,75.77854671,2.78,7.49,51.71282805,20.72991524,15.72037761,81.62,7.6,9.837383929,7.478534218,64.9317648,32.62876157,59.50379763,12.15646303,10.7,4.62932647,93.68686869
"Gravesham","South East England",2021,7.49,75.77854671,2.46,7.3,51.44897221,23.48758661,16.90162469,81.2,6.81,6.586210123,12.61258096,65.24037008,34.03636364,68.71779651,4.679982778,16.7,4.28976285,95.27930763
"Maidstone","South East England",2020,7.56,73.03424988,3.29,7.5,52.67215409,18.59726711,18.85845299,81.765,7.15,4.279971351,9.278433244,64.89064796,28.47753567,71.01269584,1.155187949,17.7,3.74948501,95.62634989
"Maidstone","South East England",2018,7.82,75.90123457,2.92,7.6,53.86273605,17.15491055,14.62708606,82.065,7.61,7.554941014,9.378270705,60.1656086,25.18878143,69.16170922,5.295519402,12.3,2.82599148,96.52892562
"Maidstone","South East England",2016,7.84,76.34146341,2.95,7.39,60.43114838,17.15491055,12.07420033,82.05,7.69,6.390335447,9.378270705,56.39954291,27.64717701,67.00926054,21.12008883,17.4,4.4423132,95.15250545
"Maidstone","South East England",2017,7.96,74.20878602,2.87,7.52,60.32877725,17.15491055,26.87540382,82.175,7.7,6.105049782,9.378270705,69.65679013,27.73873697,68.06298733,24.44404698,17.1,3.41614927,95.72222222
"Maidstone","South East England",2015,7.84,75.69408067,2.77,7.66,60.43114838,17.15491055,15.70677731,81.815,7.69,5.999304959,9.378270705,56.39954291,26.10878007,67.00926054,23.1680476,13.2,4.03075705,95.15250545
"Maidstone","South East England",2019,7.93,73.03424988,3,7.59,49.56069143,19.17207506,6.405920423,82.07,7.86,6.908151269,8.506737131,60.91534677,27.70769806,66.59669446,1.745952301,14.5,2.86444293,96.70454545
"Maidstone","South East England",2021,7.75,73.03424988,3.23,7.35,52.67215409,17.67789875,8.576539615,81.765,7.41,4.279971351,10.97007862,61.03382679,28.47753567,68.19251713,1.697677577,10.8,3.57287894,95.23565574
"Sevenoaks","South East England",2020,7.77,77.2797527,2.66,7.65,64.84482495,16.6827551,4.488990436,83.145,7.74,5.536012917,8.778996728,63.4613491,25.97602161,70.10127756,4.942868676,12.7,4.03882706,94.00826446
"Sevenoaks","South East England",2015,8.15,77.35314933,2.84,7.77,60.9852832,18.71414159,23.44126702,83.17,8.15,3.833622477,5.851237758,51.84378258,24.02802323,68.16093476,5.077645665,15.6,3.47324526,92.06349206
"Sevenoaks","South East England",2018,8.02,79.25093633,3.18,7.43,55.43125131,18.71414159,18.40184683,83.505,7.8,3.657735695,5.851237758,56.78284512,23.23978974,72.61626936,5.81912497,8.3,2.95741398,94.37869822
"Sevenoaks","South East England",2017,8.01,77.29573391,3.24,7.35,63.51452692,18.71414159,12.55487232,83.515,7.55,4.287065956,5.851237758,60.86162141,26.76500573,70.87183928,3.349270278,12,2.64649504,92.67676768
"Sevenoaks","South East England",2019,7.79,77.2797527,3.49,7.73,63.32916115,17.74610191,2.602227899,83.42,7.91,5.739130435,8.555661834,61.10494454,25.00160674,73.88413329,3.3126294,12.5,2.70688479,93.93939394
"Sevenoaks","South East England",2016,7.9,77.18814611,2.65,7.74,60.9852832,18.71414159,17.33873611,83.495,7.74,3.848383763,5.851237758,51.84378258,23.90543743,68.16093476,1.680516927,8.3,3.83667242,92.06349206
"Sevenoaks","South East England",2021,8.18,77.2797527,2.49,7.92,64.84482495,16.45556048,2.396513204,83.145,7.72,5.536012917,8.139457559,55.31759152,25.97602161,70.38585551,0.827533701,4.8,4.17926971,94.83101392
"Folkestone and Hythe","South East England",2020,7.82,75.38860104,2.93,7.72,57.88913461,16.2359302,3.749086464,80.845,7.85,6.000705965,8.133333498,69.39187411,30.95556404,66.7289372,10.58948112,10.8,4.01300174,93.08240081
"Folkestone and Hythe","South East England",2015,7.74,70.16806723,3.18,7.57,60.70907716,18.82062393,2.761660472,81.205,7.74,5.398860139,6.828007494,64.59318713,29.2963434,66.39694989,11.83561245,15.8,4.98919865,93.10018904
"Folkestone and Hythe","South East England",2019,8.03,75.38860104,3.46,7.75,60.99305513,18.05407418,6.494146917,81.06,7.67,8.71712273,7.740174349,68.12393542,28.93201421,69.60217374,8.849870792,14.1,3.70276659,94.88817891
"Folkestone and Hythe","South East England",2017,8.05,73.71524853,2.93,6.84,56.11962498,18.82062393,2.989508822,81.06,7.49,6.991124234,6.828007494,64.5183299,30.34131724,65.60966506,14.35917686,16.5,3.69788148,94.01960784
"Folkestone and Hythe","South East England",2018,8.24,75.58039553,3.26,7.9,62.36481589,18.82062393,2.877219609,81.39,8.08,9.344632166,6.828007494,62.60666679,27.69773278,71.20830188,15.98891435,22.8,4.1542194,94.23692636
"Folkestone and Hythe","South East England",2016,8.03,73.14890155,3.12,7.57,60.70907716,18.82062393,2.792033421,81.16,7.84,7.881178844,6.828007494,64.59318713,29.96084135,66.39694989,8.106355383,18.4,5.31012307,93.10018904
"Folkestone and Hythe","South East England",2021,7.72,75.38860104,3.39,7.61,57.88913461,18.47018828,4.918484174,80.845,7.53,6.000705965,10.86360923,66.74895705,30.95556404,64.54538175,7.269026677,11.5,4.28725628,93.62119725
"Swale","South East England",2020,7.63,74.11699779,3.69,7.35,47.19618402,16.05235069,13.2262997,80.51,7.33,6.502665298,9.494619211,62.10668094,31.49309551,67.36472166,3.310929378,17.9,5.47713978,92.84741144
"Swale","South East England",2015,8.04,71.78800857,3.15,7.36,56.51943139,19.50704857,1.812003763,80.585,7.51,9.363703366,12.70733867,58.73613169,27.9773911,62.12869238,4.211560734,18.2,6.17300771,93.18032787
"Swale","South East England",2016,7.77,72.65491757,3.11,7.58,56.51943139,19.50704857,2.467485312,80.675,7.84,7.714760863,12.70733867,58.73613169,28.67731998,62.12869238,4.140301,20.2,6.0209871,93.18032787
"Swale","South East England",2019,7.95,74.11699779,3.44,7.33,47.95272892,19.11788613,5.678564647,80.915,7.76,12.2999427,14.57213465,64.98483528,30.89911087,63.79740521,6.663024213,15,4.66863015,91.75900277
"Swale","South East England",2017,8.08,73.15926893,3.08,7.59,55.18180322,19.50704857,2.508432101,80.79,7.71,8.302998078,12.70733867,70.00647834,26.89334147,63.32819369,6.135220254,17.9,4.7783349,93.07387863
"Swale","South East England",2018,8,72.27668845,3.38,7.35,54.68694591,19.50704857,3.423400801,81.005,7.65,10.34211111,12.70733867,61.63044074,29.58735733,64.96346276,21.54606481,21.3,5.57114893,95.6097561
"Swale","South East England",2021,7.69,74.11699779,2.71,7.37,47.19618402,19.67012321,1.433766421,80.51,7.49,6.502665298,10.52197695,70.62638049,31.49309551,64.86215845,3.9415857,13,3.99487113,93.42537804
"Thanet","South East England",2020,7.52,64.70588235,3.51,7.19,58.10592173,27.49631242,7.467500368,79.845,6.98,6.044196864,14.17825522,67.87988165,31.35099173,63.13396908,16.96616664,18.1,5.68906503,92
"Thanet","South East England",2016,7.91,70.67624177,2.4,7.49,54.37936202,24.7747667,2.820971706,79.99,7.77,8.961286108,10.04511552,67.75314361,29.53731173,62.85546034,23.43284006,18.1,6.42256384,92.00542005
"Thanet","South East England",2018,7.6,69.64836521,2.92,7.32,58.47241037,24.7747667,4.868611047,79.8,7.28,8.651873162,10.04511552,69.20617083,30.4319251,61.18821083,16.21785515,19.7,4.48456427,89.83417448
"Thanet","South East England",2015,7.79,70.74074074,3.27,7.36,54.37936202,24.7747667,8.012929138,80.35,7.77,7.237773741,10.04511552,67.75314361,29.83894162,62.85546034,12.15831557,19.2,7.29193784,92.00542005
"Thanet","South East England",2017,8.05,69.5473251,2.98,7.56,58.93705125,24.7747667,3.329671337,79.945,7.7,8.936088922,10.04511552,63.58677148,31.91591018,72.04344572,32.54632545,23.7,4.50903417,91.41347424
"Thanet","South East England",2019,7.39,64.70588235,3.26,7.03,54.23947134,25.85890235,3.589024579,80.23,7.03,9.371344823,15.96564156,66.86693068,31.37110044,63.22885382,11.97841068,21,5.664911,92.20216606
"Thanet","South East England",2021,7.73,64.70588235,3.9,7.25,58.10592173,22.88077974,2.63656177,79.845,7.33,6.044196864,17.0279578,65.08161061,31.35099173,65.29342608,9.951804831,16.9,5.95335941,91.22807018
"Tonbridge and Malling","South East England",2018,8.2,78.60635697,2.6,7.79,64.30337659,25.02545646,5.08720098,82.355,8.1,5.348331137,11.99511488,57.96357743,22.90090047,70.06384171,9.194838631,12.2,2.98199763,95.81905415
"Tonbridge and Malling","South East England",2020,7.88,76.73521851,3.18,7.55,58.73586659,19.85680515,13.12732126,82.405,7.32,3.718762022,11.20353641,61.64617381,27.74615109,69.1816347,4.5258767,8.1,3.3784837,95.32770928
"Tonbridge and Malling","South East England",2015,8.18,75.24429967,2.82,7.71,57.7143559,25.02545646,2.960772014,82.985,7.99,4.539708536,11.99511488,59.28632543,24.74776435,72.3931425,0,14.1,4.05906337,94.4971537
"Tonbridge and Malling","South East England",2016,7.99,79.17754569,2.4,7.92,57.7143559,25.02545646,4.444616078,83.105,7.7,4.980165744,11.99511488,59.28632543,24.84004128,72.3931425,3.142060406,17.1,3.67908505,94.4971537
"Tonbridge and Malling","South East England",2017,7.96,77.33077905,2.45,7.88,68.10519096,25.02545646,3.978961772,82.7,7.87,5.446462515,11.99511488,59.85080686,26.31802721,72.2531757,6.206794889,11.6,3.28831242,95.59210526
"Tonbridge and Malling","South East England",2019,7.91,76.73521851,3.07,7.21,54.78197319,19.73273459,6.751015924,82.59,7.61,6.598412446,10.80381502,60.149347,25.3320802,74.13989504,4.54019205,9.3,2.5738155,94.6440678
"Tonbridge and Malling","South East England",2021,7.51,76.73521851,2.95,7.61,58.73586659,18.75243205,5.826449151,82.405,7.43,3.718762022,9.889280338,57.36372181,27.74615109,74.16487034,1.510733763,11.5,3.00552304,94.77513228
"Tunbridge Wells","South East England",2020,7.99,77.59197324,3,7.41,67.6875046,15.32074091,17.29650479,82.92,7.53,3.833898049,8.627259305,56.95964396,26.86138164,72.66270658,0,13.9,3.19247323,95.62091503
"Tunbridge Wells","South East England",2021,7.82,77.59197324,3.57,6.94,67.6875046,13.45224541,4.385534185,82.92,7.56,3.833898049,9.06434813,58.67852168,26.86138164,72.15531104,1.728892385,13.3,3.77782294,95.94072165
"Tunbridge Wells","South East England",2016,7.98,76.47492625,2.86,7.41,66.6048219,13.85114055,5.384906903,83.01,7.68,4.345714359,7.255994627,55.86283637,25.96203952,69.99993733,12.78151282,12.2,3.20186027,96.27118644
"Tunbridge Wells","South East England",2015,8.01,76.5625,2.54,7.51,66.6048219,13.85114055,7.460270816,83.05,7.84,4.347826087,7.255994627,55.86283637,25.16908213,69.99993733,12.86339079,15.3,3.60800483,96.27118644
"Tunbridge Wells","South East England",2018,7.72,77.94955248,3.01,7.67,57.40330652,13.85114055,3.099120953,82.795,7.77,7.064563674,7.255994627,58.73511434,21.77871148,74.04164219,5.929489894,14.5,3.61944922,96.7311541
"Tunbridge Wells","South East England",2017,8.06,77.94226499,2.49,7.61,64.31540648,13.85114055,4.045985177,82.825,7.85,5.048237775,7.255994627,49.13295452,25.64553991,69.80517583,16.94039522,15,2.72217187,95.95744681
"Tunbridge Wells","South East England",2019,7.79,77.59197324,3.02,7.26,58.56370455,14.28125544,9.025930384,83.02,7.77,6.906775378,7.94595249,59.02998691,23.4971131,79.98575069,9.265186483,8,2.47642011,96.0463531
"Burnley","North West England",2020,7.79,63.55140187,3.11,7.37,51.67438358,20.44038243,3.200896044,77.98,7.19,6.469376791,11.82028608,69.61888998,30.23375799,56.61151306,3.357808023,24.1,5.14429595,89.37142857
"Burnley","North West England",2015,7.47,60.19818332,3.51,7.08,53.35199447,14.72193498,2.5113709,78.16,7.01,7.231097156,8.797345687,67.8652219,31.05357295,59.91330796,3.437922578,21.6,5.80009283,90.35369775
"Burnley","North West England",2017,7.89,63.20523303,2.89,7.18,56.12693937,14.72193498,8.245852831,78.535,7.62,8.9846645,8.797345687,66.0154387,29.81758104,61.38506388,1.14018585,10.3,5.25296155,88.80778589
"Burnley","North West England",2018,7.54,64.2078793,3,7.23,46.88831615,14.72193498,6.32132532,78.77,7.34,9.341782733,8.797345687,63.44727175,31.01908867,63.25235533,1.129598879,24.8,5.44275931,90.46538025
"Burnley","North West England",2019,7.82,63.55140187,2,7.34,49.99213204,21.27935951,8.141316928,78.385,7.6,10.52631579,11.63196625,69.93640726,30.03663681,58.35913931,8.996851102,21.5,5.59398022,89.63133641
"Burnley","North West England",2016,8.09,63.63636364,2.75,7.82,53.35199447,14.72193498,6.657040552,78.6,7.76,9.977598976,8.797345687,67.8652219,31.29878758,59.91330796,4.571637561,24,5.84022851,90.35369775
"Burnley","North West England",2021,7.03,63.55140187,2.47,7.22,51.67438358,19.6554054,2.166258058,77.98,7.17,6.469376791,21.25532771,73.39144096,30.23375799,62.0605315,6.334392585,21.2,6.07080022,88.18088386
"Chorley","North West England",2020,8.22,70.89494163,2.42,7.97,58.74243991,13.85042069,5.234815467,80.4,7.9,3.322957853,10.40366172,68.38171907,30.32164113,67.69713734,0.841255153,18.8,3.61550377,95.27798934
"Chorley","North West England",2017,8,72.05240175,2.89,7.54,50.27176443,15.2694015,2.443320949,80.515,8.04,4.465673911,9.339846598,62.49870363,28.23786003,69.43668265,0,13.7,3.15192509,95.81151832
"Chorley","North West England",2016,8.11,72.77298851,2.59,7.58,52.93116367,15.2694015,2.419245555,80.58,7.65,4.445766895,9.339846598,59.46841482,25.84294663,66.60840368,0,13.2,4.15992986,94.67455621
"Chorley","North West England",2018,8.17,69.81949458,3.09,7.89,52.93068216,15.2694015,3.173589817,80.51,8.02,4.271492283,9.339846598,65.72082365,26.55796868,73.75001759,2.568031433,8,2.78518779,94.21052632
"Chorley","North West England",2019,8.01,70.89494163,2.6,7.5,53.77328166,15.75010235,2.626927983,80.645,7.72,4.297218651,12.99798022,59.234539,27.6868149,65.96502544,3.383636733,16.6,3.12989491,95.0310559
"Chorley","North West England",2015,7.99,69.99220577,2.68,7.46,52.93116367,15.2694015,2.13900257,80.62,7.54,3.726884024,9.339846598,59.46841482,27.31840194,66.60840368,0.885245611,19.1,3.40326162,94.67455621
"Chorley","North West England",2021,8.16,70.89494163,2.57,7.54,58.74243991,15.88135817,3.017541432,80.4,7.79,3.322957853,9.302210396,65.78404084,30.32164113,69.23795225,4.239551625,17.6,3.84767136,93.75438596
"Fylde","North West England",2020,7.55,76.14942529,3.4,7.23,59.85152834,24.22360713,4.583991721,81.39,7.59,2.167194099,12.55561107,67.40713989,23.18481848,68.94868692,7.388161702,4.5,3.52721072,94.66666667
"Fylde","North West England",2015,8.02,72.00577201,2.41,8.03,55.10468619,21.73717362,1.966482302,80.955,7.87,4.87804878,7.916089287,59.11426434,24.31111111,66.15320516,1.290489095,16.6,3.13680081,96.66136725
"Fylde","North West England",2017,8.21,73.41115435,2.89,7.74,59.42738489,21.73717362,2.476198254,80.675,7.96,4.349314634,7.916089287,59.76974168,21.60714286,67.38611395,2.536043519,11.7,3.00755618,95.43147208
"Fylde","North West England",2016,8.09,73.9869281,2.89,7.76,55.10468619,21.73717362,5.377540674,80.98,7.9,4.785484882,7.916089287,59.11426434,22.85714286,66.15320516,6.397707062,18.2,3.935389,96.66136725
"Fylde","North West England",2018,8.25,73.69127517,2.2,8.18,52.65651472,21.73717362,4.100077182,81,8.45,4.074213363,7.916089287,68.01633545,21.65363658,65.83765968,2.507208224,12.7,2.45452423,95.36
"Fylde","North West England",2019,8.54,76.14942529,2.05,8.13,60.85033663,16.07013781,3.20683769,81.54,8.18,4.258479822,9.293878004,62.19788236,24.05862588,70.55008603,8.665511265,7.7,2.28497516,94.57627119
"Fylde","North West England",2021,7.93,76.14942529,2.49,7.89,59.85152834,19.79461314,7.358842271,81.39,7.88,2.167194099,12.20447632,67.77786487,23.18481848,60.97225015,2.443643472,9.3,4.12898699,95.25267994
"Hyndburn","North West England",2020,8.06,67.20686368,3.08,7.19,45.22612676,15.2432414,2.391587656,78.685,7.29,5.386217692,9.215663343,67.66031479,32.48156623,58.87056525,4.930176377,9.5,4.95339273,92.1612542
"Hyndburn","North West England",2018,7.73,64.43071492,2.7,7.89,45.11209474,14.91546889,2.184700951,78.73,7.99,7.572851575,6.309551651,76.90505448,29.49264672,63.12093343,8.661758337,14.7,4.68873838,92.89678135
"Hyndburn","North West England",2017,8.05,64.11929171,2.92,7.61,45.21530871,14.91546889,2.61273372,79.01,7.71,7.685611242,6.309551651,67.76360324,33.44551282,59.43298239,7.461758488,19.4,4.88684354,93.41126461
"Hyndburn","North West England",2016,7.81,63.37777778,2.28,7.66,50.18556482,14.91546889,3.658600915,78.865,7.53,6.903672007,6.309551651,62.92768355,29.2201426,61.43218258,2.487809732,21.9,5.06151358,92.78794403
"Hyndburn","North West England",2019,7.65,67.20686368,3.79,7.18,51.81745254,16.96149518,1.625626065,79.01,7.43,7.033303308,9.236661488,68.04372531,32.0833834,65.58649389,7.403477166,12.1,4.30843504,92.83276451
"Hyndburn","North West England",2015,7.79,61.53846154,3.42,7.27,50.18556482,14.91546889,2.398903913,78.935,7.5,6.21621959,6.309551651,62.92768355,29.0983218,61.43218258,4.992947462,17.7,5.89668157,92.78794403
"Hyndburn","North West England",2021,7.73,67.20686368,2.5,7.58,45.22612676,17.71140498,2.299861623,78.685,7.29,5.386217692,13.19209835,71.12031051,32.48156623,62.78343347,2.431285785,19.5,5.18222622,92.39250276
"Lancaster","North West England",2016,7.72,70.13715711,3.36,7.4,56.97701351,109.8308115,1.88445823,80.21,7.47,7.916851887,59.65570959,64.4258583,28.34490071,75.54322052,5.64481418,14.7,4.55704292,94.56915279
"Lancaster","North West England",2015,7.75,70.32385988,2.79,7.46,56.97701351,109.8308115,1.849960824,80.225,7.45,8.118647318,59.65570959,64.4258583,28.04465301,75.54322052,5.68234283,19.4,4.92615029,94.56915279
"Lancaster","North West England",2020,7.86,70.13513514,3.11,7.22,53.14999034,61.34522465,2.775332296,80.345,7.74,4.46937935,51.85354176,63.95984474,29.91387928,64.54050213,1.350265665,14,4.53627045,93.81362569
"Lancaster","North West England",2018,7.82,71.18644068,2.73,7.61,55.09571987,109.8308115,2.061286193,80.39,7.62,7.722917793,59.65570959,55.65898579,27.09309063,70.43431519,2.7730405,14.9,4.62702849,95.390625
"Lancaster","North West England",2017,7.79,69.1461837,2.79,7.41,56.64626826,109.8308115,1.980302829,80.445,7.81,8.44287549,59.65570959,63.43413811,30.34746871,74.30372166,2.807273646,19.3,4.18873894,94.71698113
"Lancaster","North West England",2019,7.73,70.13513514,3,7.25,56.18169326,75.61039097,2.360088166,80.61,7.41,6.751667374,70.27492479,63.13203697,29.70417662,71.26246136,4.1085197,11.2,4.5215847,93.86189258
"Lancaster","North West England",2021,7.92,70.13513514,3.27,7.55,53.14999034,96.03787549,1.659168766,80.345,7.91,4.46937935,132.5747555,66.10083065,29.91387928,68.82372121,2.110268567,13.6,4.86549395,94.09862571
"Pendle","North West England",2021,8.17,62.37234878,2.28,8.1,48.66104615,18.74920877,2.573527455,79.765,7.98,3.896033426,11.16610049,68.70128771,31.55144033,63.36615541,0,11.8,5.67624748,93.83634431
"Pendle","North West England",2020,7.56,62.37234878,4.01,7.09,48.66104615,17.54700607,4.541253416,79.765,7.4,3.896033426,9.481387788,65.27598303,31.55144033,62.5597931,0,15.4,4.35098461,93.51740696
"Pendle","North West England",2017,7.86,65.07679871,2.78,7.3,49.43451429,21.39875243,1.789624862,79.73,7.24,7.012437153,9.033982288,63.40597277,29.43896312,60.0233715,0,20.2,4.56240174,91.56769596
"Pendle","North West England",2018,7.66,64.80620155,2.97,7.28,50.03615126,21.39875243,2.026237761,79.705,7.52,4.988786171,9.033982288,62.82111084,29.13137265,60.25598343,0,13.9,4.41194186,93.01552106
"Pendle","North West England",2015,8.05,62.60869565,2.92,7.82,46.26861003,21.39875243,2.381986874,79.62,7.64,3.947734223,9.033982288,60.48269133,28.69782481,58.92640712,0,20.8,5.32584796,94.22863485
"Pendle","North West England",2016,7.99,63.1934033,2.47,7.49,46.26861003,21.39875243,2.594476292,79.78,7.6,5.612329448,9.033982288,60.48269133,30.08580009,58.92640712,1.104789261,11.9,4.54875368,94.22863485
"Pendle","North West England",2019,8.09,62.37234878,2.46,7.92,51.23604198,21.91386745,2.137411462,79.82,8.15,4.646517283,10.34294734,62.20568004,31.27653993,68.78767679,0,17.4,4.29294448,93.22617681
"Preston","North West England",2020,8.06,68.33872708,2.79,7.71,51.44728099,21.00622537,5.814826724,78.605,7.89,5.369518616,11.86296605,60.99421637,29.26264912,69.36557677,9.01857132,13.2,4.910288,90.72249589
"Preston","North West England",2019,8.01,68.33872708,2.97,7.65,57.01358756,13.24269309,2.068438616,79.185,7.79,9.061375624,10.52892386,62.32203979,28.70899991,62.31970136,9.780976002,15.3,3.6599885,92.49771272
"Preston","North West England",2015,7.43,65.2150245,3.16,7.1,51.03376036,15.10124165,2.53408472,79.435,7.06,11.82073426,9.697237062,65.43417267,24.94933474,68.16264363,5.686462665,19.2,5.79390892,92.22886422
"Preston","North West England",2017,8.07,69.4191344,3.43,7.33,46.86669412,15.10124165,2.469483727,79.445,7.8,13.17334767,9.697237062,57.7775829,26.25370413,63.58677128,13.4421915,20.2,4.33515417,91.5061296
"Preston","North West England",2018,8.25,68.71165644,2.35,7.77,54.21070182,15.10124165,2.121662663,79.43,7.93,12.43847749,9.697237062,59.95459831,28.36930148,66.2555779,16.21796951,17.3,4.33600038,92.59574468
"Preston","North West England",2016,7.58,67.59410802,2.97,7.23,51.03376036,15.10124165,2.101286215,79.63,7.56,11.70731016,9.697237062,65.43417267,26.19171352,68.16264363,12.05477121,18,5.62798857,92.22886422
"Preston","North West England",2021,7.24,68.33872708,3.71,7.52,51.44728099,17.95749609,5.522351077,78.605,7.33,5.369518616,18.01024226,62.76866845,29.26264912,63.66519666,4.064572509,12.2,4.94089189,91.70542636
"Ribble Valley","North West England",2021,7.93,73.8267148,3.38,7.62,57.40690632,21.62505337,3.238412176,82.385,7.73,1.660593944,16.84643631,60.68436262,26.79689186,74.19912862,0,17.8,3.05835655,94.41277081
"Ribble Valley","North West England",2020,8.26,73.8267148,2.97,7.58,57.40690632,20.14815799,4.14576561,82.385,7.89,1.660593944,7.204421057,60.66811036,26.79689186,71.96104713,1.612227131,12.7,2.63242557,96.74039581
"Ribble Valley","North West England",2016,8.06,78.19253438,2.88,7.77,54.93657251,23.56356702,3.088478125,82.33,7.8,1.987632509,17.45344725,60.35682963,23.84909349,72.81912951,1.698831204,7.3,2.73631137,95.40983607
"Ribble Valley","North West England",2017,8.43,79.54939341,2.41,8.06,62.63614081,23.56356702,2.302460061,82.54,8.11,2.823339607,17.45344725,63.72313785,25.10054698,70.55850709,0,7,2.25580773,95.74944072
"Ribble Valley","North West England",2018,8.26,78.11934901,2.43,8.3,65.50167931,23.56356702,5.264619407,82.365,8.19,2.314467922,17.45344725,59.35720603,26.57499201,68.63661448,0,8.3,2.71030478,94.85125858
"Ribble Valley","North West England",2015,7.73,75.04244482,3.45,7.22,54.93657251,23.56356702,3.454230944,82.38,7.56,1.315811959,17.45344725,60.35682963,25.77421815,72.81912951,3.417693399,10.8,2.55344813,95.40983607
"Ribble Valley","North West England",2019,8.11,73.8267148,2.78,7.76,64.41338132,17.60837955,3.075815259,82.69,8.05,2.184338457,7.255041693,59.65388412,24.52991453,76.9824199,0,5.1,1.90377344,95.8432304
"Rossendale","North West England",2020,7.67,70.74829932,2.96,7.34,48.7687946,20.40434746,2.695948276,79.54,7.12,3.933811177,11.20903614,73.27144228,33.36247086,62.21087791,0,17.8,3.73233483,94.39906651
"Rossendale","North West England",2018,8.15,70.43580683,2.42,7.58,44.17024127,18.79836306,8.470685597,80.4,7.58,5.952464913,11.85793584,65.82440277,29.20260925,62.09294088,0,18.7,4.05252702,94.21894219
"Rossendale","North West England",2015,8.01,72.44094488,3.09,7.9,48.86908088,18.79836306,3.599716523,79.77,7.82,3.414100089,11.85793584,65.50597302,27.42112539,64.03904387,0,21.8,5.02336059,94.81132075
"Rossendale","North West England",2019,7.73,70.74829932,2.74,7.16,45.86674101,15.83799305,2.426780512,79.94,7.39,5.553845723,11.03776572,66.89871773,30.90350762,67.11662164,0,12,2.9971465,95.04232164
"Rossendale","North West England",2017,8.25,70.03367003,3.37,7.57,49.40239527,18.79836306,4.760127973,80.43,7.97,3.950827826,11.85793584,66.58627379,27.39781536,57.71323964,0,14.9,3.26753628,93.38061466
"Rossendale","North West England",2016,7.91,70.57497182,2.76,7.53,48.86908088,18.79836306,4.214929816,80.245,7.45,4.384770803,11.85793584,65.50597302,27.76520865,64.03904387,1.432931635,25.4,5.06884031,94.81132075
"Rossendale","North West England",2021,8.02,70.74829932,3.22,7.22,48.7687946,17.28571043,3.240680566,79.54,7.69,3.933811177,16.29673907,67.89251583,33.36247086,67.15356797,2.816504718,20.9,3.64774131,95.03631961
"South Ribble","North West England",2020,8,71.39442231,2.7,7.76,54.24481137,17.11281805,2.303076615,81.8,7.72,3.879876852,16.14325343,68.44180212,28.94979697,65.85394273,0.900203446,13.7,2.9908303,93.9544808
"South Ribble","North West England",2017,8.1,71.36038186,2.71,7.68,50.25856685,19.23219225,1.933553982,81.74,7.83,5.27173913,11.61283973,64.00249771,27.02302058,68.49107989,0,10.6,3.25015158,94.62365591
"South Ribble","North West England",2015,8.02,69.89157631,2.69,7.68,52.87010292,19.23219225,2.231163801,81.69,7.72,4.895838082,11.61283973,68.4058494,26.24879344,69.65225322,0,16.1,3.96242428,93.85327165
"South Ribble","North West England",2018,7.78,72.14007782,2.73,7.02,49.1278491,19.23219225,2.378684407,81.795,7.61,6.161390429,11.61283973,63.69031981,25.99585062,63.85007388,4.523781519,10.3,3.39373556,95.9430605
"South Ribble","North West England",2016,7.9,70.29478458,2.62,7.6,52.87010292,19.23219225,3.862217157,81.88,7.76,5.130021065,11.61283973,68.4058494,27.99214102,69.65225322,1.81593666,7.7,3.49911391,93.85327165
"South Ribble","North West England",2019,7.81,71.39442231,2.97,7.43,54.84573292,17.73948029,4.786308971,81.865,7.68,7.383471134,14.77864347,65.74396974,27.3552459,58.46079327,0.902624833,10.9,2.55506636,94.83013294
"South Ribble","North West England",2021,7.3,71.39442231,3.62,7.45,54.24481137,16.05445165,2.138943298,81.8,7.36,3.879876852,15.63411031,61.54348788,28.94979697,68.31330193,1.798496457,14.4,3.46670338,94.09814324
"West Lancashire","North West England",2021,8.13,70.92013889,3.15,7.61,51.73330545,17.47884837,4.045528173,80.585,7.57,1.860326998,12.45124334,65.12065106,32.97330523,65.00400026,0,12.4,3.92353572,93.25210872
"West Lancashire","North West England",2020,7.9,70.92013889,2.67,7.51,51.73330545,18.74236578,2.154664614,80.585,7.45,1.860326998,10.08177181,68.92093405,32.97330523,67.28215665,0,22.1,3.73762009,94.09005629
"West Lancashire","North West England",2018,7.9,71.00977199,2.43,7.66,51.06103303,17.50165602,2.148406793,80.795,7.65,2.966239282,7.649765536,69.48009872,29.83234127,70.55754367,0,14.1,4.49820984,94.66791394
"West Lancashire","North West England",2016,7.82,71.10552764,3.34,7.46,54.12220502,17.50165602,2.800691994,81.11,7.64,4.095134485,7.649765536,66.668292,29.82954545,65.11516619,0,16.5,4.59368633,93.21340965
"West Lancashire","North West England",2015,7.63,66.82847896,3.47,7.39,54.12220502,17.50165602,3.431523592,81.035,7,3.698369517,7.649765536,66.668292,30.95981087,65.11516619,0.889031134,19.1,5.18384445,93.21340965
"West Lancashire","North West England",2017,7.94,69.03594771,2.63,7.15,53.6429419,17.50165602,2.854883601,80.96,7.88,4.07442857,7.649765536,63.87937423,30.42264753,62.04241523,0,13.7,4.62917956,94.19764279
"West Lancashire","North West England",2019,7.99,70.92013889,3.41,7.43,53.96013806,18.04986684,3.771270336,81,7.43,2.834496877,11.62623485,63.43312844,29.13165266,67.93903126,0,19.2,4.01417439,93.91955098
"Wyre","North West England",2020,8,71.38728324,2.79,7.84,52.2291085,24.33322559,4.06183659,80.055,7.98,3.856120707,12.97399386,62.45294252,28.69004178,62.91520648,4.422156774,8.5,3.9628619,93.07100086
"Wyre","North West England",2018,7.89,73.15936626,3.05,7.89,56.10154454,21.51998162,2.808070053,80.305,7.78,5.763196461,10.00072497,64.81528079,26.62213266,64.08709722,0,13.1,2.97801003,93.23583181
"Wyre","North West England",2019,7.91,71.38728324,2.98,7.82,50.45090094,21.7931178,7.110705885,80.265,7.56,5.772095886,8.512139043,67.20718843,28.69004178,65.03841817,2.676396856,14,2.86074645,94.71661864
"Wyre","North West England",2017,8.08,73.10215558,3.32,7.68,57.75138638,21.51998162,2.413570311,80.64,7.73,6.157970043,10.00072497,68.32685244,26.14820269,62.33770107,0,11.2,3.34487624,95.56692242
"Wyre","North West England",2016,8.09,73.59389895,2.99,7.73,54.82093262,21.51998162,6.783590952,80.78,7.67,5.808985291,10.00072497,63.04405981,27.46710526,59.78408912,0,16.2,4.38431857,93.28097731
"Wyre","North West England",2015,7.84,69.74459725,3.04,7.39,54.82093262,21.51998162,2.530944938,80.775,7.6,4.993336133,10.00072497,63.04405981,29.5212766,59.78408912,0.912858525,14.2,3.62631884,93.28097731
"Wyre","North West England",2021,8.03,71.38728324,3.41,7.55,52.2291085,18.90532222,6.146523118,80.055,7.72,3.856120707,11.50487132,64.23254279,28.69004178,65.48308526,2.667686316,11.4,3.91003558,92.89795918
"Blaby","East Midlands",2020,7.57,73.99665552,3.32,7.4,57.35420941,18.12796066,6.697105828,83.145,7.43,2.609122119,12.85954087,64.62164263,25.00217372,66.18525634,0,9,3.50034281,91.80327869
"Blaby","East Midlands",2021,8.33,73.99665552,2.87,8.03,57.35420941,15.42919467,4.009077499,83.145,8.1,2.609122119,11.51120727,71.40471816,25.00217372,65.08561831,0.968326055,11.7,4.10331112,92.57503949
"Blaby","East Midlands",2016,7.95,68.70689655,3.26,7.68,57.67975999,21.657078,4.324726894,82.67,7.79,5.534941883,12.24492455,63.28844616,25.73697983,62.62675152,0,20.3,2.75163605,95.51820728
"Blaby","East Midlands",2015,7.87,66.9384058,2.91,7.48,57.67975999,21.657078,3.269145034,82.54,7.57,5.909307678,12.24492455,63.28844616,24.04675066,62.62675152,0,15.5,3.04452401,95.51820728
"Blaby","East Midlands",2018,8.01,74.83050847,2.84,7.47,52.66227637,21.657078,3.927045933,82.94,7.8,4.12264367,12.24492455,62.54598447,25.31632245,62.48690907,1.9916153,11.4,3.29601697,93.49030471
"Blaby","East Midlands",2017,8.19,72.21750212,2.58,8.11,55.88874231,21.657078,10.28588349,82.825,7.92,5.06178203,12.24492455,54.6875022,23.08658638,67.10451415,0,12.5,3.45562215,93.83983573
"Blaby","East Midlands",2019,8.02,73.99665552,3.06,7.33,51.53136359,19.7116521,4.420143305,83.455,7.47,3.93987747,9.120969395,62.71741808,23.30744262,69.39813859,0,10.9,2.67167812,94.08866995
"Charnwood","East Midlands",2021,8.03,70.77185017,3.1,7.71,56.66220107,13.74667105,3.18880479,81.925,7.91,4.702360734,12.81165415,62.61423234,26.73893883,73.00871147,1.093990165,15.4,3.66724359,93.70709382
"Charnwood","East Midlands",2020,7.92,70.77185017,2.72,7.41,56.66220107,14.5843563,5.014933474,81.925,7.58,4.702360734,21.01023997,59.81005807,26.73893883,65.68657185,2.653702446,18.9,3.52382129,94.17475728
"Charnwood","East Midlands",2018,8.32,70.21276596,2.59,7.7,59.76267598,18.70184722,4.587573315,82.155,7.93,8.760259085,12.88335519,57.07281198,26.73202614,64.2171098,1.642548578,12.8,4.12884464,95.03348214
"Charnwood","East Midlands",2016,8.03,65.81632653,3.16,7.49,55.82893601,18.70184722,4.399592984,82.135,7.78,8.924443843,12.88335519,55.0005961,25.90212983,70.24540986,0.563767773,10.5,3.8282771,95.58745348
"Charnwood","East Midlands",2017,8.16,69.30641822,2.52,7.63,53.00782868,18.70184722,3.149095688,82.36,7.84,8.110340546,12.88335519,67.46805092,26.74865895,66.82103859,0,13.5,3.93250871,94.33962264
"Charnwood","East Midlands",2019,8.22,70.77185017,2.99,7.75,52.6198669,15.67749375,4.637402795,82.285,7.93,5.703493659,13.96438849,65.76367931,27.95237927,68.00062318,1.614196319,12,2.90688382,94.09356725
"Charnwood","East Midlands",2015,7.98,63.69863014,2.71,7.63,55.82893601,18.70184722,6.816572214,82.165,7.89,7.861069722,12.88335519,55.0005961,27.44047619,70.24540986,1.712651356,18,3.62012424,95.58745348
"Harborough","East Midlands",2021,8.16,71.82952183,3.39,7.33,66.49204753,22.66223265,5.965221375,82.765,7.57,2.250437003,18.52229341,59.67908866,22.24791859,69.01087256,4.069714204,10,3.22420191,94.92537313
"Harborough","East Midlands",2020,7.78,71.82952183,3.25,7.06,66.49204753,31.22489484,2.925464986,82.765,7.29,2.250437003,19.15488003,62.27539381,22.24791859,74.10967385,2.093429771,7.4,3.83447812,95.08547009
"Harborough","East Midlands",2015,7.92,65.08753862,2.98,7.73,63.36377189,29.34187837,4.584847683,82.785,7.92,3.544826348,14.65804674,56.90810234,22.62600321,61.34905635,2.24356098,10.5,2.31221924,96.82997118
"Harborough","East Midlands",2018,7.87,74.78448276,2.68,7.53,61.32160533,29.34187837,1.963385879,83.265,7.5,5.848711878,14.65804674,57.61809891,23.68705759,68.7185729,0,8.2,3.19344472,97.12328767
"Harborough","East Midlands",2017,7.86,76.47714604,2.78,7.82,65.2914606,29.34187837,2.191232497,83.35,7.81,5.182536819,14.65804674,56.07203653,23.1871345,67.18883172,0,10.6,2.96623432,97.00722394
"Harborough","East Midlands",2016,8.4,72.67932489,3.15,7.68,63.36377189,29.34187837,4.882233707,83.12,8.18,4.797730773,14.65804674,56.90810234,24.89029985,61.34905635,1.108020964,11.2,2.37773504,96.82997118
"Harborough","East Midlands",2019,8.02,71.82952183,3.09,7.34,60.71455649,24.0677558,4.645180245,83.34,7.61,4.296054665,10.79173574,61.45575333,22.89426523,69.92277,2.132037055,8.6,2.32896771,96.7032967
"Hinckley and Bosworth","East Midlands",2020,7.79,70.6122449,3.46,7.32,52.08378217,19.71896889,1.914740818,82.005,7.44,2.190628684,10.96000906,61.75169052,23.85717878,66.07909369,1.759541112,7,4.04048864,95.23809524
"Hinckley and Bosworth","East Midlands",2015,7.93,61.64154104,2.66,7.59,53.5528499,20.87612723,5.018753907,82.235,7.92,5.405007228,10.12047577,63.3466443,24.61251527,67.12087001,0.920784877,23.5,3.13830804,95.4015544
"Hinckley and Bosworth","East Midlands",2018,7.85,69.34594169,3.24,7.4,53.37935334,20.87612723,1.854989429,82.49,7.8,4.749917721,10.12047577,63.79774239,24.86481099,64.74789465,0.889497701,15,3.90796767,95.11661808
"Hinckley and Bosworth","East Midlands",2021,8.07,70.6122449,2.7,7.8,52.08378217,17.47536018,2.139274686,82.005,8.01,2.190628684,12.52072049,68.50711912,23.85717878,61.46904384,4.39908499,7.4,3.78202746,94.99060739
"Hinckley and Bosworth","East Midlands",2019,7.73,70.6122449,3.14,7.22,50.65350249,18.0092507,2.154510732,82.215,7.54,3.411822939,12.20697421,62.05372447,23.80190215,65.54869833,2.651675859,10.4,2.98555933,95.50989346
"Hinckley and Bosworth","East Midlands",2017,8,67.58832565,3.39,7.66,59.94699978,20.87612723,3.351668624,82.41,7.61,4.121397145,10.12047577,62.60147169,25.92771982,65.79441694,0,11.9,3.66307608,94.54545455
"Hinckley and Bosworth","East Midlands",2016,7.78,68.57597454,2.77,7.84,53.5528499,20.87612723,1.653658093,82.42,7.86,5.442251163,10.12047577,63.3466443,28.20074226,67.12087001,0.910075445,11.6,3.16642647,95.4015544
"Melton","East Midlands",2021,7.63,75.2851711,2.13,7.22,60.60839643,56.42364264,4.849745515,82.395,7.03,2.62676577,17.99162414,58.35214208,27.05504587,70.04414623,3.863017403,11,4.03141224,94.08033827
"Melton","East Midlands",2019,8.49,75.2851711,2.39,8.03,56.58408204,46.78824872,1.954258063,82.595,8.15,3.065867328,25.69518252,62.01611319,26.54499627,71.29349714,0,20.9,3.59622664,95.81497797
"Melton","East Midlands",2020,7.81,75.2851711,3.06,7.74,60.60839643,37.93256867,3.36989004,82.395,7.47,2.62676577,23.11816504,61.99168717,27.05504587,70.67096747,5.837257267,9.2,4.41635605,95.03386005
"Melton","East Midlands",2018,8.02,72.47706422,3.79,7.69,59.07014269,58.11520009,1.934802151,82.235,7.56,6.86888454,34.76733216,65.47818499,27.52018873,69.72225691,0,17.3,3.99940873,95.10022272
"Melton","East Midlands",2015,7.86,64.29906542,3.32,7.72,56.20299609,58.11520009,3.128078987,82.325,8.05,5.298689065,34.76733216,62.82684135,24.11108773,64.85669112,0,14.2,3.38895811,95.20958084
"Melton","East Midlands",2016,8.1,65.91695502,3.22,7.63,56.20299609,58.11520009,1.901946022,82.745,7.77,6.239331332,34.76733216,62.82684135,28.23761261,64.85669112,0,10.5,3.91679655,95.20958084
"Melton","East Midlands",2017,8.02,73.88429752,3.56,7.51,58.67850469,58.11520009,2.037466914,82.45,7.74,6.073948853,34.76733216,58.63692651,24.13194444,64.95458959,0,14.7,4.13881496,93.2166302
"North West Leicestershire","East Midlands",2020,7.75,72.36723672,3.46,7.66,51.88326502,17.47420465,1.449111766,81.585,7.54,2.871890773,10.53677412,71.97547016,24.53922864,72.20336348,0.954116536,6.7,5.23262085,93.82591093
"North West Leicestershire","East Midlands",2017,8.01,66.75824176,3.2,7.36,61.02371009,17.45249257,1.274586589,81.455,7.64,3.885764517,8.762910836,67.11792472,24.83546264,67.04948112,0,12,2.76255292,93.52678571
"North West Leicestershire","East Midlands",2015,8.19,60.87352138,3.05,7.61,53.28410613,17.45249257,2.311270118,81.355,7.81,3.975365095,8.762910836,70.913539,24.72278541,69.61910452,0,22.1,3.40539185,94.37229437
"North West Leicestershire","East Midlands",2021,8.27,72.36723672,3.2,7.48,51.88326502,15.14076204,2.816163036,81.585,8.02,2.871890773,12.96814537,70.93480558,24.53922864,62.58169094,0.95228119,13.1,3.38034205,93.47389558
"North West Leicestershire","East Midlands",2016,7.87,65.56521739,2.71,7.5,53.28410613,17.45249257,4.904004425,81.51,7.89,4.723881507,8.762910836,70.913539,25.99455611,69.61910452,1.015888496,19,3.52475795,94.37229437
"North West Leicestershire","East Midlands",2018,8.39,67.98561151,2.49,7.86,54.93213851,17.45249257,2.926576841,81.605,7.99,4.553198989,8.762910836,66.9397211,27.20222417,61.08642478,0.979182578,19.3,4.24404695,93.97163121
"North West Leicestershire","East Midlands",2019,7.82,72.36723672,3.12,7.58,52.089248,15.29198676,1.894845778,81.825,7.8,3.783382073,9.382715297,69.00514487,24.77496971,71.61945171,0.965148488,14.1,3.26070266,94.80676329
"Oadby and Wigston","East Midlands",2021,8.13,72.39819005,2.72,7.01,57.33878837,16.8518218,1.864077695,82.03,7.21,4.222427721,9.851682053,66.28463903,23.7804878,59.0103117,1.731511783,3.2,3.78907701,93.75
"Oadby and Wigston","East Midlands",2020,8.13,72.39819005,2.72,7.01,57.33878837,15.87563464,1.675200736,82.03,7.21,4.222427721,8.453608078,55.75483962,23.7804878,58.58444785,0,13.1,3.70495543,93.72469636
"Oadby and Wigston","East Midlands",2015,8.16,60.96774194,2.2,7.81,63.15781908,18.30210175,1.340380064,82.025,7.97,9.520577308,9.802242797,59.90178336,27.52631579,64.39414557,3.572449271,13,4.3140903,95.19038076
"Oadby and Wigston","East Midlands",2016,8.22,64.66774716,2.81,8.15,63.15781908,18.30210175,3.944426889,81.94,7.95,8.21560608,9.802242797,59.90178336,25.72055138,64.39414557,1.786001322,11.1,3.54069583,95.19038076
"Oadby and Wigston","East Midlands",2017,7.97,69.79472141,3.63,7.8,58.45808809,18.30210175,2.932274287,81.96,7.54,6.978171298,9.802242797,64.21534901,25.46195652,62.0825032,5.259928114,7.5,3.49490822,94.56967213
"Oadby and Wigston","East Midlands",2019,8.13,72.39819005,2.72,7.01,53.1594156,18.08937824,4.222887587,82.3,7.21,4.209418574,8.569955919,64.11469757,22.34285714,61.33470652,1.753924406,10,2.7620447,95.45903258
"Oadby and Wigston","East Midlands",2018,8.05,66.06875934,3.175,7.405,50.64870766,18.30210175,2.143239324,82.15,7.375,6.432277061,9.802242797,58.22194483,24.86451613,60.6613958,5.257992148,6.3,3.72955287,94.56066946
"Boston","East Midlands",2020,7.685,65.32258065,2.715,7.345,53.82667451,22.50350137,1.910270565,79.875,7.67,10.44651806,11.52709674,72.93927249,36.16950561,59.28137776,11.29353304,8.1,4.41874276,96.29057187
"Boston","East Midlands",2017,7.64,62.69005848,3.54,7.35,57.36458385,20.06146252,2.048454334,80.275,7.7,13.72503212,10.14756254,64.09350284,34.168357,57.55185219,21.901647,20.5,4.66160222,95.91527988
"Boston","East Midlands",2018,8.27,62.53071253,2.41,7.7,57.63976382,20.06146252,1.675962246,79.915,7.98,15.68491768,10.14756254,71.38547997,31.52227519,55.87633622,31.7158262,22.4,3.8462297,95.625
"Boston","East Midlands",2016,8.13,66.05080831,2.98,7.29,58.90858427,20.06146252,2.139198299,80.565,7.78,12.11064999,10.14756254,71.42218577,28.8531732,60.19495441,7.384542675,24.9,4.2640746,95.52
"Boston","East Midlands",2015,7.68,67.39393939,2.84,7.62,58.90858427,20.06146252,1.435247432,80.75,7.29,14.19044201,10.14756254,71.42218577,32.04602415,60.19495441,10.4671332,23.3,4.54176292,95.52
"Boston","East Midlands",2019,7.8,65.32258065,2.26,7.07,53.06861784,17.45284954,2.950292629,80.175,7.64,12.92519915,6.881626861,71.28729559,34.18851088,58.28261574,27.07594089,18.4,4.06691114,94.89795918
"Boston","East Midlands",2021,7.57,65.32258065,3.17,7.62,53.82667451,19.6976626,2.755187414,79.875,7.7,10.44651806,10.04269993,73.39595728,36.16950561,56.72593784,8.474815673,12,5.3953175,94.66666667
"East Lindsey","East Midlands",2020,8.03,69.07378336,3.38,7.69,57.02511923,28.87309659,1.573520011,79.92,7.52,4.287826516,18.76903917,74.5907343,30.74479966,62.71904941,2.816306414,15.1,5.1898606,94.25287356
"East Lindsey","East Midlands",2018,8.1,65.97222222,3,7.61,51.34268006,26.44332606,3.177971951,79.91,7.77,7.467617823,14.55996452,63.29027597,30.59536009,59.46588665,12.78945012,16.6,4.87396579,93
"East Lindsey","East Midlands",2016,8.27,64.88319518,2.33,7.71,64.11265931,26.44332606,2.568263398,80.455,7.9,6.126435208,14.55996452,61.39644017,30.88476741,69.56244855,5.045299583,18.4,4.71038938,93.93737508
"East Lindsey","East Midlands",2015,7.97,63.518385,2.58,7.55,64.11265931,26.44332606,2.275843478,80.61,7.69,5.533505229,14.55996452,61.39644017,32.15744826,69.56244855,4.345684735,20.5,4.89995852,93.93737508
"East Lindsey","East Midlands",2017,7.97,66.81681682,2.84,7.47,59.86931684,26.44332606,2.373804565,80.07,7.51,6.90676935,14.55996452,69.44448313,29.74358974,59.43148766,6.441546544,16.8,4.27958604,94.3735934
"East Lindsey","East Midlands",2019,8.14,69.07378336,2.6,7.57,57.63461596,22.53503357,2.081860917,80.135,7.82,6.244399444,15.02076043,60.98458036,30.15060241,64.30115168,5.644654865,14.9,4.3426078,92.60182876
"East Lindsey","East Midlands",2021,7.96,69.07378336,3.3,7.84,57.02511923,23.1584302,3.629869937,79.92,7.67,4.287826516,12.65232587,62.35011011,30.74479966,62.47673742,2.098621206,12.5,6.27028276,93.84372534
"Lincoln","East Midlands",2020,8.02,67.26415094,3.82,7.47,50.10148971,14.2854829,2.876229882,78.46,7.72,14.93268299,18.7906029,59.4971523,31.86020218,66.33672343,7.99608192,17.5,7.51003362,94.59459459
"Lincoln","East Midlands",2015,7.9,64.98625115,2.7,7.79,48.98879472,12.67060801,8.548433111,79.75,7.82,18.01512815,18.04661075,63.8665858,29.63650164,72.12102186,14.48660506,19.8,6.36960818,93.01619433
"Lincoln","East Midlands",2018,7.48,65.83732057,3.4,7.09,47.06755411,12.67060801,2.457027841,78.895,7.57,19.93154212,18.04661075,61.00585383,31.13888042,69.6727785,26.25228445,26.1,6.56182486,94.32624113
"Lincoln","East Midlands",2017,8.16,65.83690987,2.83,7.77,55.33787951,12.67060801,2.579732959,79.1,7.97,22.85702676,18.04661075,63.60961392,31.33253852,66.37174479,28.44429997,17.6,5.92466463,93.51570415
"Lincoln","East Midlands",2019,7.37,67.26415094,3.73,7.26,54.22157165,12.41528678,2.778158546,78.755,7.36,21.96396741,15.29571063,66.40719797,30.75980392,67.5321652,27.19060615,24.8,5.50866186,95.31590414
"Lincoln","East Midlands",2016,7.91,65.33333333,3.07,7.15,48.98879472,12.67060801,2.554596489,79.71,7.65,20.34194178,18.04661075,63.8665858,29.68265053,72.12102186,12.32222622,21,6.29340927,93.01619433
"Lincoln","East Midlands",2021,7.73,67.26415094,3.52,7.59,50.10148971,12.76227102,2.614616594,78.46,7.35,14.93268299,18.81021378,67.4951408,31.86020218,72.45165351,13.6812274,14.7,5.25066801,91.91616766
"North Kesteven","East Midlands",2021,7.91,75.02014504,2.61,7.63,59.21775663,20.36413332,1.946127228,81.73,7.55,2.742299977,12.91974222,63.34313756,26.81902985,65.05594471,0,16,3.17875607,95.75471698
"North Kesteven","East Midlands",2020,7.9,75.02014504,3.24,7.57,59.21775663,19.57659266,2.120021046,81.73,7.59,2.742299977,8.303330053,65.57742519,26.81902985,63.7649173,0.846388882,13.5,3.89773019,95.5453149
"North Kesteven","East Midlands",2018,7.79,76.26556017,2.86,7.51,60.81852512,17.33367291,2.693847027,82.38,7.61,3.103849636,8.501705199,67.54907649,26.28460783,66.49266015,1.724360909,13.6,3.37132642,95.34510433
"North Kesteven","East Midlands",2017,8.18,75.51669316,2.97,7.71,57.98504837,17.33367291,2.094237456,82.64,7.98,3.749023692,8.501705199,67.19577864,26.69482348,67.86825438,0.867829558,15.7,3.47443004,96.5339233
"North Kesteven","East Midlands",2019,8.24,75.02014504,2.57,7.64,55.51238459,17.00328387,1.987777105,81.935,8.01,3.369969636,5.969610444,67.48027182,27.18437521,73.56000212,0.855322243,9.3,2.85879156,94.76744186
"North Kesteven","East Midlands",2015,8.34,76.17449664,2.56,7.83,53.9040955,17.33367291,2.957595288,82.9,8.31,2.397803648,8.501705199,66.13954874,21.8429866,70.69891642,0,11.7,3.29231713,96.5933286
"North Kesteven","East Midlands",2016,7.93,76.953125,2.65,7.8,53.9040955,17.33367291,3.638571835,83.05,7.93,3.018197177,8.501705199,66.13954874,25.74645749,70.69891642,2.639822604,11.1,3.65417483,96.5933286
"South Holland","East Midlands",2020,8.28,65.66731141,3.69,7.46,53.99435401,24.81332655,4.597142077,81.7,7.88,4.496280918,10.62551508,66.05256542,32.42743035,60.67363565,6.259323784,19.4,4.80243587,96.82713348
"South Holland","East Midlands",2017,7.6,69.06187625,2.57,6.83,55.26313502,30.10980937,5.504821839,81.175,7.2,6.002465298,10.96156561,64.2026683,29.48232323,57.51066536,5.359344016,15.6,4.12183784,95.26748971
"South Holland","East Midlands",2015,8.02,69.26272066,2.35,7.36,53.93817769,30.10980937,3.089154231,81.32,7.64,4.635870459,10.96156561,66.88712979,30.18768769,59.39783426,3.287851389,16.7,3.94963779,96.26436782
"South Holland","East Midlands",2018,7.9,66.08784474,2.29,7.56,56.24654935,30.10980937,1.8436176,81.33,7.75,7.288784848,10.96156561,64.42838205,32.30687831,58.81646271,6.384337093,19.1,3.8640811,96.23430962
"South Holland","East Midlands",2016,7.71,71.83673469,2.22,7.03,53.93817769,30.10980937,1.987469172,81.345,7.38,4.906675889,10.96156561,66.88712979,33.01973988,59.39783426,4.323062457,19,3.79365095,96.26436782
"South Holland","East Midlands",2021,7.5,65.66731141,2.95,7.33,53.99435401,26.98037205,4.262069202,81.7,7.48,4.496280918,10.58176528,72.93290387,32.42743035,54.01622184,5.236424569,19.4,3.97903224,94.30449069
"South Holland","East Midlands",2019,8.13,65.66731141,2.35,7.33,54.91111216,34.0768122,3.650716868,81.52,7.71,5.840937076,11.05596242,67.82044089,31.99739329,60.75202588,12.62905314,19.5,3.2855893,96.74267101
"South Kesteven","East Midlands",2020,7.57,71.93548387,2.88,7.75,55.58473266,29.41934425,3.625532511,82.365,7.5,4.279979054,11.72920346,65.79870438,30.16646139,66.73201955,4.189212777,10.7,4.42641998,96.21552277
"South Kesteven","East Midlands",2015,7.6,71.96261682,2.5,7.69,57.71318256,26.074591,3.605999531,82.07,7.75,5.768568477,12.13895348,66.12940247,25.5952381,65.14255322,1.434967283,12.3,4.06245679,94.66310874
"South Kesteven","East Midlands",2016,8,73.7993921,2.89,7.7,57.71318256,26.074591,4.512746993,82.18,7.82,6.422995032,12.13895348,66.12940247,26.16507315,65.14255322,0.709723208,16,3.73745463,94.66310874
"South Kesteven","East Midlands",2018,8,73.45309381,3.09,7.62,54.47193658,26.074591,6.23742944,82.25,7.88,7.500722579,12.13895348,66.90037945,27.49007937,67.87871812,2.114865389,15.8,3.73394833,95.49370444
"South Kesteven","East Midlands",2017,7.99,73.39622642,2.43,7.64,61.43393733,26.074591,4.99479048,82.19,7.75,6.127260663,12.13895348,64.93600343,28.25217675,65.11953188,2.823622425,14.5,3.36855566,95.64369311
"South Kesteven","East Midlands",2021,7.68,71.93548387,2.79,7.51,55.58473266,30.06542483,2.754338844,82.365,7.71,4.279979054,20.89402447,68.92965911,30.16646139,60.91119567,1.39094633,6.6,3.52306781,94.99702204
"South Kesteven","East Midlands",2019,7.96,71.93548387,3,7.68,56.218297,33.68567313,3.255136699,82.49,7.89,6.445542886,15.82255731,63.18912746,29.78084854,64.64874937,4.914901983,9.6,3.35955756,95.66929134
"West Lindsey","East Midlands",2021,7.95,70.23474178,3.27,7.73,60.90114643,18.07976068,3.800536023,81.485,8.07,3.389266629,13.93465158,67.28285831,30.48245614,67.07612947,2.092706916,14.8,4.24868415,95.45454545
"West Lindsey","East Midlands",2020,7.91,70.23474178,3.25,7.36,60.90114643,17.12289013,3.172119607,81.485,7.32,3.389266629,10.36353269,60.29869291,30.48245614,67.63492536,1.03965234,12.2,5.52079268,95.24838013
"West Lindsey","East Midlands",2018,8.12,69.23837784,2.66,7.7,56.67306165,18.5219486,3.407985858,81.575,8.08,5.586651066,8.542996261,64.52610944,28.73363612,65.64701976,1.054085107,13.3,4.53370955,96.05263158
"West Lindsey","East Midlands",2015,8,70.33639144,2.54,7.67,62.90627268,18.5219486,5.655429483,81.675,7.68,4.346048753,8.542996261,70.83510261,24.55386649,62.54500276,0,18.9,5.00478961,95.73283859
"West Lindsey","East Midlands",2017,8.15,71.13300493,2.59,7.93,56.66008575,18.5219486,3.451066368,81.78,7.88,6.593173627,8.542996261,62.11742557,27.57027286,65.93346321,0,15.4,5.05942959,96.5625
"West Lindsey","East Midlands",2019,8.17,70.23474178,2.94,7.7,55.55288696,17.59006267,1.792247814,81.64,7.98,4.306605203,10.27362517,65.1029642,30.29937535,60.55747137,1.045292525,15.5,3.75409715,95.54069119
"West Lindsey","East Midlands",2016,7.99,72.86973555,2.33,7.91,62.90627268,18.5219486,2.426332711,82.105,7.94,5.260747793,8.542996261,70.83510261,23.92567568,62.54500276,1.064928703,18,4.25112049,95.73283859
"Breckland","East of England",2015,8.07,64.76256022,2.86,7.83,54.35317931,21.38862296,4.097567951,81.55,7.87,3.684652685,8.5412147,67.0130525,27.34621508,59.54394587,2.947722148,15.8,3.87901527,93.71980676
"Breckland","East of England",2021,7.77,71.75414365,2.82,7.77,57.08004449,19.16236709,1.878215868,81.9,7.62,2.293724116,12.63881722,62.00871732,31.27362056,66.21786406,5.627303677,15.1,3.70698313,93.73913043
"Breckland","East of England",2018,7.57,69.92136304,2.6,7.46,55.23329832,21.38862296,2.743535001,81.94,7.45,3.35895614,8.5412147,65.53532474,28.63263003,65.6084239,3.588628354,16.1,3.47829174,94.82909728
"Breckland","East of England",2020,7.95,71.75414365,2.73,7.73,57.08004449,19.29905993,5.074291279,81.9,7.8,2.293724116,8.25221937,65.21264096,31.27362056,63.75481462,5.663516336,14.8,4.07664352,94.23076923
"Breckland","East of England",2016,7.84,66.51285432,2.54,7.64,54.35317931,21.38862296,2.826446375,81.645,7.7,3.806801193,8.5412147,67.0130525,27.62973454,59.54394587,2.187816778,11.9,3.43675713,93.71980676
"Breckland","East of England",2017,8.21,68.73368146,2.56,7.6,62.58621625,21.38862296,7.672092577,81.78,7.87,2.900391048,8.5412147,57.74256519,28.45510563,65.01591683,0.72149031,17.6,3.76362822,94.11764706
"Breckland","East of England",2019,7.81,71.75414365,3.11,7.49,57.68100802,19.45070525,3.144640536,82.065,7.7,3.500800183,11.75188739,68.39073746,28.03507194,65.16863576,11.43118427,12.7,2.8914165,93.68327402
"Broadland","East of England",2015,8.07,69.24355777,2.38,7.49,61.66342967,17.1777212,1.976328575,82.55,7.72,1.887448075,7.313543969,58.54010701,23.7630397,70.10937197,0.789727228,12.8,2.96008634,94.71947195
"Broadland","East of England",2016,8.02,75.70093458,3.35,7.18,61.66342967,17.1777212,4.551794228,82.535,7.54,2.393996955,7.313543969,58.54010701,23.68656364,70.10937197,0,8.2,2.85260831,94.71947195
"Broadland","East of England",2020,7.86,78.30820771,2.95,7.39,61.31341717,18.35263431,4.15369723,83.215,7.68,1.78123413,11.11509423,65.59001145,24.78102969,75.45065567,2.273915911,10.3,3.04352723,95.44117647
"Broadland","East of England",2018,7.94,76.78708686,2.5,7.66,54.40483196,17.1777212,2.460865903,82.96,7.94,2.054625224,7.313543969,55.14343668,25.89889073,63.03333233,1.544830995,7.4,3.15752017,95.17819706
"Broadland","East of England",2017,8.14,76.89946278,2.36,7.66,62.02865382,17.1777212,3.897762122,82.775,8.04,2.225074882,7.313543969,60.42348766,23.64531138,72.28152294,1.555996421,9.4,2.81735524,95.64596717
"Broadland","East of England",2019,7.83,78.30820771,3.25,7.3,59.47930783,20.14375088,2.798130353,83.38,7.67,2.905576413,9.555727253,58.43534912,24.86192333,69.68096547,0.764625372,12.8,2.0365473,96.05839416
"Broadland","East of England",2021,7.86,78.30820771,2.86,7.58,61.31341717,16.74697366,5.615145373,83.215,7.66,1.78123413,11.48066106,61.23239858,24.78102969,68.03072663,1.512321641,14.9,3.13569327,94.31818182
"Great Yarmouth","East of England",2021,8.32,72.86384977,2.64,7.6,50.43121598,36.97108686,4.267739311,80.56,8,4.536381782,32.85042357,68.70002245,31.90711928,60.22656062,8.986879156,13.8,4.69754141,94.75847893
"Great Yarmouth","East of England",2018,8.02,69.45454545,2.16,7.55,55.22542359,44.78629851,2.959503725,80.38,8.09,8.413001912,20.81547989,66.0287341,31.13220385,62.61158824,10.06339942,20.6,5.96047198,94.73684211
"Great Yarmouth","East of England",2016,7.81,64.53900709,2.52,7.06,51.80943382,44.78629851,5.750522965,80.395,7.59,8.798690803,20.81547989,64.9582178,31.94290636,58.77411659,7.071278487,15.7,6.02094891,92.69005848
"Great Yarmouth","East of England",2020,7.57,72.86384977,2.95,7.42,50.43121598,41.17524018,6.088518085,80.56,7.23,4.536381782,23.90933113,64.07970279,31.90711928,56.36974547,18.14552713,18.9,6.71331886,95.81095596
"Great Yarmouth","East of England",2017,7.66,65.41484716,2.73,7.22,60.64711311,44.78629851,2.156626469,80.675,7.56,8.006678938,20.81547989,66.15900691,31.28759398,54.5891457,3.017592565,15.1,7.22313196,93.14928425
"Great Yarmouth","East of England",2019,7.98,72.86384977,3.59,7.34,51.13053034,31.00502036,2.840483465,80.66,8,9.281630023,24.43330406,67.23488982,31.90014177,63.34108513,21.14037207,23.4,5.6352726,93.90243902
"Great Yarmouth","East of England",2015,8.1,61.21575342,2.44,7.42,51.80943382,44.78629851,3.609814825,80.305,7.67,7.179435177,20.81547989,64.9582178,32.36645043,58.77411659,9.126400649,24.1,5.48870067,92.69005848
"King's Lynn and West Norfolk","East of England",2021,8,72.07379135,2.6,7.57,57.11824722,22.40444789,3.698774904,80.97,7.5,3.398459453,18.30307956,68.26916593,30.19083407,57.5289285,0.645536118,19.3,4.00213069,92.54317111
"King's Lynn and West Norfolk","East of England",2020,8.05,72.07379135,3.23,7.63,57.11824722,29.63798585,4.725084308,80.97,7.69,3.398459453,15.38878333,62.60639112,30.19083407,64.85868106,7.272967701,14.4,3.62749339,94.48
"King's Lynn and West Norfolk","East of England",2018,7.96,72.22222222,2.61,7.68,58.08583825,28.27738562,6.090350514,81.39,7.91,5.566131571,9.891154861,60.79092233,29.62309256,55.51840252,3.293568977,16.4,3.75609406,92.57575758
"King's Lynn and West Norfolk","East of England",2017,8.07,69.89765202,2.2,7.79,57.35296877,28.27738562,6.293507266,81.61,8.12,5.857382606,9.891154861,68.92192953,30.02502401,62.32303669,5.923195893,15.5,3.12996747,94.31563201
"King's Lynn and West Norfolk","East of England",2019,7.99,72.07379135,2.85,7.61,60.72507063,21.56000153,3.271513122,81.135,7.78,5.159099767,15.44477472,64.7477348,30.07109508,66.56823092,1.981728464,14.7,3.2559782,94.18886199
"King's Lynn and West Norfolk","East of England",2016,7.62,68.35057821,2.74,7.53,59.09207088,28.27738562,7.522003431,81.77,7.56,6.073901329,9.891154861,67.11441972,29.41739289,67.56001979,27.668531,15.5,3.80447581,94.50631032
"King's Lynn and West Norfolk","East of England",2015,7.99,65.44766709,2.24,7.73,59.09207088,28.27738562,10.45499732,81.62,7.89,5.711981277,9.891154861,67.11441972,29.71628913,67.56001979,3.305544721,17.5,4.1414484,94.50631032
"North Norfolk","East of England",2021,7.93,70.28639618,2.96,7.35,61.03160941,17.79815552,2.720204976,82.7,7.62,1.369250811,12.31081201,69.3291972,26.69699367,74.09345872,2.905372033,13.2,3.55247758,93.42604298
"North Norfolk","East of England",2020,7.83,70.28639618,2.61,7.65,61.03160941,21.28244722,2.325101372,82.7,7.76,1.369250811,9.070814118,62.23611939,26.69699367,66.74012006,6.656080329,14.5,3.80114258,96.33027523
"North Norfolk","East of England",2016,8.06,70.66069429,2.78,7.53,62.76122761,22.51683114,3.786162847,82.54,7.73,1.969359089,10.15767211,65.54216144,26.42428786,66.85958669,1.930744205,8.5,3.98399292,93.29268293
"North Norfolk","East of England",2017,7.76,70.64732143,2.54,7.8,65.02581707,22.51683114,5.390306887,82.495,7.93,2.037149144,10.15767211,58.96096919,26.88896635,70.7597578,4.804597038,10.5,2.46810693,94.89932886
"North Norfolk","East of England",2015,7.72,61.71428571,2.43,7.42,62.76122761,22.51683114,2.998347834,82.535,7.36,1.87889823,10.15767211,65.54216144,25.70546737,66.85958669,2.905512726,12.3,3.43340957,93.29268293
"North Norfolk","East of England",2018,8.11,71.17794486,2.54,7.75,63.52184755,22.51683114,2.860125338,82.73,8.01,2.238120744,10.15767211,61.93745789,28.57970055,71.80340466,8.608156707,13.2,2.3679861,96.52061856
"North Norfolk","East of England",2019,8.32,70.28639618,2.92,7.62,58.45389912,22.19230544,2.985941057,83.055,8.04,2.079418526,11.47066861,63.35488468,27.2515528,69.43379085,9.538617091,13.1,2.59842119,95.34282018
"Norwich","East of England",2020,7.59,67.51507033,3.59,7.09,52.31135298,17.17813698,2.94954196,80.38,7.2,11.30281269,35.1501708,56.10631198,28.44902198,67.78778832,14.7703215,16.7,4.49095415,93.55488419
"Norwich","East of England",2018,7.61,67.09511568,3.17,7.15,54.26429733,14.47538404,5.011610795,80.655,7.6,17.73454162,32.53858876,56.65253597,27.16337271,68.53855696,14.87915997,19.2,4.22090745,92.90123457
"Norwich","East of England",2015,7.72,62.64441592,3.06,7.26,55.23423234,14.47538404,3.07212306,81.21,7.69,17.39357119,32.53858876,55.20690202,27.13427434,71.48691083,9.413672998,18.9,5.60475531,92.36252546
"Norwich","East of England",2017,7.66,65.60094731,3.19,7.21,58.73683811,14.47538404,5.511833394,80.56,7.53,20.89730893,32.53858876,57.51061865,27.72112296,68.24420549,21.37467671,16.1,5.43165812,93.39712919
"Norwich","East of England",2016,7.86,65.9375,2.76,7.75,55.23423234,14.47538404,3.165283307,80.835,7.78,20.74142924,32.53858876,55.20690202,28.12475649,71.48691083,24.30915526,21.4,5.07048461,92.36252546
"Norwich","East of England",2019,7.55,67.51507033,3.78,7.38,54.25471566,13.25804736,2.378613008,80.75,7.44,18.52418316,43.21742178,59.15427236,27.19882697,67.09106892,12.80473491,12.9,4.41320642,93
"Norwich","East of England",2021,7.83,67.51507033,4.04,6.88,52.31135298,13.1525332,3.298855314,80.38,7.5,11.30281269,39.21841552,61.76020394,28.44902198,70.37918488,6.987241297,20.2,4.19539363,93.27102804
"South Norfolk","East of England",2021,7.55,74.66666667,3.25,7.36,60.86189198,15.4395413,6.462445661,83.215,7.36,1.670557645,10.90792528,59.75912189,24.1907141,65.81317734,0.701621447,11.9,3.32656874,94.64831804
"South Norfolk","East of England",2015,8.14,69.5423856,3.11,7.24,58.85729718,17.71870511,10.270175,83.025,7.79,2.263736766,9.470059128,64.15146104,24.56847604,69.35365253,0,10.3,3.00585683,96.71292915
"South Norfolk","East of England",2016,8.08,73.47915243,3,7.75,58.85729718,17.71870511,6.902736471,82.89,8.19,2.985748129,9.470059128,64.15146104,26.09727344,69.35365253,0,11.7,2.8337079,96.71292915
"South Norfolk","East of England",2017,8.05,73.87566138,2.78,7.52,63.35205449,17.71870511,3.913278761,83.025,7.85,2.25140436,9.470059128,61.04471234,24.01499303,70.86079403,0.738165364,11.4,3.03001655,95.29590288
"South Norfolk","East of England",2020,7.78,74.66666667,3.68,7.27,60.86189198,18.96635242,5.597920418,83.215,7.38,1.670557645,10.07629934,56.84019508,24.1907141,66.3858763,1.397956188,14.1,3.0488614,95.68345324
"South Norfolk","East of England",2019,8.07,74.66666667,3.22,7.51,66.68589137,19.32733322,3.190511951,83.245,7.89,2.34951732,8.118244864,60.71890368,24.71453061,73.27582444,0,13.9,2.31309239,97.11375212
"South Norfolk","East of England",2018,7.86,74.61589846,2.81,7.49,64.72726154,17.71870511,7.775764432,83.025,7.72,2.224363665,9.470059128,56.56802978,24.3370211,69.14913534,2.173645276,8.6,2.83684805,96.7032967
"Craven","Yorkshire and the Humber",2021,7.33,71.57676349,3.87,7.03,57.26897215,19.46287501,18.48969646,82.88,7.43,2.877672748,11.95104302,54.95695757,25.77849117,72.13638607,5.254860746,9.4,2.41438807,97.39368999
"Craven","Yorkshire and the Humber",2020,8,71.57676349,2.91,7.35,57.26897215,17.38314339,3.426035829,82.88,7.07,2.877672748,13.55795828,53.69171163,25.77849117,76.05040316,6.976176358,8.4,2.52598243,96.34317862
"Craven","Yorkshire and the Humber",2016,8.49,70.27027027,2.01,8.3,60.21769188,22.19662592,3.961170731,82.955,8.45,5.040555171,8.635928454,57.25628044,22.84680081,72.00961386,1.77484337,10.1,3.20175294,97.39243807
"Craven","Yorkshire and the Humber",2015,8.02,67.62452107,2.48,7.49,60.21769188,22.19662592,6.74441546,83.05,8.15,4.890194533,8.635928454,57.25628044,22.73737498,72.00961386,5.373840146,14.6,3.10147299,97.39243807
"Craven","Yorkshire and the Humber",2017,8.06,71.86932849,2.33,7.69,58.45078596,22.19662592,5.585083111,83.275,7.57,5.282312204,8.635928454,55.90673598,25.23809524,74.32188342,1.7666596,7.4,3.89868445,97.2513089
"Craven","Yorkshire and the Humber",2018,8.01,71.65354331,2.75,7.91,66.38850471,22.19662592,5.351582477,83.065,8.05,5.401886261,8.635928454,57.17831096,25.75757576,72.52769624,3.519144144,12.8,2.94366683,97.03103914
"Craven","Yorkshire and the Humber",2019,8.06,71.57676349,2.23,7.98,56.68119843,20.54867767,3.135111968,83.41,8.11,4.900073501,10.23996458,60.72848363,27.57619739,75.24874181,5.250078751,13.8,2.77968503,96.28099174
"Hambleton","Yorkshire and the Humber",2021,8.35,74.78368356,2.17,8.05,63.21314799,16.14021207,16.31617555,83.02,8.09,2.89344298,11.87209755,64.05364961,26.50252661,69.45128279,1.098454475,10.7,3.1540503,94.23076923
"Hambleton","Yorkshire and the Humber",2020,7.48,74.78368356,2.7,7.64,63.21314799,14.80313276,12.18540332,83.02,7.52,2.89344298,8.382372779,63.82591184,26.50252661,72.05925181,0,9.7,3.00684708,95.0617284
"Hambleton","Yorkshire and the Humber",2017,8.29,71.74638487,3.06,7.66,61.94009615,16.4225114,20.72625912,83.34,7.92,5.291121938,7.886479186,60.37529485,25.52813996,69.15739158,0,17,3.32584515,96.0182025
"Hambleton","Yorkshire and the Humber",2015,8.29,69.30126002,2.57,7.84,62.98221631,16.4225114,11.97018887,83.13,8.01,4.884872438,7.886479186,61.8198465,28.15604305,73.13432743,0,17.2,2.78965591,95.53752535
"Hambleton","Yorkshire and the Humber",2016,8.02,73.26266196,2.62,7.65,62.98221631,16.4225114,6.709548712,83.6,7.84,5.044651235,7.886479186,61.8198465,25.82345191,73.13432743,0,13.2,2.76979163,95.53752535
"Hambleton","Yorkshire and the Humber",2018,8.26,70.80957811,2.35,8.19,63.13455918,16.4225114,5.5510178,83.415,8.25,5.398643755,7.886479186,62.55592343,25.26566905,67.70087229,0,13.5,2.92195459,96.30484988
"Hambleton","Yorkshire and the Humber",2019,7.63,74.78368356,3.31,7.31,61.23658567,17.28381773,16.41578611,83.275,7.75,4.902067821,8.493040407,62.97009699,25.20535851,71.13279106,0,8.4,2.68589561,95.72864322
"Harrogate","Yorkshire and the Humber",2021,8,74.51984635,2.57,7.83,62.69325889,14.57221901,6.445190134,82.96,7.86,2.890835371,9.6155429,59.40961414,25.04784689,73.87984646,1.828097864,9,2.92549071,96.46266143
"Harrogate","Yorkshire and the Humber",2020,7.99,74.51984635,3.31,7.6,62.69325889,17.20388688,13.43532262,82.96,7.35,2.890835371,9.564651976,54.85106091,25.04784689,70.62701794,3.71413538,9.4,2.79396042,96.27293578
"Harrogate","Yorkshire and the Humber",2015,7.96,68.41155235,3.04,7.54,63.27022966,19.78406952,14.54060187,82.69,7.86,4.890067285,11.16110571,52.56469559,23.56435644,68.82369019,4.377298081,10.1,2.66635055,96.46851089
"Harrogate","Yorkshire and the Humber",2018,7.87,76.04306864,3.11,7.53,58.03201455,19.78406952,14.64839478,82.775,7.85,5.400758723,11.16110571,57.28856164,25.71442398,66.12165384,4.36047417,14,3.040014,97.14828897
"Harrogate","Yorkshire and the Humber",2016,8.02,73.61026268,2.93,7.83,63.27022966,19.78406952,13.30375277,82.535,7.76,5.044814982,11.16110571,52.56469559,24.26171189,68.82369019,5.007260528,13.2,2.64802577,96.46851089
"Harrogate","Yorkshire and the Humber",2017,8.15,73.88337469,2.65,7.71,63.2422648,19.78406952,18.53752224,82.625,7.86,5.292294619,11.16110571,58.92106577,22.72612264,73.08473177,3.748969034,18.9,3.61300709,96.68246445
"Harrogate","Yorkshire and the Humber",2019,7.9,74.51984635,3.19,7.58,61.97539326,16.55799633,17.97198751,83.1,7.73,4.905770654,11.25094495,58.18673375,24.72297506,72.91169186,3.730624071,14.4,2.39701028,96.83098592
"Richmondshire","Yorkshire and the Humber",2021,8.26,69.55719557,2.22,7.99,56.00281977,8.12700354,14.63178081,82.305,8.16,2.884686965,4.690304533,64.39319941,29.16666667,72.78970663,0,10.2,2.80422502,94.87704918
"Richmondshire","Yorkshire and the Humber",2020,7.48,69.55719557,2.43,7.26,56.00281977,7.491408552,15.31618912,82.305,7.35,2.884686965,5.821593982,61.875725,29.16666667,75.31699023,1.861088364,14.6,2.99736177,95.66929134
"Richmondshire","Yorkshire and the Humber",2015,7.79,66.46464646,2,7.95,64.61882414,8.166551894,12.69675063,82.47,8.02,4.889184819,4.113183511,68.38359662,29.84797924,71.22631847,0,10.6,2.34511061,94.25287356
"Richmondshire","Yorkshire and the Humber",2018,7.52,72.6744186,3.38,7.26,60.70280565,8.166551894,13.81767391,82.715,7.65,5.390278717,4.113183511,61.40945866,27.30496454,79.72025466,1.878145894,6.3,3.25290574,94.01197605
"Richmondshire","Yorkshire and the Humber",2016,8.63,66.60714286,2.11,8.09,64.61882414,8.166551894,16.73541439,82.71,8.23,5.030069047,4.113183511,68.38359662,25.14854043,71.22631847,0,14.2,2.73609991,94.25287356
"Richmondshire","Yorkshire and the Humber",2017,8.075,71.71903882,2.745,7.675,66.04895651,8.166551894,15.28275098,82.73,7.94,5.288739083,4.113183511,59.61147165,29.47682584,74.45962971,0,14.3,3.4877879,94.68302658
"Richmondshire","Yorkshire and the Humber",2019,7.99,69.55719557,2.4,8.27,64.00069273,9.605721677,8.065080649,82.555,8.16,4.894844593,4.49386654,59.58166082,26.41435306,72.21239394,0,9.8,2.61038531,94.83471074
"Ryedale","Yorkshire and the Humber",2021,7.7,71.37176938,3.35,8.03,62.23591253,13.31857569,21.54854581,83.315,7.72,2.876197667,11.40538302,62.26840441,27.23684211,65.85898078,3.643186331,14,3.39822926,95.56737589
"Ryedale","Yorkshire and the Humber",2015,8.13,65.6504065,2.72,7.73,60.88058945,19.94908366,11.40426579,82.15,7.81,4.875121878,6.869413743,58.89498395,25.02052545,69.29720875,3.750093752,12.6,2.92450163,96.24505929
"Ryedale","Yorkshire and the Humber",2016,8.11,67.21311475,2.22,7.55,60.88058945,19.94908366,25.53782846,82.81,7.93,5.031469895,6.869413743,58.89498395,25.91503268,69.29720875,1.856630957,15,3.31323351,96.24505929
"Ryedale","Yorkshire and the Humber",2017,7.92,67.54563895,2.35,7.49,66.09571133,19.94908366,14.25579191,82.785,7.72,5.284380696,6.869413743,64.88840175,24.76010101,70.04292769,3.682495259,14.4,3.41079527,96.28865979
"Ryedale","Yorkshire and the Humber",2020,7.75,71.37176938,2.47,7.72,62.23591253,16.44555994,8.232994889,83.315,7.66,2.876197667,9.921748482,63.12279158,27.23684211,70.02145515,1.797623542,2.2,3.38286981,94.53441296
"Ryedale","Yorkshire and the Humber",2018,7.92,70.33195021,2.4,7.45,59.68041936,19.94908366,5.802209972,83.1,7.73,5.389657684,6.869413743,57.82664725,24.23371648,68.11218171,3.641660597,14.6,2.71376184,95.63409563
"Ryedale","Yorkshire and the Humber",2019,8.26,71.37176938,3.03,7.72,61.69466014,13.78710258,17.19578978,83.165,8.15,4.893463344,9.046043889,56.5084657,26.78571429,70.71490601,1.805706031,10.4,2.60424543,97.14912281
"Scarborough","Yorkshire and the Humber",2020,7.68,69.20792079,3.49,7.16,55.92424868,35.49281169,2.189301847,80.275,7.27,2.887701518,21.38642564,70.84999431,32.09594183,69.39838428,10.11615182,14.7,4.01998468,91.26903553
"Scarborough","Yorkshire and the Humber",2017,7.94,66.66666667,2.75,7.16,57.55408303,18.05064994,16.3619247,80.785,7.93,5.287441174,8.261170656,59.85903663,30.22397823,62.14276623,0.922764603,17.9,4.04905466,92.9672447
"Scarborough","Yorkshire and the Humber",2018,8.02,66.95821186,2.29,7.61,56.43892167,18.05064994,2.357803061,80.59,7.93,5.398396115,8.261170656,62.81891992,31.36544244,71.27997934,7.357268982,13.6,3.50409114,93.78531073
"Scarborough","Yorkshire and the Humber",2015,7.77,61.89555126,2.69,7.2,62.48893992,18.05064994,16.36474127,80.78,7.75,4.8848634,8.261170656,70.2143323,25.68499127,63.80528005,4.625817613,12.8,3.39902473,93.43339587
"Scarborough","Yorkshire and the Humber",2019,8.03,69.20792079,2.79,7.53,57.77971924,24.95547364,4.131575915,80.44,7.64,4.91002878,20.25407425,66.17844196,29.34503768,66.67051482,9.194810449,13.6,3.47275529,91.54639175
"Scarborough","Yorkshire and the Humber",2016,7.73,63.48314607,2.64,7.59,62.48893992,18.05064994,11.29761836,80.895,7.68,5.038971125,8.261170656,70.2143323,25.24757503,63.80528005,7.396654863,13.8,3.69432994,93.43339587
"Scarborough","Yorkshire and the Humber",2021,7.92,69.20792079,2.83,7.28,55.92424868,25.45018729,2.510105791,80.275,7.63,2.887701518,14.95373982,59.30794872,32.09594183,67.34189761,13.76664617,15.5,3.61587744,94.21661409
"Selby","Yorkshire and the Humber",2021,7.7,76.47637795,3.2,7.63,55.43853581,15.17798636,1.624707536,82.055,7.57,2.889952779,13.39648446,66.25011952,29.38086304,66.08765144,0,8.9,3.44081093,94.60674157
"Selby","Yorkshire and the Humber",2018,8.12,75.2677702,2.3,7.74,57.84651645,20.23086948,6.439494921,81.92,7.94,5.398065226,7.248802014,70.57163132,27.64957265,68.25260125,2.244517765,6.8,2.93792115,95.47563805
"Selby","Yorkshire and the Humber",2016,7.97,71.79487179,2.39,7.54,61.86356457,20.23086948,2.709691612,82.135,7.76,5.03784132,7.248802014,63.6012999,26.26838056,72.43762524,0,12.3,3.75441828,96.5179543
"Selby","Yorkshire and the Humber",2017,7.79,76.07178465,2.75,7.18,58.77792877,20.23086948,2.647122085,82.135,7.59,5.290884886,7.248802014,65.47297914,25.67934783,65.81509208,0,13.5,3.57333534,95.19343494
"Selby","Yorkshire and the Humber",2015,7.71,65.44046467,2.86,7.42,61.86356457,20.23086948,2.540737697,82.05,7.76,4.883140985,7.248802014,63.6012999,25.68530702,72.43762524,0,15.9,3.90211908,96.5179543
"Selby","Yorkshire and the Humber",2020,7.61,76.47637795,2.87,7.11,55.43853581,16.91364493,4.475816386,82.055,7.39,2.889952779,12.89049964,60.99342425,29.38086304,66.25809866,2.181096437,14.5,2.75084538,95.76837416
"Selby","Yorkshire and the Humber",2019,7.74,76.47637795,3.17,7.15,58.52402,19.11162169,3.265958349,82.025,7.53,4.899580667,9.970037902,72.8350531,29.94370954,67.86331385,5.517545796,9.9,3.32982246,94.43127962
"Ashfield","East Midlands",2015,7.83,61.09643329,2.59,7.59,48.94200578,16.5956691,2.241234205,79.855,7.83,6.473696562,9.117692997,70.22891533,28.74416663,66.71855025,6.473696562,17.4,5.24876219,92.53840527
"Ashfield","East Midlands",2020,7.58,67.69230769,3.86,7.37,49.31546685,16.73080821,1.285303967,79.86,7.57,6.779027093,11.12328369,68.57824888,29.76718404,61.44714696,3.116794066,13.9,5.8149361,93.44909234
"Ashfield","East Midlands",2016,7.89,61.68872086,2.87,7.43,48.94200578,16.5956691,2.35605576,79.735,7.65,6.537469983,9.117692997,70.22891533,28.69735007,66.71855025,7.228160915,21.1,4.64890539,92.53840527
"Ashfield","East Midlands",2017,7.71,64.84962406,2.96,7.6,54.25618383,16.5956691,2.898547132,79.9,7.78,9.28157002,9.117692997,74.84456137,29.45193109,62.25526959,3.963095653,15.7,4.66114281,91.7721519
"Ashfield","East Midlands",2018,8.09,67.1009772,2.7,7.72,48.46177992,16.5956691,5.448716618,79.91,7.84,12.06439588,9.117692997,69.89739984,30.04729696,60.55534963,3.932332424,16.6,4.9571564,92.93103448
"Ashfield","East Midlands",2019,7.67,67.69230769,2.56,7.39,50.94084099,16.98673878,12.93958545,80.03,7.4,10.70216858,8.034493214,70.05084372,29.90606677,65.42292393,3.908754046,19.8,3.29629998,93.4906428
"Ashfield","East Midlands",2021,7.65,67.69230769,2.67,7.49,49.31546685,15.08685634,7.354859088,79.86,7.23,6.779027093,12.27561398,70.99522833,29.76718404,65.16353892,4.74788719,10.4,3.55391694,93.89426657
"Bassetlaw","East Midlands",2020,7.67,72.41100324,3.18,7.28,52.5604679,36.35529431,2.355008723,80.47,7.28,8.006425431,23.75771253,68.24640258,32.19191919,62.07717002,3.381805884,12.6,5.37417555,95.7771788
"Bassetlaw","East Midlands",2015,8.1,62.22570533,2.8,7.48,58.45582037,37.94176761,2.472644778,80.23,7.7,7.620608777,15.77657768,71.82416787,28.22134219,62.71054551,20.05423362,23.6,5.12457337,94.18306245
"Bassetlaw","East Midlands",2017,8.07,67.7466863,2.61,7.66,55.79926157,37.94176761,4.690185142,80.28,7.95,9.320401706,15.77657768,67.5037369,28.04425929,63.7367997,11.17760352,19.6,4.4724218,94.75088968
"Bassetlaw","East Midlands",2016,7.96,67.23735409,3.26,7.73,58.45582037,37.94176761,3.064114965,80.27,7.53,6.7006909,15.77657768,71.82416787,27.43357488,62.71054551,8.679651425,14.9,4.5711674,94.18306245
"Bassetlaw","East Midlands",2018,8.13,68.17102138,2.71,7.83,56.50580679,37.94176761,3.116132054,80.605,7.85,10.7156001,15.77657768,72.08678499,31.73294392,63.42752183,13.69405763,18.6,5.15994944,94.67871486
"Bassetlaw","East Midlands",2019,8.09,72.41100324,3.06,7.78,51.24434909,38.71117109,6.662768213,80.64,7.83,9.688487047,21.82732457,70.15270132,29.84658298,67.05936632,11.06769171,15.7,3.48111121,94.83253589
"Bassetlaw","East Midlands",2021,7.68,72.41100324,3.5,7.34,52.5604679,35.1866093,2.710223371,80.47,7.21,8.006425431,25.60736464,67.40648495,32.19191919,61.7012483,14.36405269,12.4,3.64227423,94.21052632
"Broxtowe","East Midlands",2021,7.99,72.25583405,3.06,7.49,56.8188829,17.76306055,7.244380794,81.38,7.73,5.783977597,13.74350533,63.48938205,26.42270237,73.17380158,0.902421196,18,4.09017746,94.10526316
"Broxtowe","East Midlands",2020,7.82,72.25583405,3.42,7.3,56.8188829,18.7505144,5.290065457,81.38,7.31,5.783977597,12.29947885,65.23752552,26.42270237,63.33938796,1.744789622,14.6,4.10160789,96.1038961
"Broxtowe","East Midlands",2018,8.08,70.78559738,2.81,7.47,56.43697919,16.38666629,6.522767275,81.705,7.8,6.965534289,9.42786048,65.98220246,26.90239366,73.4393741,2.648492125,13.4,4.80444628,94.6347032
"Broxtowe","East Midlands",2015,8.33,65.40983607,2.46,7.85,59.59395266,16.38666629,3.847644311,81.805,8.22,4.917871545,9.42786048,58.24395528,25.95635945,69.97540796,0,12,4.2527017,92.84210526
"Broxtowe","East Midlands",2017,7.5,70.44566067,3.47,7.17,57.01194282,16.38666629,4.820605038,81.91,7.1,6.085984492,9.42786048,60.10553903,23.40272554,68.58256621,0.887169751,18.7,4.07730309,94.0087146
"Broxtowe","East Midlands",2019,8.16,72.25583405,2.71,7.81,54.89655514,18.05687267,12.80863728,81.665,7.88,6.778739488,11.02788138,63.91719353,26.60784314,71.3342794,0.876939132,10.5,3.67421259,95.57321226
"Broxtowe","East Midlands",2016,7.97,69.05511811,2.94,7.7,59.59395266,16.38666629,3.454833983,81.795,7.76,5.40511613,9.42786048,58.24395528,24.93025764,69.97540796,0.891933355,16.5,3.41500031,92.84210526
"Gedling","East Midlands",2021,7.91,72.49809015,3.25,7.37,58.72833758,15.37680086,2.335477579,81.61,7.55,5.784893309,11.3772043,62.88876756,27.17249417,67.54951352,0,9.8,5.11937673,94.1543258
"Gedling","East Midlands",2020,7.78,72.49809015,3.74,6.52,58.72833758,14.97254925,4.057193472,81.61,7.13,5.784893309,11.78016287,62.87231479,27.17249417,73.60054566,0,15.4,4.55713461,92.20365951
"Gedling","East Midlands",2015,7.97,69.9376947,2.22,7.68,62.29317381,15.15290154,5.09992376,81.485,7.81,4.916395447,9.328580097,66.09909842,26.18299747,69.04610394,0,17.4,4.59452998,93.80849532
"Gedling","East Midlands",2018,8.14,70.11320755,2.82,7.54,55.07313244,15.15290154,8.36844354,81.845,7.73,6.970268113,9.328580097,64.57499622,26.56275108,70.1870115,0,15.2,4.2442617,92.87925697
"Gedling","East Midlands",2017,8.01,67.85980611,3.37,7.43,61.10594577,15.15290154,2.831691649,81.58,7.75,6.078819753,9.328580097,60.54559857,26.45568215,68.4070907,0,12.6,4.08348231,93.24116743
"Gedling","East Midlands",2019,7.96,72.49809015,3.07,7.29,55.99978482,18.88947144,16.80031883,81.805,7.91,6.77715953,9.384838591,66.70531272,26.70655959,62.86144346,0,14.2,3.59627948,93.79532635
"Gedling","East Midlands",2016,7.94,69.59107807,3.11,7.4,62.29317381,15.15290154,3.742141155,81.565,7.8,5.404896099,9.328580097,66.09909842,28.21368155,69.04610394,0,12.1,4.47171908,93.80849532
"Mansfield","East Midlands",2020,7.9,66.07142857,2.63,7.71,50.4625321,23.50706467,1.957602009,79.725,7.42,6.063044691,15.42019614,73.13555947,27.93280741,62.59784131,6.401404651,22.2,6.50680829,93.74449339
"Mansfield","East Midlands",2017,7.88,67.00434153,3.03,7.73,56.21438951,21.87867017,5.671667599,79.405,7.79,10.53639847,14.36390212,64.98277278,28.8785896,58.94228093,13.81520778,18.6,5.37268784,94.31630972
"Mansfield","East Midlands",2021,7.64,66.07142857,3.06,7.01,50.4625321,22.4108574,1.935563867,79.725,7.18,6.063044691,13.04694618,67.59465629,27.93280741,60.45530377,9.041427822,24.8,5.69249029,92.97520661
"Mansfield","East Midlands",2016,8.09,65.85545723,3.23,7.57,48.54312027,21.87867017,6.984305724,79.725,7.92,8.694846125,14.36390212,68.15917384,27.90351824,61.210913,25.02780868,20.9,5.18229012,91.54351396
"Mansfield","East Midlands",2015,7.95,61.48092745,3.15,7.4,48.54312027,21.87867017,6.241119229,79.815,7.58,8.391084473,14.36390212,68.15917384,27.70258678,61.210913,7.492039708,15.6,4.97953177,91.54351396
"Mansfield","East Midlands",2019,8.15,66.07142857,3.49,7.39,51.29535453,20.98654272,2.831216171,79.72,7.89,11.41675738,12.11445429,66.78187132,29.60359922,62.44891939,20.12569411,18.8,3.98022052,92.6056338
"Mansfield","East Midlands",2018,7.91,65.94761171,3.52,7.32,51.78596885,21.87867017,7.367109194,79.615,7.34,12.05428102,14.36390212,68.27970075,28.83253312,68.03800322,15.61911412,23.1,4.94651951,93.42881213
"Newark and Sherwood","East Midlands",2020,7.55,68.18181818,3.1,7.32,61.33752167,24.33068452,2.793166415,81.235,7.53,8.36534635,11.7683369,62.28876095,30.53454715,66.14710322,4.873017291,12.1,5.00809013,94.17360285
"Newark and Sherwood","East Midlands",2015,8.19,65.60650888,2.37,8.11,66.44743357,24.71095265,2.170767057,81.375,7.99,6.723113863,10.88205243,67.37852886,25.67388105,67.34573955,8.424954716,17.1,4.81567208,94.76923077
"Newark and Sherwood","East Midlands",2017,8.26,65.51475882,2.37,7.71,61.35171466,24.71095265,2.803321758,81.355,8,8.787665854,10.88205243,63.00504828,28.4694233,70.54699071,3.306741619,12.2,4.02674718,95.30054645
"Newark and Sherwood","East Midlands",2018,8.15,68.29640947,2.95,7.61,61.31435269,24.71095265,2.354618299,81.355,8.03,9.739565339,10.88205243,70.71150755,30.3719548,70.06258727,4.11299212,16.5,4.50670837,94.22850412
"Newark and Sherwood","East Midlands",2016,8.29,64.71460341,3.04,7.74,66.44743357,24.71095265,2.217077997,81.38,8.08,8.802816901,10.88205243,67.37852886,26.60428055,67.34573955,5.006341366,16.3,3.96954389,94.76923077
"Newark and Sherwood","East Midlands",2019,7.87,68.18181818,3.54,7.66,57.39550501,19.55916802,4.88903197,81.34,7.57,10.05546434,10.80423979,69.29787144,27.74907628,67.10379758,1.633706635,15.4,4.05674219,94.36619718
"Newark and Sherwood","East Midlands",2021,7.56,68.18181818,3.62,7.23,61.33752167,19.96686624,1.731392679,81.235,7.14,8.36534635,15.61365583,66.87527028,30.53454715,72.46858158,5.673390986,11.1,4.74959544,93.95348837
"Rushcliffe","East Midlands",2015,7.82,73.2459522,2.49,7.7,56.49634956,23.76583271,4.727252049,83.225,7.88,4.917159402,7.487934413,59.04712987,18.75553424,68.57864002,2.620155987,7.5,3.07118573,95.38249483
"Rushcliffe","East Midlands",2017,8.19,76.08182533,2.98,7.76,64.79309115,23.76583271,3.792407129,83.025,7.98,6.086416773,7.487934413,63.66192509,18.99599703,72.41153317,7.758888238,9.7,3.52184475,95.43285617
"Rushcliffe","East Midlands",2018,7.62,80.09188361,3.26,7.42,65.32886312,23.76583271,3.033686794,83.115,7.62,6.968581894,7.487934413,59.73832929,20.43344133,74.55859382,1.69965412,3.6,3.43776275,95.82753825
"Rushcliffe","East Midlands",2016,8.07,76.11152977,2.98,7.5,56.49634956,23.76583271,2.204381764,83.345,7.88,5.400805779,7.487934413,59.04712987,18.4103386,68.57864002,0,8.6,3.23763781,95.38249483
"Rushcliffe","East Midlands",2020,7.77,77.9342723,3.56,7.17,64.62483966,21.57160063,6.399389791,83.37,7.35,5.781775054,10.59193513,55.39321776,22.71628499,72.85392584,2.47084404,5.8,4.03822374,95.61461794
"Rushcliffe","East Midlands",2019,8.05,77.9342723,3.27,7.55,61.97907954,23.30855891,4.333411843,83.025,7.83,6.779433481,14.15977845,59.04128392,18.82591093,68.79452507,1.678077594,5.9,2.3576146,95.39835165
"Rushcliffe","East Midlands",2021,7.72,77.9342723,3.69,7.52,64.62483966,23.46111099,2.195995345,83.37,7.42,5.781775054,15.63365339,56.35372887,22.71628499,70.17148714,3.349017901,8.2,3.14327664,95.33742331
"Cherwell","South East England",2020,7.67,72.01599086,3.13,7.41,50.90868961,20.02922948,2.001038094,82.505,7.45,5.169711418,14.07330034,63.44485832,26.27023514,65.25116993,6.585619641,12.1,3.24147858,93.3227345
"Cherwell","South East England",2016,7.78,72.86742035,2.93,7.47,57.67698554,20.08672755,2.362695431,81.835,7.63,14.01438947,11.60891598,60.05711311,25.59647259,69.07899881,11.59341221,9.5,3.42722423,95.69892473
"Cherwell","South East England",2015,8.02,67.25468578,2.91,7.51,57.67698554,20.08672755,3.420549178,81.825,7.82,9.790180964,11.60891598,60.05711311,25.35803238,69.07899881,14.4276351,20.5,3.12851816,95.69892473
"Cherwell","South East England",2018,8.14,73.48916762,2.76,7.91,54.36931513,20.08672755,1.43851386,82.265,7.93,9.251748111,11.60891598,62.42510732,26.91117583,67.38072019,7.374581828,11.4,2.82530012,95.1320132
"Cherwell","South East England",2017,8,72.49860257,3.16,7.38,60.2040797,20.08672755,1.938095283,82.22,7.89,13.79385103,11.60891598,61.56392553,25.34346763,64.81658098,6.097478354,11.6,2.64925894,94.27419355
"Cherwell","South East England",2019,7.81,72.01599086,3.17,7.48,58.00332144,22.14305134,2.207548515,82.63,7.7,9.308784543,10.87127903,59.3432879,24.81924786,71.29502791,7.308824409,11.8,2.16840567,94.4491169
"Cherwell","South East England",2021,7.83,72.01599086,2.59,8,50.90868961,26.94785826,1.608982511,82.505,7.83,5.169711418,12.99603679,65.81376722,26.27023514,68.17445652,3.707434023,12.5,3.09722559,94.56434852
"Oxford","South East England",2020,8.09,71.95290859,3.64,7.2,63.245735,16.57249844,1.428273467,82.28,7.54,16.71020688,24.0954433,48.91670789,24.40344675,75.33156813,12.53430441,12.8,5.05760646,93.76854599
"Oxford","South East England",2017,7.98,68.27160494,3.41,7.76,59.61351152,19.46621111,1.894829777,82.28,7.75,29.33718027,17.70728079,52.33759923,28.00543886,73.97232959,39.46125681,9,2.88034262,91.82590234
"Oxford","South East England",2015,8.02,60.08744535,3.15,7.54,65.31995504,19.46621111,1.649019956,82.185,7.73,19.23524393,17.70728079,54.54675941,26.14989288,78.59721605,25.20747693,13.7,3.74328537,92.75793651
"Oxford","South East England",2016,7.69,63.21510297,3.52,7.35,65.31995504,19.46621111,1.70069863,82.38,7.6,24.90147593,17.70728079,54.54675941,28.03300043,78.59721605,21.25028978,10.7,4.18053993,92.75793651
"Oxford","South East England",2018,7.7,70.68965517,3.02,7.7,57.18332271,19.46621111,2.219035202,82.34,7.61,22.58192021,17.70728079,54.35816348,25.68658117,75.7630391,29.15886397,8.3,3.51269152,93.10710498
"Oxford","South East England",2019,7.65,71.95290859,3.62,7.4,62.36785037,15.72008108,2.49806333,82.435,7.49,23.98053222,19.88916397,49.58533214,24.40849415,74.41208444,28.2046741,13.5,2.89090822,91.45833333
"Oxford","South East England",2021,8.16,71.95290859,3.6,7.71,63.245735,19.16353767,2.195930217,82.28,7.68,16.71020688,23.31388719,48.4397982,24.40344675,76.22905832,14.99803151,12.1,4.43304451,89.89710009
"South Oxfordshire","South East England",2021,7.82,75.47169811,3.52,7.5,60.65232365,13.2272216,2.202542733,83.83,7.83,3.17842289,12.67563539,59.80044464,23.55790813,72.42827154,1.333120034,9.2,3.0843876,93.8317757
"South Oxfordshire","South East England",2016,8.12,73.4055355,2.84,7.76,64.80840743,14.92293677,1.612767065,83.525,7.96,4.124867056,7.222680867,56.23225531,22.24136866,72.03739305,5.030325678,10.7,2.92352359,95.32418953
"South Oxfordshire","South East England",2015,7.89,68.9477082,2.85,7.51,64.80840743,14.92293677,2.283952833,83.415,7.79,4.335019576,7.222680867,56.23225531,20.7938419,72.03739305,3.618547226,9.5,2.4695522,95.32418953
"South Oxfordshire","South East England",2018,8.06,74.9682338,2.76,7.66,62.82804246,14.92293677,1.923526071,83.855,7.95,4.071058475,7.222680867,57.1534491,23.20689879,77.30932993,2.135170529,13.4,2.59746191,93.8662991
"South Oxfordshire","South East England",2020,7.76,75.47169811,3.07,7.52,60.65232365,18.66506469,2.309703623,83.83,7.58,3.17842289,7.437162719,53.78416815,23.55790813,76.02311872,2.08649205,17.9,2.95232004,95.22597072
"South Oxfordshire","South East England",2019,8.21,75.47169811,2.86,7.54,59.46698673,16.72735416,3.86854197,83.905,7.86,3.815369887,10.81666434,50.03392054,21.93285983,75.51802237,2.815771134,12.4,2.07403089,95.45159194
"South Oxfordshire","South East England",2017,8.16,74.81435644,3.04,7.69,66.90568022,14.92293677,1.854067143,83.785,8.06,5.730966537,7.222680867,52.74022165,21.66666667,67.06911658,1.430952943,10.4,2.47948787,95.50488599
"Vale of White Horse","South East England",2021,7.74,71.72638436,3.2,7.43,66.62223907,20.03153411,3.110822827,83.79,7.72,2.646653615,13.1001127,57.25969406,23.42162375,70.77062408,1.433825374,12.8,3.4277295,93.12714777
"Vale of White Horse","South East England",2020,7.69,71.72638436,3.55,7.3,66.62223907,19.92159619,4.977753812,83.79,7.54,2.646653615,15.33130062,58.77877668,23.42162375,75.35245491,0.725110579,10.3,2.82334395,94.32432432
"Vale of White Horse","South East England",2019,8.33,71.72638436,2.93,7.68,55.25946533,21.36789852,5.200822142,83.945,7.82,3.36012117,14.9243125,57.27461874,24.74886081,76.05150242,2.205768821,11.6,2.55057587,95.53734062
"Vale of White Horse","South East England",2018,7.84,71.30718954,3.42,7.37,61.70128909,24.77280183,1.869194659,84,7.66,3.611701014,14.27567069,58.55663805,23.07777317,72.046539,6.729877666,6.8,3.18619873,94.74153298
"Vale of White Horse","South East England",2015,7.98,63.71191136,2.85,7.6,57.68021614,24.77280183,1.822026071,83.3,7.86,4.733905512,14.27567069,55.4133951,23.30528607,71.86610513,3.951507105,18.1,2.74051738,95.79349904
"Vale of White Horse","South East England",2016,8.06,68.09895833,3.04,7.28,57.68021614,24.77280183,2.137649067,83.86,7.69,4.764754806,14.27567069,55.4133951,23.34079973,71.86610513,6.218277071,15,2.89344187,95.79349904
"Vale of White Horse","South East England",2017,8.17,70.92198582,3.11,7.48,68.72315499,24.77280183,1.894900565,83.95,7.83,5.288545802,14.27567069,55.88006453,24.36832715,73.08426063,7.620383,9.7,2.40627773,96.13259669
"West Oxfordshire","South East England",2021,7.97,76.85185185,2.51,7.63,60.15678121,16.65717603,3.288811895,83.325,7.71,2.43383024,11.1360515,61.01115942,22.47595244,75.28122573,4.34174764,3.7,3.15140656,93.31184529
"West Oxfordshire","South East England",2017,7.84,77.29022325,2.72,7.53,62.82781662,20.78942498,4.996524163,82.925,7.84,3.706550986,9.241054627,54.41221249,24.1386444,71.86266435,6.40638442,13.7,2.14432851,96.61590525
"West Oxfordshire","South East England",2020,7.55,76.85185185,3.41,7.23,60.15678121,18.27551254,3.068299818,83.325,7.27,2.43383024,15.66048168,63.28664421,22.47595244,73.74247904,4.473952648,12.1,3.53760552,96.46672145
"West Oxfordshire","South East England",2016,8.04,75.97254005,2.85,7.58,61.79242658,20.78942498,2.085263656,83.075,7.89,3.154080995,9.241054627,48.46486824,26.21659919,63.44316858,0,14.8,2.7987139,96.9004894
"West Oxfordshire","South East England",2015,8.06,71.68347556,2.72,7.65,61.79242658,20.78942498,2.841212706,82.83,8.1,3.222569032,9.241054627,48.46486824,22.14774591,63.44316858,2.762202027,16.5,2.59265133,96.9004894
"West Oxfordshire","South East England",2018,7.74,77.48815166,2.9,7.49,62.8452354,20.78942498,2.827645914,83.25,7.85,3.023679417,9.241054627,60.41266199,24.12122415,69.19528839,1.821493625,10.7,2.50371956,96.4811784
"West Oxfordshire","South East England",2019,7.92,76.85185185,3.1,7.61,60.93397676,21.0021793,3.819230956,83.41,7.62,3.298898258,10.123551,63.19899671,24.53922738,69.93978793,2.711423226,10.3,2.01843733,96.46098004
"Mendip","South West England",2015,7.99,66.02830974,3,7.38,62.01159661,22.54801648,3.769276081,82.125,7.78,6.077318484,17.37827355,56.58286432,26.65515256,70.20804658,17.84821875,19.5,3.96344132,94.26485923
"Mendip","South West England",2021,7.83,71.06227106,2.71,7.51,67.52207401,19.22197517,1.959149156,82.56,7.62,3.39673913,18.24105241,63.21084514,30.30072473,72.49091446,8.599561422,9.4,3.35876705,93.41126461
"Mendip","South West England",2020,7.92,71.06227106,3.47,7.42,67.52207401,22.55786062,2.978825566,82.56,7.58,3.39673913,14.54659047,58.07197814,30.30072473,69.37444384,14.61887727,13.1,3.64320076,95.20547945
"Mendip","South West England",2017,8.1,70.74652778,2.91,7.42,65.00801267,22.54801648,8.251799468,82.33,7.93,6.395743219,17.37827355,63.03269119,24.2201857,66.70915349,16.73817096,13.5,4.24105347,94.87983281
"Mendip","South West England",2016,7.77,65.82491582,3.18,7.48,62.01159661,22.54801648,4.521855452,82.325,7.56,7.089126765,17.37827355,56.58286432,20.35156984,70.20804658,14.14289629,12.1,4.28489594,94.26485923
"Mendip","South West England",2019,8.07,71.06227106,2.84,7.35,66.91980017,23.77458106,2.469459044,82.74,7.86,5.623469767,12.57022336,62.49072471,26.34663222,72.94719956,11.24693953,12.5,3.04407469,95.90443686
"Mendip","South West England",2018,8.08,71.96428571,3,7.62,61.7641549,22.54801648,2.266599194,82.6,7.93,6.293468894,17.37827355,65.02024263,24.97677244,70.31143888,12.18652345,11.4,4.03623847,95.85365854
"Sedgemoor","South West England",2020,7.89,71.10460863,3.14,7.39,58.7245883,18.33492403,1.904816857,81.695,7.65,3.394196653,8.54214094,70.05427619,27.88261962,65.84516721,7.290637202,19.9,4.34302002,95.55016181
"Sedgemoor","South West England",2019,7.86,71.10460863,3.09,7.73,57.62644798,18.87628821,2.053413608,82.16,7.75,5.626004644,9.800998221,66.26647418,29.23302108,66.71668771,20.29583205,20.5,3.8082969,94.99089253
"Sedgemoor","South West England",2015,8.03,67.50902527,2.74,7.84,57.66408879,22.52184774,3.223229148,81.935,7.78,6.076193806,8.989153128,65.0070293,28.79030536,64.76224286,4.994131895,14,4.76492324,96.42857143
"Sedgemoor","South West England",2018,7.83,70.3539823,2.89,7.65,60.16651685,22.52184774,4.355587094,82.265,7.75,6.295249652,8.989153128,67.68417769,28.78582733,63.06206257,2.443175803,17.7,3.70538702,95.63106796
"Sedgemoor","South West England",2017,8.18,71.05831533,2.77,7.85,60.57650978,22.52184774,2.172439075,82.245,7.86,6.392312855,8.989153128,66.90503103,28.86316582,64.34246453,5.729345709,16.4,5.02581512,94.03594771
"Sedgemoor","South West England",2016,7.77,70.35175879,3.02,7.72,57.66408879,22.52184774,1.7004167,82.185,7.72,7.087230623,8.989153128,65.0070293,27.17116217,64.76224286,1.648193168,15.2,4.97272031,96.42857143
"Sedgemoor","South West England",2021,7.74,71.10460863,3.23,7.6,58.7245883,17.54429987,3.130529286,81.695,7.62,3.394196653,14.15046503,62.65176948,27.88261962,65.11469318,8.747375787,17.3,3.14248069,95.40607055
"South Somerset","South West England",2021,7.72,72.13872832,3.33,7.47,61.27861366,15.21361361,2.253695993,82.69,7.61,3.396642481,11.37599735,60.52775929,27.07848513,68.7706655,2.309828899,13.6,3.26744153,94.8840382
"South Somerset","South West England",2018,7.93,73.16804408,2.51,7.85,62.0074247,15.14839863,3.421752607,82.43,7.83,6.296876582,5.735992251,70.54203593,26.59017713,65.08687308,1.787192975,17.2,3.01687576,95.93175853
"South Somerset","South West England",2016,8.11,70.14843321,2.65,7.62,62.73734084,15.14839863,2.546206986,82.53,7.95,7.085980568,5.735992251,55.60234994,25.3582605,68.85007203,4.804054622,10.3,3.76120471,94.49257426
"South Somerset","South West England",2015,8.07,69.61883408,2.5,7.73,62.73734084,15.14839863,2.486777199,82.635,7.89,6.078182587,5.735992251,55.60234994,28.47464821,68.85007203,3.020965501,17.2,3.35674696,94.49257426
"South Somerset","South West England",2017,8.09,70.92436975,2.77,7.4,65.41451775,15.14839863,1.910625328,82.42,7.82,6.392928906,5.735992251,63.30697441,26.70887461,66.33728194,2.392115587,11.9,3.18164529,96.61954518
"South Somerset","South West England",2020,8.01,72.13872832,2.74,7.64,61.27861366,17.29781964,3.694113957,82.69,7.52,3.396642481,9.491862779,58.57113785,27.07848513,76.38290994,1.778346849,11,3.77327462,94.16832339
"South Somerset","South West England",2019,7.98,72.13872832,2.85,7.58,58.38762292,17.62986777,1.907700541,82.735,7.63,5.625352698,7.338632894,60.98104577,27.20046083,71.54949023,4.752145891,12.5,2.79011033,95.37237889
"Cannock Chase","West Midlands",2021,7.77,74.0969163,2.93,7.26,45.47177159,14.50254789,2.911527134,80.495,7.35,3.76414016,8.87547209,73.74739883,29.80832241,63.54474363,3.976538423,14.9,3.73775569,93.72781065
"Cannock Chase","West Midlands",2015,7.89,68.9745837,2.97,7.37,52.84973456,17.9105004,6.303428495,80.7,7.62,7.219007006,8.822170581,65.81618241,31.65243621,60.24979406,4.061326023,18.8,4.01052849,95.50898204
"Cannock Chase","West Midlands",2020,7.06,74.0969163,3.95,6.66,45.47177159,16.76439565,5.846272429,80.495,7.09,3.76414016,6.670847559,70.08588872,29.80832241,62.81729959,7.883016042,16.1,4.08016872,93.98843931
"Cannock Chase","West Midlands",2018,7.87,72.03832753,2.62,7.41,52.29681659,17.9105004,6.747948445,80.67,7.83,7.471855677,8.822170581,74.69358863,31.54565061,63.45299885,1.997822374,12.2,3.83215601,93.55216882
"Cannock Chase","West Midlands",2017,7.99,72.80858676,2.74,7.44,50.35448481,17.9105004,2.421854946,80.465,7.87,8.070536489,8.822170581,69.64556305,31.87015311,59.20358779,5.044085306,16.4,3.57183672,95.17948718
"Cannock Chase","West Midlands",2016,7.94,72.42907801,3.34,7.24,52.84973456,17.9105004,2.186049628,80.57,7.97,7.836529189,8.822170581,65.81618241,29.65835969,60.24979406,4.060377818,20.1,3.86427034,95.50898204
"Cannock Chase","West Midlands",2019,8.25,74.0969163,3.42,7.62,47.46755045,14.85066957,3.747126536,80.685,7.98,7.135626526,8.6271546,71.27118098,30.88317757,66.4493223,0.992437625,17.6,2.74750851,94.24882629
"East Staffordshire","West Midlands",2021,7.77,71.80527383,3.23,7.45,54.65720139,13.56110498,6.551220066,80.355,7.71,3.895040646,9.236249273,70.61350138,31.57335223,59.81903758,0,11.6,3.30967781,95.75221239
"East Staffordshire","West Midlands",2020,7.61,71.80527383,3.65,6.74,54.65720139,15.62027616,3.721288913,80.355,7.07,3.895040646,7.554127522,62.99037755,31.57335223,63.78020709,0,18.3,4.11107122,94.66051417
"East Staffordshire","West Midlands",2015,7.86,65.42876435,2.29,7.72,53.22492447,16.14164255,4.041651453,80.755,7.99,6.050122207,7.949657929,61.40970807,27.53834586,65.79126004,6.024303763,14.2,3.64076647,96.0137457
"East Staffordshire","West Midlands",2017,7.89,70.40540541,2.34,7.67,57.64509025,16.14164255,3.750852599,80.65,7.71,7.077718797,7.949657929,64.15781312,28.70638134,61.13869348,13.61099769,15.5,3.22638621,95.40850777
"East Staffordshire","West Midlands",2016,7.89,70.32967033,2.79,7.58,53.22492447,16.14164255,9.755038369,80.69,7.77,8.380580997,7.949657929,61.40970807,27.40399189,65.79126004,5.130967957,20.2,3.74708723,96.0137457
"East Staffordshire","West Midlands",2019,7.93,71.80527383,2.58,7.66,53.93597038,17.99698266,6.347551884,80.82,7.65,5.377690933,8.157640065,63.17231434,29.18650794,64.4789702,4.17522588,16.7,2.69860963,97.02650291
"East Staffordshire","West Midlands",2018,7.86,71.76966292,2.67,7.72,53.65063353,16.14164255,3.966253241,80.765,7.69,7.075750164,7.949657929,67.03773388,31.03690108,69.74758467,9.276907248,14.1,3.04275893,95.35644212
"Lichfield","West Midlands",2020,7.2,73.33333333,3.69,7,51.33793604,32.08212584,2.962111997,81.88,6.95,2.366595038,15.30415389,68.49084572,26.74319728,69.44793899,2.839914045,7.5,3.98229887,96.17486339
"Lichfield","West Midlands",2015,8.14,72.2820764,2.56,8.01,56.33896399,26.24140601,4.068250009,81.71,7.92,3.997426048,10.99576418,63.34077664,26.77688327,62.43103015,2.924945889,16,2.67787285,97.04035874
"Lichfield","West Midlands",2018,7.93,76.8738574,2.71,7.79,56.33297752,26.24140601,4.425552307,81.905,8.05,5.732698504,10.99576418,63.21372331,26.86567164,63.12650609,4.809310826,10.2,3.03916699,95.18518519
"Lichfield","West Midlands",2016,8.12,72.59786477,2.23,7.74,56.33896399,26.24140601,2.942710804,81.84,7.85,5.56252492,10.99576418,63.34077664,25.74585635,62.43103015,0.972469392,10.8,2.93917888,97.04035874
"Lichfield","West Midlands",2021,8.17,73.33333333,2.34,8.1,51.33793604,31.19303935,4.011849253,81.88,8.06,2.366595038,22.50147639,64.88528314,26.74319728,72.18991296,3.74149978,7.1,3.9904353,96.28349179
"Lichfield","West Midlands",2017,8.25,74.14589104,2.38,8.04,55.3721162,26.24140601,4.103798515,81.895,8.16,6.666215811,10.99576418,64.30489199,29.09183673,68.48898737,2.898354701,9.7,2.69244345,96.60550459
"Lichfield","West Midlands",2019,8.2,73.33333333,2.77,7.54,53.8270524,34.72871382,4.579623388,82.045,7.82,4.801634274,18.89202966,68.58002689,28.60150051,68.72780409,4.772996296,5.4,2.90049705,96.13572102
"Newcastle-under-Lyme","West Midlands",2020,8.26,73.81316998,2.72,7.91,53.97828683,16.79795048,6.026762585,80.41,7.75,2.931872541,13.12035487,61.72134025,31.63431835,63.0213197,6.943908649,15.5,5.8339878,94.69632164
"Newcastle-under-Lyme","West Midlands",2015,7.63,68.87254902,2.64,7.3,56.46721355,15.74734357,4.850762814,80.57,7.62,4.091027329,8.472166072,64.20678932,29.36170213,61.02889101,5.517763256,13.1,4.08565948,95.94034797
"Newcastle-under-Lyme","West Midlands",2016,8.01,74.88755622,2.91,7.53,56.46721355,15.74734357,1.966154254,80.605,7.92,5.229227479,8.472166072,64.20678932,29.34992852,61.02889101,0,20.2,3.68773799,95.94034797
"Newcastle-under-Lyme","West Midlands",2018,8.16,76.1829653,2.54,7.81,58.91317804,15.74734357,4.655663902,80.815,7.94,7.753494478,8.472166072,66.11802928,31.88218391,64.58954442,3.089041625,18.3,3.16389401,95.61717352
"Newcastle-under-Lyme","West Midlands",2019,8.1,73.81316998,3.23,7.8,53.69852101,16.49041053,2.588856173,81.13,7.86,7.223368175,9.369694116,60.77103227,31.97310819,67.88965496,4.635316476,16.6,3.30993806,94.73197782
"Newcastle-under-Lyme","West Midlands",2017,7.74,74.55223881,2.69,7.36,54.21647885,15.74734357,1.691851722,80.81,7.72,6.071508882,8.472166072,69.82544185,30.29497717,64.6424601,3.877081023,18.6,3.96094714,94.99217527
"Newcastle-under-Lyme","West Midlands",2021,7.96,73.81316998,3.11,7.87,53.97828683,14.620127,4.670624414,80.41,7.59,2.931872541,11.1329554,69.18152449,31.63431835,64.39207155,5.689900427,11.4,3.52686961,93.39464883
"South Staffordshire","West Midlands",2020,8.07,75.9047619,3.45,7.3,51.70423313,14.24298692,2.010250456,82.13,7.71,1.503973516,5.371404225,65.15696225,29.39189189,63.13972932,0.889925157,11.6,4.21615383,95.19607843
"South Staffordshire","West Midlands",2015,7.99,69.82421875,2.77,7.67,59.12561603,17.28228185,1.465096223,82.175,7.73,2.456824915,6.355845616,64.54874845,30.38677009,64.00880604,1.806488908,9,3.79085025,95.51227773
"South Staffordshire","West Midlands",2017,8.25,77.11941659,2.61,7.93,63.36441803,17.28228185,1.687406748,81.98,8.03,3.128072214,6.355845616,61.6372477,29.55219926,64.25155805,0,11.2,3.49813972,96.32690542
"South Staffordshire","West Midlands",2021,7.97,75.9047619,2.57,7.51,51.70423313,12.71314949,2.865128938,82.13,7.65,1.503973516,6.708234726,68.35143981,29.39189189,64.31074006,0.902584098,7.7,3.49599296,93.75
"South Staffordshire","West Midlands",2018,8.29,75.50239234,2.57,7.65,60.69806712,17.28228185,1.965866181,82.275,7.96,2.827176569,6.355845616,63.25970743,27.5725628,68.95643316,0,12.4,2.89579803,95.56004036
"South Staffordshire","West Midlands",2019,8.25,75.9047619,2.39,7.71,55.05766935,15.76758867,1.703936902,82.29,8.02,2.348002419,4.952904956,60.7748226,30.57040998,67.65890543,0.889394856,9.4,2.82942789,94.91046183
"South Staffordshire","West Midlands",2016,8,77.42885182,3.01,7.45,59.12561603,17.28228185,3.104836116,82.37,7.56,2.203772499,6.355845616,64.54874845,30.17579792,64.00880604,0.899498979,10.7,3.49609837,95.51227773
"Stafford","West Midlands",2020,7.47,76.89581857,3.45,7.44,56.2349489,22.91183012,4.566315629,81.98,7.39,3.27148225,11.269025,67.97881171,28.48489971,74.56637738,7.253840909,15,3.75847331,95.26112186
"Stafford","West Midlands",2021,7.33,76.89581857,3.2,7.24,56.2349489,18.19596773,2.124594467,81.98,7.1,3.27148225,9.827946974,61.69967147,28.48489971,70.84950673,5.829586609,6.9,3.37973449,94.72222222
"Stafford","West Midlands",2015,7.81,74.17116423,2.76,7.27,58.60009918,22.82436634,1.736460126,81.895,7.8,5.906821963,11.24211527,67.80618053,25.30646433,70.61547936,3.781576161,12.3,3.3531428,95.95216191
"Stafford","West Midlands",2018,7.78,76.84283727,3.16,7.51,55.81693611,22.82436634,1.817221413,82.115,7.73,7.175448926,11.24211527,61.17743705,28.52964905,65.67511218,5.151604357,9.2,2.84843267,95.21912351
"Stafford","West Midlands",2016,7.98,75.79102281,2.83,7.18,58.60009918,22.82436634,1.867947856,81.93,7.75,6.53130237,11.24211527,67.80618053,26.2367594,70.61547936,11.22216902,15.3,3.64285539,95.95216191
"Stafford","West Midlands",2017,7.97,76.67638484,2.44,7.45,53.33345077,22.82436634,1.727921198,82.065,7.93,7.821079814,11.24211527,60.54813133,26.18589744,68.55655473,5.194265531,8.5,3.31917249,96.82539683
"Stafford","West Midlands",2019,7.95,76.89581857,2.7,7.7,53.27210712,21.26926349,3.24142026,82.245,7.96,5.412296037,12.23986674,60.04223146,27.88469368,68.67955892,3.642191142,13.4,3.01089904,95.46858908
"Staffordshire Moorlands","West Midlands",2021,8.26,75.82417582,3.1,7.72,57.91404079,12.16944844,1.251966211,81.655,7.94,1.635730033,10.5823678,68.82774696,28.94295302,68.42437429,2.083485254,8.5,3.05817841,96.05988968
"Staffordshire Moorlands","West Midlands",2020,8.26,75.82417582,3.4,7.3,57.91404079,18.3080724,2.600338913,81.655,7.76,1.635730033,10.81318303,66.69730789,28.94295302,69.9254438,0,12.8,2.78202444,95.92006661
"Staffordshire Moorlands","West Midlands",2015,8.1,69.375,2.77,7.68,57.46896495,18.13349795,4.562517478,81.485,7.83,2.662966402,8.588103898,67.09083769,28.13735178,60.92304068,4.081174562,14.1,2.83993325,95.6043956
"Staffordshire Moorlands","West Midlands",2017,8.08,77.36051502,2.6,7.59,58.04757044,18.13349795,2.757727394,81.365,7.88,3.401153346,8.588103898,61.37661238,27.23016684,66.76945074,1.015269656,11.1,3.22952596,94.84797297
"Staffordshire Moorlands","West Midlands",2016,8.19,73.34004024,3.12,7.88,57.46896495,18.13349795,1.159595149,81.385,7.88,3.483539765,8.588103898,67.09083769,28.70520683,60.92304068,2.037157757,9,2.91794474,95.6043956
"Staffordshire Moorlands","West Midlands",2018,8.08,76.58227848,2.75,7.62,50.82410639,18.13349795,1.727828768,81.44,7.84,3.201317113,8.588103898,64.04699649,28.8015873,62.06186328,2.032582294,8.7,2.73459633,95.97701149
"Staffordshire Moorlands","West Midlands",2019,7.8,75.82417582,2.95,7.63,55.93051552,15.19358546,1.363602751,81.865,7.82,2.783562757,7.73651406,62.24133846,29.08822444,70.11626883,4.063595266,14.8,2.95079668,96.01386482
"Tamworth","West Midlands",2020,7.63,71.62790698,3.96,7.36,52.96358853,23.91749212,1.584120128,80.495,7.3,4.189217319,12.20430993,70.44669232,28.65797587,62.47284372,6.504995837,15,4.70830914,93.50180505
"Tamworth","West Midlands",2021,7.85,71.62790698,2.63,7.33,52.96358853,21.07024029,1.272992594,80.495,7.43,4.189217319,16.38244375,74.94458664,28.65797587,62.40165775,1.268423857,12.3,4.04229218,90.83601286
"Tamworth","West Midlands",2019,7.94,71.62790698,4.03,7.5,45.26884172,20.19060462,1.54580092,81.215,7.62,8.461979764,16.04752363,68.58997427,29.85679779,63.4014395,6.519244811,19.4,3.61314679,93.62068966
"Tamworth","West Midlands",2018,7.98,71.30712009,3.1,7.49,49.83381921,21.08865799,3.738842892,80.97,7.79,8.842171157,15.42219708,63.5979081,31.65297312,64.23028742,3.912465114,13.2,4.00157877,93.16770186
"Tamworth","West Midlands",2017,7.64,73.66803279,2.4,7.18,54.81887945,21.08865799,1.973184528,80.98,7.86,9.9442027,15.42219708,61.85904825,32.20015279,65.82891478,5.226913377,18.5,3.83383876,94.73684211
"Tamworth","West Midlands",2016,8.05,74.18677859,2.29,7.32,51.69254943,21.08865799,2.666340097,80.68,7.92,9.998701467,15.42219708,70.63463914,28.46153846,61.64927571,10.38826126,16.7,3.53925137,93.78787879
"Tamworth","West Midlands",2015,8.17,69.20039487,2.65,7.68,51.69254943,21.08865799,3.657814765,80.825,7.85,8.157389635,15.42219708,70.63463914,27.19500062,61.64927571,6.484411475,12.3,2.78741599,93.78787879
"Babergh","East of England",2021,8.18,73.24766355,3.26,7.84,59.97431062,25.36806912,2.063305397,83.41,7.8,2.189033267,15.77142089,63.83898994,22.38722331,73.62688328,4.313924269,9.8,3.43402638,94.86581097
"Babergh","East of England",2020,8.15,73.24766355,2.64,7.79,59.97431062,22.36216167,2.585278126,83.41,8.02,2.189033267,12.7988014,69.72823804,22.38722331,68.99903119,6.470049065,13.8,3.11440652,95.30831099
"Babergh","East of England",2015,8.01,69.79405034,3.07,7.37,57.23310169,19.7438151,1.80972618,83.015,7.63,4.093437152,13.38825069,58.17701973,27.08892201,62.17235313,2.224694105,17.2,3.42006558,95.83333333
"Babergh","East of England",2016,7.99,71.62471396,3.14,7.58,57.23310169,19.7438151,1.750771896,82.85,7.79,3.95567867,13.38825069,58.17701973,25.39119001,62.17235313,7.756232687,8.6,3.38051295,95.83333333
"Babergh","East of England",2017,7.99,76.53890825,2.71,7.79,57.31721704,19.7438151,1.493613093,82.865,7.92,4.350507743,13.38825069,58.32250327,24.46148229,73.85873297,1.101394365,7.3,3.66040483,96.05597964
"Babergh","East of England",2019,8.36,73.24766355,2.8,7.86,58.80211382,23.64097072,1.681333056,83.49,8.23,3.672475988,12.04377972,66.99314399,25.04232804,68.72813506,2.173062715,10.5,3.15262393,94.17475728
"Babergh","East of England",2018,8.06,74.34679335,3.08,7.87,59.49216347,19.7438151,2.52042864,83.17,7.99,3.632345379,13.38825069,62.73548744,26.47849462,62.65053099,0,9.3,3.0838606,95.38043478
"Ipswich","East of England",2015,7.69,65.06024096,2.81,7.25,55.4602127,28.08198091,2.338648741,81.04,7.32,15.65064563,18.54356461,60.35845998,28.14239332,65.81071572,11.61996892,18.3,5.81973321,92.80868385
"Ipswich","East of England",2020,7.55,66.79797411,3.82,6.8,51.89337916,28.11175989,3.276845131,81.205,7.12,8.449834166,17.04390079,63.21648342,31.23156342,64.12947141,6.618669059,18.9,4.62040794,94.35600579
"Ipswich","East of England",2018,8.24,69.20980926,2.97,7.46,51.01144795,28.08198091,1.913555275,81.265,7.71,19.46456097,18.54356461,65.75793619,27.44864613,67.54507552,7.998138615,17.1,4.24426473,95.47581903
"Ipswich","East of England",2017,8,69.68566862,3.28,7.43,60.46184299,28.08198091,3.016697797,81.295,7.63,18.6886193,18.54356461,58.37562876,27.78977459,63.54699325,15.16464471,20,4.6442735,94.21720733
"Ipswich","East of England",2016,8.04,68.01292407,3.06,7.48,55.4602127,28.08198091,2.171585621,81.4,7.68,16.07046168,18.54356461,60.35845998,27.65945432,65.81071572,19.49247374,19.8,4.78423966,92.80868385
"Ipswich","East of England",2019,7.71,66.79797411,3.36,7.24,51.12927438,27.9552626,1.36040243,81.335,7.61,17.80692849,18.89957671,68.18863806,28.49919765,59.57150195,5.112735825,20.7,4.87300799,94.02420575
"Ipswich","East of England",2021,7.9,66.79797411,3.22,7.21,51.89337916,20.3446764,7.782665896,81.205,7.71,8.449834166,15.90761748,68.23762791,31.23156342,54.07074722,2.148781641,22,3.71058669,93.04347826
"Mid Suffolk","East of England",2021,8.09,75.09920635,2.95,7.76,60.25382303,20.17060854,2.699619314,83.115,7.99,0.991826964,9.862523896,60.43500402,25.76760792,68.67655987,0.966959011,11.7,3.22309887,95.3180212
"Mid Suffolk","East of England",2020,7.67,75.09920635,2.83,7.54,60.25382303,17.9068662,2.365531726,83.115,7.62,0.991826964,8.293633324,61.62247143,25.76760792,70.49847723,0.953679773,8.2,3.5981629,96.1574508
"Mid Suffolk","East of England",2018,7.89,73.48242812,3.04,7.54,62.02830716,22.00689478,2.47710984,83.345,7.83,2.019650122,9.152379752,68.04482345,26.28262291,66.15338513,0,8.3,3.26178227,96.50485437
"Mid Suffolk","East of England",2017,7.9,74.43902439,2.16,7.66,62.85193247,22.00689478,2.181311807,83.41,7.86,4.352835744,9.152379752,63.88772035,24.79015267,65.74650297,1.969608934,7.4,2.93191268,95.84415584
"Mid Suffolk","East of England",2015,8.07,69.5473251,2.7,7.86,59.63067683,22.00689478,2.298776715,82.945,7.84,4.089734766,9.152379752,65.83682,22.75456229,63.74026923,1.994992569,11.6,3.06784548,96.80065628
"Mid Suffolk","East of England",2016,7.93,74.24547284,2.33,8.19,59.63067683,22.00689478,2.249695476,83.58,7.92,3.961477363,9.152379752,65.83682,24.9844017,63.74026923,0.992851469,11,3.51916751,96.80065628
"Mid Suffolk","East of England",2019,7.86,75.09920635,3.11,7.53,60.65558582,19.56799596,2.663889076,83.355,7.76,1.771018817,10.20542781,64.88644383,24.17884646,71.6259687,1.925020453,12,2.45210676,96.26933576
"Elmbridge","South East England",2021,7.8,80.23917995,3.25,7.49,59.70775585,12.65204337,2.868069685,84.145,7.58,2.339394381,9.078446202,50.83361209,18.55736856,72.67415109,3.58759839,8.3,3.12009413,95.20467836
"Elmbridge","South East England",2020,7.68,80.23917995,3.77,7.44,59.70775585,15.80303571,1.785368916,84.145,7.54,2.339394381,7.638456379,49.43307098,18.55736856,73.49778771,3.643916481,5,3.54842384,97.63033175
"Elmbridge","South East England",2015,7.66,73.8845925,2.62,7.45,58.486649,17.15214367,3.425201166,83.91,7.54,3.530332797,5.914109051,55.70653842,19.85812612,72.83727052,5.169943426,12.9,3.08121136,93.45238095
"Elmbridge","South East England",2018,8.28,79.85611511,2.35,7.9,63.23295697,17.15214367,1.802923968,83.965,8.1,4.179292375,5.914109051,55.0615436,18.97532189,71.15209481,8.051176204,7.7,2.49184204,95.32237674
"Elmbridge","South East England",2016,7.78,77.37104825,3.23,7.62,58.486649,17.15214367,1.881229933,84.005,7.62,4.078333395,5.914109051,55.70653842,21.53503473,72.83727052,2.939339383,12.2,3.34049602,93.45238095
"Elmbridge","South East England",2017,7.88,80.13659647,2.88,7.91,65.20457958,17.15214367,2.482244098,83.985,7.9,3.739578674,5.914109051,54.67037906,19.20609463,73.03830381,5.866005763,10.9,2.89090302,95.2853598
"Elmbridge","South East England",2019,7.85,80.23917995,3.22,7.76,66.71248844,18.04953217,1.876873157,84.275,7.75,3.859790197,6.604902128,54.47418785,18.89739483,73.40158102,6.579187836,8.4,2.31091365,96.17283951
"Epsom and Ewell","South East England",2021,7.52,78.5,3.2,7.05,51.51704909,20.93105138,3.171366408,83.875,7.14,3.345555103,10.80484893,58.62331461,21.53679654,72.12456774,4.938393541,5.5,3.11901748,94.80401094
"Epsom and Ewell","South East England",2020,7.7,78.5,3.69,7.14,51.51704909,34.38978372,3.846879229,83.875,7.36,3.345555103,22.18449568,59.49079527,21.53679654,71.98416768,3.703566535,7.8,2.92212684,96.57869013
"Epsom and Ewell","South East England",2015,7.89,75.61497326,2.87,7.5,57.69230265,32.48035699,1.836600798,83.36,7.86,5.404096407,13.73574554,48.8661162,20.5299326,71.99246754,7.647306236,13.8,2.90512577,96.28942486
"Epsom and Ewell","South East England",2016,8.09,78.28282828,2.68,7.84,57.69230265,32.48035699,5.061314167,83.455,7.69,5.822858517,13.73574554,48.8661162,18.90594637,71.99246754,3.797516424,4.9,3.02084985,96.28942486
"Epsom and Ewell","South East England",2018,8.09,79.47154472,3.63,7.58,53.18213915,32.48035699,3.309252714,84.24,7.71,5.780202182,13.73574554,52.6264816,18.85264642,73.6807559,7.50675608,6.7,2.98936482,97.57751938
"Epsom and Ewell","South East England",2017,8.27,79.17077986,3.2,7.79,62.25835374,32.48035699,1.695142191,83.94,7.85,5.261104328,13.73574554,53.09709719,18.78423205,72.79837197,3.775912197,9.2,3.45050644,97.40134745
"Epsom and Ewell","South East England",2019,8.36,78.5,2.85,7.84,57.45995618,34.90674153,4.281158805,84.7,8.05,4.688255795,16.28055748,60.28780798,18.87987013,68.43592547,6.201396555,10,2.2937822,96.03567889
"Guildford","South East England",2020,7.67,77.23749119,3.25,7.05,57.78774248,17.7369647,2.472375191,83.965,7.26,5.054804725,13.55822107,57.95177252,21.07438017,71.26717046,6.651058849,11.5,2.95343216,95.69640063
"Guildford","South East England",2015,7.96,70.87646653,2.53,7.95,61.10673955,17.64567116,4.213773583,83.355,7.76,5.501323627,9.564574734,59.87309299,22.12321492,74.64078122,9.651444959,14,3.3929072,96.09984399
"Guildford","South East England",2016,7.66,72.9303548,2.65,7.45,61.10673955,17.64567116,4.524915528,83.465,7.5,6.122101536,9.564574734,59.87309299,19.7995302,74.64078122,8.852872076,12.5,3.46304982,96.09984399
"Guildford","South East England",2017,8.06,74.4059742,2.99,7.27,68.50375714,17.64567116,5.843890089,83.39,7.75,8.174479114,9.564574734,48.57179036,21.47988506,69.02213329,8.797038781,11,2.25629445,95.99383667
"Guildford","South East England",2018,8.11,77.66853933,2.54,7.68,56.69272327,17.64567116,3.000462161,83.615,7.49,8.736281941,9.564574734,58.83205395,20.77318107,74.79109257,10.818925,10.6,2.75102336,95.5801105
"Guildford","South East England",2019,7.88,77.23749119,3.26,7.44,59.38849139,17.25010922,3.354670814,84.075,7.62,7.818896898,16.71508066,56.78494229,19.3467524,77.04965204,10.73839917,12.5,1.80611066,95.15859766
"Guildford","South East England",2021,7.63,77.23749119,2.88,7.18,57.78774248,15.65773164,5.188503535,83.965,7.39,5.054804725,11.04873107,59.81786475,21.07438017,71.05748286,5.558296104,5.9,2.77857872,94.70404984
"Mole Valley","South East England",2020,7.73,81.44078144,3.48,7.39,57.91324773,22.66977546,3.536894189,83.86,7.43,2.387289113,10.96050714,56.82209597,20.59268873,68.03788127,0,18,3.17027125,96.36098981
"Mole Valley","South East England",2015,8.03,75.13812155,2.77,7.57,60.77096683,18.8571296,2.259347809,83.35,8,2.977764492,8.536245599,58.99415403,20.13440165,75.81092534,3.44914806,13.3,3.04356622,96.59239843
"Mole Valley","South East England",2016,7.95,77.80104712,2.45,7.92,60.77096683,18.8571296,3.263274607,83.23,7.82,2.956748951,8.536245599,58.99415403,20.13134058,75.81092534,1.146026725,9.1,3.119956,96.59239843
"Mole Valley","South East England",2017,7.64,79.8185941,2.97,7.39,56.84031412,18.8571296,3.195139489,83.46,7.53,3.052979524,8.536245599,51.01432096,21.43346547,76.73717519,0,11.2,2.70289808,95.60906516
"Mole Valley","South East England",2018,7.95,81.43360752,3.06,7.57,60.57241599,18.8571296,1.556943559,84.1,8.06,3.25490241,8.536245599,52.5770347,20.71428571,67.64826696,2.292184796,8,2.78725192,95.65217391
"Mole Valley","South East England",2019,8.11,81.44078144,3.17,7.72,62.989194,19.88274746,2.692845703,84.6,7.65,4.046077139,9.728756038,59.79559999,20.42634349,74.32595597,9.169579919,8.3,1.91748595,95.34534535
"Mole Valley","South East England",2021,8.06,81.44078144,3.02,7.85,57.91324773,18.49731747,3.726284938,83.86,7.87,2.387289113,7.795237126,54.54457011,20.59268873,74.76917962,3.424344809,12.4,3.10530333,96.38069705
"Reigate and Banstead","South East England",2015,8.14,74.35475014,2.47,7.77,57.19233672,17.62794498,2.5051631,82.225,8,4.416039612,8.508177539,59.24969013,22.65087443,72.98807289,2.086317927,15.2,3.48118141,94.89164087
"Reigate and Banstead","South East England",2020,7.79,78.99945025,3.24,7.23,56.07997924,16.54738384,1.72307236,82.75,7.17,2.914709568,10.03385119,58.49403021,22.70264011,65.99934145,1.340096353,11.5,3.38772708,94.64144996
"Reigate and Banstead","South East England",2021,8.02,78.99945025,2.63,7.18,56.07997924,18.94840054,1.770378246,82.75,7.56,2.914709568,7.342490537,60.95211171,22.70264011,71.59422286,1.981204969,8.8,2.94262926,95.0115119
"Reigate and Banstead","South East England",2017,7.69,77.6837652,3.34,7.39,59.23045352,17.62794498,2.373622767,82.195,7.56,3.682121558,8.508177539,61.03805027,23.21031115,68.71062211,2.049418307,9.5,2.55560245,94.24920128
"Reigate and Banstead","South East England",2016,7.73,76.80851064,3.41,7.14,57.19233672,17.62794498,7.365178914,82.095,7.5,3.537898186,8.508177539,59.24969013,21.93939394,72.98807289,0.68830704,14.5,2.96046774,94.89164087
"Reigate and Banstead","South East England",2018,7.83,78.7431694,2.61,7.69,53.4277666,17.62794498,2.797832466,82.77,7.85,4.033649844,8.508177539,54.36589196,20.95177074,74.66155125,1.353573773,9.8,2.96520701,94.77234401
"Reigate and Banstead","South East England",2019,7.88,78.99945025,3.18,7.51,62.48244669,18.95942361,4.489777568,82.96,7.72,3.825261516,8.08091375,59.52927885,22.3147956,74.32648383,2.01683384,8.8,2.22145167,94.64740867
"Runnymede","South East England",2020,8.32,76.06557377,2.86,7.75,57.52657066,19.18937236,5.121168594,82.595,8,4.018731941,9.932197287,63.79394866,28.20512821,66.45845725,2.214177378,14.1,2.62994896,95.93023256
"Runnymede","South East England",2017,7.61,74.89224138,2.95,7.31,60.20343705,19.4508698,2.235109663,82.425,7.57,4.972261228,10.10484898,55.70934396,24.05171594,65.94768961,4.603945581,14.6,2.36043704,94.8156682
"Runnymede","South East England",2015,7.63,71.2206047,3.36,7.27,51.85867804,19.4508698,4.148786662,82.76,7.4,3.988610693,10.10484898,60.46031438,26.47314134,65.58659681,3.529743976,11.1,3.30078203,94.30167598
"Runnymede","South East England",2016,8.19,73.9380023,3.54,7.64,51.85867804,19.4508698,3.469855726,82.85,7.9,5.244876693,10.10484898,60.46031438,23.04313725,65.58659681,5.789047123,14,2.86525218,94.30167598
"Runnymede","South East England",2018,7.93,77.65567766,2.52,7.88,53.29081714,19.4508698,2.560431598,82.455,7.89,4.170454545,10.10484898,60.59690017,23.26699388,71.50745084,4.545454545,11.1,2.70663798,95.1048951
"Runnymede","South East England",2021,7.51,76.06557377,3.19,7.46,57.52657066,22.90677674,3.246043816,82.595,7.37,4.018731941,11.62765801,62.09676574,28.20512821,68.04120249,2.279488027,9,3.76103189,94.15137615
"Runnymede","South East England",2019,7.99,76.06557377,2.6,7.75,56.85663002,23.8707091,3.79359891,82.835,7.71,3.645553766,12.94742942,55.29653688,22.8358562,72.97179199,2.236536053,17.7,2.16610218,95.17490953
"Spelthorne","South East England",2015,7.82,67.58859118,3.36,7.64,55.99084791,24.98083642,5.445068499,82.075,7.7,5.446102887,7.678421892,61.54562509,25.24038462,61.46217235,12.19276766,15.2,3.45827205,94.21800948
"Spelthorne","South East England",2020,7.6,74.89643745,4.29,7.53,53.08242389,25.38150676,4.116613782,82.19,7.23,3.464399788,8.943679816,66.2343018,24.99377645,66.86910296,6.00762969,13.3,3.77303264,95.05440158
"Spelthorne","South East England",2019,8.3,74.89643745,2.92,7.95,50.29494531,25.28290623,5.97106975,82.545,7.93,4.927687192,9.122033224,54.26469992,25.48052816,62.20596456,9.014061937,7.8,2.51409062,93.82857143
"Spelthorne","South East England",2018,7.8,76.0483871,3.21,7.48,53.63306574,24.98083642,2.51473224,82.705,7.52,5.647613103,7.678421892,57.90714583,25.34749459,70.85668836,8.053637224,15.1,2.57748371,94.92440605
"Spelthorne","South East England",2016,7.88,72.57799672,3.13,7.58,55.99084791,24.98083642,1.952738594,82.235,7.58,5.987721126,7.678421892,61.54562509,26.14735702,61.46217235,18.20590883,18.6,3.91993571,94.21800948
"Spelthorne","South East England",2017,7.72,74.91856678,2.87,7.53,54.36762885,24.98083642,2.588906783,82.44,7.71,5.962469734,7.678421892,63.42574304,25.80737746,68.26141075,4.03551251,16.8,2.9473387,95.17102616
"Spelthorne","South East England",2021,7.68,74.89643745,3.63,7.4,53.08242389,17.59128087,9.60166295,82.19,7.27,3.464399788,9.687693829,64.36181099,24.99377645,64.12342324,1.941841837,9.9,4.01355222,95.03042596
"Surrey Heath","South East England",2021,8,81.61530287,1.91,7.82,55.38798098,22.00080285,2.793187132,83.375,8.01,3.744226716,14.39697649,62.32984685,22.79139685,75.12815783,5.51602405,5.7,2.77496926,95.0295858
"Surrey Heath","South East England",2020,8.03,81.61530287,3.24,7.19,55.38798098,30.86477367,3.428094226,83.375,7.89,3.744226716,18.52604285,64.87961866,22.79139685,71.73569612,7.847181741,11.2,3.45952912,94.65174129
"Surrey Heath","South East England",2015,7.79,73.96569122,3.35,7.39,53.07653159,30.86426542,7.518095732,82.82,7.48,3.993890366,10.43183342,58.6563648,21.80207502,66.74241559,20.36544663,12.7,3.26272386,95.54513482
"Surrey Heath","South East England",2016,7.75,82.2265625,3.06,7.65,53.07653159,30.86426542,6.080261175,83.05,7.5,3.855476016,10.43183342,58.6563648,22.98583308,66.74241559,13.52798602,12.4,3.02863547,95.54513482
"Surrey Heath","South East England",2017,8.24,80.48309179,2.54,7.89,57.74548665,30.86426542,5.60157748,83.21,8.04,5.565256576,10.43183342,64.00809346,23.82333553,67.06884729,5.632850786,9.6,2.17937738,94.93201483
"Surrey Heath","South East England",2018,7.92,79.05759162,3.92,6.71,58.82537498,30.86426542,3.051400174,83.49,7.32,5.288385805,10.43183342,60.71603172,23.22350512,70.46362518,6.751130814,9.9,2.78774449,95.70707071
"Surrey Heath","South East England",2019,7.67,81.61530287,3.43,7.3,52.60533086,21.26822989,4.525227432,83.78,7.45,4.456637366,11.25181032,58.4399355,23.04660856,70.38373709,13.43709759,11.4,2.0772016,96.16368286
"Tandridge","South East England",2020,7.73,81.15015974,2.64,7.71,59.48017497,18.6360261,2.496159652,82.955,7.53,2.032933523,8.400325617,59.97039544,21.98399085,68.77340345,1.129407513,8.1,3.20514252,94.21720733
"Tandridge","South East England",2016,7.74,76.66666667,2.41,7.47,57.66311569,17.2579438,4.77463333,82.82,7.75,1.779791279,8.518921835,57.702993,21.4096719,61.67426707,2.311417245,14.7,2.75379641,94.84536082
"Tandridge","South East England",2017,8.19,78.38983051,3.11,7.52,68.64957474,17.2579438,2.68359946,83.04,7.62,2.165022853,8.518921835,54.3548058,22.03848585,72.98717642,2.291029474,11.7,2.61467465,95.95448799
"Tandridge","South East England",2015,7.79,75.52370452,2.4,7.56,57.66311569,17.2579438,3.478608386,82.535,7.68,2.316269758,8.518921835,57.702993,20.16814661,61.67426707,2.327909305,17.9,2.93553904,94.84536082
"Tandridge","South East England",2019,7.78,81.15015974,2.72,7.58,62.53508427,17.41073313,2.098056775,83.385,7.72,2.121889503,14.38106009,57.63568466,21.47239264,71.88461598,2.269400538,8,2.29796055,94.85094851
"Tandridge","South East England",2018,8.03,80.56155508,3.21,7.63,56.10261111,17.2579438,2.721900681,83.22,7.64,1.634360428,8.518921835,54.29628715,24.66224086,71.67083682,1.14290939,13,2.76877625,94.65753425
"Tandridge","South East England",2021,8.14,81.15015974,2.61,7.44,59.48017497,17.76204643,2.862935701,82.955,7.91,2.032933523,10.51078782,56.68393973,21.98399085,76.56926503,2.269040083,11.7,2.74003273,93.68421053
"Waverley","South East England",2015,7.85,73.16735823,2.57,7.8,66.75573382,17.8880949,2.981229761,83.355,7.92,2.273991823,10.56089542,56.6560145,19.52172005,76.26958724,1.612760158,11.7,2.97952717,95.61538462
"Waverley","South East England",2020,7.48,77.44186047,3.36,7.14,63.37954061,20.08844721,2.958244982,83.865,7.25,2.773475774,13.70662711,49.4331196,17.48213731,77.91700389,2.370492114,9.1,3.20133459,95.81239531
"Waverley","South East England",2016,8.17,74.83962937,2.42,8,66.75573382,17.8880949,4.942788692,83.51,8.08,2.536258056,10.56089542,56.6560145,18.48046391,76.26958724,3.210453236,9.1,2.4720179,95.61538462
"Waverley","South East England",2018,7.87,77.90449038,2.74,7.38,61.39060546,17.8880949,2.103923383,83.94,8.09,2.563490168,10.56089542,51.61951636,17.36300924,79.16726805,1.592229918,7.1,2.3023809,94.92219492
"Waverley","South East England",2017,8.12,77.18120805,2.91,7.73,62.80748679,17.8880949,4.429862677,83.67,7.84,2.743780498,10.56089542,51.14123036,19.36500154,74.10527579,0.799936005,8.3,2.27440444,95.29880478
"Waverley","South East England",2019,8.05,77.44186047,2.95,7.48,64.0469505,19.86000984,2.616070134,84.1,7.69,3.30093091,7.651127542,54.83575409,17.56526429,78.73959318,3.166360585,10.1,1.84361652,94.86740804
"Waverley","South East England",2021,8.04,77.44186047,2.75,7.32,63.37954061,16.56587101,9.965958251,83.865,7.6,2.773475774,9.802411203,56.69470182,17.48213731,78.35324919,0.775927621,4.4,3.10336768,94.77379095
"Woking","South East England",2020,7.9,74.34514638,2.69,8.31,57.21651281,16.52752515,6.228276817,82.955,7.95,4.559635229,11.84279934,60.70517387,23.05944056,66.04780885,0.999920006,6.4,3.66247525,96.72131148
"Woking","South East England",2016,8.33,72.05992509,2.77,8.04,59.43002883,18.5797035,3.700759989,82.485,8.1,6.241310971,9.138980895,58.78638351,22.64239029,67.64721384,11.83186914,12.9,2.32094555,93.90103567
"Woking","South East England",2015,7.68,68.79120879,3,7.36,59.43002883,18.5797035,6.5348361,83.025,7.6,6.655046744,9.138980895,58.78638351,23.97196596,67.64721384,11.88401204,16.2,2.88930571,93.90103567
"Woking","South East England",2021,7.92,74.34514638,3.31,7.3,57.21651281,15.40772788,6.315215407,82.955,7.8,4.559635229,9.708138869,56.69941224,23.05944056,69.66628869,1.925131631,6.1,3.68680437,95.56494192
"Woking","South East England",2017,8.1,74.83246463,3.19,7.64,59.14394525,18.5797035,7.649177783,82.705,7.63,6.911963927,9.138980895,57.43090166,23.28385065,64.59669141,17.79904874,9.1,2.37564387,96.54320988
"Woking","South East England",2019,7.98,74.34514638,3.64,7.59,59.95760489,16.93357352,5.462086723,83.77,7.79,5.952794341,12.07919754,62.01432244,24.91704152,70.42226621,10.91345629,7.6,2.09840135,95.02427184
"Woking","South East England",2018,8.26,74.38345267,2.18,8.14,56.30238561,18.5797035,3.002034509,83.11,8.03,6.336058201,9.138980895,50.7690412,23.86575686,70.91721819,10.8731108,14.5,2.3759925,95.97238205
"North Warwickshire","West Midlands",2021,7.87,73.0994152,3.24,7.62,47.03756445,19.20558375,11.1062521,80.33,7.55,2.9945609,10.40218565,69.38524987,30.44134984,65.72248434,0,14.8,3.2362891,94.19978518
"North Warwickshire","West Midlands",2020,7.88,73.0994152,3.55,7.43,47.03756445,20.11221611,18.25368323,80.33,7.36,2.9945609,13.31631373,68.70604232,30.44134984,66.74058635,0,16.9,4.22932384,92.58400927
"North Warwickshire","West Midlands",2016,8.65,66.48351648,2.74,8.09,54.1543485,25.77062109,5.17291652,80.64,8.36,4.09855522,12.08824874,64.31667033,28.71484814,62.24538778,9.494722517,6.4,3.43444511,94.56384324
"North Warwickshire","West Midlands",2018,8.34,70.70844687,2.49,7.79,55.35732117,25.77062109,2.899699557,80.535,7.91,3.222821897,12.08824874,66.98056635,29.59087978,62.99846463,3.084040093,14.4,2.99714131,93.79746835
"North Warwickshire","West Midlands",2015,8.07,64.25269646,2.18,7.83,54.1543485,25.77062109,3.59241407,80.69,7.86,3.059029714,12.08824874,64.31667033,28.50065617,62.24538778,7.966223214,10.7,3.53284142,94.56384324
"North Warwickshire","West Midlands",2019,7.98,73.0994152,3.18,7.63,54.91953692,24.91768759,3.036092261,80.85,7.82,3.018509439,13.28989018,66.19582037,31.49224806,66.51495508,0,15.1,3.12043831,94.32799014
"North Warwickshire","West Midlands",2017,7.97,71.12068966,2.32,7.79,56.15099547,25.77062109,4.814990779,80.76,7.78,3.527446971,12.08824874,65.91097749,29.94674185,62.90022606,0,5.7,3.07365872,92.99610895
"Nuneaton and Bedworth","West Midlands",2020,7.69,68.55733662,3.05,7.61,50.95061012,21.24432314,15.2737125,79.46,7.56,6.090218067,13.67850745,72.20537055,30.69339089,62.63102636,4.602179899,19,4.85050093,94.65517241
"Nuneaton and Bedworth","West Midlands",2018,7.9,69.64177292,2.49,7.71,52.70504524,24.75993708,14.11885417,80.255,7.81,8.518099021,12.71323486,71.40892405,30.54219409,61.12440024,17.06722937,16.6,3.80800061,95.21056978
"Nuneaton and Bedworth","West Midlands",2015,7.92,62.94046173,2.86,7.62,56.01674641,24.75993708,6.512906556,80.12,7.6,8.972931131,12.71323486,67.76474605,29.15441176,62.55420678,0.789870698,15.9,5.23954691,93.67378049
"Nuneaton and Bedworth","West Midlands",2021,7.84,68.55733662,3.24,7.4,50.95061012,17.28767455,14.00219023,79.46,7.69,6.090218067,8.884156588,69.14298968,30.69339089,57.89907244,2.978606161,15.2,3.30145168,91.36807818
"Nuneaton and Bedworth","West Midlands",2019,7.82,68.55733662,2.76,7.21,56.3719491,22.29780674,11.5819034,79.975,7.63,8.63854392,8.436389347,68.00176707,30.21130509,60.23413156,6.159389604,14.5,3.86812939,93.60210342
"Nuneaton and Bedworth","West Midlands",2017,7.86,67.85714286,3.07,7.59,47.29915736,24.75993708,5.202577994,80.21,7.82,11.31673649,12.71323486,64.99943515,29.95701482,60.43179235,3.886241926,16.4,5.07945012,93.80165289
"Nuneaton and Bedworth","West Midlands",2016,7.95,66.41086187,3.02,7.33,56.01674641,24.75993708,19.45296736,80.39,7.3,10.24484233,12.71323486,67.76474605,29.57979334,62.55420678,1.566489653,19.1,5.40371514,93.67378049
"Rugby","West Midlands",2021,7.73,71.33382461,3.27,7.39,58.24345906,17.4649516,12.24527702,81.64,7.56,4.482602802,15.18097998,68.46857596,26.43541429,67.06349103,2.612580446,15.7,3.60639625,94.80642115
"Rugby","West Midlands",2020,8.07,71.33382461,3.34,7.31,58.24345906,17.04713743,6.312716748,81.64,7.7,4.482602802,12.33743428,60.43765007,26.43541429,67.60297797,4.518752824,10.7,4.11025022,94.27480916
"Rugby","West Midlands",2016,8.11,72.03450755,2.61,7.68,59.05014466,19.13866616,16.59096286,81.775,7.97,7.341558158,9.998713782,56.46263402,28.29877163,65.1998846,0,15.8,3.73433892,93.94221808
"Rugby","West Midlands",2015,7.91,69.2185008,1.99,7.59,59.05014466,19.13866616,12.44031526,82.26,7.69,7.48647743,9.998713782,56.46263402,26.47628751,65.1998846,18.18965105,11.9,3.2483201,93.94221808
"Rugby","West Midlands",2017,7.81,72.10682493,2.68,7.77,59.55890552,19.13866616,12.79884615,81.745,7.71,8.152327221,9.998713782,57.30234256,25.99488586,63.98444019,5.641748942,14,3.6952116,96.54832347
"Rugby","West Midlands",2018,8.01,72.68408551,2.38,8.02,53.26219567,19.13866616,16.46787013,81.765,7.95,8.097468142,9.998713782,66.68893474,28.07745505,66.18248179,29.85241711,23.1,3.71906062,95.80487805
"Rugby","West Midlands",2019,8.27,71.33382461,3,7.58,53.71400185,21.92777452,13.02263888,81.98,7.8,6.636985358,12.98771354,66.23058164,27.6268647,66.5804718,11.01574333,14.3,3.57281258,95.37512847
"Stratford-on-Avon","West Midlands",2021,7.84,73.56042174,2.91,7.61,63.21491977,15.05560648,10.73433126,83.19,7.86,4.592075648,9.318672041,64.19138474,25.31808962,70.28735111,2.206466418,9,3.48722779,95.3163017
"Stratford-on-Avon","West Midlands",2020,7.64,73.56042174,3.21,7.33,63.21491977,18.75907014,13.5567843,83.19,7.64,4.592075648,9.152135511,58.31639315,25.31808962,71.19181378,3.0211024,10.6,3.16861858,96.39210347
"Stratford-on-Avon","West Midlands",2015,7.85,70.55160142,2.67,7.78,65.0530303,15.34759491,16.0095894,82.8,7.8,5.668174913,6.284284963,56.19393191,23.69505495,68.13789609,7.350659109,11.9,1.95151235,97.36842105
"Stratford-on-Avon","West Midlands",2018,7.76,75.01957713,2.74,7.67,60.07690912,15.34759491,7.376943922,82.965,7.55,6.748706694,6.284284963,56.41888423,25.64772421,69.80387106,7.838219157,9.4,2.73328626,96.83631362
"Stratford-on-Avon","West Midlands",2016,8.03,74.85943775,2.52,7.87,65.0530303,15.34759491,13.31401881,82.61,7.99,7.093923548,6.284284963,56.19393191,24.00217707,68.13789609,10.53954356,11.1,2.39049828,97.36842105
"Stratford-on-Avon","West Midlands",2017,7.67,76.3502455,2.15,7.54,62.08183825,15.34759491,11.91497022,82.8,7.76,8.154821808,6.284284963,51.8289159,25.60515873,71.69553087,13.57805786,9.8,2.90960051,95.79719813
"Stratford-on-Avon","West Midlands",2019,8.05,73.56042174,2.55,7.7,62.13274224,17.54691732,13.73075354,83.305,7.87,6.810250734,9.006547226,61.46575661,25.11054422,69.55960678,4.611907946,11.8,2.28108091,96.98009609
"Warwick","West Midlands",2021,7.33,74.76759628,2.34,7.29,60.83323145,15.20046135,15.39074644,82.555,7.45,4.589086944,11.26048191,62.33664768,23.33552241,74.02694502,4.034182977,16.1,3.59756088,94.35273675
"Warwick","West Midlands",2020,7.69,74.76759628,3.46,7.37,60.83323145,16.22064787,19.65582461,82.555,7.56,4.589086944,10.34906256,58.87159262,23.33552241,76.20925567,2.760353049,12,3.21765519,95.6284153
"Warwick","West Midlands",2018,7.98,73.63216875,2.64,7.78,53.52369837,16.49979751,15.53312657,82.645,7.98,6.751635271,10.36709944,53.56023853,21.8797848,72.13732049,8.421998259,9.9,2.69667231,95.25653437
"Warwick","West Midlands",2016,7.94,72.88801572,2.51,7.57,69.34631911,16.49979751,13.88449777,82.735,7.78,7.097384721,10.36709944,56.29071605,24.47189402,74.1483831,12.90433586,15.6,3.10783754,96.63716814
"Warwick","West Midlands",2015,7.78,69.13985555,2.66,7.41,69.34631911,16.49979751,24.2002531,82.7,7.66,5.66623228,10.36709944,56.29071605,22.65306122,74.1483831,13.67959508,9.8,2.66600094,96.63716814
"Warwick","West Midlands",2017,8.06,74.70624613,2.45,7.8,57.54113941,16.49979751,5.198499521,82.66,7.97,8.147873569,10.36709944,55.65065817,24.98421053,68.36517041,14.96984645,13.9,2.72663777,94.42446043
"Warwick","West Midlands",2019,7.84,74.76759628,2.34,7.83,61.51186087,18.28003821,7.889450164,83.025,7.74,6.810292655,11.62223216,60.34856463,23.00927073,71.85222903,14.60839078,12.1,2.69976059,95.83710407
"Adur","South East England",2021,7.79,70.69199457,3.39,7.4,59.34989047,25.23385282,2.289441972,82.48,7.35,5.811145559,19.98551534,69.93403875,26.05377907,66.13018605,1.547364838,10.8,3.77254708,95.10022272
"Adur","South East England",2015,8.24,66.53645833,3.28,7.66,60.40253565,27.70599354,10.0403644,81.635,7.64,4.801183767,10.50332916,60.16681988,25.34963876,63.92343208,0,17.1,4.11832625,94.44444444
"Adur","South East England",2017,7.93,68.78172589,2.74,7.55,62.15626374,27.70599354,2.113378224,82.095,7.83,3.154376108,10.50332916,61.89545082,25.87880915,70.15949047,3.138682695,11.9,3.46271903,91.74311927
"Adur","South East England",2020,7.96,70.69199457,3.19,7.07,59.34989047,25.42748624,2.258551111,82.48,7.57,5.811145559,17.68530466,60.7120606,26.05377907,73.01117059,0,11.2,3.92114519,92.92237443
"Adur","South East England",2018,7.39,71.25827815,2.95,7.52,56.85365679,27.70599354,3.774161393,82.445,7.31,3.522835805,10.50332916,62.45544479,25.56163427,66.65287966,0,17.7,3.29076521,90.73170732
"Adur","South East England",2019,7.675,70.69199457,3.07,7.295,56.87162417,22.15894767,1.98209049,82.46,7.44,3.856860702,12.01131127,67.25355891,23.21083172,69.00478092,3.110371534,5.1,2.98884884,90.74074074
"Adur","South East England",2016,7.81,66.07369759,3.68,7.33,60.40253565,27.70599354,14.32200258,82.02,7.31,3.237924585,10.50332916,60.16681988,27.99919485,63.92343208,4.715424152,16.5,4.4419098,94.44444444
"Arun","South East England",2016,7.74,65.11342735,3.23,7.45,67.23632693,21.83354991,2.41702456,81.575,7.64,8.004475894,11.17973905,58.78458358,29.04699124,71.4958901,12.07982859,21.7,4.45446484,93.71605896
"Arun","South East England",2020,8.08,70.25745257,2.59,7.58,59.51294048,24.44723162,1.437411309,81.64,7.65,5.604414019,10.8996121,71.17666913,25.91318591,64.96799816,9.309657839,10.5,4.10771238,94.56168831
"Arun","South East England",2018,8.16,69.5302843,2.54,7.75,57.67722102,21.83354991,2.782830234,81.61,7.87,5.931413341,11.17973905,68.63678895,27.31846344,63.91684116,11.26217723,12.9,2.97224285,93.69369369
"Arun","South East England",2015,8.13,57.44680851,3.22,7.43,67.23632693,21.83354991,2.429874402,81.825,7.86,6.688147473,11.17973905,58.78458358,28.65384615,71.4958901,9.627851449,12.3,3.77128053,93.71605896
"Arun","South East England",2017,8.04,70.12374779,2.56,7.87,62.95586406,21.83354991,6.384842924,81.645,7.85,7.380701765,11.17973905,60.94824931,27.74813102,66.87580824,10.71493852,17,3.29089876,93.14741036
"Arun","South East England",2019,7.99,70.25745257,2.76,7.93,62.07765722,22.28611006,4.033148597,81.845,8.08,7.931176053,9.335659676,65.34469074,26.36230116,73.36881529,17.41748467,14.7,3.2714491,93.62054681
"Arun","South East England",2021,8.04,70.25745257,2.81,7.76,59.51294048,20.17743739,2.014983098,81.64,7.83,5.604414019,10.82093716,66.66717442,25.91318591,66.40774169,10.28899985,9.8,3.75092294,92.77777778
"Chichester","South East England",2020,6.81,73.53735374,3.4,6.94,64.63912577,21.13700134,6.696789037,82.58,6.61,4.090265662,8.523489393,65.67268833,25.32679739,66.99617569,2.468973236,9.2,3.89442197,94.38877756
"Chichester","South East England",2015,7.82,63.45794393,2.88,7.71,63.20793381,20.3305811,2.203679418,82.495,7.55,5.71384908,10.47320614,55.80630147,22.12643678,68.94019733,14.43319976,11.7,2.74302417,94.85436893
"Chichester","South East England",2021,7.85,73.53735374,3.45,7.26,64.63912577,17.7622245,2.124317849,82.58,7.4,4.090265662,11.57253903,59.39709679,25.32679739,75.58135775,2.409038713,12.8,3.9034317,92.20512821
"Chichester","South East England",2017,8.29,68.4073107,3,7.74,65.49235032,20.3305811,5.218868588,82.485,8.05,5.840654952,10.47320614,56.54617122,21.77453983,71.30725651,8.320021299,10.7,2.35032594,96.55172414
"Chichester","South East England",2016,8.21,68.49199663,2.84,7.94,63.20793381,20.3305811,2.373693463,82.625,8.17,6.522560336,10.47320614,55.80630147,23.86104606,68.94019733,15.94963274,13.8,3.53731613,94.85436893
"Chichester","South East England",2018,8.25,72.35555556,2.48,8.29,64.87136861,20.3305811,12.65287119,82.86,8.1,5.871635611,10.47320614,59.35195115,22.65483335,71.35993537,13.2505176,10.8,2.69723839,96.65970772
"Chichester","South East England",2019,7.47,73.53735374,3.2,7.48,67.92747474,18.32718621,1.136841512,82.84,7.49,6.852198895,10.7755464,62.22626422,23.45918367,77.70202439,25.59255009,9.3,2.600198,96.32432432
"Crawley","South East England",2021,7.89,69.28020566,3.62,7.08,54.43748321,15.2887124,3.250672545,81.855,7.55,6.579298327,9.844804082,66.52316345,28.18267125,61.9133807,6.746500253,19.2,4.0165586,93.99849962
"Crawley","South East England",2020,7.7,69.28020566,3.29,7.49,54.43748321,20.21525538,2.459674729,81.855,7.17,6.579298327,13.19969855,65.91263848,28.18267125,65.18507059,9.780038053,24.9,4.57268313,93.53582555
"Crawley","South East England",2016,8.07,66.85288641,3.02,7.38,55.05029715,23.75612909,4.511759238,82.235,7.63,12.20124433,11.21177347,65.34162532,28.53667691,66.25621042,13.44736701,20.9,4.3187894,93.71519491
"Crawley","South East England",2017,8.03,68.93203883,2.97,7.54,54.68979102,23.75612909,2.643239529,82.045,7.68,13.97943831,11.21177347,56.24965344,26.87969925,62.21649891,15.22424416,11,3.18467096,93.89600603
"Crawley","South East England",2018,8.14,67.21527321,2.78,7.57,49.55451338,23.75612909,5.858036058,81.99,7.88,11.04510529,11.21177347,66.41395848,25.7298218,66.6742276,24.90039841,14,3.84502919,94.12711183
"Crawley","South East England",2015,7.83,61.19402985,2.32,7.55,55.05029715,23.75612909,2.798558594,82.215,7.74,11.42604634,11.21177347,65.34162532,27.52708901,66.25621042,29.76002597,21.6,4.86197205,93.71519491
"Crawley","South East England",2019,8.13,69.28020566,2.98,7.97,50.05472265,19.72923027,2.073455676,82.095,7.85,12.54347961,10.00959639,60.44279259,25.19746336,60.80002781,29.35707995,15.1,3.52271937,94.63537301
"Horsham","South East England",2020,7.93,73.62637363,3.44,7.42,61.72404655,21.21688939,7.028490772,83.69,7.44,2.880239768,12.74180227,56.75264757,20.44202533,71.38248256,3.437040296,10,3.22909314,95.4203691
"Horsham","South East England",2015,8.23,66.20093147,2.68,7.69,63.29343969,20.99623374,2.930706193,83.125,8.13,3.324575438,13.30823818,60.32698473,20.86141732,73.63756547,2.201705588,12.9,3.0224402,95.85714286
"Horsham","South East England",2017,7.61,74.10540013,3.16,7.26,53.94817487,20.99623374,6.294518626,83.5,7.52,2.804298497,13.30823818,62.9947112,21.46653048,67.12440383,4.99493371,9,2.61890435,95.60137457
"Horsham","South East England",2021,7.83,73.62637363,3.18,7.54,61.72404655,19.19113766,4.814940616,83.69,8.03,2.880239768,8.427304887,63.23217592,20.44202533,73.79801047,4.746181019,8.4,3.53978894,95.11201629
"Horsham","South East England",2016,7.75,72.03274216,2.7,7.47,63.29343969,20.99623374,4.554009097,83.33,7.66,3.530099695,13.30823818,60.32698473,19.70883288,73.63756547,4.331410668,9.3,2.97552061,95.85714286
"Horsham","South East England",2018,7.97,73.99317406,2.15,8.05,55.69142389,20.99623374,12.4899533,83.825,8.1,3.002453996,13.30823818,61.37641205,19.8515105,68.98731094,7.734659007,9.4,2.94970008,96.06413994
"Horsham","South East England",2019,8.12,73.62637363,2.22,7.9,56.74816462,25.08148048,4.753681764,83.97,7.92,3.769359696,9.130079879,58.66323701,21.26538988,74.06649109,7.649992002,5.7,2.18012988,96.59606657
"Mid Sussex","South East England",2020,8.06,73.02709069,2.97,7.4,62.30360286,15.05924298,2.159584258,83.23,7.78,2.116443849,9.552764188,57.27258885,20.29122754,70.51527335,1.971842095,12,2.80320855,95.64643799
"Mid Sussex","South East England",2015,8.03,68.51635514,2.75,7.76,62.37529805,20.22154194,3.438297134,83.02,8.05,2.651247868,7.97530782,62.41804839,21.75019743,74.97539118,4.11046181,14.4,2.57847697,95.8672511
"Mid Sussex","South East England",2017,7.88,71.23995408,2.65,7.74,57.67465676,20.22154194,7.710956696,83.135,7.79,2.979540935,7.97530782,63.8754915,20.65217391,71.26257456,5.392834271,17.5,1.97422584,96.47058824
"Mid Sussex","South East England",2018,7.97,73.44110855,3.19,7.55,58.46255096,20.22154194,16.30413286,83.34,7.83,2.892142456,7.97530782,56.4982993,21.40149428,73.32930915,6.679312832,12.6,2.08004272,96.48411089
"Mid Sussex","South East England",2016,8.07,69.16047973,2.53,7.87,62.37529805,20.22154194,2.564262345,83.205,8.02,2.663684425,7.97530782,62.41804839,21.43570537,74.97539118,4.744476074,12.6,2.71009733,95.8672511
"Mid Sussex","South East England",2019,7.9,73.02709069,3.32,7.64,65.12543111,18.54254996,3.728852759,83.26,7.74,2.82740263,11.71123651,63.0853245,20.52661968,77.55545324,5.297241462,8.6,1.90663088,97.26027397
"Mid Sussex","South East England",2021,7.87,73.02709069,3.67,7,62.30360286,15.84510061,5.825197906,83.23,7.41,2.116443849,9.701619049,65.30971403,20.29122754,74.46104804,3.922876253,9.3,2.66827346,94.57714655
"Worthing","South East England",2021,8.03,73.36769759,3.71,7.48,60.16330535,33.68765077,1.922288559,81.3,8.05,8.272598373,24.20023187,58.60713946,23.6205074,69.33918773,13.43399876,18.6,4.42331811,94.54855196
"Worthing","South East England",2017,7.76,72,3.45,7.8,64.02312135,26.45225328,6.59290146,81.165,7.67,8.875145943,12.44062325,59.9295121,28.10557036,69.65676795,31.92498541,9.8,3.15424937,94.2587832
"Worthing","South East England",2020,7.72,73.36769759,3.48,6.81,60.16330535,25.86160901,1.732125165,81.3,7.26,8.272598373,13.6756367,55.67390171,23.6205074,68.65995935,2.709366279,17.5,4.23050607,95.18518519
"Worthing","South East England",2015,7.71,62.81736282,3.28,7.09,61.38522689,26.45225328,5.722758618,81.375,7.4,8.919420515,12.44062325,62.16808319,26.1714085,66.82978694,17.54337368,15.8,4.33708715,94.43961772
"Worthing","South East England",2018,7.94,73.13064914,2.58,7.62,59.52887605,26.45225328,2.461536299,81.065,7.9,8.107248353,12.44062325,55.87067413,26.72342193,66.20667013,9.997727789,13.1,3.47135354,94.59459459
"Worthing","South East England",2016,7.65,70.17405063,3.06,7.12,61.38522689,26.45225328,5.022009877,81.325,7.64,8.998041118,12.44062325,62.16808319,26.49706868,66.82978694,10.06901855,13.3,4.01710717,94.43961772
"Worthing","South East England",2019,7.88,73.36769759,2.89,7.48,60.55488548,30.04051269,1.748945961,81.115,7.82,8.302432848,15.21986165,55.40893027,26.95866378,74.82502056,11.75725785,8.5,3.12750697,94.91850431
"Bromsgrove","West Midlands",2021,8.03,74.63837994,2.81,7.98,52.96975817,13.45402391,4.076963423,82.51,7.8,5.061201762,11.22963043,59.02527237,23.43662758,72.69746701,0,11.1,3.40076125,94.59247649
"Bromsgrove","West Midlands",2015,8.01,72.29601518,3.14,7.35,64.55474301,16.27178236,1.990835046,81.545,7.91,6.158663883,6.184392777,60.92717726,23.43017807,67.89189095,4.175365344,13.6,4.0255325,96.4028777
"Bromsgrove","West Midlands",2017,8.12,72.69471799,2.12,7.91,57.89517676,16.27178236,2.082308615,81.875,7.97,7.664405599,6.184392777,63.83603275,24.66034993,68.14406512,1.024653155,12.6,3.04275135,95.53933496
"Bromsgrove","West Midlands",2020,7.77,74.63837994,3.23,7.01,52.96975817,15.45467303,1.496303056,82.51,7.5,5.061201762,8.404829945,63.42095014,23.43662758,71.09994608,1.988684386,15.9,3.86364998,95.40229885
"Bromsgrove","West Midlands",2016,8.13,74.97565725,2.3,7.69,64.55474301,16.27178236,2.433053698,81.81,7.68,6.468946988,6.184392777,60.92717726,24.2358786,67.89189095,2.066756226,12,3.3851678,96.4028777
"Bromsgrove","West Midlands",2018,8.08,73.89635317,2.84,7.89,54.52007716,16.27178236,4.543248473,82.165,7.94,8.38215321,6.184392777,65.81309287,25.02487055,69.59759539,0,8.5,3.71307172,96.48829431
"Bromsgrove","West Midlands",2019,7.64,74.63837994,3.36,7.52,53.34961511,15.14095499,2.568791398,82.425,7.54,7.689150089,8.307739009,61.57275473,23.43662758,69.80864139,3.003574253,10.8,3.47999354,95.74468085
"Malvern Hills","West Midlands",2021,7.72,75.53956835,3.15,7.13,59.69811828,14.68241253,3.182497441,82.48,7.28,5.311850966,8.207756332,59.95605886,28.65053322,69.00257832,7.502532105,15.5,4.01254694,93.65303244
"Malvern Hills","West Midlands",2017,7.93,72.20708447,2.67,7.76,64.86706038,13.44437786,2.860535899,82.385,7.91,7.969934556,6.631000171,59.19336947,29.95107914,69.98771086,1.295924318,10.6,3.97697902,96.02194787
"Malvern Hills","West Midlands",2015,8.23,70.62228654,2.36,7.79,63.47262066,13.44437786,1.932565274,81.915,8.15,6.737942629,6.631000171,58.13067471,25.08162313,70.96836055,5.253756436,9.5,3.67207486,96.36608345
"Malvern Hills","West Midlands",2016,7.88,72.80453258,2.75,7.59,63.47262066,13.44437786,3.484737076,82.34,7.68,8.190190059,6.631000171,58.13067471,25.09747927,70.96836055,1.306250408,12.4,4.00923798,96.36608345
"Malvern Hills","West Midlands",2019,7.85,75.53956835,3.03,7.17,66.28715159,16.24031813,5.43993731,82.24,7.54,6.937914559,9.146274364,63.01164571,24.60359408,70.0570167,8.894762256,11.6,2.76903159,96.18208517
"Malvern Hills","West Midlands",2020,7.59,75.53956835,2.9,7.67,59.69811828,19.73355127,1.993086778,82.48,7.4,5.311850966,7.246866093,62.72058752,28.65053322,70.7568931,3.776197369,8.8,3.6033148,94.83775811
"Malvern Hills","West Midlands",2018,7.83,74.75862069,2.82,7.44,59.16992636,13.44437786,4.082831964,82.625,7.85,7.975625056,6.631000171,61.53565578,25.49925824,67.26225582,2.560393276,13,3.09254718,95.6651719
"Redditch","West Midlands",2020,7.4,69.14393227,2.76,7.31,55.83268532,20.91935415,1.368004199,80.645,6.97,5.060302917,13.79921373,67.22641746,24.0718849,67.69407364,12.855273,15.4,4.89692163,93.61997226
"Redditch","West Midlands",2021,7.17,69.14393227,3.44,6.84,55.83268532,20.13239755,1.413581682,80.645,7.09,5.060302917,17.96162644,67.44457329,24.0718849,56.93084021,1.149478137,17.1,3.89852088,94.05469679
"Redditch","West Midlands",2016,8.09,66.39269406,2.77,7.71,51.56819618,19.20850261,1.691489615,81.305,7.71,6.47564874,9.324390502,69.02714778,29.48390393,67.494153,5.876269274,19.4,4.53371402,93.06930693
"Redditch","West Midlands",2018,7.95,69.22330097,2.73,7.8,51.5933536,19.20850261,2.023509374,81.105,7.69,8.389320971,9.324390502,75.4782184,30.14951605,64.69382009,8.23636,20.5,4.22379605,94.67532468
"Redditch","West Midlands",2017,7.9,65.98812553,2.92,7.25,55.81828764,19.20850261,1.251401655,81.39,7.81,7.663959439,9.324390502,63.45244175,29.9122807,61.92013598,4.694615276,24.8,3.98315362,94.01496259
"Redditch","West Midlands",2019,8.12,69.14393227,2.64,7.41,46.59079314,26.39224364,1.702214564,81.37,7.84,7.694021886,14.39202485,66.07796827,24.0718849,61.90463595,2.34573838,9.8,3.53230128,93.47222222
"Redditch","West Midlands",2015,7.73,61.18299445,2.86,7.49,51.56819618,19.20850261,2.112657142,81.135,7.51,6.154136358,9.324390502,69.02714778,26.9005848,67.494153,0,21.4,4.91597615,93.06930693
"Worcester","West Midlands",2021,7.5,71.4028777,3.07,7.44,57.5044231,20.21301275,1.973429374,80.85,7.62,5.305939261,20.34904952,63.22484269,25.09862779,68.14934327,19.30185201,12.3,3.60263283,94.30501931
"Worcester","West Midlands",2020,7.67,71.4028777,3.11,7.51,57.5044231,24.35320793,2.00987356,80.85,7.16,5.305939261,16.61791492,61.22613725,25.09862779,63.56031981,11.96828405,8.9,3.85903712,93.57976654
"Worcester","West Midlands",2017,7.76,70.16129032,2.62,7.48,57.05362871,24.80381287,2.077982237,81.145,7.62,7.965674297,15.508903,58.12069633,28.02206588,70.22935135,11.72860019,11,4.0455727,94.50337512
"Worcester","West Midlands",2018,7.69,69.92543496,2.97,7.14,53.13608676,24.80381287,2.220794363,81.185,7.64,7.979114937,15.508903,64.95685516,26.09649123,67.4271682,23.55458284,10.5,3.34470965,94.46640316
"Worcester","West Midlands",2019,7.97,71.4028777,2.85,7.58,57.0177448,21.92204209,1.197378168,81.095,7.57,6.93525123,19.81633993,69.26540583,25.09862779,68.77636757,18.77062299,10.7,3.73238383,94.65500486
"Worcester","West Midlands",2015,7.86,66.58653846,3.15,7.12,63.09112803,24.80381287,1.421094431,80.98,7.52,6.743575779,15.508903,63.6916949,26.98794401,69.86157121,26.73664406,22.5,4.60967753,95.14091351
"Worcester","West Midlands",2016,7.54,66.53418124,3.31,7.42,63.09112803,24.80381287,1.728373362,81.205,7.75,8.19213751,15.508903,63.6916949,26.75596308,69.86157121,9.810943126,15.4,4.43519566,95.14091351
"Wychavon","West Midlands",2021,7.87,74.08906883,3.01,7.62,60.64738263,15.9905779,1.542765928,82.745,7.68,5.309572488,7.151948058,65.7306584,29.43722944,69.02903287,2.253944403,15.7,3.28589179,94.45606695
"Wychavon","West Midlands",2020,7.86,74.08906883,3.45,7.49,60.64738263,16.92525457,1.871000746,82.745,7.61,5.309572488,8.783772998,65.41488617,29.43722944,70.96113124,3.051478441,8.1,3.3923111,93.85416667
"Wychavon","West Midlands",2018,8,72.74096386,2.48,7.72,60.36334543,18.2836594,3.195830524,83.03,8.02,7.978639862,7.920689755,61.45047932,28.47635082,65.79117604,8.638291189,6.8,2.60104723,95.02702703
"Wychavon","West Midlands",2017,8.01,70.88323353,2.58,7.75,58.28162103,18.2836594,1.70964068,83.23,7.9,7.967905055,7.920689755,62.96079352,28.93070078,66.21066434,2.392764281,15.5,3.56144223,94.54148472
"Wychavon","West Midlands",2015,8.14,66.47398844,2.36,7.96,63.79067778,18.2836594,1.435909268,82.99,8.11,6.745598107,7.920689755,65.81497779,27.32078494,64.70503007,0.821631925,10.2,3.09094112,94.33573635
"Wychavon","West Midlands",2016,7.97,71.22641509,2.26,7.74,63.79067778,18.2836594,1.681896525,83.095,8,8.185538881,7.920689755,65.81497779,29.78142077,64.70503007,1.624114857,8.5,3.01357654,94.33573635
"Wychavon","West Midlands",2019,7.92,74.08906883,2.83,7.76,64.63505425,19.82668232,2.045879791,83.005,7.78,6.937952454,9.016771062,61.17830524,29.43722944,74.77371264,5.408203472,10.8,2.80072346,96.12756264
"Wyre Forest","West Midlands",2020,7.79,68.17343173,3.53,7.07,55.4368922,26.85865702,2.767414709,80.845,7.62,5.062339948,15.35072653,68.49636141,30.1717033,61.87717207,3.954953084,13.4,4.50743742,94.47640967
"Wyre Forest","West Midlands",2018,8.08,68.03205699,2.86,7.53,56.20539302,30.85647608,4.586817561,81.395,7.83,8.390888761,11.8382224,62.5414935,29.8255814,65.01110333,8.905424393,14.8,3.14690539,95.51122195
"Wyre Forest","West Midlands",2019,7.92,68.17343173,2.37,7.82,54.15939033,29.34110766,4.433156546,81.215,7.91,7.690712897,12.1447339,67.31312662,30.1717033,67.57170469,5.923527263,11.1,4.04372148,96.01930036
"Wyre Forest","West Midlands",2015,7.66,62.90035587,2.89,7.35,61.01115691,30.85647608,1.805814406,80.96,7.5,6.154680268,11.8382224,59.78438128,29.48157903,69.83123267,5.020130724,18.2,4.50307281,96.26068376
"Wyre Forest","West Midlands",2017,7.99,68.05942433,2.87,7.55,52.13165116,30.85647608,1.669950702,81.265,7.78,7.665193864,11.8382224,60.18060379,31.01096379,66.56311967,3.971603038,14.2,3.79614576,96.17547807
"Wyre Forest","West Midlands",2016,7.85,66.359447,2.95,7.6,61.01115691,30.85647608,1.668138466,81.315,7.66,6.469547132,11.8382224,59.78438128,31.26769627,69.83123267,0.999930005,15.6,4.14518712,96.26068376
"Wyre Forest","West Midlands",2021,7.98,68.17343173,3.06,7.5,55.4368922,24.33234652,2.593947287,80.845,7.51,5.062339948,18.13027565,68.92177688,30.1717033,65.35333474,0.982453383,13.1,4.26290875,95.55555556
"St Albans","East of England",2021,7.7,75.89433132,3.35,7.32,63.47211663,17.25564837,3.323622346,83.6,7.7,7.105687899,10.80759177,50.95412076,20.44799873,71.89360712,5.382095115,8.3,2.83014128,96.7961165
"St Albans","East of England",2020,7.54,75.89433132,3.25,7.37,63.47211663,19.03349074,2.977907267,83.6,7.4,7.105687899,12.56188021,52.06279335,20.44799873,77.77746156,1.339432215,6.7,3.28683611,97.01265823
"St Albans","East of England",2015,7.82,73.53094124,2.33,7.82,61.00470511,20.34788385,1.868067251,83.335,7.75,4.213752155,7.821922386,59.61187766,19.60538678,74.83540829,12.99696282,8.6,2.73544641,97.02564103
"St Albans","East of England",2017,7.85,76.75460428,2.21,7.98,62.31937141,20.34788385,2.579476569,83.23,7.57,7.362588803,7.821922386,50.77321922,18.69584554,73.02839844,3.399163806,10.1,3.19225065,97.58909853
"St Albans","East of England",2016,8,73.95833333,2.68,7.7,61.00470511,20.34788385,4.728428918,83.42,7.69,6.685937766,7.821922386,59.61187766,20.887519,74.83540829,8.842033668,8.7,3.36052062,97.02564103
"St Albans","East of England",2018,7.71,74.72295515,2.53,7.8,59.13533526,20.34788385,3.492696302,83.655,7.7,7.626905878,7.821922386,49.36403042,18.96827513,73.7204121,7.464053795,11,3.27902475,97.06190976
"St Albans","East of England",2019,8.19,75.89433132,2.63,7.9,55.70923738,20.11732993,2.89818746,83.735,8.04,7.820709724,10.03967945,51.07233787,19.70638747,68.0420037,6.062565678,4.1,2.99265285,96.62676823
"Welwyn Hatfield","East of England",2021,7.66,72.30989957,3.46,7.33,52.75033385,19.35083476,2.584241138,82.24,7.51,7.562977731,13.84897371,64.4602651,26.97510823,61.16179801,2.509662199,12.5,3.24919379,94.93670886
"Welwyn Hatfield","East of England",2020,7.58,72.30989957,3.32,7.34,52.75033385,21.1549205,1.687134511,82.24,7.47,7.562977731,13.02407951,60.99727817,26.97510823,68.48430986,1.614296207,11.8,3.26290431,95.88431591
"Welwyn Hatfield","East of England",2018,7.78,71.93732194,2.76,7.66,51.13782556,23.56559077,2.242969812,82.405,7.66,9.621494794,10.54081326,63.78370477,25.61640588,73.43796163,10.59097649,12.1,3.65827168,94.75484607
"Welwyn Hatfield","East of England",2015,7.88,65.84481508,3.17,7.56,56.49871776,23.56559077,4.283582931,82.11,7.68,7.972220336,10.54081326,65.8383775,24.91984522,68.55872788,11.8861645,19.1,4.47602199,95.32814238
"Welwyn Hatfield","East of England",2016,8.02,68.10772502,2.69,7.79,56.49871776,23.56559077,8.032913339,82.2,7.83,10.80102804,10.54081326,65.8383775,24.92933362,68.55872788,2.479195418,13.7,3.56166964,95.32814238
"Welwyn Hatfield","East of England",2017,8.05,72.01438849,2.93,7.34,56.47584372,23.56559077,2.106417877,82.62,7.82,9.077972423,10.54081326,63.1383608,24.00862069,63.46680647,14.72103636,14.5,3.56596735,95.66210046
"Welwyn Hatfield","East of England",2019,7.73,72.30989957,2.98,7.34,56.96742411,25.74395131,2.716970565,82.55,7.39,10.47601245,18.53407048,65.35990596,25.95099409,62.84007144,4.876344042,14.1,3.21168306,95.56818182
"East Hertfordshire","East of England",2020,7.73,76.35092181,3.08,7.57,57.4566851,18.9613205,2.82953498,83.31,7.24,3.682816597,9.357129955,62.61529556,22.34594265,71.08205068,3.952933736,8.9,3.26793675,96.97870233
"East Hertfordshire","East of England",2018,8.21,75.64894932,2.46,7.93,57.81204271,20.12358107,1.803750601,83.405,7.98,6.468383917,8.957187353,54.18011099,21.54362044,70.92325061,6.076769859,9.9,2.63878137,98.39958699
"East Hertfordshire","East of England",2015,7.96,71.85142194,2.94,7.54,61.33403237,20.12358107,1.467279418,83.415,7.52,5.592159903,8.957187353,56.47023065,21.59159974,71.98877928,3.460494989,16.1,2.62434834,96.73968416
"East Hertfordshire","East of England",2017,7.82,74.82517483,2.88,7.52,56.43603087,20.12358107,3.924865216,83.465,7.66,4.786510742,8.957187353,59.8661501,23.02329185,73.27011935,2.039706282,9.5,2.56728101,97.08588957
"East Hertfordshire","East of England",2019,8.04,76.35092181,2.92,7.83,55.49197363,20.46539481,1.670690415,83.32,7.92,6.530972033,11.1610844,61.04921085,21.56787107,72.82244629,10.01682827,10.8,2.33025416,97.38461538
"East Hertfordshire","East of England",2016,8.21,71.19908204,3.15,7.87,61.33403237,20.12358107,1.966193743,83.62,7.98,6.329980155,8.957187353,56.47023065,21.22335991,71.98877928,6.15889961,15.2,3.11523603,96.73968416
"East Hertfordshire","East of England",2021,7.81,76.35092181,3.07,7.83,57.4566851,26.41797794,2.172862403,83.31,7.64,3.682816597,12.80387415,63.38524812,22.34594265,74.19448065,3.318136269,9.7,3.04381998,95.67404427
"Stevenage","East of England",2021,7.56,72.05240175,3.22,7.1,57.06948745,30.7957078,5.823266037,81.115,7.48,9.136929084,14.88582874,68.45862533,30.09516257,62.66675785,15.67398119,15.3,4.28401501,94.26644182
"Stevenage","East of England",2017,8.05,69.60629921,2.1,7.87,50.63089949,34.96839469,3.072234878,80.485,7.79,15.5916981,17.45137518,65.6229841,27.43910615,66.90249558,6.838464081,14.9,4.17258938,94.67811159
"Stevenage","East of England",2015,7.9,66.91604323,2.89,7.55,50.52106255,34.96839469,2.23753037,80.56,7.44,13.53676989,17.45137518,63.92122658,27.71615952,68.69984059,5.775072477,21.6,4.44109564,94.99553172
"Stevenage","East of England",2020,7.48,72.05240175,4.02,6.58,57.06948745,38.60378444,1.976447047,81.115,7.31,9.136929084,17.75996371,70.10964905,30.09516257,61.92165061,6.810133479,7.4,3.49779534,95.6445993
"Stevenage","East of England",2016,7.89,69.20583468,2.96,7.32,50.52106255,34.96839469,1.672843863,80.635,7.82,13.93137423,17.45137518,63.92122658,26.43678161,68.69984059,19.47642779,24.4,4.24824519,94.99553172
"Stevenage","East of England",2018,7.99,71.70445004,2.62,7.3,46.34918429,34.96839469,1.660736468,80.765,7.63,16.05624815,17.45137518,63.61542999,26.6873706,60.3515434,12.53504114,15.7,3.25275296,94.7080292
"Stevenage","East of England",2019,7.98,72.05240175,3.01,7.85,51.19591487,37.6237639,3.342699741,80.93,7.59,13.63765724,23.39144518,65.39852953,27.91209029,64.19653049,17.07553076,10.3,3.13214973,95.01411101
"East Suffolk","East of England",2020,7.84,71.54811715,3.17,7.5,64.79970352,19.0175649,2.553909235,82.095,7.65,2.256633103,12.07617363,62.22518054,24.64058491,72.56675521,3.994040891,13.4,4.1,96.59400545
"East Suffolk","East of England",2018,8.16,71.72385283,2.76,7.79,56.47949841,21.49795394,3.432416482,82.13,7.94,4.165172871,10.61235646,62.28574271,25.18750119,65.15661193,8.862069938,15.1,3.4,95.4738331
"East Suffolk","East of England",2015,7.98,68.50851683,2.63,7.71,61.0173563,21.49795394,1.958528945,82.225,7.8,5.241219416,10.61235646,65.38846808,27.70884221,61.67591381,4.110760326,16,3.6,94.11513859
"East Suffolk","East of England",2017,7.94,70.23477915,2.74,7.71,63.03224117,21.49795394,6.385191005,82.215,7.7,4.78306124,10.61235646,63.61285904,27.68348935,65.76713883,4.455010469,13.6,3.7,95.57793345
"East Suffolk","East of England",2021,7.98,71.54811715,3.09,7.8,64.79970352,19.35440394,3.758576011,82.095,7.72,2.256633103,13.53490205,61.88207131,24.64058491,67.38397402,6.07777116,12.1,3.7,94.54225352
"East Suffolk","East of England",2016,8.16,70.58582548,2.72,8.02,61.0173563,21.49795394,2.035639839,82.27,8.06,4.8530018,10.61235646,65.38846808,27.7814482,61.67591381,10.61211495,16.1,4,94.11513859
"East Suffolk","East of England",2019,7.92,71.54811715,3.41,7.61,59.1448812,22.17547346,5.54602174,82.24,7.72,4.589895815,11.80397316,62.24826586,22.59182909,66.25064829,5.211235424,17.4,3.1,95.60906516
"West Suffolk","East of England",2021,7.83,71.06109325,2.98,7.74,63.31210268,17.29628331,3.736907034,82.64,7.92,4.049587709,13.74884694,60.66622404,27.40921409,63.76896837,4.977325517,10.6,3.6,95.41339771
"West Suffolk","East of England",2020,7.78,71.06109325,3.28,7.37,63.31210268,18.68264552,6.285867918,82.64,7.63,4.049587709,13.32331952,58.89388006,27.40921409,69.09007482,7.896132023,15.4,3.1,95.49206349
"West Suffolk","East of England",2016,7.88,69.27133269,2.66,7.71,63.36311961,21.55939681,3.574659265,82.8,7.76,3.961808169,8.824213211,63.94659717,26.57198329,60.84966849,11.88542451,14.1,3,95.66343042
"West Suffolk","East of England",2018,8.12,71.11563933,2.31,7.83,56.45497591,21.55939681,5.997997941,82.675,7.94,5.88100469,8.824213211,61.2497863,25.14731111,63.32018563,12.29867901,11.7,3.2,96.5784377
"West Suffolk","East of England",2015,7.78,67.12546321,3.01,7.48,63.36311961,21.55939681,9.224193254,82.84,7.71,4.093418259,8.824213211,63.94659717,25.21327357,60.84966849,6.227883935,16.9,3.1,95.66343042
"West Suffolk","East of England",2017,8.11,70.32032032,2.68,7.72,60.98829463,21.55939681,3.512363178,82.875,7.9,4.35709185,8.824213211,58.10753171,26.0060663,69.09784374,16.17870213,16.3,3.3,95.03968254
"West Suffolk","East of England",2019,7.85,71.06109325,2.83,7.59,56.92071638,18.69678452,3.433500328,82.915,7.73,6.512329303,11.42733483,68.30892867,26.18348388,69.90659809,7.260744506,16,2.5,94.58745875
"Somerset West and Taunton","South West England",2021,7.9,71.14216282,2.67,7.76,58.74468648,17.80858911,4.819291921,81.955,7.74,3.397224313,11.03115728,62.64645664,26.60779696,70.84909991,3.799656764,17.3,3.7,93.50453172
"Somerset West and Taunton","South West England",2015,7.69,62.67339218,2.65,7.61,63.1255371,17.56132082,2.73632592,81.905,7.56,6.076943244,11.16525331,61.33045141,25.11017313,65.27694298,16.80570587,13.8,3.6,94.27586207
"Somerset West and Taunton","South West England",2016,7.99,67.52190238,2.91,7.46,63.1255371,17.56132082,3.620023714,81.755,8.06,7.085693015,11.16525331,61.33045141,23.86825939,65.27694298,14.62338146,12.5,4,94.27586207
"Somerset West and Taunton","South West England",2018,7.95,71.29443327,2.84,7.75,61.78109754,17.56132082,4.144313302,81.85,7.98,6.297687598,11.16525331,65.53284305,26.10492846,62.76798082,10.39865857,16.4,3.4,95.14717582
"Somerset West and Taunton","South West England",2020,7.87,71.14216282,3.36,7.49,58.74468648,22.00867779,3.438850824,81.955,7.65,3.397224313,8.560953013,63.67027974,26.60779696,71.83373899,11.58144652,10,4.1,94.36834094
"Somerset West and Taunton","South West England",2017,8.28,71.06382979,2.51,7.97,65.50697838,17.56132082,4.213701819,81.91,7.94,6.395776424,11.16525331,59.42548719,25.24661385,74.89495757,17.72956503,15.4,3.7,95.18072289
"Somerset West and Taunton","South West England",2019,8.1,71.14216282,2.79,7.6,60.45593711,18.27359888,2.735419204,82.215,7.95,5.62808239,10.4989298,65.80043723,24.8313346,73.18205294,16.11707443,12.9,3.1,92.61637239
"Bolton","North West England",2020,7.64,67.02399183,3.3,7.26,49.99244723,16.11486934,4.32249492,79.215,7.38,4.107574033,9.793968472,67.80671613,29.06518576,56.15462198,2.77538786,16.6,5.50870244,92.00786112
"Bolton","North West England",2015,7.81,60.80041047,3,7.37,51.56539288,16.85309142,1.74107601,79.83,7.53,6.063982287,8.850196775,62.85135114,26.54860888,59.42217758,2.838610784,18.4,6.59161169,93.51457583
"Bolton","North West England",2016,7.85,64.51120163,3.22,7.33,51.56539288,16.85309142,1.420317564,79.78,7.56,6.810422662,8.850196775,62.85135114,28.45880037,59.42217758,2.821511201,17.9,5.98689846,93.51457583
"Bolton","North West England",2018,7.89,67.52982991,2.93,7.52,50.4170472,16.85309142,2.252247359,79.75,7.71,7.933504338,8.850196775,63.24252732,29.16724458,61.12453546,7.358815861,15.3,4.90213741,92.98831386
"Bolton","North West England",2017,7.98,65.84719209,2.98,7.4,52.89965726,16.85309142,4.666147559,79.69,7.7,6.621888748,8.850196775,60.52140596,28.83028062,60.28444391,5.96882867,16.1,5.28444929,93.77127297
"Bolton","North West England",2019,7.83,67.02399183,3,7.34,45.67649324,15.6530684,6.088303796,79.76,7.48,6.020539186,9.670824677,67.09713476,28.54767146,61.63013254,3.825421666,15.9,5.75436754,93.78757515
"Bolton","North West England",2021,7.88,67.02399183,3.29,7.52,49.99244723,14.2929074,1.276534353,79.215,7.43,4.107574033,10.35370904,63.79828816,32.82620339,57.69432135,3.377910492,18.4,5.471964,92.83088235
"Bury","North West England",2020,7.73,71.65618449,3.07,7.31,51.1844427,21.83426775,2.602178889,80.18,7.31,4.289279946,9.425260406,62.6967502,32.10111823,67.17323529,3.670532961,11.8,4.30261659,92.96435272
"Bury","North West England",2015,7.74,66.21732026,3.11,7.32,55.86288667,14.01646061,2.858003608,79.765,7.61,6.528638678,7.630764624,66.61529952,26.79528513,65.8483107,4.792638507,19.5,5.66865314,93.65830573
"Bury","North West England",2017,7.88,69.0381558,3.01,7.57,53.30289907,14.01646061,1.777221631,79.88,7.62,7.403969878,7.630764624,63.3501568,30.13064282,63.58395132,5.273482819,16.3,4.18352893,94.32038835
"Bury","North West England",2016,7.87,69.10179641,3.25,7.39,55.86288667,14.01646061,1.519824067,79.77,7.52,9.16696286,7.630764624,66.61529952,27.76668842,65.8483107,1.591486608,19.1,5.0626182,93.65830573
"Bury","North West England",2021,7.74,71.65618449,3.44,7.42,51.1844427,18.1617162,1.570974229,80.18,7.44,4.289279946,14.06657583,61.64575753,35.1961927,64.96435452,0.515934641,11.4,4.42366803,93.83624655
"Bury","North West England",2018,7.87,71.14834491,2.96,7.6,46.39957684,14.01646061,1.493132987,80.21,7.65,6.685673407,7.630764624,64.00106284,27.7681024,61.26821093,1.578050371,16,4.20926021,93.67924528
"Bury","North West England",2019,7.95,71.65618449,3.19,7.33,45.50898161,16.18586779,1.881226226,80.585,7.58,5.487476677,8.91854438,59.57924512,29.00604376,65.60052071,2.09435049,12.8,4.39801379,93.98958826
"Manchester","North West England",2020,7.53,65.412061,3.51,7.12,53.43880398,18.70962882,1.937918817,77.655,7.12,6.790933187,20.07005573,61.03934054,33.02563019,62.42748669,12.23591565,21.4,6.65775681,89.58541959
"Manchester","North West England",2015,7.5,60.604782,3.08,7.13,46.39337315,17.82742457,1.698428799,77.69,7.36,11.7967041,17.50621972,61.1648885,31.61061864,62.40301421,13.21230859,22.7,7.5938133,89.12579957
"Manchester","North West England",2016,7.63,63.58925406,3.37,7.2,46.39337315,17.82742457,1.521040245,77.47,7.45,12.12778417,17.50621972,61.1648885,32.53074503,62.40301421,14.40924852,21.7,7.46942572,89.12579957
"Manchester","North West England",2017,7.69,65.97250578,2.86,7.41,51.05293106,17.82742457,1.680184762,77.62,7.42,11.39502952,17.50621972,62.98281469,32.58008502,65.05769,17.23186575,22,5.6223475,90.46911484
"Manchester","North West England",2018,7.75,66.7026881,3.01,7.38,47.60695403,17.82742457,3.11295048,77.95,7.53,10.62949782,17.50621972,64.25573132,32.80696955,67.82002089,22.4605434,17.2,5.23161595,91.03433195
"Manchester","North West England",2019,7.73,65.412061,3.05,7.44,45.93495282,17.02940272,4.282885742,78.33,7.53,8.710215501,15.35585848,60.92926842,33.03265592,66.07448893,16.4599228,18,5.77589556,90.9186906
"Manchester","North West England",2021,7.72,65.412061,3.41,7.26,53.43880398,14.66538135,4.221030531,77.655,7.45,6.790933187,15.89512248,61.69750384,33.02563019,63.24320853,7.820271964,16.8,6.61237122,91.40981215
"Oldham","North West England",2020,7.72,67.97366058,3.26,7.33,46.72960766,15.49647536,1.163552357,78.85,7.35,4.006261888,8.638397225,69.08048439,33.08030529,59.18980924,0.841651657,14.9,5.40024584,92.61857047
"Oldham","North West England",2015,7.7,56.82558484,3.1,7.23,45.93909984,15.8914543,1.044603709,78.91,7.38,6.411899373,7.869204329,65.21368207,28.90416896,63.74821876,0.868821053,22.3,7.2292071,92.26575809
"Oldham","North West England",2016,7.79,60.37405026,2.66,7.4,45.93909984,15.8914543,2.588877947,78.755,7.45,7.742662977,7.869204329,65.21368207,29.19473247,63.74821876,1.291161141,18.8,6.38212128,92.26575809
"Oldham","North West England",2019,7.85,67.97366058,3,7.33,47.31643801,14.16499163,2.38451479,79.285,7.58,5.578758111,7.324196681,63.80272825,30.29703023,59.24701176,1.686980726,17.9,4.45734545,92.59384511
"Oldham","North West England",2017,7.82,63.48823174,2.71,7.41,48.13881794,15.8914543,1.560811759,79.05,7.55,7.576178885,7.869204329,66.63362536,28.81253035,61.3868091,0.855582031,16.6,5.83357304,92.0890411
"Oldham","North West England",2018,7.86,63.63900174,2.78,7.45,48.05950593,15.8914543,1.278093736,79.285,7.58,7.151254334,7.869204329,66.65870913,29.73797294,58.91502075,0.848813571,18,5.33332239,93.35161069
"Oldham","North West England",2021,7.81,67.97366058,3.14,7.46,46.72960766,13.53789753,3.371202641,78.85,7.51,4.006261888,9.55785869,70.38280222,33.08030529,59.55304992,0.826200469,19.3,6.49809126,92.51918159
"Rochdale","North West England",2020,7.56,66.43700787,3.41,7.03,44.36289004,13.94285121,1.110737756,78.795,7.19,5.307186386,8.86575195,70.20418739,32.45404737,57.86335053,3.576873723,17.8,5.02163704,93.40425532
"Rochdale","North West England",2016,7.8,63.39697169,2.78,7.44,48.55656843,15.77636903,1.803129732,78.855,7.52,6.568061012,9.501032408,63.0232641,29.24461634,58.10482789,5.546568061,19.4,7.22936175,91.95744681
"Rochdale","North West England",2015,7.73,57.90003355,3.04,7.39,48.55656843,15.77636903,2.400405908,78.95,7.52,5.813899232,9.501032408,63.0232641,28.68239727,58.10482789,0.93321015,22,7.13458121,91.95744681
"Rochdale","North West England",2017,7.81,63.95312005,2.82,7.48,52.51096103,15.77636903,3.254798197,78.925,7.57,6.051478767,9.501032408,68.26850917,30.99697203,60.76679906,3.662014383,17.8,5.96184515,92.13822894
"Rochdale","North West England",2018,7.8,66.13213598,3,7.39,43.20413248,15.77636903,1.416401103,79.055,7.48,6.499970455,9.501032408,64.29775877,31.37540723,60.06445572,1.363630165,16.2,5.09979509,91.28686327
"Rochdale","North West England",2019,7.86,66.43700787,2.92,7.42,46.08546515,15.13193207,1.304162561,79.28,7.54,5.903578421,9.522019003,65.39156551,31.02146121,63.01357231,2.24808014,15.2,5.57025804,92.92114695
"Rochdale","North West England",2021,7.74,66.43700787,2.8,7.3,44.36289004,12.81905997,1.480254061,78.795,7.42,5.307186386,9.587619258,69.72973221,32.45404737,58.36939662,2.677531494,15.6,6.48836146,93.48947995
"Salford","North West England",2015,7.72,61.46875,3.04,7.34,51.8097409,16.32364815,1.453089457,78.765,7.42,6.25239614,10.89335671,64.54515287,29.31743151,60.40069221,6.525658072,22.3,6.79115111,89.04560414
"Salford","North West England",2018,7.8,67.71384137,2.95,7.3,49.88107133,16.32364815,1.452395547,79.01,7.55,6.654664948,10.89335671,66.7927733,30.96203624,61.71276814,10.21980441,20,5.01953889,90.27710258
"Salford","North West England",2019,7.72,67.61016404,3.15,7.32,49.46111649,16.95399865,2.415368837,79.38,7.51,5.70269268,16.20088809,63.73455804,31.02873217,67.46293681,3.863480068,19.1,4.61054425,90.77809798
"Salford","North West England",2016,7.67,65.66484517,2.97,7.32,51.8097409,16.32364815,1.311263939,78.87,7.49,7.048980135,10.89335671,64.54515287,31.3451456,60.40069221,10.47875835,20.3,6.78511001,89.04560414
"Salford","North West England",2017,7.76,68.04091754,3.05,7.38,49.3885591,16.32364815,2.090564652,78.865,7.67,6.473509143,10.89335671,64.42398094,30.30717151,65.56149898,19.49612465,21.2,4.67988497,91.5506481
"Salford","North West England",2020,7.76,67.61016404,3.57,7.3,48.73633477,16.49389601,1.850767316,78.815,7.35,4.750720412,13.69231572,65.27479067,32.44442784,62.94004042,3.045333597,14.6,4.89807512,89.61904762
"Salford","North West England",2021,7.6,67.61016404,3.35,7.3,48.73633477,14.64934879,2.109034084,78.815,7.36,4.750720412,19.23079167,66.69686085,32.44442784,58.47078682,2.954602532,13.9,5.28179053,89.70331588
"Stockport","North West England",2020,7.78,70.23269012,3.36,7.33,49.97081188,22.51281827,7.016898682,81.295,7.54,4.286243571,24.76330788,64.49714558,28.58005289,70.18739623,2.039449756,14.5,3.90321829,93.00411523
"Stockport","North West England",2021,7.86,70.23269012,3.17,7.56,49.97081188,19.50549121,2.04295694,81.295,7.76,4.286243571,13.65444038,63.14483474,28.58005289,66.3238281,2.370928354,12.6,4.33187643,94.5840708
"Stockport","North West England",2015,7.86,68.0789321,3.13,7.28,50.54909916,18.6253503,1.969366678,81.37,7.69,6.884848821,12.11605701,61.56363527,24.22148919,68.10507642,3.123167308,15.1,4.86481167,93.22154834
"Stockport","North West England",2017,8.01,71.35664336,2.98,7.55,61.87633795,18.6253503,1.745249633,81.55,7.75,7.108866327,12.11605701,60.55795188,27.47713283,72.21268969,3.435894793,14.3,3.93375698,93.71246909
"Stockport","North West England",2019,7.86,70.23269012,3.51,7.34,52.8061814,18.62229751,2.923820326,81.56,7.79,5.272245254,15.68115065,60.12840065,27.50551897,66.91011155,4.089658957,13.4,3.66698435,94.89559165
"Stockport","North West England",2018,7.98,70.04267425,2.63,7.62,56.47477699,18.6253503,1.147284849,81.705,7.72,6.258246937,12.11605701,60.00811455,27.4996981,68.27931843,2.399108902,13.3,3.03619805,94.61279461
"Stockport","North West England",2016,7.87,69.57016795,2.81,7.43,50.54909916,18.6253503,2.855423643,81.61,7.63,7.218248505,12.11605701,61.56363527,25.86031973,68.10507642,3.450405595,12.2,4.27431718,93.22154834
"Tameside","North West England",2020,7.79,67.40690126,3.53,7.13,50.1213793,19.68484287,2.441643339,78.505,7.42,3.984730337,11.98989504,71.485916,31.65355222,58.59541952,1.320905084,18.3,5.02979343,92.23652454
"Tameside","North West England",2018,7.97,66.48007903,2.61,7.61,51.13722738,19.70902903,2.451548271,79.135,7.73,6.842897552,12.06706527,65.7164017,30.1930243,62.51133747,15.98600337,17,4.74345478,92.39717491
"Tameside","North West England",2015,7.74,58.27223462,2.89,7.36,50.57244825,19.70902903,1.919657992,78.965,7.52,6.401603561,12.06706527,65.73600131,29.12740522,63.41815593,6.320342021,21.7,5.4435998,92.97905353
"Tameside","North West England",2017,7.86,66.12641815,3.07,7.45,48.36599176,19.70902903,2.176061134,79.15,7.66,6.576863184,12.06706527,65.06022538,29.07642998,63.58382738,19.18623588,17.6,4.76545502,91.93742479
"Tameside","North West England",2019,7.91,67.40690126,3.03,7.38,46.98737206,18.86529247,2.116446857,79.065,7.74,5.413813945,12.00008284,69.61537841,29.5106679,62.80188957,2.207573744,18.2,4.09159525,92.5955414
"Tameside","North West England",2016,7.74,62.70560591,3.07,7.41,50.57244825,19.70902903,1.905595773,79.24,7.55,6.646975245,12.06706527,65.73600131,28.69180451,63.41815593,8.516016835,22.1,5.75954174,92.97905353
"Tameside","North West England",2021,7.85,67.40690126,2.91,7.48,50.1213793,15.22431444,3.211830497,78.505,7.62,3.984730337,11.46969566,70.34522383,31.65355222,59.84909705,2.162639112,19.2,3.85837608,92.42878561
"Trafford","North West England",2020,7.53,75.31580744,3.45,7.06,55.20384756,15.65651087,2.646985139,82,7.3,5.509746232,9.724585639,59.30348077,25.52675412,68.14717839,2.946388359,9.9,3.66436617,95.94272076
"Trafford","North West England",2017,7.86,73.68250889,2.84,7.6,58.45241498,17.49778474,1.61807083,81.77,7.76,7.65203212,9.630325965,55.9427258,26.42178116,67.70501839,2.123205361,12.7,3.76063997,96.2189413
"Trafford","North West England",2015,8,73.70763437,2.88,7.65,56.40635017,17.49778474,1.668222409,81.665,7.76,7.867796974,9.630325965,59.60513575,24.92196493,64.02428797,0.429230604,16.4,4.08528964,95.28137015
"Trafford","North West England",2021,7.82,75.31580744,3.44,7.43,55.20384756,15.87940071,1.685732425,82,7.48,5.509746232,8.972512029,60.69255718,25.52675412,68.24400841,1.273636572,11.1,3.94728127,95.78670178
"Trafford","North West England",2016,7.96,74.112,3.03,7.52,56.40635017,17.49778474,2.27064117,81.875,7.78,8.159344178,9.630325965,59.60513575,25.19602433,64.02428797,0.853934503,12.6,3.67205213,95.28137015
"Trafford","North West England",2019,7.86,75.31580744,2.82,7.53,57.358333,15.97947959,1.624610604,82.105,7.72,6.530732997,8.948026232,60.03908001,25.82733813,68.99651942,0.421311627,9.1,3.65509488,95.52603985
"Trafford","North West England",2018,7.86,75.61983471,2.68,7.54,54.24139537,17.49778474,1.633725269,82.005,7.77,7.551719761,9.630325965,57.39457733,25.42078175,67.15741763,1.269196599,13.5,3.69021485,95.52129222
"Wigan","North West England",2020,7.7,68.18425281,3.37,7.23,48.86187187,15.04404993,2.736733285,79.36,7.22,4.73826169,9.132420947,72.46701644,32.01253133,60.70599104,2.419023198,17.1,4.63519947,94.09307876
"Wigan","North West England",2017,8.05,69.18650275,2.7,7.66,50.1590788,16.04991889,2.96778856,79.335,7.77,6.379177576,7.876848824,71.320068,30.32400015,63.35060586,9.240720776,15.6,3.88460221,93.98297623
"Wigan","North West England",2015,7.89,63.97228637,2.61,7.65,51.51754682,16.04991889,4.617806494,79.45,7.77,6.042005437,7.876848824,64.50169943,29.56905001,62.17652619,0.930971562,18.7,5.11200877,93.55648536
"Wigan","North West England",2016,8.03,67.00025019,2.91,7.62,51.51754682,16.04991889,1.546666781,79.51,7.74,6.113882655,7.876848824,64.50169943,30.21411852,62.17652619,8.654636722,17.7,5.00696531,93.55648536
"Wigan","North West England",2018,8.09,68.81122584,2.54,7.63,47.44667547,16.04991889,3.965175533,79.545,7.75,6.952111087,7.876848824,67.89622808,31.26378208,61.84547796,5.213316651,15.5,4.06449588,94.63590051
"Wigan","North West England",2019,7.87,68.18425281,2.58,7.61,50.887778,13.7185646,3.431689256,79.59,7.57,5.845186388,8.880963212,69.09839938,31.96738731,64.29362741,2.434111641,17,3.62535145,95.06364483
"Wigan","North West England",2021,8.05,68.18425281,3.05,7.6,48.86187187,12.69078941,3.914800172,79.36,7.68,4.73826169,8.92551663,73.68178685,32.01253133,62.14150878,1.516258844,13.9,3.73375703,94.71568064
"Knowsley","North West England",2020,7.65,68.0746023,3.14,7.19,43.81785722,25.03683204,4.721577587,78.015,7.29,2.361398998,15.25948895,64.91623946,37.15088629,60.93893763,0,14.7,3.65172149,86.01609658
"Knowsley","North West England",2016,7.71,66.40461216,3.14,7.32,51.88693597,21.74723133,5.450350738,78.48,7.39,5.932392349,11.47426288,69.07307021,33.56701276,61.08270691,1.351342221,20.5,5.57534564,84.96362167
"Knowsley","North West England",2015,7.79,62.35741445,3.13,7.16,51.88693597,21.74723133,4.055040576,78.575,7.51,5.561516209,11.47426288,69.07307021,31.76638177,61.08270691,0.679061808,21.4,6.0682582,84.96362167
"Knowsley","North West England",2018,7.89,68.89487871,2.93,7.52,43.42101433,21.74723133,3.083809116,78.495,7.56,4.285590121,11.47426288,72.39367511,34.76129357,63.32006207,0,18.1,3.55673655,86.80981595
"Knowsley","North West England",2021,7.63,68.0746023,3.08,7.19,43.81785722,19.26385147,2.092362907,78.015,7.36,2.361398998,15.31475229,73.96971376,37.15088629,54.23371053,0,16,4.11530044,86.10846813
"Knowsley","North West England",2019,7.82,68.0746023,2.67,7.33,42.3349764,27.76602856,2.190411538,78.65,7.64,3.43360157,14.95386025,72.28306419,36.11226181,58.54569996,0,14.3,3.82884356,86.75995694
"Knowsley","North West England",2017,7.71,67.15252473,3.27,7.11,54.13135786,21.74723133,2.745787624,78.6,7.32,4.812870221,11.47426288,74.07558044,34.79425506,61.20977357,0,19.7,4.67357071,85.6146469
"Liverpool","North West England",2020,7.45,64.63955638,3.63,7.14,46.70848566,19.30238114,3.355001926,77.99,7.12,6.337991584,24.64746836,64.42133195,34.00341502,63.28821854,1.998105796,18.4,3.7883031,91.4183048
"Liverpool","North West England",2019,7.76,64.63955638,3.21,7.32,51.11679715,21.10488932,3.273252355,78.475,7.47,8.971130949,28.53960289,67.34952241,33.65166484,64.85395234,3.413366744,14.1,4.80082871,91.96508505
"Liverpool","North West England",2018,7.72,66.16654164,2.81,7.43,49.24915424,16.7353073,2.2135718,78.17,7.5,9.878459381,46.89006507,64.27545019,32.37739427,66.41949341,3.031442118,14.7,3.96978916,92.50894454
"Liverpool","North West England",2015,7.69,56.34132086,3.16,7.08,51.8196981,16.7353073,3.075482845,78.385,7.36,10.48093779,46.89006507,65.05354953,32.32355274,64.92564452,3.119326725,23.1,7.3004681,92.51870324
"Liverpool","North West England",2017,7.76,62.38086675,2.94,7.27,54.96307584,16.7353073,1.321639304,78.17,7.52,9.799633404,46.89006507,62.75458639,32.35019778,62.65006018,6.713471088,15.5,5.92155925,92.35102925
"Liverpool","North West England",2016,7.73,59.76297968,3,7.21,51.8196981,16.7353073,2.982293119,78.355,7.37,10.18652393,46.89006507,65.05354953,32.68120862,64.92564452,4.306764697,18.9,6.56515397,92.51870324
"Liverpool","North West England",2021,7.74,64.63955638,3.28,7.14,46.70848566,16.4257958,2.183879824,77.99,7.34,6.337991584,36.43981682,65.89770238,34.00341502,60.53591075,4.128069219,17.8,5.67481498,92.21741816
"St. Helens","North West England",2020,7.64,70.12345679,3.54,7.05,47.49375452,15.54371685,1.564427917,79.24,7.16,4.842762086,10.96086441,65.04166402,34.65130617,62.03444317,2.208785444,12.9,3.47066037,92.55681818
"St. Helens","North West England",2015,7.79,64.36504104,2.85,7.25,51.25503621,16.62479889,7.058265252,79.35,7.46,6.655705212,7.633107651,71.29757294,29.73817813,66.47296858,1.126176855,20.3,5.79745438,93.25353645
"St. Helens","North West England",2016,7.74,65.8131816,2.99,7.23,51.25503621,16.62479889,2.003710534,79.205,7.54,7.810398924,7.633107651,71.29757294,34.15071673,66.47296858,1.120573734,17.6,4.85687312,93.25353645
"St. Helens","North West England",2019,7.84,70.12345679,2.9,7.48,46.71980047,16.53489531,1.567928852,79.505,7.64,6.307279121,11.14676149,68.57213249,32.41042242,66.83736541,6.09131434,13,4.25399304,91.99769718
"St. Helens","North West England",2018,7.86,68.80646695,2.94,7.45,49.03887856,16.62479889,3.905263857,79.365,7.63,6.881460047,7.633107651,73.14649679,33.3552409,61.74636552,7.77566107,15.8,3.45092423,93.29774614
"St. Helens","North West England",2017,7.81,67.15867159,2.72,7.38,57.04608302,16.62479889,2.451024396,79.225,7.62,7.84582699,7.633107651,69.19670973,32.67281106,57.77603991,5.018652659,16.1,4.4927307,94.01805869
"St. Helens","North West England",2021,7.97,70.12345679,3.06,7.45,47.49375452,12.79173355,3.745779097,79.24,7.48,4.842762086,10.20177931,67.56333393,34.65130617,66.29247637,0.545283029,10.6,3.89220682,92.40105541
"Sefton","North West England",2018,7.95,70.64251538,3.07,7.4,48.33154484,17.19998024,3.433500591,80.665,7.61,6.354485904,9.348464754,70.80106654,30.39291467,63.6890936,3.994248282,11.1,3.09988789,91.97080292
"Sefton","North West England",2019,7.96,69.27710843,2.87,7.71,55.87673613,14.9175049,4.627191814,80.915,7.73,6.027278318,8.712417671,63.96012203,31.12133883,62.57962686,0.723562823,9.5,3.40848744,93.21203639
"Sefton","North West England",2021,7.81,69.27710843,3.04,7.62,51.8846609,13.9829222,5.139614034,80.205,7.52,4.46177768,8.861782178,71.47699195,32.55716005,65.96774036,0,10,3.81221151,92.07585506
"Sefton","North West England",2020,7.73,69.27710843,3.26,7.23,51.8846609,15.88490751,2.882272807,80.205,7.32,4.46177768,9.202833794,66.2964198,32.55716005,61.28963958,1.08735443,7.7,3.42573334,93.22437862
"Sefton","North West England",2015,7.8,65.78038674,2.91,7.31,45.86569299,17.19998024,3.04194933,80.255,7.53,7.337032862,9.348464754,68.42899665,29.26495813,66.38306367,1.459379982,14.3,4.36942974,94.31746032
"Sefton","North West England",2016,7.67,69.58694204,2.91,7.18,45.86569299,17.19998024,2.009353423,80.32,7.43,6.974637352,9.348464754,68.42899665,29.95882493,66.38306367,1.455323391,12.8,4.8679359,94.31746032
"Sefton","North West England",2017,8.03,69.97943797,3.09,7.3,55.11582422,17.19998024,2.322732843,80.56,7.62,7.261762124,9.348464754,62.69169402,29.37677219,61.44104924,3.277625834,12.4,4.75929493,92.1829387
"Wirral","North West England",2018,7.94,70.36033595,2.81,7.48,50.24019035,17.48433853,5.853621414,80.11,7.68,5.921388464,11.32620052,62.17219256,30.28909004,62.10462769,4.949959008,12,2.77551709,94.82296935
"Wirral","North West England",2019,7.79,69.25592805,2.76,7.38,47.32592279,17.96448081,3.965488253,80.38,7.5,5.694251121,12.38252658,65.49483348,29.00564972,66.00120731,1.851788982,10.7,4.03345223,94.79519557
"Wirral","North West England",2017,7.91,69.32422172,2.64,7.58,63.77473836,17.48433853,2.188981014,80.015,7.67,6.248528482,11.32620052,64.23882165,30.47428395,67.48629138,4.337104549,15.9,4.27648163,94.42009933
"Wirral","North West England",2020,7.59,69.25592805,3.76,6.97,52.76155517,14.62302076,8.748328576,79.71,7.1,3.598120468,10.94061719,67.72195293,29.6722942,65.36129485,0,13.3,3.51841079,94.07276995
"Wirral","North West England",2015,7.85,69.56289979,2.65,7.25,48.62798594,17.48433853,1.748850718,79.925,7.56,7.32359341,11.32620052,60.34512399,28.05327034,62.888247,2.486788934,18.9,4.44442543,94.55473625
"Wirral","North West England",2016,7.82,69.50078003,2.88,7.37,48.62798594,17.48433853,2.218309841,79.85,7.58,7.74945999,11.32620052,60.34512399,28.60534792,62.888247,3.413859026,15.7,4.28603284,94.55473625
"Wirral","North West England",2021,7.52,69.25592805,3.36,7.31,52.76155517,16.10929511,7.514188033,79.71,7.25,3.598120468,12.79254993,71.80483593,29.6722942,66.13758581,0.623830318,11.5,3.77904803,94.01879806
"Barnsley","Yorkshire and the Humber",2020,7.83,70.56277056,3.19,7.36,55.06536725,19.38220255,2.58802643,79.12,7.34,3.196665471,11.91378106,73.60857595,26.41205292,62.72773528,4.031103998,16.1,5.30780481,93.75298045
"Barnsley","Yorkshire and the Humber",2015,7.78,63.00757054,3.12,7.51,52.36597128,18.97724406,5.867015085,79.755,7.58,6.187071356,11.56108311,71.13285558,25.68862984,59.73567467,3.752266995,21.2,6.02667549,93.78580873
"Barnsley","Yorkshire and the Humber",2018,8,69.89989644,2.8,7.48,47.66676861,18.97724406,4.325370556,80.005,7.73,7.206391543,11.56108311,69.67134368,25.08791506,60.27405169,6.933144099,17.4,4.9934978,92.98578199
"Barnsley","Yorkshire and the Humber",2019,7.99,70.56277056,2.88,7.48,50.72651581,18.96755996,3.157413548,79.8,7.74,5.752108431,13.92327975,64.57468633,28.09674729,64.26518073,0.810156117,18.3,4.68676816,93.38637494
"Barnsley","Yorkshire and the Humber",2017,7.94,68.59038143,3,7.36,50.25679893,18.97724406,2.831287226,80.025,7.7,8.601098869,11.56108311,73.82873292,23.96668927,60.90469504,0,18.2,5.16000001,92.62452107
"Barnsley","Yorkshire and the Humber",2016,7.84,65.7704918,2.86,7.46,52.36597128,18.97724406,5.112804446,80.05,7.63,8.046409507,11.56108311,71.13285558,29.35918425,59.73567467,0.826969117,20.6,5.37775049,93.78580873
"Barnsley","Yorkshire and the Humber",2021,7.54,70.56277056,2.97,7.22,55.06536725,17.58615547,3.171053924,79.12,7.31,3.196665471,14.9682463,70.56283923,26.41205292,61.38096849,2.858391216,17,4.06276841,91.09856709
"Doncaster","Yorkshire and the Humber",2020,7.76,72.30856174,3.28,7.23,48.55594844,17.58736356,2.653748342,79.42,7.15,6.125613441,10.96605906,69.18272036,32.46741155,61.28710291,4.156209537,19.4,5.37202017,91.88290086
"Doncaster","Yorkshire and the Humber",2016,7.88,69.64147537,2.82,7.47,49.55378965,17.44550341,2.507073582,79.66,7.63,12.97767541,9.511831244,71.3517675,28.82818186,58.57907923,4.229375289,19.8,5.84414088,92.79362159
"Doncaster","Yorkshire and the Humber",2015,7.9,65.05115778,2.51,7.7,49.55378965,17.44550341,4.158959772,79.635,7.74,11.70555425,9.511831244,71.3517675,28.14637667,58.57907923,2.946028753,19.6,7.04032151,92.79362159
"Doncaster","Yorkshire and the Humber",2018,7.79,70.53952991,3.2,7.37,53.13500118,17.44550341,1.871012178,79.82,7.59,11.28027771,9.511831244,71.33011267,29.50379513,60.12839252,8.69447611,19.6,5.57455878,93.83744171
"Doncaster","Yorkshire and the Humber",2017,7.74,70.32553134,3.07,7.33,58.43695121,17.44550341,2.457860304,79.76,7.45,12.3130705,9.511831244,70.04480408,29.44383483,67.43935454,2.589499579,19.7,5.86951695,92.9279577
"Doncaster","Yorkshire and the Humber",2019,7.74,72.30856174,3.05,7.16,49.89842835,18.13094754,2.272114328,80.01,7.36,9.038443041,9.991526697,69.74901444,30.5544205,62.84530605,7.69502068,19.1,5.27240583,92.78102441
"Doncaster","Yorkshire and the Humber",2021,7.69,72.30856174,2.97,7.54,48.55594844,16.07076739,2.797176215,79.42,7.43,6.125613441,10.70867548,71.02929683,32.46741155,59.34879854,6.478677054,19.6,4.70056786,91.40522876
"Rotherham","Yorkshire and the Humber",2020,7.96,70.27707809,2.99,7.26,47.00591226,19.96134062,9.6617415,79.24,7.48,3.694562691,13.04923811,73.58802395,32.24733957,64.29880945,2.264287655,15.2,4.53249951,91.91082803
"Rotherham","Yorkshire and the Humber",2015,7.87,67.44116771,3.3,7.36,53.99881411,23.91269148,4.37374399,79.685,7.44,7.538449157,14.21496145,71.67165082,28.50081371,63.1502183,1.149738051,18.1,6.48487977,92.91101056
"Rotherham","Yorkshire and the Humber",2016,7.9,70.36240786,3.03,7.51,53.99881411,23.91269148,3.84811456,79.715,7.61,7.602749655,14.21496145,71.67165082,28.98301745,63.1502183,2.288835822,18.3,6.48182466,92.91101056
"Rotherham","Yorkshire and the Humber",2017,7.84,72.27340267,3.3,7.38,54.83003983,23.91269148,1.829233757,79.715,7.48,7.844328429,14.21496145,71.76129273,30.43802316,57.97442715,0.759373517,16.2,5.05102123,93.43328336
"Rotherham","Yorkshire and the Humber",2019,8.05,70.27707809,2.96,7.41,43.76653405,22.99799324,2.61763465,79.825,7.59,7.335792413,13.84959634,73.75098395,30.64879287,54.87206523,3.767741352,17.8,5.00660418,91.97707736
"Rotherham","Yorkshire and the Humber",2021,7.77,70.27707809,3.34,7.5,47.00591226,21.36920975,6.166935729,79.24,7.46,3.694562691,14.30907878,68.33256493,32.24733957,61.99796372,1.127044176,16.9,4.28384512,91.8571876
"Rotherham","Yorkshire and the Humber",2018,7.68,73.18042813,3.14,7.35,54.15493262,23.91269148,2.282598307,79.845,7.39,7.303406871,14.21496145,61.55265435,30.84560747,55.76641864,1.889137835,18.9,4.87440881,93.06243806
"Sheffield","Yorkshire and the Humber",2020,7.38,70.04152028,3.74,6.89,55.4617537,15.23586323,5.886015354,80.47,7.13,5.529400184,35.6439306,61.80757068,29.86617313,66.79435104,4.073222972,11.7,4.80735533,92.38277512
"Sheffield","Yorkshire and the Humber",2018,7.87,70.42231327,3,7.45,53.5676267,16.7291268,5.326253028,80.825,7.73,7.577604351,22.95944793,62.87415079,28.72582821,68.86047726,4.463473338,12.5,4.83964467,92.55695208
"Sheffield","Yorkshire and the Humber",2015,7.73,64.83926075,3.15,7.48,53.13353975,16.7291268,3.488241218,80.625,7.49,9.237899634,22.95944793,60.77408784,27.33903782,67.49898508,1.932614986,18.4,7.26632492,93.65798414
"Sheffield","Yorkshire and the Humber",2017,7.76,69.69559291,3,7.33,53.67779462,16.7291268,2.813557067,80.81,7.48,9.517315144,22.95944793,61.77555523,28.93645485,63.76882888,3.461471229,17,6.01645041,93.03700878
"Sheffield","Yorkshire and the Humber",2016,7.69,68.62593052,3.09,7.23,53.13353975,16.7291268,7.522591133,80.825,7.59,9.581046947,22.95944793,60.77408784,28.30220656,67.49898508,2.613012804,16,6.17251842,93.65798414
"Sheffield","Yorkshire and the Humber",2019,7.88,70.04152028,3.27,7.38,53.99698702,13.28953234,5.994107973,80.885,7.62,8.275583779,39.59575714,64.13384724,29.19588227,68.1908084,4.958510942,13.9,4.15214627,93.65238286
"Sheffield","Yorkshire and the Humber",2021,7.89,70.04152028,3.15,7.45,55.4617537,12.66443208,3.223657409,80.47,7.66,5.529400184,37.51331041,63.85963112,29.86617313,68.0772829,3.24674739,13.3,4.91999654,91.70258621
"Newcastle upon Tyne","North East England",2020,7.63,70.3796674,3.54,7.3,54.59604522,23.39000935,10.24231533,79.475,7.29,9.233306391,36.67171268,60.22330455,32.77591569,68.96477239,4.236956692,15.2,6.70628731,90.33195021
"Newcastle upon Tyne","North East England",2019,7.54,70.3796674,3.51,7.1,51.22385624,30.59020684,18.01767001,79.94,7.34,13.69790635,29.85971557,61.07086604,33.87059548,69.20316465,6.93481276,13,6.11697251,90.42379788
"Newcastle upon Tyne","North East England",2015,7.63,60.72526122,3.11,7.16,58.49523392,23.62637502,4.76074993,79.635,7.42,16.16431195,16.7457392,64.19826406,30.15874263,67.76613905,2.751372247,18.6,8.80311774,90.45785195
"Newcastle upon Tyne","North East England",2016,7.63,69.57679787,3.03,7.25,58.49523392,23.62637502,4.278399081,79.33,7.53,18.2116556,16.7457392,64.19826406,31.53742404,67.76613905,1.702342082,17.6,7.00156885,90.45785195
"Newcastle upon Tyne","North East England",2018,7.73,71.17199391,2.89,7.39,54.93633804,23.62637502,2.646148693,79.795,7.59,17.64180735,16.7457392,62.35888294,32.02941863,67.12072613,4.996735466,16,5.36028862,90.97807757
"Newcastle upon Tyne","North East England",2017,7.64,71.5629742,3.17,7.35,55.78377563,23.62637502,2.664287146,79.605,7.53,19.18253662,16.7457392,64.04986271,31.60647405,66.46986566,3.380182665,15.2,6.83013616,92.28535877
"Newcastle upon Tyne","North East England",2021,7.82,70.3796674,3.14,7.49,54.59604522,22.09502044,6.316264401,79.475,7.69,9.233306391,26.1298985,66.57413883,32.77591569,65.27868673,3.017461041,15.6,7.61917655,91.41295863
"North Tyneside","North East England",2015,7.75,64.77801268,3.18,7.31,57.89412648,18.45548888,18.1796756,80.025,7.6,6.831915156,10.57268171,69.64420044,28.19776589,69.2501317,0.493279073,18,6.36192658,95.20116335
"North Tyneside","North East England",2020,7.74,72.47516556,3.47,7.25,59.77697388,17.8502573,13.4637786,80.24,7.34,6.276601347,11.64602265,66.00407677,30.98226432,71.64537884,1.436293214,15.4,5.8775768,93.68213228
"North Tyneside","North East England",2017,7.91,70.2457956,2.73,7.49,62.48076082,18.45548888,11.82192224,80.05,7.62,9.546492691,10.57268171,60.26970599,29.98627867,60.90047793,0.978124251,16.5,5.7722189,93.52040816
"North Tyneside","North East England",2019,7.82,72.47516556,3.04,7.48,56.84867359,16.77166847,14.23124944,80.09,7.64,9.758889536,11.98059215,64.45800908,29.80585644,67.10309558,3.847763247,13.9,4.26778284,93.5194942
"North Tyneside","North East England",2021,7.75,72.47516556,3.43,7.16,59.77697388,19.20138894,11.57687775,80.24,7.51,6.276601347,15.41404088,65.86182732,30.98226432,64.81492962,1.434370383,15.3,5.57018494,93.29608939
"North Tyneside","North East England",2018,7.9,72.90853923,2.76,7.7,47.18804859,18.45548888,10.97840348,80.085,7.72,10.37939656,10.57268171,63.32275442,29.15077549,62.27849065,1.456416729,14.9,4.74615653,93.66447035
"North Tyneside","North East England",2016,7.71,69.9830652,3.09,7.25,57.89412648,18.45548888,4.854138189,80.165,7.47,9.406852511,10.57268171,69.64420044,29.54791652,69.2501317,0.491219452,16.4,5.67327633,95.20116335
"South Tyneside","North East England",2020,7.64,73.42531494,3.38,7.29,49.18625287,17.29055541,11.79380341,78.825,7.29,4.744165735,10.10622634,71.58010574,31.5916955,57.24993794,3.970013167,18,8.20439956,91.2627551
"South Tyneside","North East England",2019,7.7,73.42531494,3.2,7.21,51.01785476,20.41128018,6.180243363,79.37,7.39,7.517751166,13.84706761,69.66376403,31.27019601,64.55062166,0.662356931,16.3,7.47580625,92.54445964
"South Tyneside","North East England",2018,7.89,72.66229899,3.12,7.36,54.87273248,18.39358704,12.60995514,79.24,7.62,10.15539214,11.69626182,70.17724256,31.47140313,60.2690421,0.665490966,18.8,6.46536712,92.33333333
"South Tyneside","North East England",2015,7.78,60.82840237,3.06,7.31,59.31214483,18.39358704,14.64440348,79.49,7.59,7.852116233,11.69626182,69.87303665,32.27640156,55.69556349,0,17.4,9.03475772,93.82871537
"South Tyneside","North East England",2017,7.77,71.73165138,3.09,7.3,52.86101787,18.39358704,14.96375275,79.705,7.54,9.193942028,11.69626182,69.59465038,30.89335599,61.22370691,0.668650329,18.4,7.61922609,92.05211726
"South Tyneside","North East England",2016,7.83,68.09779368,2.66,7.41,59.31214483,18.39358704,10.94929753,79.57,7.62,8.297920828,11.69626182,69.87303665,31.97581399,55.69556349,2.681072965,18.5,8.06456953,93.82871537
"South Tyneside","North East England",2021,7.85,73.42531494,2.79,7.44,49.18625287,14.44785183,15.28376441,78.825,7.52,4.744165735,12.26919764,65.90019405,40.5408421,61.54540427,0.676063956,16.3,6.28572403,91.58023185
"Sunderland","North East England",2020,7.6,72.7865477,3.48,7.1,48.39613524,17.12082602,10.06439672,78.725,7.3,7.054267472,11.85181023,72.53257116,29.4970612,60.7947437,2.159469634,18.2,6.83979827,91.49928264
"Sunderland","North East England",2015,7.85,65.89245943,3,7.33,55.90862028,17.60095086,11.34528664,78.94,7.6,8.493098229,9.763813522,64.62278639,29.18006201,63.1495632,1.445018839,21.5,8.43304019,92.32848935
"Sunderland","North East England",2019,7.72,72.7865477,3.1,7.25,48.2071146,18.26486245,12.4817878,79.185,7.47,11.00088223,12.28733006,65.53599676,31.80400353,59.48890831,0.360094345,16,6.45569401,91.1809816
"Sunderland","North East England",2017,7.95,70.55589493,2.98,7.47,55.48138015,17.60095086,6.688807194,79.16,7.61,11.59968115,9.763813522,66.2757328,30.88514798,61.46395863,0,22.7,6.40044979,94.51909477
"Sunderland","North East England",2016,7.89,68.24451411,3.07,7.25,55.90862028,17.60095086,10.01226652,79.125,7.7,9.40113304,9.763813522,64.62278639,31.8655538,63.1495632,1.442444655,18,7.37610042,92.32848935
"Sunderland","North East England",2018,7.88,71.28050819,3.21,7.48,54.47814548,17.60095086,12.14531797,79.295,7.62,11.4232365,9.763813522,68.55366444,33.26551713,60.1098706,1.80234088,20.2,6.13267737,91.47706753
"Sunderland","North East England",2021,7.41,72.7865477,3.18,7.1,48.39613524,15.86102974,22.86267774,78.725,7.23,7.054267472,13.05043088,69.14693305,29.4970612,61.06678129,1.823413357,15.2,5.85583346,91.4224446
"Birmingham","West Midlands",2020,7.7,68.03161367,3.53,7.16,47.46738034,22.29922133,14.41675161,79.43,7.2,4.199820258,14.69614836,65.76111953,31.24053638,58.68448594,1.490541637,19.4,8.05194198,92.73468133
"Birmingham","West Midlands",2015,7.68,62.2051666,2.87,7.39,51.82381903,28.24622176,13.51320363,79.515,7.48,7.677793252,16.1165371,62.64639536,31.20876865,62.54553333,3.23464666,15.9,9.55279949,92.59803922
"Birmingham","West Midlands",2017,7.73,66.10017889,2.86,7.58,48.89004461,28.24622176,13.87046336,79.775,7.55,7.909434599,16.1165371,62.18612389,32.40521559,62.36873924,5.012650347,13.7,8.27919094,93.13619325
"Birmingham","West Midlands",2016,7.78,63.78375156,2.83,7.53,51.82381903,28.24622176,4.59478907,79.57,7.59,8.445345486,16.1165371,62.64639536,31.85438744,62.54553333,4.875553708,14.3,8.69669457,92.59803922
"Birmingham","West Midlands",2018,7.72,67.77554378,2.72,7.56,49.41689652,28.24622176,7.545905438,79.885,7.69,7.37619746,16.1165371,64.7706354,31.91237368,61.00610648,7.972846762,16.2,7.33489139,92.58983891
"Birmingham","West Midlands",2019,7.72,68.03161367,2.94,7.53,48.19628199,27.28612674,17.7631034,80.1,7.48,6.120951187,17.68728538,61.36446631,32.15022913,63.3410122,4.55414883,14.8,8.21564721,92.97421959
"Birmingham","West Midlands",2021,7.71,68.03161367,3.23,7.32,47.46738034,22.99097928,8.783110444,79.43,7.5,4.199820258,16.66159013,63.54302024,31.24053638,58.3215894,2.713362171,16.1,8.03777966,91.96185286
"Coventry","West Midlands",2020,7.77,68.9432395,3.34,7.37,50.73973064,25.18957371,2.038146248,79.97,7.4,4.164612915,16.74752663,65.67033866,32.50376576,61.91060232,2.108664767,17.1,5.82960446,91.85248714
"Coventry","West Midlands",2017,7.71,66.31808279,2.96,7.36,52.8982897,20.04780558,3.416746872,80.345,7.52,7.838422431,14.50583055,64.41220755,30.54012328,59.30659562,2.22130285,15.9,5.23687376,93.81173736
"Coventry","West Midlands",2015,7.68,63.7437131,2.53,7.48,51.18427509,20.04780558,12.28208046,80.33,7.55,7.28459894,14.50583055,63.83266034,28.91064416,62.31023972,2.614090529,16.7,6.12854013,92.81914894
"Coventry","West Midlands",2018,7.69,68.00804829,3,7.34,57.55045948,20.04780558,1.774879133,80.445,7.47,7.693880611,14.50583055,65.02380244,30.53388492,60.5757577,6.815982115,15.9,4.60626887,92.87205488
"Coventry","West Midlands",2019,7.7,68.9432395,3,7.42,43.91620701,18.69965266,2.00699643,80.44,7.55,5.835470942,13.53154859,65.66762008,30.28467782,61.14621317,6.190767144,15.1,4.57856275,90.95776324
"Coventry","West Midlands",2016,7.83,65.30789245,2.9,7.56,51.18427509,20.04780558,1.868953386,80.44,7.67,8.164998655,14.50583055,63.83266034,29.95862868,62.31023972,3.680477896,16.3,5.42071236,92.81914894
"Coventry","West Midlands",2021,7.69,68.9432395,3.11,7.41,50.73973064,17.7183239,2.150057192,79.97,7.44,4.164612915,14.76745083,68.36599266,36.7581542,58.6193698,3.49528137,13.7,5.47465355,91.55757414
"Dudley","West Midlands",2021,7.89,67.5951955,3.15,7.42,54.95876125,21.08296291,2.051303076,80.51,7.52,4.147498317,13.38670333,66.8008882,34.59157415,58.0238908,1.236166524,13.7,4.09404986,93.44212753
"Dudley","West Midlands",2020,7.69,67.5951955,3.09,7.13,54.95876125,22.15885254,1.788731991,80.51,7.44,4.147498317,13.46320863,73.20627597,34.59157415,57.39002171,1.240837193,14.2,6.39201236,93.8769324
"Dudley","West Midlands",2018,7.67,67.20606827,2.83,7.31,51.88660618,21.27551228,3.590480809,80.86,7.51,6.690037614,10.42437112,64.99431621,32.15130896,56.55750047,1.559449327,13,5.42981528,93.07869041
"Dudley","West Midlands",2015,7.7,60.55190539,2.89,7.35,53.83750793,21.27551228,2.186927036,80.905,7.6,6.73345325,10.42437112,66.84225879,32.60063624,61.59093017,0.948373697,18.5,6.83508241,94.46890479
"Dudley","West Midlands",2016,7.7,64.29313929,3,7.12,53.83750793,21.27551228,6.330190927,80.765,7.55,7.113661126,10.42437112,66.84225879,31.60152318,61.59093017,0.944709313,15.6,6.44432991,94.46890479
"Dudley","West Midlands",2017,7.54,65.46780684,2.57,7.13,56.36597815,21.27551228,2.299702119,80.89,7.47,7.322670223,10.42437112,67.51538889,32.96383086,59.91369801,3.443752563,13.7,5.9421925,93.87357282
"Dudley","West Midlands",2019,7.57,67.5951955,2.8,6.97,48.84781601,25.30555244,1.250115082,81.035,7.5,5.565989627,12.94384499,70.27211713,32.44804639,59.53957901,1.243796565,13.5,5.041796,93.42065184
"Sandwell","West Midlands",2020,7.61,66.21329879,3.2,7.07,47.3679692,25.93759563,1.775990921,78.405,7.31,5.041909543,11.87844236,77.66955825,34.09152488,54.00799246,1.215650282,14.4,6.03262264,93.483023
"Sandwell","West Midlands",2018,7.74,66.23141824,2.47,7.3,50.14159858,19.55833042,0.988379058,79.005,7.54,6.976644735,9.01861157,70.50938452,33.24742392,59.51185648,4.276402202,16.7,6.01426934,93.51564703
"Sandwell","West Midlands",2015,7.59,58.13953488,2.78,7.32,55.0787287,19.55833042,1.848839795,79.23,7.62,6.355354574,9.01861157,68.88710862,31.60109966,57.76163423,1.253521612,17.7,8.1401822,92.93103448
"Sandwell","West Midlands",2017,7.64,63.61256545,2.54,7.37,47.23044481,19.55833042,12.36615694,79.185,7.41,7.988692927,9.01861157,70.48624013,33.5784043,54.19465985,3.072574203,17.4,7.97276595,93.61763022
"Sandwell","West Midlands",2019,7.58,66.21329879,2.62,7.27,35.80178816,28.69203941,6.038718987,79.15,7.59,5.50464302,12.3781622,70.96870619,33.89616207,54.69820099,3.04460344,15.3,5.4775801,92.22497932
"Sandwell","West Midlands",2016,7.6,60.43433299,2.7,7.25,55.0787287,19.55833042,4.989020558,79.19,7.57,7.094792503,9.01861157,68.88710862,32.42331594,57.76163423,3.409467782,19,8.39354867,92.93103448
"Sandwell","West Midlands",2021,7.58,66.21329879,2.88,7.25,47.3679692,24.87326016,2.533002222,78.405,7.29,5.041909543,15.19161496,70.82469975,34.09152488,59.92919099,0.877888619,18.1,5.79132935,93.78155727
"Solihull","West Midlands",2020,7.64,72.75653924,3.37,7.36,54.28922166,31.36506467,2.653700778,82.2,7.48,4.864658577,14.24730972,69.31408512,26.15857305,64.83497132,0.459797597,11.5,4.37465739,94.59734964
"Solihull","West Midlands",2017,7.96,71.72640819,2.53,7.71,55.0559787,34.6860221,5.053303903,82.245,7.81,8.049249064,16.0611742,63.96652881,24.57348225,64.0063256,0.934872133,10.5,3.89869919,94.40910613
"Solihull","West Midlands",2016,7.75,71.89168574,2.94,7.51,58.63739543,34.6860221,2.170347003,82.325,7.64,8.309531216,16.0611742,61.63536907,24.80488337,64.43863807,2.827974322,11.7,5.19798927,95.39666993
"Solihull","West Midlands",2015,7.92,67.85130719,2.88,7.6,58.63739543,34.6860221,4.333333333,82.315,7.73,7.271123253,16.0611742,61.63536907,24.38827434,64.43863807,2.371534003,11.6,4.80458825,95.39666993
"Solihull","West Midlands",2018,7.92,72.20106626,2.57,7.66,56.82396538,34.6860221,1.791902629,82.205,7.8,7.44501161,16.0611742,54.59037028,24.06713697,67.2944126,1.861252902,11.4,4.21987299,94.17209462
"Solihull","West Midlands",2019,7.95,72.75653924,2.86,7.57,54.27795835,33.36535879,2.209126087,82.52,7.74,6.54884598,14.40580329,60.31652428,26.28899879,68.13352441,2.77297642,12.6,4.07676081,93.69214947
"Solihull","West Midlands",2021,7.66,72.75653924,3.11,7.37,54.28922166,40.17560364,2.406578404,82.2,7.44,4.864658577,29.74198237,62.75094142,26.15857305,68.76224711,1.846159527,10.8,4.33654287,93.10003301
"Walsall","West Midlands",2020,7.71,68.04230075,3.37,7.3,51.3087526,14.0909206,4.529957473,79.595,7.35,4.052790915,8.200186438,67.45469579,36.01583113,56.81107666,1.395108749,15.1,5.7737425,93.73981089
"Walsall","West Midlands",2015,7.81,60.75675676,2.85,7.43,50.26088536,13.93109867,4.287413156,79.815,7.54,8.007104538,5.716937377,64.30178553,31.4400767,62.30845418,2.537335073,17.6,8.04664999,92.8688794
"Walsall","West Midlands",2017,7.8,65.70553713,3.23,7.38,49.64728539,13.93109867,12.17126932,79.66,7.52,7.269999609,5.716937377,67.29215793,32.88842085,58.96861706,7.110024067,14.5,6.07949212,93.34650856
"Walsall","West Midlands",2016,7.83,65.27068437,2.76,7.51,50.26088536,13.93109867,6.066269977,79.59,7.67,7.605230792,5.716937377,64.30178553,31.92670868,62.30845418,9.322772306,16,6.74018657,92.8688794
"Walsall","West Midlands",2018,7.77,67.98551849,3.14,7.3,46.39549957,13.93109867,4.21729807,79.765,7.53,6.814219876,5.716937377,65.66869193,32.43153693,63.20856761,3.881740996,15.6,5.21000526,93.6286201
"Walsall","West Midlands",2019,7.76,68.04230075,3.15,7.47,42.00439824,13.85269207,6.81260075,79.895,7.62,5.671190074,7.394945527,73.73612191,33.12843938,55.93842227,2.101738137,15,5.96885965,94.7245409
"Walsall","West Midlands",2021,7.67,68.04230075,3.3,7.39,51.3087526,11.83763626,3.134453113,79.595,7.42,4.052790915,8.798467445,71.52771063,36.01583113,52.76868111,1.406934782,14,6.48164262,93.5052531
"Wolverhampton","West Midlands",2020,7.75,69.44444444,3.22,7.29,48.46705561,18.715401,5.409276582,78.92,7.46,5.283521238,8.775065656,67.65097459,35.32400811,54.69722014,2.269228878,11.4,6.08635406,92.550715
"Wolverhampton","West Midlands",2018,7.49,69.0919674,2.42,7.34,45.0299647,16.37847951,3.400512046,79.29,7.4,9.076058746,7.006501239,67.0878583,35.26670349,52.07521025,7.251686971,16.7,6.85488701,92.65887509
"Wolverhampton","West Midlands",2021,7.75,69.44444444,3.07,7.53,48.46705561,19.31122427,4.461211512,78.92,7.5,5.283521238,10.83042771,68.51665048,35.32400811,60.07469747,1.893681165,13.6,6.52880259,93.4129902
"Wolverhampton","West Midlands",2015,7.43,61.09799292,2.54,7.08,47.80444884,16.37847951,2.296833041,79.4,7.14,9.517612287,7.006501239,68.04234143,33.02827628,58.09359481,5.095920911,19.3,9.91212676,92.61119082
"Wolverhampton","West Midlands",2017,7.56,65.71980143,2.31,7.23,54.07515855,16.37847951,15.80794689,79.265,7.28,9.952832729,7.006501239,67.31198041,35.47430617,55.91669829,7.309772781,14.4,7.70767563,92.65306122
"Wolverhampton","West Midlands",2016,7.45,62.48967227,2.54,7.09,47.80444884,16.37847951,7.053469852,79.29,7.12,10.09623397,7.006501239,68.04234143,32.77539435,58.09359481,6.976284508,16.5,8.37780445,92.61119082
"Wolverhampton","West Midlands",2019,7.65,69.44444444,2.85,7.23,51.56931456,18.17444204,1.983690937,79.6,7.46,7.210744351,7.827349417,65.96757272,35.68679161,58.02682397,5.315977931,15.1,6.71027801,93.68199368
"Bradford","Yorkshire and the Humber",2020,7.63,68.1153895,3.35,7.05,51.72111456,19.44633009,1.673810061,79.425,7.29,3.980609745,12.75985288,66.06414721,31.57743828,61.89189626,0.922291415,16.2,5.69645972,92.74671053
"Bradford","Yorkshire and the Humber",2016,7.89,66.19891679,3.15,7.26,55.00691292,18.27463004,5.818693727,79.515,7.56,9.246271165,9.095401899,69.15313859,28.71517124,60.34862919,1.877796744,22.2,6.35511111,92.14686384
"Bradford","Yorkshire and the Humber",2015,7.83,62.15724339,2.72,7.29,55.00691292,18.27463004,4.372352156,79.415,7.52,8.652918874,9.095401899,69.15313859,27.73770086,60.34862919,3.019557295,20.9,8.36013298,92.14686384
"Bradford","Yorkshire and the Humber",2017,7.75,67.55811047,2.81,7.45,54.70889938,18.27463004,2.091856426,79.665,7.55,8.827599102,9.095401899,64.30085788,30.21454832,63.67957523,2.804786836,18.9,6.20599699,91.73920464
"Bradford","Yorkshire and the Humber",2018,7.87,66.86960934,2.99,7.5,47.37248957,18.27463004,1.540289912,79.715,7.67,8.014177928,9.095401899,60.61639847,30.78539133,61.87256244,4.467834385,18.5,5.12986616,91.85966125
"Bradford","Yorkshire and the Humber",2019,7.73,68.1153895,3.07,7.45,47.93702503,18.09834013,1.528686462,79.98,7.67,7.679111335,10.24161048,65.44457837,30.06159771,62.407613,2.40840645,16.5,6.37254989,91.3833726
"Bradford","Yorkshire and the Humber",2021,7.82,68.1153895,3.33,7.49,51.72111456,18.14989444,1.764592095,79.425,7.47,3.980609745,14.93935019,63.22333287,31.57743828,60.90816251,3.290820804,15.4,5.82754155,91.12814896
"Calderdale","Yorkshire and the Humber",2020,7.75,69.98027613,3.33,7.33,53.77179773,19.69607302,3.426674797,80.51,7.4,3.94440004,12.19526159,65.35066901,29.01791545,67.13386499,2.83769787,14.7,4.32840257,94.36399217
"Calderdale","Yorkshire and the Humber",2017,7.91,67.70527859,2.93,7.47,52.29233232,18.22446327,4.197464977,80.33,7.59,7.54819674,12.36172691,58.48882975,27.84410433,63.66416973,2.864590793,17.1,4.07918045,95.77409163
"Calderdale","Yorkshire and the Humber",2015,7.86,64.00441664,2.82,7.36,58.23796394,18.22446327,2.062785639,80.35,7.55,5.937487971,12.36172691,60.645143,26.31140351,63.8039596,0.962315717,18.7,5.32885646,95.06553585
"Calderdale","Yorkshire and the Humber",2016,7.94,67.08571429,2.91,7.46,58.23796394,18.22446327,1.809998931,80.49,7.67,6.586342308,12.36172691,60.645143,27.16158652,63.8039596,2.869865929,18.7,4.411798,95.06553585
"Calderdale","Yorkshire and the Humber",2018,7.84,69.77290525,2.98,7.53,52.70937094,18.22446327,2.34441638,80.245,7.59,7.216229853,12.36172691,68.73968834,30.36690216,68.43698609,2.380023039,15.5,4.05587087,93.85295299
"Calderdale","Yorkshire and the Humber",2019,7.84,69.98027613,3.09,7.5,48.94020048,18.48524704,1.261213433,80.515,7.57,6.715376794,10.63469434,62.79179233,28.7895889,68.37753524,2.364569294,16.1,4.1134103,94.62143153
"Calderdale","Yorkshire and the Humber",2021,7.72,69.98027613,2.97,7.34,53.77179773,16.09333102,1.660748784,80.51,7.45,3.94440004,14.96671475,63.65735352,28.95539967,65.59127234,1.450550726,14.8,4.57124877,94.02420575
"Kirklees","Yorkshire and the Humber",2020,7.43,69.99442276,3.51,7.11,50.04311608,14.34439975,2.944445705,80.28,7.2,3.72544132,11.82253057,67.68617661,30.41355758,63.10071842,0.906433411,14.4,4.52441909,94.11514765
"Kirklees","Yorkshire and the Humber",2015,7.87,65.13464991,2.92,7.34,52.64225919,15.0288458,3.177067022,80.545,7.72,6.191449793,11.07053266,61.61428647,28.31161278,65.30432484,1.386145476,16.4,5.77582672,94.7927967
"Kirklees","Yorkshire and the Humber",2016,7.91,67.07783183,3.01,7.4,52.64225919,15.0288458,2.687385004,80.585,7.63,6.467755425,11.07053266,61.61428647,29.02136198,65.30432484,1.148802029,16.8,5.45128853,94.7927967
"Kirklees","Yorkshire and the Humber",2018,7.8,69.28975717,2.79,7.55,52.32769535,15.0288458,4.48048483,80.515,7.57,6.76730632,11.07053266,61.72177936,27.97936213,57.1210544,2.963118295,15.1,4.91307724,94.68400639
"Kirklees","Yorkshire and the Humber",2017,7.9,68.36952652,2.9,7.51,53.74136793,15.0288458,3.832252085,80.555,7.69,6.478399616,11.07053266,65.09659457,28.82168872,60.97789187,1.830056389,17.1,4.77192398,93.49647266
"Kirklees","Yorkshire and the Humber",2019,7.7,69.99442276,3.18,7.31,47.44209871,15.39188863,1.790178211,80.615,7.46,6.430385618,10.38493388,68.64364055,29.25269837,63.40680452,3.63812482,14.3,4.12392961,93.85163734
"Kirklees","Yorkshire and the Humber",2021,7.92,69.99442276,2.73,7.59,50.04311608,14.20108181,1.862618853,80.28,7.59,3.72544132,9.961647626,69.67284274,30.41355758,62.80975617,1.153788464,13.6,5.13744912,93.57373086
"Leeds","Yorkshire and the Humber",2020,7.71,66.35939927,3.69,7.2,53.73420483,17.0806841,1.178143408,79.78,7.28,6.755251094,33.28542093,59.85811906,29.34276543,67.61093914,4.381649153,14.3,4.4319307,92.12216542
"Leeds","Yorkshire and the Humber",2015,7.89,61.8491921,3.21,7.41,54.59401339,17.76592445,1.444883947,80.18,7.68,8.985880993,36.33834327,60.96361213,27.24842174,62.85873828,1.681296098,18.5,6.11503438,91.50019086
"Leeds","Yorkshire and the Humber",2018,7.93,65.8230411,2.94,7.45,54.42183022,17.76592445,1.403391035,80.195,7.76,10.83257095,36.33834327,62.79577384,28.313952,68.15891131,4.181481359,18.2,3.9162193,91.2061315
"Leeds","Yorkshire and the Humber",2016,7.88,62.54267925,3.24,7.5,54.59401339,17.76592445,1.06428945,80.205,7.74,10.29846867,36.33834327,60.96361213,28.35375101,62.85873828,2.56053423,17.8,5.12449596,91.50019086
"Leeds","Yorkshire and the Humber",2019,7.73,66.35939927,3.08,7.45,52.41838895,22.08647929,1.127025886,80.14,7.55,10.38027382,40.67882319,62.29175611,29.50694619,69.7455796,5.043252192,15.3,4.31281393,91.83861217
"Leeds","Yorkshire and the Humber",2017,7.99,64.81590286,2.98,7.61,51.99615779,17.76592445,1.839470233,80.145,7.71,10.95374124,36.33834327,64.95023861,27.36436206,66.4345614,3.567578863,16.7,4.68807889,91.78685897
"Leeds","Yorkshire and the Humber",2021,7.89,66.35939927,3.41,7.35,53.73420483,16.48265112,1.141490232,79.78,7.54,6.755251094,36.78136981,63.55740268,31.71501059,71.06548409,3.09009735,12.1,5.19832853,91.65551636
"Wakefield","Yorkshire and the Humber",2020,7.62,70.61087061,3.42,7.21,50.5774695,22.03365604,1.662905916,79.35,7.28,6.393774602,13.09852618,62.97683526,30.15515613,64.71959242,1.137682314,20.3,4.81792605,93.04071614
"Wakefield","Yorkshire and the Humber",2015,7.87,65.0751333,2.85,7.39,52.11883403,23.44266582,1.561916947,80.005,7.68,8.427714757,12.52880606,66.50272918,27.5955335,60.95248432,1.496929797,21.9,6.30966752,92.30565137
"Wakefield","Yorkshire and the Humber",2019,7.64,70.61087061,3.08,7.31,41.71203943,24.83768255,1.823816903,79.97,7.46,10.16330187,17.26351231,64.83708082,31.6884706,65.52202044,3.732285996,16.7,4.31487142,93.39401057
"Wakefield","Yorkshire and the Humber",2018,7.78,68.99243141,2.93,7.4,53.25997357,23.44266582,0.96648287,80.12,7.51,10.23365542,12.52880606,68.04325525,29.71987669,60.71321219,2.608408349,19.3,4.8843021,93.26866549
"Wakefield","Yorkshire and the Humber",2017,8.01,67.74346793,2.77,7.54,55.58533767,23.44266582,1.943525397,79.905,7.77,9.912262684,12.52880606,67.4006187,30.55294857,60.01782518,2.054050882,17.9,5.31482552,93.14128944
"Wakefield","Yorkshire and the Humber",2016,7.88,65.22051774,2.9,7.58,52.11883403,23.44266582,1.936929272,79.945,7.72,10.11883926,12.52880606,66.50272918,28.81222028,60.95248432,2.076572113,19.5,5.02329653,92.30565137
"Wakefield","Yorkshire and the Humber",2021,7.89,70.61087061,2.99,7.54,50.5774695,20.12319459,1.259051471,79.35,7.62,6.393774602,13.73699042,71.637536,37.97089845,67.22236723,1.413219824,15.6,3.76751033,93.43026387
"Gateshead","North East England",2020,7.46,73.12711455,3.43,7.11,53.14403319,20.04144037,1.263505784,79.475,7.27,5.743996039,11.93515991,68.98233712,33.9485248,61.79418268,0,15,6.17302592,93.86536374
"Gateshead","North East England",2015,7.85,63.19809069,2.98,7.33,58.89965052,19.87467798,1.509725906,79.54,7.66,7.430945252,12.32977032,69.42671246,28.57525038,62.75855539,0.495726835,18.3,7.0389538,93.00733496
"Gateshead","North East England",2016,7.9,67.64444444,2.94,7.54,58.89965052,19.87467798,1.495755289,79.4,7.72,11.30643346,12.32977032,69.42671246,30.2617044,62.75855539,1.974060841,17.9,6.24171771,93.00733496
"Gateshead","North East England",2017,7.85,69.59334566,3.09,7.47,55.36281766,19.87467798,2.523119078,79.465,7.64,10.13244804,12.32977032,69.1699222,30.19255241,63.24712459,3.952198163,16.5,5.62610981,93.61924686
"Gateshead","North East England",2018,7.74,69.92941176,3.09,7.45,50.82830854,19.87467798,1.782055959,79.445,7.6,9.258893476,12.32977032,69.13239639,29.60472068,64.49709998,4.93807652,17.8,4.72859167,93.19015191
"Gateshead","North East England",2019,7.75,73.12711455,3.29,7.25,55.44343859,19.10087425,1.539458759,79.775,7.55,9.492464923,13.70173963,64.71154104,31.67335811,59.20971869,0,17.1,5.64229294,93.84615385
"Gateshead","North East England",2021,7.73,73.12711455,3.21,7.49,53.14403319,16.16550167,1.473979745,79.475,7.47,5.743996039,12.68964169,73.34094083,33.9485248,63.89362165,1.019607043,14.1,5.9316352,93.90180879
"Barking and Dagenham","London",2020,7.84,72.80089361,3.17,7.87,47.8826949,14.21586503,2.346681868,79.345,7.35,4.409010448,5.512633765,62.6531108,34.62907267,53.86508953,4.670561915,16.5,8.02874951,93.71015725
"Barking and Dagenham","London",2015,7.81,67.58639164,2.84,7.45,45.41234827,15.50684753,1.441376367,79.62,7.45,5.391406246,5.042784317,68.28774529,34.20463354,56.59023888,9.847317345,18.4,9.6530769,93.87947269
"Barking and Dagenham","London",2018,7.88,71.75066313,2.82,7.67,43.88968863,15.50684753,3.88855928,80.325,7.52,4.566080812,5.042784317,62.53797649,35.08698122,55.82845893,4.245323069,22.4,5.88899455,93.91304348
"Barking and Dagenham","London",2019,7.72,72.80089361,2.93,7.41,41.2718569,13.80014928,2.424006592,80.2,7.31,4.720393037,5.865398366,69.88058259,34.8645048,46.66175024,6.575671893,18.1,5.72882011,94.90677581
"Barking and Dagenham","London",2017,7.95,71.69089518,2.84,7.61,50.50091464,15.50684753,3.97281298,79.99,7.66,5.372287161,5.042784317,62.58084178,34.62803644,53.33609775,0,18.7,7.66935086,92.95134152
"Barking and Dagenham","London",2016,7.74,69.46764092,3.02,7.38,45.41234827,15.50684753,1.470706745,79.715,7.49,5.41353239,5.042784317,68.28774529,34.3964352,56.59023888,2.401744627,18.8,6.79940248,93.87947269
"Barking and Dagenham","London",2021,7.82,72.80089361,2.5,7.77,47.8826949,14.75752907,1.650870845,79.345,7.6,4.409010448,6.587600931,64.51548251,34.62907267,52.33458915,1.372784098,11.3,7.64763306,93.66336634
"Barnet","London",2021,7.7,74.76950753,3.07,7.47,57.06994307,12.40518559,4.045310409,83.765,7.36,4.205440005,7.189246906,61.12332567,26.64714323,63.947614,3.345006548,10.5,6.4487263,94.92808478
"Barnet","London",2020,7.58,74.76950753,3.2,7.23,57.06994307,13.87942273,2.877968611,83.765,7.3,4.205440005,6.798823585,57.69682909,26.64714323,63.68381725,1.503733017,9.1,5.70024786,95.80122243
"Barnet","London",2015,7.92,68.70313189,2.49,7.62,62.41767433,14.17527905,4.460333674,83.465,7.53,4.010264588,6.015848523,49.35361385,26.28521246,59.92500757,5.544144591,14.6,5.83114175,95.35923959
"Barnet","London",2016,7.83,69.82984293,3.09,7.62,62.41767433,14.17527905,2.331307225,83.6,7.47,5.101696061,6.015848523,49.35361385,26.81984931,59.92500757,5.717642044,14.8,4.94662116,95.35923959
"Barnet","London",2018,7.68,74.42645074,3.19,7.44,58.11433326,14.17527905,2.728075102,84.12,7.55,4.50604376,6.015848523,54.5247181,26.59387575,66.49410433,6.120263171,10.9,4.67277773,95.39210074
"Barnet","London",2017,7.86,74.11790017,2.78,7.38,57.84395791,14.17527905,3.166161647,83.805,7.63,4.682789973,6.015848523,52.86452888,25.81748852,59.83449997,5.415120564,17.3,4.39068145,95.17411571
"Barnet","London",2019,7.84,74.76950753,3.19,7.43,56.42900615,14.50457232,2.667002639,84.43,7.58,4.989024147,5.977814547,55.20196952,26.7354617,59.42915852,6.062611622,11.1,4.49600596,95.75709361
"Bexley","London",2020,7.81,76.47058824,3.05,7.42,54.27169169,20.72747059,1.945253129,81.855,7.53,3.072590964,7.95540468,68.56229187,30.00362144,59.24682408,6.417944573,14,4.92721254,95.92295345
"Bexley","London",2015,7.79,76.77459527,3.06,7.29,54.71810837,20.46361895,7.814027209,82.065,7.41,3.692442251,8.03996837,60.36223999,31.17508036,66.48983775,2.47538028,14.2,6.03790503,95.73373676
"Bexley","London",2018,7.83,77.22868217,3.21,7.55,55.78440001,20.46361895,2.455115565,82.075,7.54,4.529681547,8.03996837,62.68172214,29.96735816,72.35392465,2.022179262,12.2,3.95524936,95.38363578
"Bexley","London",2021,7.72,76.47058824,3,7.26,54.27169169,18.90867592,1.234142136,81.855,7.43,3.072590964,10.26119281,64.60952711,30.00362144,60.07761036,2.839261305,12.8,5.11440228,94.98412698
"Bexley","London",2017,7.79,77.44107744,3.04,7.45,56.96787821,20.46361895,2.01648058,82.05,7.42,4.912158099,8.03996837,62.90247642,33.10868298,61.46267238,6.500788221,11.7,4.5926875,95.73934837
"Bexley","London",2016,7.83,78.1671159,3.16,7.46,54.71810837,20.46361895,1.946236559,82.14,7.45,4.096370795,8.03996837,60.36223999,31.99657485,66.48983775,4.488055652,12.5,4.22636976,95.73373676
"Bexley","London",2019,7.97,76.47058824,3.1,7.59,49.11401995,21.54511529,1.415119866,82.105,7.73,4.212866562,10.00742766,64.3185027,30.47877133,64.43845988,3.624837386,14.2,4.23500084,95.15171504
"Brent","London",2020,7.46,71.75726928,3.29,7.28,58.7004808,16.21114612,1.858947608,82.71,7.25,4.015218778,6.635410997,62.12040288,30.70002798,59.72762925,3.661293718,11.1,6.52937567,94.44624878
"Brent","London",2015,7.61,63.4936212,2.57,7.53,51.12673454,15.50693874,1.759948411,82.415,7.55,5.626957455,5.914627727,56.94287893,29.58442695,57.4231968,17.00454176,12.2,7.13101148,94.26011944
"Brent","London",2017,7.89,69.30333817,2.71,7.7,55.0020829,15.50693874,1.554087594,82.665,7.79,5.357001781,5.914627727,57.30118674,35.7562281,58.01611776,8.811857722,15.8,6.31276538,93.90444811
"Brent","London",2016,7.68,66.85892814,2.69,7.58,51.12673454,15.50693874,3.494143339,82.645,7.67,5.918628055,5.914627727,56.94287893,30.63788564,57.4231968,7.352332987,12.8,7.09451474,94.26011944
"Brent","London",2018,7.84,69.69390336,2.4,7.84,55.47834732,15.50693874,1.436563974,82.965,7.71,5.105881286,5.914627727,55.46816381,35.94219858,59.80597389,9.069060899,17.1,5.33034085,94.46143391
"Brent","London",2019,7.96,71.75726928,3.27,7.77,52.36800035,14.27442663,2.528540675,83.42,7.73,4.560740635,6.021122032,51.78857742,33.51261946,56.30110418,7.581018343,10.3,4.69010949,94.82222989
"Brent","London",2021,7.59,71.75726928,3.4,7.51,58.7004808,15.54875212,1.928853755,82.71,7.41,4.015218778,7.13091894,55.89514865,30.70002798,55.94776708,5.015962563,8.2,6.35608145,95.232
"Bromley","London",2020,7.66,78.02971071,2.95,7.54,59.39177865,15.68914168,5.34310358,83.055,7.49,5.24414579,7.595771566,57.04482619,25.36776337,73.85003085,0.300524114,11.4,4.90044819,95.5615942
"Bromley","London",2018,7.65,77.24719101,2.88,7.47,56.67834449,16.31141788,2.991285525,83.175,7.57,7.067436635,6.900630978,51.68797043,23.99503126,65.67637915,1.81216324,13.9,4.22783845,94.78047283
"Bromley","London",2021,7.81,78.02971071,3.31,7.37,59.39177865,13.81331236,1.731008262,83.055,7.44,5.24414579,7.371451752,58.02917367,25.36776337,71.0855411,0.30318649,8.9,4.71865414,95.39724421
"Bromley","London",2016,7.66,75.7848625,3.29,7.34,62.12886449,16.31141788,2.722717149,83.09,7.6,5.964955125,6.900630978,60.89773027,25.03988831,70.29034964,0.915806826,13.8,4.07726803,95.86248859
"Bromley","London",2015,7.81,73.90882638,2.98,7.51,62.12886449,16.31141788,1.435062398,83.18,7.54,6.068188735,6.900630978,60.89773027,25.567316,70.29034964,1.229622844,14.2,4.94719877,95.86248859
"Bromley","London",2017,7.42,77.53800883,3.16,7.35,60.95322938,16.31141788,1.413772395,83.3,7.31,6.014129105,6.900630978,55.96108572,25.32828734,73.71638462,1.517952828,13.8,4.1761196,95.97579425
"Bromley","London",2019,7.79,78.02971071,2.97,7.4,53.9182543,15.84781974,1.699198102,83.335,7.66,7.08018391,6.422285636,64.10687105,25.69136224,69.46772319,2.407202349,9.4,3.00499087,95.20846297
"Camden","London",2021,7.68,72.44444444,3.73,7.16,60.82076444,14.51101815,8.693348138,85.39,7.35,9.262439359,21.06092187,50.45717399,27.85575565,69.27587593,46.10485289,6.6,4.65112095,95.29561348
"Camden","London",2015,7.51,62.2319956,3.17,7.24,57.18499504,15.18544556,1.649424732,83.91,7.35,10.62595094,23.85119767,44.07857179,27.32533825,68.82495554,6.151650488,15.9,5.48423279,92.8470255
"Camden","London",2017,7.5,66.62797446,3.62,7.11,56.76642979,15.18544556,3.117706428,84.415,7.31,11.21324908,23.85119767,45.12369432,29.65525712,73.99151159,50.12610465,16.4,5.21333537,91.7721519
"Camden","London",2018,7.63,70.61728395,3.3,7.38,53.77192054,15.18544556,5.245771051,84.85,7.48,11.90957418,23.85119767,47.41634441,28.67171146,71.65152164,53.77041178,10.9,4.52470147,92.86186385
"Camden","London",2020,7.26,72.44444444,3.64,6.92,60.82076444,18.69083363,3.47550057,85.39,6.77,9.262439359,29.78293807,49.21420007,27.85575565,65.76113395,15.02597347,9.2,5.19517252,93.44366645
"Camden","London",2016,7.71,65.22911051,3.38,7.35,57.18499504,15.18544556,6.022433565,84.46,7.56,11.51459693,23.85119767,44.07857179,28.96748672,68.82495554,6.822870261,11.4,5.76138053,92.8470255
"Camden","London",2019,7.47,72.44444444,3.47,7.05,60.32798459,14.86319208,2.196291335,85.185,7.26,10.67292772,27.22236267,41.49300748,28.58680057,70.13989766,24.07148862,12,4.46761883,93.2159165
"Croydon","London",2020,7.6,74.56211813,2.98,7.38,52.18985003,17.29569428,3.40556406,81.665,7.51,3.770302371,8.68389883,58.23233361,30.64465951,62.19182653,3.860377854,10.1,6.62297476,94.64285714
"Croydon","London",2021,7.71,74.56211813,3.5,7.21,52.18985003,15.61512884,2.529941036,81.665,7.47,3.770302371,10.36842236,61.80922665,30.64465951,63.40057441,2.816858128,12.9,6.57609919,94.38082557
"Croydon","London",2015,7.73,64.78542034,3.12,7.23,56.50711611,18.35302092,3.398465931,81.885,7.45,5.53056016,7.27477285,63.37289183,30.56009843,66.28125732,13.41858079,18,5.34229422,94.324102
"Croydon","London",2018,7.81,73.74601911,2.93,7.78,49.69539542,18.35302092,3.145711742,82.12,7.69,4.398644335,7.27477285,62.10379801,29.89770751,66.3195652,3.892605606,11.4,4.9580117,93.62594353
"Croydon","London",2017,7.58,73.0421397,3.26,7.39,57.93688612,18.35302092,5.648443997,82.005,7.49,5.004716282,7.27477285,60.70373632,30.74205843,64.21475629,8.055358502,12,7.27045767,93.70447451
"Croydon","London",2016,7.85,70.70493066,3.03,7.61,56.50711611,18.35302092,3.058473115,81.955,7.68,5.387410938,7.27477285,63.37289183,30.23119154,66.28125732,17.74062682,13.2,5.51036206,94.324102
"Croydon","London",2019,7.85,74.56211813,2.47,7.56,53.14925407,19.44862132,6.02051577,82.16,7.72,4.931343901,7.875985561,60.66550454,30.46394531,62.06500554,1.551550257,12.4,5.28992301,93.97625253
"Ealing","London",2020,7.64,70.82852527,3.28,7.32,52.35468671,11.65314878,4.787821027,82.035,7.21,4.742302573,4.616710285,60.63679599,29.66863669,59.76739454,7.345573998,11.3,6.3841512,95.50067659
"Ealing","London",2015,7.84,69.1902151,3.35,7.52,56.48025447,12.22703808,3.136248914,82.4,7.65,6.488810143,4.640281826,56.08583085,29.33020478,62.99187555,9.004168058,15.1,6.10000834,94.85450674
"Ealing","London",2016,7.7,69.57451358,3.35,7.35,56.48025447,12.22703808,4.001851331,82.485,7.42,7.186733256,4.640281826,56.08583085,30.57578785,62.99187555,7.830581029,15.4,5.73122649,94.85450674
"Ealing","London",2018,7.97,72.13793103,3.4,7.61,57.99625014,12.22703808,2.508726411,82.795,7.53,5.234193613,4.640281826,60.66089365,29.72941962,65.47696958,9.649630682,9.2,5.53802932,95.33431301
"Ealing","London",2017,7.84,71.63515017,3.23,7.69,58.15762801,12.22703808,3.709003215,82.78,7.55,6.32265067,4.640281826,56.77665952,28.53356049,53.40513814,18.08972504,11,5.11456024,94.17475728
"Ealing","London",2019,7.75,70.82852527,2.98,7.48,52.25029103,11.11486113,2.865852394,82.935,7.61,5.310029666,4.989926011,61.58764005,29.93919683,60.4327545,5.851272359,10,5.38127381,94.6722748
"Ealing","London",2021,7.93,70.82852527,3.3,7.6,52.35468671,9.479075836,1.515997766,82.035,7.69,4.742302573,5.226028869,53.00907957,29.66863669,61.2980552,6.281973195,10.3,6.72489431,95.39927703
"Enfield","London",2020,7.62,69.97058158,3.51,6.96,55.58082967,15.55317898,1.087972483,82.12,6.86,3.417399359,8.516650323,57.57891316,33.23221283,61.03602284,5.695665598,13.3,7.00069683,93.06049822
"Enfield","London",2021,7.7,69.97058158,3.2,7.33,55.58082967,17.85638528,2.6111711,82.12,7.41,3.417399359,8.891844814,60.89360634,33.23221283,61.38106856,6.371339893,18.5,7.06295497,93.57578975
"Enfield","London",2015,7.6,63.49641501,2.49,7.4,57.43959503,16.63523133,1.148783406,82.14,7.3,4.076194416,8.335711077,62.29409228,32.37989032,61.98019545,2.129355292,16.8,5.89943182,94.09513395
"Enfield","London",2016,7.81,65.7442348,2.96,7.23,57.43959503,16.63523133,4.676631216,82.345,7.29,4.501290169,8.335711077,62.29409228,32.92212073,61.98019545,1.806537861,13.1,6.13047472,94.09513395
"Enfield","London",2017,7.98,68.01687764,2.63,7.68,58.22651295,16.63523133,1.915638546,82.425,7.34,5.395169895,8.335711077,60.7062311,33.15633062,60.12918468,2.705099112,14.9,5.97542972,94.41184688
"Enfield","London",2018,7.68,69.04867257,2.96,7.35,58.70383059,16.63523133,6.149845006,82.71,7.37,4.235194043,8.335711077,57.78282501,33.04834332,62.99258846,23.36245653,13.7,5.26620232,95.23946085
"Enfield","London",2019,7.6,69.97058158,3.12,7.27,59.07296834,15.62685207,3.974365427,82.835,7.2,3.99048515,6.122095205,66.31397807,33.28701267,67.35661768,7.190063332,15.8,5.99613007,94.02460457
"Greenwich","London",2021,7.49,78.01985659,3.65,7.11,53.2268458,15.76029819,1.528909742,81.01,7.24,5.975075597,11.05571454,62.23814002,34.68260765,66.42473611,3.111452218,11.5,6.36741923,93.66830065
"Greenwich","London",2020,7.64,78.01985659,3.33,7.42,53.2268458,15.62645739,1.405488333,81.01,7.23,5.975075597,8.60932901,55.71366877,34.68260765,67.52992901,3.805780635,14.7,5.92079824,93.22555812
"Greenwich","London",2015,7.64,76.44736842,3.55,7.07,54.28497856,18.82177526,1.352241386,80.8,7.23,6.050076127,8.2224146,63.96707771,32.74575497,65.94970424,5.099401913,14.2,6.76939173,91.33858268
"Greenwich","London",2016,7.68,78.25513969,3.37,7.27,54.28497856,18.82177526,1.58857708,80.84,7.27,6.817392052,8.2224146,63.96707771,35.16929714,65.94970424,2.865955671,17.4,6.16821662,91.33858268
"Greenwich","London",2017,7.73,77.39243807,3.15,7.44,54.57326424,18.82177526,1.282329072,80.95,7.47,6.915350593,8.2224146,59.4202222,33.4227541,65.78859751,2.828364251,16.9,5.87192512,93.55716878
"Greenwich","London",2018,7.81,77.18700891,2.98,7.36,51.45499233,18.82177526,1.752201996,81.235,7.54,6.68446395,8.2224146,58.70363759,33.05880641,66.00212617,2.445961717,18.1,5.4443022,93.62880886
"Greenwich","London",2019,7.89,78.01985659,3.49,7.47,55.69384803,17.98312416,2.339228841,81.51,7.48,7.570969154,9.842586066,57.5006689,33.04409266,62.93110144,5.556674608,12.8,4.76285123,92.46364037
"Hackney","London",2020,7.6,69.68293552,3.83,6.97,61.31653452,12.29890662,3.879543583,81.475,6.93,10.9489181,12.16745053,52.60219626,31.36996337,74.22645488,6.4070392,11.9,6.28631262,94.61883408
"Hackney","London",2021,7.4,69.68293552,3.2,7.21,61.31653452,11.3243169,0.929612269,81.475,7.32,10.9489181,10.76141621,52.36684176,37.49908603,69.62614073,4.231485328,14.2,4.75571205,93.96325459
"Hackney","London",2015,7.4,67.72151899,3.13,7.25,66.54766824,12.45320284,1.314159292,80.705,7.31,7.865954896,10.84497673,50.6576073,33.53301881,70.69021597,7.44529569,20.5,6.74646457,92.42424242
"Hackney","London",2018,7.68,70.26752455,3.04,7.38,53.2635497,12.45320284,3.999455856,81.62,7.5,9.075143475,10.84497673,49.18925751,32.4724288,69.94540303,8.224125293,14.8,6.02460588,95.05494505
"Hackney","London",2016,7.47,68.86208021,3.49,7.1,66.54766824,12.45320284,1.543148111,80.85,7.25,9.87047969,10.84497673,50.6576073,34.0544297,70.69021597,6.221659426,19.6,7.2434262,92.42424242
"Hackney","London",2017,7.63,71.62711864,3.23,7.3,56.81649021,12.45320284,2.9844807,80.845,7.34,9.810494729,10.84497673,55.17919852,33.26504627,73.97862781,6.523417256,21.4,4.7981077,94.25907753
"Hackney","London",2019,7.48,69.68293552,2.92,7.14,55.23218679,13.30031931,1.751243166,81.99,7.35,9.433693796,10.25244638,53.39694637,32.19710095,67.71046477,4.980079681,14.4,4.90138729,94.36345967
"Hammersmith and Fulham","London",2018,7.83,73.26130993,3.45,7.6,57.5888673,14.37906017,2.168690668,82.145,7.72,14.03255207,10.67862879,51.29830391,29.83199949,68.24926852,6.471584352,12.1,5.48099032,93.3181473
"Hammersmith and Fulham","London",2021,7.61,73.7019555,3.51,7.24,62.24487867,36.15088536,2.134471718,81.45,7.3,11.93174389,49.3651474,46.43553682,27.69627863,74.4588625,1.636705857,10.8,5.15946984,92.97407913
"Hammersmith and Fulham","London",2020,7.81,73.7019555,3.27,7.57,62.24487867,25.87082681,3.084590517,81.45,7.49,11.93174389,112.8408654,42.04521284,27.69627863,74.31777526,2.179313952,12.5,6.27623975,93.71727749
"Hammersmith and Fulham","London",2019,7.7,73.7019555,3.28,7.32,56.4668113,15.39766257,1.075138504,82.255,7.62,13.12498987,16.59975606,48.7486063,27.4003489,74.23638165,1.08024608,10.3,4.98485804,93.8366718
"Hammersmith and Fulham","London",2016,7.78,70.3994761,3.5,7.43,62.04602475,14.37906017,1.393794749,82,7.47,13.74716008,10.67862879,51.30329093,27.94360719,72.92296704,3.300638674,19.6,5.89820871,92.71582734
"Hammersmith and Fulham","London",2015,7.81,69.86040609,3.68,7.45,62.04602475,14.37906017,2.4200285,81.575,7.68,12.55331178,10.67862879,51.30329093,30.88118022,72.92296704,2.744493174,18.6,6.11329478,92.71582734
"Hammersmith and Fulham","London",2017,7.61,74.03663929,3.52,7.13,60.50704113,14.37906017,1.192584721,81.99,7.34,13.81982317,10.67862879,51.20203449,29.55827748,71.35651827,2.732270298,13.6,5.4590436,92.04712813
"Haringey","London",2020,7.58,73.1322343,3.64,7.08,52.32531342,15.31344108,1.150781942,81.975,7.17,6.517568526,10.78351527,50.42787487,26.14257564,70.58436251,3.0034878,14.6,6.38252362,92.75671069
"Haringey","London",2021,7.56,73.1322343,3.25,7.13,52.32531342,15.07945381,1.155407018,81.975,7.32,6.517568526,9.453292959,49.54994635,26.14257564,64.69738245,3.786014463,9.5,5.76437451,92.4248497
"Haringey","London",2015,7.44,66.38629283,3.09,7.23,56.47580896,18.24143909,1.633074935,82.195,7.26,7.164931352,11.76227341,52.43210733,30.00286862,66.44571696,8.20127418,22,6.74828386,92.96506138
"Haringey","London",2019,7.72,73.1322343,3,7.32,53.13032751,18.80184487,0.948482918,82.75,7.68,7.407490126,10.90708352,50.15326462,30.78269676,68.69861847,12.2837776,14.9,4.10214449,92.73717658
"Haringey","London",2018,7.72,74.16987067,3.07,7.26,59.71482659,18.24143909,1.024204994,82.87,7.35,6.071154074,11.76227341,52.48792195,29.9853566,67.43105793,11.82452406,17.7,5.25846493,92.59259259
"Haringey","London",2016,7.67,71.104,3.01,7.38,56.47580896,18.24143909,2.770753502,82.275,7.56,7.909496541,11.76227341,52.43210733,31.07221408,66.44571696,10.65870816,17.7,6.22269047,92.96506138
"Haringey","London",2017,7.72,73.12478977,3.34,7.34,59.82248473,18.24143909,1.287001287,82.56,7.59,6.750877503,11.76227341,48.26782407,29.53333333,67.52359594,15.85405421,15.6,6.468519,91.91964286
"Harrow","London",2021,7.89,74.12425644,3.4,7.55,62.36917737,17.90586891,1.767147734,83.955,7.69,2.655168861,6.485579305,52.96188436,28.42133882,59.87058865,0.383160847,7.6,5.85504915,94.94430163
"Harrow","London",2020,7.65,74.12425644,3.4,7.38,62.36917737,19.8726762,1.879419427,83.955,7.36,2.655168861,6.363878456,58.11502636,28.42133882,57.17822983,2.377763159,8.6,5.93105732,96.5158371
"Harrow","London",2015,7.79,69.20693928,2.82,7.46,62.59445385,21.21202788,1.128914785,84.105,7.65,3.897608764,4.672261569,51.99196785,26.7381757,63.64400159,2.430941017,13.2,4.52945322,96.38611507
"Harrow","London",2017,7.79,72.56999056,2.44,7.86,54.72957503,21.21202788,1.223458038,84.285,7.79,3.608164577,4.672261569,58.55122091,27.61213621,54.52840432,4.018000643,9,3.75981451,96.09779031
"Harrow","London",2016,7.71,71.39758289,2.47,7.72,62.59445385,21.21202788,1.660700663,84.19,7.63,4.016936272,4.672261569,51.99196785,26.79740519,63.64400159,4.020957229,7.4,4.81689559,96.38611507
"Harrow","London",2018,7.72,73.24383391,2.34,7.61,54.10665038,21.21202788,2.245459549,84.62,7.65,4.085565003,4.672261569,52.29252577,26.52664188,59.80367946,5.196902646,10.8,3.6284253,96.6796875
"Harrow","London",2019,7.65,74.12425644,3.49,7.18,55.9250147,19.24238306,1.638229235,84.71,7.57,4.017359452,7.016137695,57.02837804,27.31239092,64.53349262,3.981525721,10.4,4.34885568,96.62426614
"Havering","London",2020,8,71.93861572,3.12,7.48,51.75334881,15.49495927,1.787137166,81.565,7.54,4.883925249,6.113752939,67.13043612,29.85443497,58.19510719,1.150964316,12,5.20280048,95.86426299
"Havering","London",2017,7.87,72.34883014,2.83,7.33,57.05673012,18.95099753,0.934167268,81.88,7.58,5.581180992,6.542555514,58.27224211,31.93630428,58.95416614,8.592440995,13.5,4.81958144,95.54336647
"Havering","London",2016,7.9,71.05099502,2.81,7.44,55.08898763,18.95099753,1.576943991,82.17,7.53,5.541281362,6.542555514,60.65808728,30.24427213,61.14968585,9.472275833,14.9,4.42053805,95.18542615
"Havering","London",2015,7.87,68.09210526,2.65,7.53,55.08898763,18.95099753,2.69414949,82.19,7.69,5.301253133,6.542555514,60.65808728,29.83291548,61.14968585,4.010025063,17.3,6.03639325,95.18542615
"Havering","London",2019,8.02,71.93861572,3.02,7.38,52.85934047,16.33867766,6.251131467,82.07,7.75,6.199143139,6.712708946,63.21569648,30.13220214,63.72056452,3.082234003,13.2,4.59749818,94.95313627
"Havering","London",2018,7.91,71.53262519,3.03,7.4,44.70255044,18.95099753,2.57079552,81.855,7.68,5.228656763,6.542555514,69.41078171,30.87729078,65.78659095,0.775765098,15,4.65749773,94.98926271
"Havering","London",2021,7.75,71.93861572,3.15,7.41,51.75334881,16.83400978,1.589620509,81.565,7.57,4.883925249,7.730000379,68.81589037,29.85443497,61.31885378,0.763294685,10.3,4.94560203,94.44053483
"Hillingdon","London",2020,7.78,74.84045164,3.03,7.2,49.29202038,15.86819889,2.998459829,81.655,7.1,4.951231983,7.195819203,65.2645263,29.02088378,60.98657876,3.559709269,11.1,6.18323384,94.87259167
"Hillingdon","London",2018,7.79,73.90767712,3.07,7.67,56.97800033,13.27673199,1.867361989,82.23,7.76,5.921449755,5.628548173,61.82492656,29.13275799,60.55218709,22.96407107,17.1,4.38468575,93.70946822
"Hillingdon","London",2015,7.65,65.57255676,3.09,7.37,49.96883948,13.27673199,1.629879739,82.065,7.46,6.552814332,5.628548173,55.0782451,26.80064709,59.43386847,12.15986165,16.8,5.79562518,94.04017122
"Hillingdon","London",2019,7.85,74.84045164,3.18,7.61,53.48100175,12.72593092,2.183667365,82.09,7.7,7.032293805,7.473041987,59.19806064,29.64309186,61.55110502,34.54231434,11.8,4.04391028,93.8821998
"Hillingdon","London",2017,7.8,72.76871401,3.17,7.62,49.1053619,13.27673199,2.239207465,82.31,7.55,6.93913866,5.628548173,55.56197775,29.23865219,60.782006,11.90700628,11.6,4.80152992,94.11203055
"Hillingdon","London",2016,7.94,69.40490082,3.37,7.36,49.96883948,13.27673199,1.875012427,82.29,7.68,6.925664974,5.628548173,55.0782451,28.48020633,59.43386847,9.336476614,15.2,4.41043935,94.04017122
"Hillingdon","London",2021,7.68,74.84045164,3.21,7.5,49.29202038,11.9713809,1.455214885,81.655,7.53,4.951231983,8.248621263,55.73756139,29.02088378,56.28053262,2.952833408,11.1,6.14240992,94.4595822
"Hounslow","London",2021,7.81,74.08738938,3.38,7.48,55.49052052,11.37682827,4.174298822,81.525,7.4,5.169869778,5.468356425,63.2336962,28.53813822,57.93678197,1.389178301,11.6,6.25907462,95.02743484
"Hounslow","London",2020,7.64,74.08738938,3.62,7.34,55.49052052,13.04321585,1.534864051,81.525,7.55,5.169869778,5.802815345,61.28654403,28.53813822,58.8802588,2.207773571,13.1,6.36347085,94.87367265
"Hounslow","London",2018,7.99,72.69866247,3.14,7.73,47.4894058,12.92922478,1.463852293,81.9,7.85,7.064723652,4.804961692,60.33671091,29.3669297,62.9971629,6.647413787,13.9,4.85538086,93.90382431
"Hounslow","London",2017,7.65,71.26644313,3.27,7.42,60.23189975,12.92922478,1.390577381,81.995,7.34,8.792270531,4.804961692,55.48360413,30.61371379,56.79196376,8.17539948,12.6,6.03615147,93.47581552
"Hounslow","London",2016,8.04,69.90188279,2.79,7.91,53.7672977,12.92922478,1.433217693,82.1,7.96,8.543631416,4.804961692,59.61898543,30.02925003,58.03277978,12.67379878,13.8,5.34529693,94.42950442
"Hounslow","London",2015,7.73,64.39860702,3.13,7.47,53.7672977,12.92922478,2.059038242,81.95,7.54,8.483101362,4.804961692,59.61898543,29.2094388,58.03277978,10.13467862,14.1,5.09040412,94.42950442
"Hounslow","London",2019,7.83,74.08738938,3.14,7.31,50.4196323,12.8708893,2.425900593,82.08,7.75,6.909175282,4.787117511,57.18768619,31.08082707,63.32819653,2.946343404,14.2,5.00471429,95.49887472
"Islington","London",2021,7.58,70.99634846,3.19,7.17,58.76244642,13.06074437,3.585165624,81.335,7.3,9.342442013,13.89437469,43.96550251,29.67053787,73.99253183,5.997222825,11.5,4.9791945,92.45411285
"Islington","London",2020,7.32,70.99634846,3.75,6.85,58.76244642,15.11549078,3.615826761,81.335,6.99,9.342442013,15.7628362,47.6003774,29.67053787,73.66483151,8.060778268,20.3,6.80157141,91.46757679
"Islington","London",2015,7.38,64.38690767,3.42,7.11,56.67128027,12.89491844,1.398191372,80.88,7.29,10.43923923,11.88288792,49.65862173,30.11982571,74.1728444,3.955922235,17.6,6.4466534,92.3929099
"Islington","London",2018,7.59,71.65829146,3.23,7.3,55.48816447,12.89491844,3.016499283,81.455,7.51,10.29932007,11.88288792,47.44957035,29.89558918,75.86617376,17.98094856,15.6,5.09567652,92.01161946
"Islington","London",2017,7.49,69.7685869,3.35,7.26,58.16949637,12.89491844,3.649192261,81.315,7.38,10.95744681,11.88288792,53.19216817,30.83683558,68.23034875,11.4893617,20.1,4.76707689,93.05157593
"Islington","London",2019,7.47,70.99634846,3.3,7.13,62.73787636,13.55099156,2.302100162,81.51,7.37,10.26119018,14.11381354,56.51486223,29.78792129,75.3090406,21.03379017,12.4,4.77732347,93.51851852
"Islington","London",2016,7.43,66.44581164,3.26,7.31,56.67128027,12.89491844,2.626324405,81.385,7.38,10.88535046,11.88288792,49.65862173,29.39763752,74.1728444,4.740255543,13.4,6.85742131,92.3929099
"Kensington and Chelsea","London",2021,7.54,70.31055901,3.52,7.17,57.99864438,11.91349146,2.887691084,86.02,7.18,10.79278866,9.994064129,46.43773679,28.81296642,67.71488715,7.642073086,14.4,5.28773453,94.37570304
"Kensington and Chelsea","London",2020,7.59,70.31055901,3.64,7.25,57.99864438,12.9243294,1.925378005,86.02,7.31,10.79278866,10.11699947,45.11525664,28.81296642,72.05748446,13.3873929,11.9,5.70960498,92.73153576
"Kensington and Chelsea","London",2019,7.57,70.31055901,3.6,6.86,58.87363102,15.60585881,4.25465164,85.41,7.35,15.9483504,11.0019628,51.70788475,27.32683983,69.99617631,12.169424,14.9,4.85891735,94.20084866
"Kensington and Chelsea","London",2015,7.89,65.4723127,3.38,7.6,63.18884995,13.81538319,5.056811386,84.905,7.78,13.94169835,10.14399646,45.97551816,29.50949367,64.70203698,15.13345818,18.8,5.08348068,92.97297297
"Kensington and Chelsea","London",2017,7.55,69.06290116,3.71,6.83,59.25270394,13.81538319,2.812947419,84.695,7.31,15.78903436,10.14399646,40.69072556,27.49514674,68.22069962,12.84183356,13.2,5.89270034,93.68998628
"Kensington and Chelsea","London",2018,7.46,70.55288462,3.69,7.38,56.31755756,13.81538319,1.908447885,85.085,7.23,14.00154933,10.14399646,49.29643585,28.6039768,72.78925881,12.80434323,14.9,6.04502788,93.95604396
"Kensington and Chelsea","London",2016,7.74,64.79190101,3.29,7.52,63.18884995,13.81538319,2.491113086,85.065,7.52,14.41574761,10.14399646,45.97551816,29.90147783,64.70203698,8.930109139,18,5.84305649,92.97297297
"Kingston upon Thames","London",2021,7.66,76.24678663,3.49,7.34,57.5854,14.43504991,6.751351589,83.45,7.46,5.303055677,13.22816397,57.6050234,24.17592103,68.60529635,16.68205785,10.5,4.28329745,95.69892473
"Kingston upon Thames","London",2015,7.85,72.46520875,3.03,7.59,53.61185232,15.57670901,2.769446749,82.98,7.71,6.870269042,13.28795195,51.85880911,22.44125326,64.95399739,8.158080287,16.2,4.91350946,94.53273999
"Kingston upon Thames","London",2020,7.62,76.24678663,3.45,7.25,57.5854,19.46331078,1.862596548,83.45,7.23,5.303055677,11.77642247,49.33789791,24.17592103,72.00611484,7.815029418,9.3,5.05859543,96.96774194
"Kingston upon Thames","London",2018,7.95,76.57232704,2.81,7.59,60.86790122,15.57670901,3.009610521,83.21,7.78,9.460306605,13.28795195,52.26405563,20.05619148,67.10764666,13.10765373,11.2,4.86864443,96.83168317
"Kingston upon Thames","London",2017,7.85,75.6281407,3.04,7.31,60.1263062,15.57670901,1.734297897,83.095,7.6,8.573441232,13.28795195,51.82514432,22.04406632,65.10002275,15.46312046,15.5,3.7714701,96.30363036
"Kingston upon Thames","London",2016,7.9,74.71321696,3.2,7.58,53.61185232,15.57670901,1.086335049,83.265,7.69,7.495552754,13.28795195,51.85880911,22.0524957,64.95399739,13.24099181,13.8,4.40971106,94.53273999
"Kingston upon Thames","London",2019,7.62,76.24678663,3.26,7.24,57.98958731,16.96369492,2.983718914,83.455,7.55,8.027852423,12.16412757,58.32231161,21.52347469,70.99747904,11.2671613,9.2,3.18402897,96.63366337
"Lambeth","London",2021,7.6,71.76549865,3.92,6.99,58.64043492,15.18030752,2.614042934,81.255,7.41,6.985423212,14.93595365,57.77388075,30.53097345,73.41945635,9.133915804,12.4,4.78472129,92.75555556
"Lambeth","London",2020,7.51,71.76549865,3.53,7.21,58.64043492,20.1149512,3.342771531,81.255,7.29,6.985423212,13.6763457,47.47928057,30.53097345,74.93294101,6.214789334,13.1,5.85970021,91.54865235
"Lambeth","London",2015,7.6,63.14998497,3.33,7.11,52.79716777,16.12403576,1.6337983,80.75,7.41,7.83510426,11.87561732,51.63086329,32.65306122,70.83224691,8.418138282,21.2,6.12485232,91.68886521
"Lambeth","London",2018,7.6,72.13273196,3.67,7.26,53.58567565,16.12403576,1.412785344,81.475,7.22,7.08462584,11.87561732,52.46748325,31.64325079,72.36292076,15.34132923,12.4,6.28178533,92.76552078
"Lambeth","London",2016,7.49,68.54562442,3.5,7.21,52.79716777,16.12403576,2.104216325,80.88,7.35,8.301786339,11.87561732,51.63086329,31.40065855,70.83224691,5.262131535,17.3,6.05422541,91.68886521
"Lambeth","London",2017,7.62,70.65868263,3.32,7.31,58.05801843,16.12403576,3.320750146,81.09,7.41,7.613069669,11.87561732,51.14663067,31.8908258,71.13793637,10.49227275,14.6,4.76764392,92.63381028
"Lambeth","London",2019,7.62,71.76549865,3.41,7.34,56.09734172,16.54736748,1.358477588,81.84,7.44,7.125023771,10.77084086,50.41872432,29.72227925,73.03687648,13.18880853,13.4,5.30753182,92.10028382
"Lewisham","London",2020,7.52,76.22000539,3.7,7.14,53.52923227,16.65411114,4.834159568,80.965,7.09,6.016855055,12.60410411,53.71858862,30.36793096,69.57139998,3.930444238,11.4,5.43709674,93.87288523
"Lewisham","London",2015,7.65,76.62864385,3.08,7.26,53.61944696,16.2418408,1.783597183,80.93,7.14,5.305102729,9.394852481,56.99447104,31.53101587,73.88461961,3.0508578,16.7,6.23560236,92.19858156
"Lewisham","London",2021,7.63,76.22000539,3.02,7.44,53.52923227,14.30224796,1.544962843,80.965,7.5,6.016855055,10.46333578,51.01852027,30.36793096,70.95531059,2.334812048,12.2,5.17976046,93.5791757
"Lewisham","London",2018,7.81,78.31199373,3.37,7.55,54.73929399,16.2418408,4.133215035,81.54,7.49,5.228374888,9.394852481,53.92523095,27.76466574,71.62517108,1.647251067,16.7,4.79465199,93.41344014
"Lewisham","London",2017,7.62,78.48852205,3.18,7.39,51.82822183,16.2418408,3.073402272,81.36,7.3,4.998224402,9.394852481,56.88600312,30.57365183,64.90164568,7.301523031,15.5,4.89389307,92.75921165
"Lewisham","London",2019,7.68,76.22000539,3.73,7.33,58.3025573,15.9538354,2.518501798,81.49,7.45,5.519189647,9.660999643,58.44446893,29.28957139,73.08870651,5.231459381,14.5,4.67507287,93.29529244
"Lewisham","London",2016,7.48,77.34276332,3.26,7.25,53.61944696,16.2418408,2.085034089,81.195,7.18,5.744338464,9.394852481,56.99447104,30.3116936,73.88461961,5.35290713,21.2,6.54179814,92.19858156
"Merton","London",2021,7.67,75.35525782,3.26,7.55,53.28900144,15.38653673,5.653768995,82.22,7.58,4.630593888,10.7847203,50.37279953,26.72117549,67.25627464,2.322082072,12.8,5.22901639,94.34083601
"Merton","London",2020,7.64,75.35525782,3.41,7.22,53.28900144,16.82160765,7.510280334,82.22,7.33,4.630593888,12.48603332,52.3192201,26.72117549,65.56648587,6.296832693,12.6,5.35620278,94.1580756
"Merton","London",2015,7.74,68.22049575,3.23,7.5,57.02514021,22.03243477,1.8477129,82.34,7.55,5.738839123,9.49719484,54.7400141,27.2676624,69.7806426,2.913116306,14.6,4.71968033,93.36429993
"Merton","London",2018,8.03,73.46938776,3.13,7.57,56.92353607,22.03243477,3.814362724,82.685,7.84,6.01883736,9.49719484,59.36548456,27.26571231,68.32996303,11.15497657,10.9,4.25280271,94.43661972
"Merton","London",2016,7.79,71.40762463,3.15,7.66,57.02514021,22.03243477,1.863229789,82.48,7.62,6.390719186,9.49719484,54.7400141,26.68723534,69.7806426,5.321567831,12.7,4.71812054,93.36429993
"Merton","London",2017,7.79,73.7509608,3.08,7.68,56.15459117,22.03243477,5.736173079,82.58,7.55,7.49325413,9.49719484,58.08973866,27.62523191,68.31256711,2.426571933,11.5,4.08584911,94.16666667
"Merton","London",2019,8.07,75.35525782,3.01,7.61,53.42154912,16.50580893,7.894994202,82.815,7.77,5.165869435,6.965141551,56.96843221,27.64289986,66.79538325,7.262234444,13.5,4.30007084,95.37037037
"Newham","London",2020,7.76,75.71817991,3.08,7.5,48.46587905,16.70362367,2.863499463,81.04,7.5,6.096840114,7.159819943,68.12981825,35.22583193,53.39588346,1.688875378,15.9,6.34812414,93.41469616
"Newham","London",2015,7.92,68.93104855,2.57,7.62,53.08125348,17.96016242,4.624031412,80.765,7.73,5.950858577,6.224253677,60.38356852,34.22185455,59.49329969,8.327038489,20,7.52661913,93.06308878
"Newham","London",2017,7.67,75.04946577,3.04,7.37,45.73278636,17.96016242,4.12551368,81.305,7.46,7.882274509,6.224253677,61.05314338,32.94391411,62.50376798,21.83933149,19.1,5.60169518,93.5798223
"Newham","London",2018,7.73,75.85781796,3.16,7.54,41.97956505,17.96016242,2.886732871,81.755,7.54,8.062385477,6.224253677,61.52294892,32.98593255,53.11763328,22.44286303,18.2,5.57922774,93.07408459
"Newham","London",2016,7.64,72.50893212,2.76,7.54,53.08125348,17.96016242,2.611174278,81.195,7.61,7.711888266,6.224253677,60.38356852,33.88254896,59.49329969,11.90016631,22.3,6.13540483,93.06308878
"Newham","London",2021,7.83,75.71817991,2.64,7.71,48.46587905,15.29192514,3.543286215,81.04,7.7,6.096840114,7.88044356,61.24938361,40.53815883,59.08863625,4.84847102,13.9,5.95520267,94.28781564
"Newham","London",2019,7.63,75.71817991,2.91,7.59,44.73387947,17.40062385,2.382865728,81.94,7.49,7.991300753,6.539922077,56.2262497,33.2189115,56.24132788,18.1234319,13.8,4.76688846,93.70985011
"Redbridge","London",2021,7.55,75.22755228,3.06,7.29,53.22021673,13.98228416,3.804699289,82.53,7.57,4.325095368,7.558883067,57.44819741,30.95010035,57.36966785,4.841270866,11.8,7.38899639,96.18506494
"Redbridge","London",2020,7.66,75.22755228,3.26,7.21,53.22021673,14.55542032,2.613122668,82.53,7.41,4.325095368,6.253861167,60.92971427,30.95010035,53.72714595,7.851912922,12.9,5.40514889,96.18727222
"Redbridge","London",2015,8.07,67.63285024,2.97,7.67,58.30166015,16.72211957,2.330547703,82.4,7.87,3.957331973,4.157530545,53.77881228,29.67032967,60.54319785,14.43301737,11.5,5.91007159,95.55214724
"Redbridge","London",2016,7.85,71.84166864,3.06,7.53,58.30166015,16.72211957,2.193819928,82.655,7.56,4.373971221,4.157530545,53.77881228,29.12035497,60.54319785,19.91185685,10.4,5.10172137,95.55214724
"Redbridge","London",2017,7.74,72.70226908,3.16,7.45,54.00879847,16.72211957,1.643967581,82.665,7.55,4.417051875,4.157530545,59.99992445,31.2143846,59.82378922,21.53851252,12.1,5.47288431,95.77812018
"Redbridge","London",2018,7.75,74.62473195,3.05,7.45,52.64971853,16.72211957,2.048069003,83.12,7.54,4.219076016,4.157530545,55.52590274,30.80775658,60.25052025,8.556628425,13.2,4.97423141,95.45046393
"Redbridge","London",2019,7.74,75.22755228,2.85,7.51,49.83508683,15.1909111,2.444560983,83.365,7.62,5.130691759,5.226716714,58.70726776,29.88162799,58.86655377,5.242086088,13.4,4.29459824,96.34110357
"Richmond upon Thames","London",2021,7.68,80.82379863,3.87,7.3,64.40327415,12.61216746,3.275722446,84.31,7.47,6.41967084,8.295865351,45.5369234,19.51568924,74.00205557,1.536633339,8.2,4.54439466,92.68146371
"Richmond upon Thames","London",2015,7.92,71.6796875,2.99,7.65,62.19166929,12.44048913,3.266366442,83.735,7.74,6.346458964,6.536563343,52.62661395,18.59707798,71.63973218,5.666481218,11.8,4.34964293,92.49628529
"Richmond upon Thames","London",2020,7.49,80.82379863,3.36,7.17,64.40327415,10.97093778,5.799035358,84.31,7.41,6.41967084,8.248181333,52.03876098,19.51568924,73.89591112,3.532837727,6.2,4.19897393,93.69482976
"Richmond upon Thames","London",2017,7.76,78.33679834,3.37,7.57,68.75996976,12.44048913,1.949126481,84.02,7.73,7.864881439,6.536563343,50.73764835,20.95270033,72.75612277,9.709730172,9.8,3.98313787,93.7088515
"Richmond upon Thames","London",2016,7.87,77.63643824,3.25,7.58,62.19166929,12.44048913,1.554544132,84.1,7.71,7.177732124,6.536563343,52.62661395,19.43787636,71.63973218,9.734254843,12.1,3.80412248,92.49628529
"Richmond upon Thames","London",2019,7.89,80.82379863,3.51,7.57,62.31323814,12.63571551,9.357524749,84.43,7.81,5.933774032,6.375064357,54.28304706,19.3627726,76.12637869,7.070028634,8,2.6490717,93.71196755
"Richmond upon Thames","London",2018,7.76,80.46272494,3.34,7.48,65.93070888,12.44048913,2.277024317,84.48,7.7,7.318287084,6.536563343,46.63327599,18.88410949,77.17369575,7.110063787,5.9,3.78151876,93.95484341
"Southwark","London",2021,7.57,74.1945574,3.7,7.24,53.44491547,45.13465462,4.348583339,81.875,7.32,8.383929604,17.88612791,47.92158133,33.01300023,72.32965353,3.263984542,12,5.00321754,94.58443024
"Southwark","London",2020,7.34,74.1945574,3.66,7,53.44491547,33.42753759,2.854900747,81.875,7.17,8.383929604,23.61850201,49.11661681,33.01300023,71.65730449,7.499601584,16.3,5.67875273,94.65922678
"Southwark","London",2015,7.66,70.56581648,3.27,7.35,57.99737166,45.51470451,7.396004484,81.26,7.49,8.089250861,16.28441239,46.37600258,34.82741833,67.76868368,10.37499108,15.9,6.74867499,93.02524604
"Southwark","London",2018,7.5,75.03056235,3.61,7.28,50.4997307,45.51470451,5.759939129,81.96,7.34,8.81937615,16.28441239,51.65275968,32.64031621,73.82179438,14.81453463,14.5,5.8919089,94.11512027
"Southwark","London",2016,7.59,72.47019684,3.37,7.33,57.99737166,45.51470451,2.625079624,81.415,7.37,9.192857487,16.28441239,46.37600258,33.66284954,67.76868368,10.26776403,15.3,6.42729806,93.02524604
"Southwark","London",2017,7.65,73.54062775,3.68,7.34,59.13786367,45.51470451,5.190419332,81.645,7.47,9.120649711,16.28441239,56.6476228,34.64398734,69.02249877,14.00239314,12.2,6.16383049,93.46186085
"Southwark","London",2019,7.77,74.1945574,3.65,7.26,58.76016327,31.67558648,5.456815301,82.235,7.51,8.060722015,36.07549551,51.98604919,32.74123229,69.63830201,13.80045792,15.6,4.79784622,93.21323837
"Sutton","London",2021,7.72,73.73737374,2.98,7.45,55.68112491,13.71006623,16.90638384,82.12,7.44,3.639742522,11.65445388,62.78524551,24.66354127,60.96696295,0.954576478,12.1,5.07988586,96.09144543
"Sutton","London",2020,7.67,73.73737374,3.14,7.32,55.68112491,16.5111866,6.119622246,82.12,7.35,3.639742522,9.32197852,59.67276506,24.66354127,67.17865544,0.481447424,11.8,5.19955222,96.21704241
"Sutton","London",2018,8.04,73.90817469,2.64,7.79,48.62973913,18.02700269,17.78165679,82.23,7.88,4.561789512,8.141926824,57.48842245,25.49137798,57.45237698,2.444688913,14.1,4.66061237,96.21182837
"Sutton","London",2016,7.98,70.9379616,2.99,7.54,54.63542843,18.02700269,2.428874735,82.075,7.66,4.555695858,8.141926824,53.00327695,24.82286972,68.73253094,3.961474659,12.8,4.31920836,96.50377433
"Sutton","London",2015,7.78,64.51854627,3.59,7.28,54.63542843,18.02700269,3.741807383,82.155,7.45,4.392855356,8.141926824,53.00327695,22.47596154,68.73253094,3.001951268,14.4,5.2566828,96.50377433
"Sutton","London",2017,7.99,71.09261939,2.94,7.82,61.16283906,18.02700269,2.256205126,82.53,7.91,4.713569471,8.141926824,58.22149448,26.40237219,59.51467941,1.476065596,12.8,5.08890922,97.15658791
"Sutton","London",2019,7.85,73.73737374,3.03,7.27,54.39109824,15.88562256,9.37837856,82.63,7.49,5.684544146,7.949367869,61.0295603,27.37487834,71.29283489,2.423079346,15.8,4.19001917,96.85163322
"Tower Hamlets","London",2015,7.71,61.96123807,2.86,7.58,45.26109707,17.90179189,4.505698383,80.395,7.48,7.562247301,14.82799055,55.55044127,32.23675136,68.73867918,4.084021945,19.9,7.64908971,94.69572368
"Tower Hamlets","London",2020,7.64,70.53209948,3.82,7.14,52.21853136,14.68555762,10.71344024,81.605,7.13,8.750817094,13.37571221,51.99321797,32.14369213,63.29425107,12.04931786,14.5,6.85691841,94.57555477
"Tower Hamlets","London",2018,7.78,69.5344726,2.77,7.73,51.38178609,17.90179189,13.18878639,81.275,7.82,8.054641885,14.82799055,50.87533474,31.39329257,67.18760892,3.147574007,20.3,5.64106483,94.38931298
"Tower Hamlets","London",2016,7.69,66.3250366,3.14,7.55,45.26109707,17.90179189,9.524990297,80.49,7.74,9.353930811,14.82799055,55.55044127,31.64823991,68.73867918,3.655177226,18,7.93646711,94.69572368
"Tower Hamlets","London",2017,7.6,68.69952659,3.26,7.27,49.35962863,17.90179189,10.37490356,80.945,7.51,9.023782,14.82799055,48.76666875,32.81208675,66.33486719,6.818978842,19.7,7.95087547,93.1276845
"Tower Hamlets","London",2021,7.64,70.53209948,2.62,7.43,52.21853136,14.41914927,12.6978441,81.605,7.62,8.750817094,14.0887543,53.54065535,36.30586787,60.27481051,8.966513275,12,5.90606939,93.13821138
"Tower Hamlets","London",2019,7.8,70.53209948,2.92,7.62,51.86027939,14.16502996,12.92536696,81.995,7.59,7.655237186,15.94474792,57.39681574,31.4878822,70.02245664,5.234876595,15.1,5.3929087,95.02579219
"Waltham Forest","London",2020,7.7,76.29459148,3.48,7.31,55.78263981,14.93018837,14.55793941,82.14,7.3,5.781035603,7.849142804,56.82858095,30.0646418,64.11606527,6.499602802,14,7.65416592,94.67889908
"Waltham Forest","London",2015,7.69,67.35889244,2.58,7.51,53.41436362,15.66634824,9.099748905,81.515,7.55,5.083662454,6.594283316,54.374193,29.48868745,65.45846661,12.19192304,17.7,6.482547,95.01533742
"Waltham Forest","London",2016,7.91,72.7104288,2.62,7.61,53.41436362,15.66634824,13.45963537,81.65,7.67,5.495547403,6.594283316,54.374193,31.90225039,65.45846661,17.13939801,19.7,5.89097453,95.01533742
"Waltham Forest","London",2018,7.81,75.56573276,2.98,7.51,52.68435953,15.66634824,6.047769977,82.545,7.46,4.644018793,6.594283316,56.63886538,31.46417708,63.01436568,7.950849295,11.7,3.96520182,94.92697925
"Waltham Forest","London",2017,7.89,73.93939394,3.04,7.51,56.75885516,15.66634824,12.1972714,82.105,7.73,5.13602294,6.594283316,53.30362119,30.48485234,66.39798307,15.97067204,16.4,5.22574834,94.42980805
"Waltham Forest","London",2019,7.65,76.29459148,3.37,7.31,58.21797216,14.83909799,11.34232981,82.855,7.26,5.632114606,8.842425723,55.26255413,29.87876861,69.73358122,6.498593777,16.2,5.17815014,94.04533231
"Waltham Forest","London",2021,7.71,76.29459148,2.92,7.53,55.78263981,13.70828315,9.376554469,82.14,7.47,5.781035603,7.411523704,54.68428443,30.0646418,60.41273146,1.798237727,9,6.56458865,94.09672831
"Wandsworth","London",2021,7.7,76.19047619,3.59,7.37,63.94553398,13.02199906,13.14190948,82.155,7.55,6.984396561,15.23395484,49.66695405,26.66561165,76.50821933,5.481671423,13.3,4.28181246,94.98381877
"Wandsworth","London",2020,7.42,76.19047619,3.44,6.97,63.94553398,16.56224555,21.52510237,82.155,7.35,6.984396561,16.62446495,48.12868205,26.66561165,72.33726658,4.852381458,10.3,4.98549808,93.85915493
"Wandsworth","London",2015,7.73,69.45465686,3.29,7.44,60.24891425,18.05201623,8.109562825,81.69,7.53,7.315080585,12.21953719,53.07655991,26.5625,73.77770809,7.199266301,13.7,4.9667539,94.02730375
"Wandsworth","London",2016,7.88,72.7446605,3.37,7.55,60.24891425,18.05201623,6.000670466,81.93,7.64,7.82899996,12.21953719,53.07655991,26.02326791,73.77770809,1.555224466,14.6,4.66370085,94.02730375
"Wandsworth","London",2017,7.79,75.41589649,2.88,7.46,59.00122645,18.05201623,10.5598824,81.915,7.64,8.077164609,12.21953719,48.09232412,26.02151907,71.74830594,4.021567978,13.2,3.70783809,94.37046005
"Wandsworth","London",2019,7.7,76.19047619,3.12,7.21,57.45990892,17.17076746,9.394462186,82.415,7.45,6.852161358,15.46776397,50.93882635,25.12255199,79.61894088,8.493161488,13.5,3.45985314,94.35626102
"Wandsworth","London",2018,7.71,76.42172524,3.15,7.5,59.3422778,18.05201623,11.40679129,82.255,7.65,7.09704295,12.21953719,54.54906882,25.53228723,72.2859275,7.657577633,12.2,3.94842384,95.1536643
"Westminster","London",2021,7.75,70.18308631,3.57,7.38,56.05874828,12.61700281,10.24215833,85.91,7.38,12.5440989,30.65533847,45.2659508,31.11725715,64.52499886,91.18081595,11.8,4.99207266,94.18942475
"Westminster","London",2015,7.57,64.31623932,3.15,7.41,58.26187783,16.77853257,3.99107862,84.045,7.6,22.2981176,21.31216904,50.10022386,31.03385511,63.91319196,111.3225539,15.1,6.26861833,93.57239513
"Westminster","London",2018,7.75,71.76105508,3.36,7.38,58.24510269,16.77853257,15.8703822,85.22,7.66,22.6927355,21.31216904,46.3043313,29.40408615,68.83359083,119.8477229,11.5,4.91462272,94.00651466
"Westminster","London",2020,7.58,70.18308631,3.44,7.27,56.05874828,13.9310258,7.525856485,85.91,7.21,12.5440989,27.85393959,44.72762294,31.11725715,61.7471538,89.68011621,16.9,6.11936703,94.68277946
"Westminster","London",2016,7.77,68.43899114,2.99,7.56,58.26187783,16.77853257,12.20780015,84.16,7.68,22.5726731,21.31216904,50.10022386,31.65937095,63.91319196,107.4495607,12.9,6.1064177,93.57239513
"Westminster","London",2019,7.55,70.18308631,3.49,7.27,51.26262865,12.94846911,13.44275677,86.05,7.37,23.03332734,25.82064371,48.51043559,29.8172988,70.42163622,127.4314339,10.5,4.19139776,94.44816054
"Westminster","London",2017,7.77,72.02643172,3.33,7.56,56.01324717,16.77853257,7.202360713,84.35,7.57,24.05676563,21.31216904,46.82833689,34.11479945,66.68421705,88.6452393,14.1,5.57502078,93.51732991
