"region","wave","time_in_green","ncs_easy_walking_distance","ncs_relax_unwind","ncs_high_enough_standard","imp_protect_environment","concerned_damaging_environment","pick_up_litter","vote_political_party","change_lifestyle","wb_lonely","wb_satisfied","wb_worthwhile","wb_happy","wb_worried_anxious","wb_worried_anxious_r","ncs","wellbeing"
"North West","Wave 2 - April 2020","More than twice a week, but not every day",4,5,5,4,4,5,4,"Yes",4,6,7,8,7,3,4.66666666666667,6
"South East","Wave 2 - April 2020","More than twice a week, but not every day",5,5,4,3,4,2,1,"Yes",1,5,5,5,5,5,4.66666666666667,5
"East Midlands","Wave 2 - April 2020","More than twice a week, but not every day",5,4,4,4,4,3,2,"Yes",2,8,8,8,5,5,4.33333333333333,7.25
"West Midlands","Wave 2 - April 2020","More than twice a week, but not every day",4,3,4,5,4,3,2,"Yes",3,8,8,9,3,7,3.66666666666667,8
"London","Wave 2 - April 2020","Once or twice a month",1,1,2,3,4,4,4,"No",3,2,2,3,3,7,1.33333333333333,3.5
"East","Wave 2 - April 2020","More than twice a week, but not every day",5,4,4,4,4,3,4,"Yes",5,0,0,0,4,6,4.33333333333333,1.5
"North West","Wave 2 - April 2020","More than twice a week, but not every day",5,5,5,5,5,3,5,"Yes",3,7,7,1,8,2,5,4.25
"London","Wave 2 - April 2020","Twice a week",2,5,3,5,5,2,1,"Yes",2,10,10,10,9,1,3.33333333333333,7.75
"North West","Wave 2 - April 2020","More than twice a week, but not every day",5,5,4,5,4,3,4,"Yes",3,5,7,7,4,6,4.66666666666667,6.25
"North West","Wave 2 - April 2020","Every day",5,5,5,5,5,3,2,"Yes",1,10,10,9,5,5,5,8.5
"North West","Wave 2 - April 2020","Every day",5,5,5,5,5,4,4,"Yes",4,8,8,6,6,4,5,6.5
"London","Wave 2 - April 2020","Twice a week",4,4,5,4,5,5,5,"Yes",4,7,9,7,4,6,4.33333333333333,7.25
"South East","Wave 3 - May 2020","Every day",5,5,5,5,5,3,3,"No",4,6,6,5,7,3,5,5
"East","Wave 3 - May 2020","Every day",1,4,4,4,4,3,3,"Yes",2,8,8,8,2,8,3,8
"East","Wave 3 - May 2020","Twice a week",5,4,4,5,5,3,3,"Yes",2,9,9,9,0,10,4.33333333333333,9.25
"North West","Wave 3 - May 2020","Every day",5,5,5,5,5,5,3,"Yes",4,7,7,7,8,2,5,5.75
"South East","Wave 3 - May 2020","Every day",4,4,4,4,3,4,1,"No",1,10,10,10,0,10,4,10
"South West","Wave 3 - May 2020","More than twice a week, but not every day",5,5,5,4,4,3,4,"Yes",1,9,9,9,1,9,5,9
"North East","Wave 3 - May 2020","Twice a week",1,4,4,5,5,4,3,"Yes",4,3,5,5,3,7,3,5
"South East","Wave 3 - May 2020","Every day",1,1,1,4,4,1,1,"Yes",4,8,8,8,1,9,1,8.25
"East Midlands","Wave 3 - May 2020","Every day",5,4,4,4,4,3,3,"No",2,7,7,7,2,8,4.33333333333333,7.25
"London","Wave 3 - May 2020","More than twice a week, but not every day",4,4,4,5,5,2,4,"Yes",3,6,5,5,6,4,4,5
"East Midlands","Wave 3 - May 2020","More than twice a week, but not every day",5,5,5,5,5,4,3,"Yes",1,9,9,10,0,10,5,9.5
"London","Wave 3 - May 2020","Every day",5,5,5,4,5,3,3,"Yes",5,5,5,5,5,5,5,5
"North West","Wave 3 - May 2020","Twice a week",1,3,2,5,4,5,3,"Yes",4,6,5,4,6,4,2,4.75
"South West","Wave 3 - May 2020","More than twice a week, but not every day",5,5,5,4,5,4,4,"Yes",2,7,6,10,4,6,5,7.25
"South East","Wave 3 - May 2020","More than twice a week, but not every day",4,4,5,4,3,3,3,"No",1,8,7,8,0,10,4.33333333333333,8.25
"East Midlands","Wave 3 - May 2020","More than twice a week, but not every day",5,4,4,4,4,5,4,"No",4,7,7,7,3,7,4.33333333333333,7
"Yorkshire and the Humber","Wave 3 - May 2020","Twice a week",2,4,4,5,5,2,3,"Yes",4,7,8,8,8,2,3.33333333333333,6.25
"West Midlands","Wave 3 - May 2020","Every day",5,5,5,5,5,4,3,"Yes",3,7,8,7,9,1,5,5.75
"West Midlands","Wave 3 - May 2020","Once a week",4,4,4,4,4,4,1,"Yes",4,8,8,8,1,9,4,8.25
"North West","Wave 3 - May 2020","More than twice a week, but not every day",5,5,4,4,4,4,2,"Yes",4,6,6,8,3,7,4.66666666666667,6.75
"West Midlands","Wave 3 - May 2020","Once a week",3,4,3,4,3,3,4,"Yes",4,5,4,4,4,6,3.33333333333333,4.75
"East Midlands","Wave 3 - May 2020","More than twice a week, but not every day",2,4,5,4,4,2,3,"No",4,7,7,8,9,1,3.66666666666667,5.75
"London","Wave 3 - May 2020","Twice a week",1,2,5,5,4,2,3,"No",4,5,5,5,4,6,2.66666666666667,5.25
"Yorkshire and the Humber","Wave 3 - May 2020","Every day",5,5,4,4,4,4,5,"Yes",2,7,9,9,6,4,4.66666666666667,7.25
"East Midlands","Wave 3 - May 2020","Every day",4,2,4,4,4,4,3,"Yes",4,8,9,9,5,5,3.33333333333333,7.75
"South East","Wave 3 - May 2020","Twice a week",4,4,4,4,4,3,4,"Yes",4,6,0,6,1,9,4,5.25
"South East","Wave 3 - May 2020","More than twice a week, but not every day",1,1,1,5,4,3,2,"Yes",3,7,7,8,2,8,1,7.5
"South East","Wave 3 - May 2020","Twice a week",5,4,4,3,4,3,3,"Yes",3,6,6,7,6,4,4.33333333333333,5.75
"North East","Wave 3 - May 2020","Once a week",4,5,4,5,5,4,3,"Yes",4,6,6,7,5,5,4.33333333333333,6
"Yorkshire and the Humber","Wave 3 - May 2020","Every day",5,5,5,4,4,3,3,"Yes",2,8,8,8,1,9,5,8.25
"North East","Wave 3 - May 2020","More than twice a week, but not every day",5,4,4,4,4,3,3,"Yes",4,7,6,7,3,7,4.33333333333333,6.75
"South East","Wave 3 - May 2020","More than twice a week, but not every day",5,5,4,5,5,5,4,"Yes",4,5,7,5,7,3,4.66666666666667,5
"East Midlands","Wave 3 - May 2020","Twice a week",4,4,3,4,5,4,3,"Yes",4,7,7,6,6,4,3.66666666666667,6
"South West","Wave 3 - May 2020","More than twice a week, but not every day",5,4,4,5,4,2,2,"Yes",2,7,7,8,2,8,4.33333333333333,7.5
"London","Wave 3 - May 2020","Every day",2,5,5,5,5,3,3,"Yes",3,8,8,9,3,7,4,8
"London","Wave 3 - May 2020","Once a week",4,4,4,5,5,3,4,"Yes",2,7,7,7,4,6,4,6.75
"West Midlands","Wave 3 - May 2020","Once or twice a month",5,4,4,4,4,3,2,"Yes",3,4,6,5,7,3,4.33333333333333,4.5
"West Midlands","Wave 3 - May 2020","More than twice a week, but not every day",5,5,5,5,5,3,3,"Yes",4,3,6,6,4,6,5,5.25
"East","Wave 3 - May 2020","More than twice a week, but not every day",4,4,4,5,5,5,4,"Yes",1,6,10,9,5,5,4,7.5
"Yorkshire and the Humber","Wave 3 - May 2020","Once a week",4,4,4,5,5,3,3,"Yes",4,6,6,5,7,3,4,5
"South West","Wave 3 - May 2020","More than twice a week, but not every day",5,4,4,5,4,5,3,"Yes",2,7,8,8,4,6,4.33333333333333,7.25
"London","Wave 3 - May 2020","Once a week",4,4,4,5,5,3,3,"Yes",3,4,6,3,3,7,4,5
"South West","Wave 3 - May 2020","Once a week",4,4,4,5,4,5,5,"Yes",3,10,7,8,0,10,4,8.75
"Yorkshire and the Humber","Wave 3 - May 2020","More than twice a week, but not every day",1,1,1,4,4,5,4,"Yes",2,9,9,9,2,8,1,8.75
"South East","Wave 3 - May 2020","Once or twice a month",4,4,4,4,4,3,2,"Yes",4,8,8,8,3,7,4,7.75
"London","Wave 3 - May 2020","More than twice a week, but not every day",5,5,5,5,5,1,5,"Yes",2,6,9,4,10,0,5,4.75
"East","Wave 3 - May 2020","More than twice a week, but not every day",5,4,3,4,4,3,4,"Yes",1,8,8,10,0,10,4,9
"North East","Wave 3 - May 2020","Every day",5,5,5,5,4,3,2,"No",2,7,8,7,2,8,5,7.5
"North West","Wave 3 - May 2020","Every day",5,3,4,5,5,3,5,"Yes",4,5,6,5,7,3,4,4.75
"West Midlands","Wave 3 - May 2020","Once a week",5,5,5,4,4,3,3,"Yes",4,8,10,9,0,10,5,9.25
"London","Wave 3 - May 2020","Once a week",5,4,5,5,5,3,4,"Yes",4,6,5,1,9,1,4.66666666666667,3.25
"North West","Wave 3 - May 2020","Twice a week",1,1,5,5,5,1,2,"Yes",2,5,5,6,5,5,2.33333333333333,5.25
"East","Wave 3 - May 2020","Twice a week",1,1,1,5,4,4,3,"Yes",3,5,7,8,6,4,1,6
"West Midlands","Wave 3 - May 2020","Every day",5,3,4,4,4,3,3,"Yes",1,7,7,7,7,3,4,6
"South East","Wave 3 - May 2020","Every day",4,4,4,4,4,3,2,"Yes",2,8,8,8,2,8,4,8
"North West","Wave 3 - May 2020","Every day",5,5,5,4,4,2,3,"Yes",3,6,5,6,8,2,5,4.75
"London","Wave 3 - May 2020","Once or twice a month",4,4,3,4,4,3,2,"No",4,5,4,5,4,6,3.66666666666667,5
"North West","Wave 3 - May 2020","Twice a week",5,4,4,4,5,4,4,"Yes",4,8,8,8,9,1,4.33333333333333,6.25
"East Midlands","Wave 3 - May 2020","More than twice a week, but not every day",4,4,4,5,5,3,3,"Yes",5,5,7,7,8,2,4,5.25
"South East","Wave 3 - May 2020","Every day",5,5,5,5,5,2,2,"Yes",2,0,2,3,4,6,5,2.75
"South East","Wave 3 - May 2020","More than twice a week, but not every day",5,4,4,4,4,3,4,"Yes",3,8,8,8,3,7,4.33333333333333,7.75
"South East","Wave 3 - May 2020","More than twice a week, but not every day",3,4,3,4,4,3,3,"Yes",3,7,6,7,4,6,3.33333333333333,6.5
"West Midlands","Wave 3 - May 2020","Twice a week",5,4,5,4,4,4,3,"Yes",3,3,2,7,7,3,4.66666666666667,3.75
"South East","Wave 3 - May 2020","Every day",5,4,4,4,4,2,1,"Yes",1,9,9,10,0,10,4.33333333333333,9.5
"South East","Wave 3 - May 2020","More than twice a week, but not every day",4,4,4,4,4,5,4,"Yes",1,8,8,9,1,9,4,8.5
"London","Wave 3 - May 2020","Once a week",4,1,1,5,5,5,5,"Yes",4,3,6,2,1,9,2,5
"Yorkshire and the Humber","Wave 3 - May 2020","More than twice a week, but not every day",5,3,4,3,4,3,3,"Yes",2,8,8,8,1,9,4,8.25
"Yorkshire and the Humber","Wave 3 - May 2020","Every day",5,5,4,5,5,1,3,"Yes",3,5,6,3,7,3,4.66666666666667,4.25
"West Midlands","Wave 3 - May 2020","More than twice a week, but not every day",1,1,1,5,4,2,5,"Yes",3,5,5,5,5,5,1,5
"South East","Wave 3 - May 2020","Once a week",3,2,4,4,4,4,4,"Yes",3,6,6,6,7,3,3,5.25
"East","Wave 3 - May 2020","More than twice a week, but not every day",2,4,4,4,4,3,3,"Yes",3,6,6,7,3,7,3.33333333333333,6.5
"South East","Wave 3 - May 2020","More than twice a week, but not every day",5,5,5,5,5,4,4,"Yes",3,7,8,6,7,3,5,6
"North East","Wave 3 - May 2020","Every day",5,5,5,5,5,3,5,"Yes",1,10,10,10,0,10,5,10
"East Midlands","Wave 3 - May 2020","More than twice a week, but not every day",4,5,5,4,4,3,3,"Yes",4,7,7,8,7,3,4.66666666666667,6.25
"London","Wave 3 - May 2020","Twice a week",4,4,4,3,3,4,2,"No",3,7,8,8,3,7,4,7.5
"South East","Wave 3 - May 2020","Once a week",4,4,4,5,4,3,4,"Yes",3,8,8,9,2,8,4,8.25
"South East","Wave 3 - May 2020","Once a week",5,5,5,5,5,5,5,"Yes",4,8,9,10,2,8,5,8.75
"London","Wave 3 - May 2020","Every day",4,4,1,5,5,5,4,"Yes",2,5,5,7,9,1,3,4.5
"South East","Wave 3 - May 2020","Once a week",3,4,4,5,5,4,5,"Yes",2,7,10,8,4,6,3.66666666666667,7.75
"North East","Wave 3 - May 2020","More than twice a week, but not every day",1,1,1,4,5,2,5,"No",2,8,8,8,1,9,1,8.25
"London","Wave 3 - May 2020","More than twice a week, but not every day",4,4,4,3,3,1,3,"Yes",3,6,6,8,6,4,4,6
"North West","Wave 3 - May 2020","More than twice a week, but not every day",5,5,5,5,5,4,4,"Yes",1,7,8,8,2,8,5,7.75
"South East","Wave 3 - May 2020","Once a week",4,4,3,4,4,3,3,"Yes",4,3,6,3,7,3,3.66666666666667,3.75
"North West","Wave 4 - June 2020","More than twice a week, but not every day",4,4,4,3,2,4,1,"No",1,9,5,9,0,10,4,8.25
"East","Wave 4 - June 2020","Twice a week",1,5,5,4,5,3,4,"Yes",3,4,4,5,5,5,3.66666666666667,4.5
"North West","Wave 4 - June 2020","More than twice a week, but not every day",5,5,5,5,5,3,5,"Yes",4,7,5,7,0,10,5,7.25
"South West","Wave 4 - June 2020","Every day",5,5,4,4,4,4,5,"Yes",2,7,7,6,4,6,4.66666666666667,6.5
"London","Wave 4 - June 2020","Every day",2,4,4,5,5,4,4,"Yes",2,8,10,10,5,5,3.33333333333333,8.25
"West Midlands","Wave 4 - June 2020","More than twice a week, but not every day",4,4,4,3,4,2,1,"Yes",2,4,6,5,5,5,4,5
"North East","Wave 4 - June 2020","Once a week",4,4,4,5,5,3,3,"Yes",1,7,6,7,3,7,4,6.75
"South West","Wave 4 - June 2020","Every day",4,2,4,4,4,2,3,"No",4,7,8,7,8,2,3.33333333333333,6
"East","Wave 4 - June 2020","Once or twice a month",4,5,4,5,5,3,5,"Yes",1,8,9,9,2,8,4.33333333333333,8.5
"East","Wave 4 - June 2020","More than twice a week, but not every day",5,5,4,4,4,3,5,"Yes",4,4,5,3,5,5,4.66666666666667,4.25
"West Midlands","Wave 4 - June 2020","More than twice a week, but not every day",4,3,4,3,3,3,1,"Yes",4,5,4,6,5,5,3.66666666666667,5
"North West","Wave 4 - June 2020","Twice a week",5,4,5,4,4,5,4,"Yes",4,8,9,8,8,2,4.66666666666667,6.75
"South East","Wave 4 - June 2020","More than twice a week, but not every day",1,5,5,5,5,3,3,"Yes",4,6,6,7,3,7,3.66666666666667,6.5
"North East","Wave 4 - June 2020","Every day",1,1,1,4,4,3,3,"Yes",4,7,8,7,3,7,1,7.25
"South East","Wave 4 - June 2020","Every day",3,2,2,4,4,2,3,"No",4,0,5,6,5,5,2.33333333333333,4
"Yorkshire and the Humber","Wave 4 - June 2020","Once a week",1,4,4,3,4,3,2,"Yes",4,7,8,8,8,2,3,6.25
"South East","Wave 4 - June 2020","More than twice a week, but not every day",5,5,5,5,5,3,3,"Yes",2,7,8,7,2,8,5,7.5
"West Midlands","Wave 4 - June 2020","Once a week",5,4,4,4,4,4,3,"Yes",4,7,9,7,2,8,4.33333333333333,7.75
"West Midlands","Wave 4 - June 2020","Twice a week",2,4,4,4,4,3,3,"Yes",2,7,7,7,8,2,3.33333333333333,5.75
"London","Wave 4 - June 2020","Every day",2,3,4,4,4,4,3,"Yes",3,5,5,5,5,5,3,5
"North West","Wave 4 - June 2020","Twice a week",5,5,5,5,5,3,3,"Yes",2,7,9,7,3,7,5,7.5
"South East","Wave 4 - June 2020","More than twice a week, but not every day",4,5,4,4,4,4,3,"Yes",3,7,7,8,5,5,4.33333333333333,6.75
"East","Wave 4 - June 2020","Every day",4,4,4,4,4,4,5,"Yes",3,8,8,9,3,7,4,8
"Yorkshire and the Humber","Wave 4 - June 2020","Every day",5,4,3,2,2,1,1,"Yes",4,2,5,6,8,2,4,3.75
"Yorkshire and the Humber","Wave 4 - June 2020","More than twice a week, but not every day",4,2,2,2,4,3,3,"Yes",5,1,1,1,1,9,2.66666666666667,3
"East Midlands","Wave 4 - June 2020","Every day",1,5,4,5,5,4,5,"Don’t know",5,8,7,5,10,0,3.33333333333333,5
"London","Wave 4 - June 2020","More than twice a week, but not every day",5,3,4,5,5,2,5,"Yes",2,8,3,8,5,5,4,6
"London","Wave 4 - June 2020","Once a week",5,5,5,4,4,2,3,"Yes",1,5,8,8,4,6,5,6.75
"East","Wave 4 - June 2020","Once a week",4,2,5,4,4,4,3,"Yes",4,7,9,7,8,2,3.66666666666667,6.25
"East","Wave 4 - June 2020","More than twice a week, but not every day",4,5,5,4,4,2,3,"Yes",3,3,8,2,7,3,4.66666666666667,4
"South West","Wave 4 - June 2020","Every day",5,4,4,5,5,3,5,"Yes",5,5,5,4,6,4,4.33333333333333,4.5
"London","Wave 4 - June 2020","More than twice a week, but not every day",5,4,4,4,4,3,3,"Yes",1,8,10,7,0,10,4.33333333333333,8.75
"North West","Wave 4 - June 2020","Every day",4,4,5,5,5,4,4,"Yes",4,8,8,7,8,2,4.33333333333333,6.25
"West Midlands","Wave 4 - June 2020","Every day",4,4,4,5,4,3,5,"Yes",2,8,7,8,8,2,4,6.25
"North West","Wave 4 - June 2020","Once a week",4,5,4,5,4,3,2,"Yes",4,8,8,6,7,3,4.33333333333333,6.25
"Yorkshire and the Humber","Wave 4 - June 2020","Every day",1,1,1,5,5,5,5,"Yes",5,3,0,0,10,0,1,0.75
"South East","Wave 4 - June 2020","More than twice a week, but not every day",4,4,3,5,4,3,4,"Yes",3,7,7,8,5,5,3.66666666666667,6.75
"South East","Wave 4 - June 2020","Once or twice a month",4,4,4,4,4,2,3,"Yes",4,6,6,4,0,10,4,6.5
"South East","Wave 4 - June 2020","Once a week",4,4,4,4,4,2,3,"Yes",2,8,8,7,3,7,4,7.5
"South East","Wave 4 - June 2020","Every day",1,5,4,4,5,1,4,"Yes",4,6,5,9,10,0,3.33333333333333,5
"South East","Wave 4 - June 2020","Every day",1,4,5,5,4,2,3,"Yes",4,6,7,4,9,1,3.33333333333333,4.5
"South West","Wave 4 - June 2020","Once a week",5,5,3,5,5,2,4,"Yes",3,7,6,7,7,3,4.33333333333333,5.75
"South East","Wave 4 - June 2020","More than twice a week, but not every day",4,4,4,4,4,3,3,"Yes",3,4,6,0,7,3,4,3.25
"East Midlands","Wave 4 - June 2020","More than twice a week, but not every day",5,5,5,5,5,3,3,"Yes",2,9,8,9,2,8,5,8.5
"Yorkshire and the Humber","Wave 4 - June 2020","Twice a week",2,4,5,4,4,4,5,"Yes",3,7,7,8,7,3,3.66666666666667,6.25
"East","Wave 4 - June 2020","Once a week",5,5,4,4,4,3,3,"Yes",4,4,6,6,7,3,4.66666666666667,4.75
"North West","Wave 4 - June 2020","More than twice a week, but not every day",4,3,4,3,4,4,4,"Yes",4,3,4,4,4,6,3.66666666666667,4.25
"North West","Wave 4 - June 2020","Every day",2,4,4,5,5,1,3,"Yes",4,5,4,5,5,5,3.33333333333333,4.75
"South East","Wave 4 - June 2020","Every day",5,4,5,5,5,3,5,"Yes",5,2,3,2,8,2,4.66666666666667,2.25
"West Midlands","Wave 4 - June 2020","More than twice a week, but not every day",4,4,4,3,4,4,2,"Yes",5,3,0,3,7,3,4,2.25
"West Midlands","Wave 4 - June 2020","More than twice a week, but not every day",5,5,5,5,5,2,3,"Yes",5,6,5,4,5,5,5,5
"London","Wave 4 - June 2020","More than twice a week, but not every day",5,5,4,5,4,3,2,"No",1,8,7,2,9,1,4.66666666666667,4.5
"East","Wave 4 - June 2020","Every day",5,5,5,4,3,5,1,"No",1,10,10,10,0,10,5,10
"West Midlands","Wave 4 - June 2020","More than twice a week, but not every day",5,4,5,4,4,2,2,"No",2,7,5,7,4,6,4.66666666666667,6.25
"Yorkshire and the Humber","Wave 4 - June 2020","More than twice a week, but not every day",4,4,4,4,4,4,3,"Yes",1,9,10,9,9,1,4,7.25
"South East","Wave 4 - June 2020","More than twice a week, but not every day",5,5,5,5,5,4,5,"Yes",3,7,8,8,3,7,5,7.5
"East","Wave 4 - June 2020","More than twice a week, but not every day",4,5,5,5,5,3,4,"Yes",3,4,6,4,5,5,4.66666666666667,4.75
"East","Wave 4 - June 2020","More than twice a week, but not every day",4,3,3,3,3,4,1,"No",5,7,7,7,3,7,3.33333333333333,7
"Yorkshire and the Humber","Wave 4 - June 2020","Twice a week",4,5,5,4,4,3,3,"Yes",3,9,10,8,6,4,4.66666666666667,7.75
"South East","Wave 4 - June 2020","Twice a week",5,4,4,5,5,2,3,"No",1,6,6,6,2,8,4.33333333333333,6.5
"Yorkshire and the Humber","Wave 4 - June 2020","Twice a week",5,5,5,5,4,3,4,"Yes",2,10,10,10,1,9,5,9.75
"Yorkshire and the Humber","Wave 4 - June 2020","Once every 2-3 months",2,4,4,4,4,3,4,"Yes",4,7,8,8,6,4,3.33333333333333,6.75
"London","Wave 4 - June 2020","Twice a week",3,3,3,4,4,2,3,"Yes",4,4,6,4,6,4,3,4.5
"South East","Wave 4 - June 2020","Every day",4,4,5,5,5,4,3,"Yes",2,8,9,8,1,9,4.33333333333333,8.5
"London","Wave 4 - June 2020","Twice a week",4,5,4,4,4,1,1,"No",1,8,8,9,2,8,4.33333333333333,8.25
"London","Wave 4 - June 2020","Every day",4,4,4,5,4,3,4,"Yes",4,8,8,8,4,6,4,7.5
"South West","Wave 4 - June 2020","More than twice a week, but not every day",2,5,5,4,5,5,3,"Yes",3,6,6,6,4,6,4,6
"South East","Wave 4 - June 2020","Once or twice a month",5,4,4,4,4,3,2,"No",2,9,9,10,2,8,4.33333333333333,9
"South East","Wave 4 - June 2020","More than twice a week, but not every day",5,5,5,4,5,4,4,"Yes",1,8,8,9,1,9,5,8.5
"North West","Wave 4 - June 2020","Once every 2-3 months",3,5,4,4,5,3,4,"Yes",2,4,7,6,3,7,4,6
"South West","Wave 4 - June 2020","More than twice a week, but not every day",4,5,5,5,4,3,5,"Yes",3,5,7,8,8,2,4.66666666666667,5.5
"South East","Wave 4 - June 2020","Twice a week",2,3,2,4,4,3,4,"Yes",3,5,7,5,5,5,2.33333333333333,5.5
"Yorkshire and the Humber","Wave 4 - June 2020","Every day",1,5,5,4,4,3,1,"Yes",1,6,6,8,1,9,3.66666666666667,7.25
"South West","Wave 4 - June 2020","More than twice a week, but not every day",1,5,4,5,5,5,3,"Yes",4,7,7,7,2,8,3.33333333333333,7.25
"Yorkshire and the Humber","Wave 4 - June 2020","Once or twice a month",2,4,4,4,5,3,2,"Yes",2,8,10,9,2,8,3.33333333333333,8.75
"West Midlands","Wave 4 - June 2020","Once a week",4,4,5,4,4,3,3,"Yes",4,5,5,6,5,5,4.33333333333333,5.25
"East","Wave 4 - June 2020","More than twice a week, but not every day",4,4,5,5,4,3,1,"Yes",3,8,7,8,0,10,4.33333333333333,8.25
"North West","Wave 4 - June 2020","More than twice a week, but not every day",4,4,4,5,4,5,1,"Yes",4,7,7,6,3,7,4,6.75
"North West","Wave 4 - June 2020","Twice a week",5,4,4,4,4,2,4,"No",2,7,8,7,1,9,4.33333333333333,7.75
"South East","Wave 4 - June 2020","Every day",5,4,4,4,4,3,4,"Yes",2,6,7,8,2,8,4.33333333333333,7.25
"South West","Wave 4 - June 2020","Every day",5,5,4,5,4,3,2,"Yes",4,6,8,8,5,5,4.66666666666667,6.75
"Yorkshire and the Humber","Wave 4 - June 2020","Every day",4,5,5,5,5,4,3,"Yes",3,9,10,10,0,10,4.66666666666667,9.75
"London","Wave 4 - June 2020","Twice a week",3,5,3,4,4,4,5,"Yes",2,8,8,8,9,1,3.66666666666667,6.25
"South East","Wave 4 - June 2020","More than twice a week, but not every day",1,1,1,4,4,5,3,"Yes",3,7,9,9,6,4,1,7.25
"East Midlands","Wave 4 - June 2020","More than twice a week, but not every day",5,5,5,5,5,3,3,"No",1,8,8,8,0,10,5,8.5
"North West","Wave 4 - June 2020","Once a week",2,5,5,5,5,5,5,"Yes",2,8,9,9,3,7,4,8.25
"East","Wave 4 - June 2020","Once a week",5,4,4,4,4,2,3,"Yes",3,4,6,5,3,7,4.33333333333333,5.5
"South West","Wave 4 - June 2020","More than twice a week, but not every day",5,4,4,5,5,3,5,"Yes",1,10,10,10,0,10,4.33333333333333,10
"North East","Wave 4 - June 2020","More than twice a week, but not every day",5,4,3,4,3,4,3,"Yes",3,6,7,7,6,4,4,6
"South East","Wave 4 - June 2020","Every day",4,4,4,4,4,3,3,"Yes",2,9,9,9,1,9,4,9
"London","Wave 4 - June 2020","Once a week",5,4,4,5,5,3,4,"Yes",3,4,6,7,7,3,4.33333333333333,5
"South West","Wave 4 - June 2020","Once a week",5,5,5,5,5,4,5,"Yes",2,7,7,8,6,4,5,6.5
"South East","Wave 4 - June 2020","Once a week",3,5,4,5,5,3,3,"Yes",2,7,8,8,4,6,4,7.25
"North East","Wave 4 - June 2020","Once a week",5,5,5,5,5,4,3,"Yes",4,7,9,7,6,4,5,6.75
"South East","Wave 4 - June 2020","Once a week",4,5,4,4,4,3,4,"Yes",1,10,10,10,1,9,4.33333333333333,9.75
"West Midlands","Wave 4 - June 2020","Twice a week",3,4,3,5,5,4,4,"Yes",1,7,8,7,5,5,3.33333333333333,6.75
"West Midlands","Wave 4 - June 2020","Twice a week",5,4,4,4,3,1,1,"No",1,9,9,10,0,10,4.33333333333333,9.5
"South East","Wave 5 - July 2020","More than twice a week, but not every day",5,5,5,5,5,5,3,"Yes",2,10,10,10,0,10,5,10
"North West","Wave 5 - July 2020","Twice a week",5,5,5,5,4,5,1,"Yes",4,5,5,4,4,6,5,5
"East Midlands","Wave 5 - July 2020","More than twice a week, but not every day",5,5,4,5,5,4,4,"Yes",5,2,2,0,10,0,4.66666666666667,1
"North West","Wave 5 - July 2020","Every day",1,1,1,4,4,4,1,"No",3,7,7,6,5,5,1,6.25
"West Midlands","Wave 5 - July 2020","Every day",1,1,1,5,5,4,4,"Yes",1,8,9,10,2,8,1,8.75
"South East","Wave 5 - July 2020","Every day",4,5,5,5,5,3,3,"Yes",2,8,8,8,4,6,4.66666666666667,7.5
"East","Wave 5 - July 2020","More than twice a week, but not every day",5,5,5,5,5,3,3,"Yes",1,9,8,9,0,10,5,9
"East Midlands","Wave 5 - July 2020","Once a week",5,5,5,5,5,3,3,"Yes",3,7,8,8,4,6,5,7.25
"South East","Wave 5 - July 2020","Twice a week",4,4,4,4,4,3,3,"No",2,5,5,5,5,5,4,5
"East","Wave 5 - July 2020","Once or twice a month",5,4,4,4,4,3,3,"Yes",2,7,7,7,3,7,4.33333333333333,7
"East","Wave 5 - July 2020","Every day",5,5,5,5,5,4,4,"Yes",2,4,5,3,8,2,5,3.5
"East Midlands","Wave 5 - July 2020","Every day",1,1,1,5,5,3,2,"Yes",4,2,2,2,2,8,1,3.5
"London","Wave 5 - July 2020","Every day",5,4,5,5,5,4,4,"No",1,8,7,10,9,1,4.66666666666667,6.5
"East","Wave 5 - July 2020","More than twice a week, but not every day",5,5,4,5,5,5,4,"Yes",3,7,8,7,2,8,4.66666666666667,7.5
"East Midlands","Wave 5 - July 2020","More than twice a week, but not every day",1,2,2,4,5,3,4,"Yes",4,6,5,5,6,4,1.66666666666667,5
"South West","Wave 5 - July 2020","More than twice a week, but not every day",4,4,4,4,4,3,3,"Yes",2,7,6,8,5,5,4,6.5
"Yorkshire and the Humber","Wave 5 - July 2020","Twice a week",5,5,5,2,3,1,2,"No",5,3,2,3,3,7,5,3.75
"South East","Wave 5 - July 2020","More than twice a week, but not every day",2,3,2,5,4,4,3,"Yes",3,6,6,5,7,3,2.33333333333333,5
"South West","Wave 5 - July 2020","Once a week",5,3,3,4,4,3,3,"Yes",2,1,3,3,3,7,3.66666666666667,3.5
"North East","Wave 5 - July 2020","More than twice a week, but not every day",1,5,4,4,1,4,3,"Yes",3,6,7,6,2,8,3.33333333333333,6.75
"Yorkshire and the Humber","Wave 5 - July 2020","Twice a week",3,4,4,3,4,2,3,"No",4,4,6,5,5,5,3.66666666666667,5
"North East","Wave 5 - July 2020","More than twice a week, but not every day",4,4,4,4,4,2,4,"No",4,7,7,6,8,2,4,5.5
"East","Wave 5 - July 2020","More than twice a week, but not every day",1,4,5,4,4,3,3,"Yes",3,5,5,3,5,5,3.33333333333333,4.5
"London","Wave 5 - July 2020","Once a week",5,2,2,5,5,1,2,"Yes",4,6,7,6,8,2,3,5.25
"East Midlands","Wave 5 - July 2020","Once a week",2,4,4,4,4,1,2,"Yes",2,8,8,8,2,8,3.33333333333333,8
"East","Wave 5 - July 2020","More than twice a week, but not every day",5,5,4,5,5,3,4,"Yes",4,8,9,8,7,3,4.66666666666667,7
"East","Wave 5 - July 2020","Every day",1,1,1,4,4,3,3,"No",4,6,6,6,2,8,1,6.5
"North West","Wave 5 - July 2020","Twice a week",5,4,4,5,5,4,3,"Yes",3,9,9,9,9,1,4.33333333333333,7
"South East","Wave 5 - July 2020","Once a week",2,4,4,5,5,2,4,"Yes",2,7,9,10,3,7,3.33333333333333,8.25
"South West","Wave 5 - July 2020","Twice a week",4,4,4,3,3,3,3,"Yes",3,6,7,7,5,5,4,6.25
"South West","Wave 5 - July 2020","Every day",1,1,1,5,4,4,1,"Yes",2,7,8,9,0,10,1,8.5
"East Midlands","Wave 5 - July 2020","More than twice a week, but not every day",5,5,5,5,5,4,4,"Yes",4,1,2,1,9,1,5,1.25
"West Midlands","Wave 5 - July 2020","More than twice a week, but not every day",5,5,5,5,5,3,4,"Yes",1,4,8,6,1,9,5,6.75
"North West","Wave 5 - July 2020","Once a week",5,5,5,5,5,2,5,"Yes",3,6,8,7,2,8,5,7.25
"East","Wave 5 - July 2020","Twice a week",4,5,4,5,4,5,4,"Yes",1,8,10,10,1,9,4.33333333333333,9.25
"South East","Wave 5 - July 2020","Twice a week",4,4,4,4,4,2,2,"Yes",5,7,5,6,6,4,4,5.5
"South East","Wave 5 - July 2020","Less often",1,4,4,3,3,2,2,"Yes",4,5,9,7,0,10,3,7.75
"South West","Wave 5 - July 2020","Twice a week",4,4,4,5,5,4,5,"Yes",1,9,9,8,0,10,4,9
"South East","Wave 5 - July 2020","Once or twice a month",5,4,4,4,4,3,3,"Yes",3,7,7,7,2,8,4.33333333333333,7.25
"South East","Wave 5 - July 2020","Every day",4,5,2,4,4,5,4,"Yes",4,6,7,7,6,4,3.66666666666667,6
"South West","Wave 5 - July 2020","More than twice a week, but not every day",5,4,4,4,5,3,2,"Yes",1,8,5,8,0,10,4.33333333333333,7.75
"North West","Wave 5 - July 2020","Once or twice a month",4,4,4,4,4,1,1,"Yes",3,7,8,6,5,5,4,6.5
"North West","Wave 5 - July 2020","Once or twice a month",1,4,4,5,5,2,3,"Yes",4,7,8,7,7,3,3,6.25
"South West","Wave 5 - July 2020","Twice a week",5,5,5,5,4,3,3,"Yes",3,7,4,6,4,6,5,5.75
"London","Wave 5 - July 2020","Twice a week",4,4,4,5,4,4,4,"Yes",4,10,10,10,7,3,4,8.25
"West Midlands","Wave 5 - July 2020","Every day",5,5,5,5,5,3,3,"Yes",2,9,10,10,8,2,5,7.75
"London","Wave 5 - July 2020","Twice a week",4,4,4,5,5,3,4,"Yes",5,7,6,8,2,8,4,7.25
"West Midlands","Wave 5 - July 2020","More than twice a week, but not every day",4,4,2,5,5,3,4,"Yes",1,7,10,7,6,4,3.33333333333333,7
"East","Wave 5 - July 2020","More than twice a week, but not every day",3,4,3,4,4,3,4,"Yes",5,4,4,4,7,3,3.33333333333333,3.75
"East","Wave 5 - July 2020","Every day",4,4,4,4,4,4,3,"Yes",2,2,2,4,0,10,4,4.5
"South West","Wave 5 - July 2020","Every day",4,4,4,4,4,4,4,"Yes",4,7,7,7,8,2,4,5.75
"London","Wave 5 - July 2020","Every day",4,4,4,4,4,2,3,"No",4,5,5,3,3,7,4,5
"West Midlands","Wave 5 - July 2020","Twice a week",5,5,5,4,4,3,3,"Yes",4,5,5,8,7,3,5,5.25
"South East","Wave 5 - July 2020","Once a week",4,4,4,4,4,3,3,"Yes",4,7,7,7,5,5,4,6.5
"London","Wave 5 - July 2020","Once or twice a month",5,5,5,4,4,3,3,"Yes",3,9,9,10,0,10,5,9.5
"East Midlands","Wave 5 - July 2020","More than twice a week, but not every day",2,3,4,4,4,3,2,"Yes",2,6,7,5,7,3,3,5.25
"South East","Wave 5 - July 2020","More than twice a week, but not every day",4,4,4,5,5,4,3,"Yes",2,7,8,8,2,8,4,7.75
"North East","Wave 5 - July 2020","Once or twice a month",5,5,5,4,4,3,3,"Yes",4,3,2,3,3,7,5,3.75
"South West","Wave 5 - July 2020","Once or twice a month",5,5,5,3,4,5,1,"Yes",4,6,6,2,2,8,5,5.5
"East Midlands","Wave 5 - July 2020","More than twice a week, but not every day",5,5,5,5,5,5,3,"Yes",5,4,4,6,0,10,5,6
"North East","Wave 5 - July 2020","Every day",5,5,5,4,4,4,3,"Yes",3,8,8,8,0,10,5,8.5
"South West","Wave 5 - July 2020","Once every 2-3 months",4,5,5,4,4,3,3,"Yes",3,7,7,7,5,5,4.66666666666667,6.5
"South East","Wave 5 - July 2020","More than twice a week, but not every day",3,3,5,5,5,5,5,"Yes",2,6,8,8,5,5,3.66666666666667,6.75
"East Midlands","Wave 5 - July 2020","Once a week",4,5,5,5,5,4,3,"Yes",2,7,10,10,0,10,4.66666666666667,9.25
"West Midlands","Wave 5 - July 2020","Once or twice a month",4,4,3,5,5,3,3,"Yes",4,3,6,5,3,7,3.66666666666667,5.25
"South West","Wave 5 - July 2020","Every day",5,5,5,5,5,5,4,"Yes",1,10,10,10,5,5,5,8.75
"London","Wave 5 - July 2020","Once a week",4,3,4,4,4,2,3,"Yes",3,6,6,7,2,8,3.66666666666667,6.75
"North West","Wave 5 - July 2020","More than twice a week, but not every day",1,1,4,4,4,3,2,"Yes",4,5,4,3,8,2,2,3.5
"South West","Wave 5 - July 2020","Once a week",1,4,4,3,3,3,1,"Yes",4,4,5,5,5,5,3,4.75
"South East","Wave 5 - July 2020","More than twice a week, but not every day",4,4,4,4,4,3,2,"Yes",2,8,8,7,3,7,4,7.5
"London","Wave 5 - July 2020","Once a week",5,5,5,5,5,3,3,"Yes",2,6,7,8,5,5,5,6.5
"London","Wave 5 - July 2020","Once a week",4,4,4,5,5,1,5,"Yes",3,8,10,7,7,3,4,7
"South East","Wave 5 - July 2020","Once a week",5,3,4,4,4,2,3,"Yes",2,7,8,8,1,9,4,8
"North West","Wave 5 - July 2020","Once or twice a month",4,5,5,4,5,2,3,"Yes",3,5,5,5,8,2,4.66666666666667,4.25
"East","Wave 5 - July 2020","Every day",4,4,4,4,4,3,4,"Yes",2,8,8,8,2,8,4,8
"South East","Wave 5 - July 2020","Once a week",5,4,4,5,3,3,4,"Yes",1,8,9,9,9,1,4.33333333333333,6.75
"Yorkshire and the Humber","Wave 5 - July 2020","Every day",4,4,4,4,4,2,2,"Yes",2,6,6,6,1,9,4,6.75
"North East","Wave 5 - July 2020","More than twice a week, but not every day",4,3,4,4,4,1,1,"Yes",5,5,7,6,2,8,3.66666666666667,6.5
"Yorkshire and the Humber","Wave 5 - July 2020","More than twice a week, but not every day",5,5,5,5,5,3,4,"Yes",3,4,4,5,3,7,5,5
"Yorkshire and the Humber","Wave 5 - July 2020","Once or twice a month",5,4,4,4,4,4,4,"Yes",1,9,9,9,0,10,4.33333333333333,9.25
"East","Wave 5 - July 2020","Every day",5,5,5,4,4,3,3,"Yes",4,6,7,5,5,5,5,5.75
"East Midlands","Wave 5 - July 2020","Once a week",5,5,5,5,5,3,5,"Yes",2,8,7,8,3,7,5,7.5
"London","Wave 5 - July 2020","More than twice a week, but not every day",3,4,5,4,4,5,2,"Yes",4,6,6,6,4,6,4,6
"South West","Wave 5 - July 2020","More than twice a week, but not every day",5,5,4,4,4,3,2,"Yes",1,8,8,6,4,6,4.66666666666667,7
"South East","Wave 5 - July 2020","Every day",5,5,4,5,5,3,5,"Yes",4,6,7,7,3,7,4.66666666666667,6.75
"London","Wave 5 - July 2020","Once a week",2,3,2,4,3,2,4,"No",4,5,5,5,7,3,2.33333333333333,4.5
"East","Wave 5 - July 2020","More than twice a week, but not every day",4,4,4,4,4,3,4,"Yes",4,4,4,6,3,7,4,5.25
"East","Wave 5 - July 2020","Every day",3,4,2,5,5,3,5,"Yes",4,2,10,5,2,8,3,6.25
"South East","Wave 5 - July 2020","Every day",5,5,5,5,5,2,3,"Yes",2,9,10,8,1,9,5,9
"North West","Wave 5 - July 2020","More than twice a week, but not every day",5,4,4,5,5,3,5,"Yes",1,7,8,8,0,10,4.33333333333333,8.25
"South West","Wave 5 - July 2020","Every day",5,4,5,5,5,4,4,"Yes",4,8,9,9,7,3,4.66666666666667,7.25
"West Midlands","Wave 5 - July 2020","Once or twice a month",5,4,3,3,3,3,2,"Yes",3,7,7,7,3,7,4,7
"South West","Wave 6 - August 2020","More than twice a week, but not every day",4,4,4,5,5,2,2,"Yes",4,5,5,4,6,4,4,4.5
"South East","Wave 6 - August 2020","Every day",4,4,4,5,5,5,1,"Yes",1,8,9,7,9,1,4,6.25
"East","Wave 6 - August 2020","Twice a week",4,4,4,4,5,1,3,"Yes",2,7,8,10,0,10,4,8.75
"East","Wave 6 - August 2020","Twice a week",1,5,5,3,4,2,2,"Yes",5,4,6,5,6,4,3.66666666666667,4.75
"Yorkshire and the Humber","Wave 6 - August 2020","More than twice a week, but not every day",4,4,4,3,4,3,2,"Yes",2,4,5,6,5,5,4,5
"West Midlands","Wave 6 - August 2020","Every day",4,4,3,5,4,3,3,"Yes",2,6,7,8,2,8,3.66666666666667,7.25
"East Midlands","Wave 6 - August 2020","Every day",5,4,3,5,5,3,2,"Yes",4,5,6,6,4,6,4,5.75
"South West","Wave 6 - August 2020","More than twice a week, but not every day",3,4,4,4,4,4,3,"Yes",2,8,8,8,2,8,3.66666666666667,8
"East Midlands","Wave 6 - August 2020","More than twice a week, but not every day",5,4,5,3,3,1,1,"No",2,7,7,7,2,8,4.66666666666667,7.25
"West Midlands","Wave 6 - August 2020","Once a week",5,5,5,5,5,4,4,"Yes",2,9,9,10,2,8,5,9
"London","Wave 6 - August 2020","More than twice a week, but not every day",4,5,4,4,4,4,3,"Yes",2,8,7,7,7,3,4.33333333333333,6.25
"West Midlands","Wave 6 - August 2020","More than twice a week, but not every day",5,3,3,5,5,3,4,"Yes",5,2,0,5,8,2,3.66666666666667,2.25
"East Midlands","Wave 6 - August 2020","More than twice a week, but not every day",4,5,4,4,4,3,3,"No",5,6,5,7,4,6,4.33333333333333,6
"East Midlands","Wave 6 - August 2020","Once or twice a month",4,4,4,5,5,4,5,"Yes",4,5,10,5,5,5,4,6.25
"East Midlands","Wave 6 - August 2020","Less often",4,4,3,4,4,4,3,"No",1,8,9,9,2,8,3.66666666666667,8.5
"East Midlands","Wave 6 - August 2020","Once or twice a month",3,3,3,4,4,1,4,"Yes",5,0,0,2,7,3,3,1.25
"London","Wave 6 - August 2020","More than twice a week, but not every day",2,1,4,5,5,3,3,"Yes",2,6,8,6,9,1,2.33333333333333,5.25
"Yorkshire and the Humber","Wave 6 - August 2020","More than twice a week, but not every day",5,5,4,4,5,4,2,"Yes",2,8,8,7,6,4,4.66666666666667,6.75
"South East","Wave 6 - August 2020","Every day",4,3,2,5,5,2,4,"Yes",3,10,10,10,0,10,3,10
"Yorkshire and the Humber","Wave 6 - August 2020","Every day",5,4,5,5,4,5,4,"Yes",1,9,9,9,0,10,4.66666666666667,9.25
"East","Wave 6 - August 2020","More than twice a week, but not every day",4,5,4,4,5,3,3,"Yes",4,5,7,8,3,7,4.33333333333333,6.75
"North West","Wave 6 - August 2020","More than twice a week, but not every day",5,4,4,4,4,3,2,"No",2,8,8,9,1,9,4.33333333333333,8.5
"London","Wave 6 - August 2020","Once every 2-3 months",5,5,5,3,4,2,4,"Yes",3,8,9,8,6,4,5,7.25
"South West","Wave 6 - August 2020","More than twice a week, but not every day",4,4,4,4,4,4,3,"Yes",2,7,7,9,2,8,4,7.75
"South West","Wave 6 - August 2020","Every day",5,5,4,5,5,4,3,"Yes",2,7,7,7,6,4,4.66666666666667,6.25
"West Midlands","Wave 6 - August 2020","Every day",5,4,3,5,5,3,5,"No",2,8,8,9,2,8,4,8.25
"East","Wave 6 - August 2020","More than twice a week, but not every day",2,4,4,4,4,2,3,"Yes",1,7,7,8,2,8,3.33333333333333,7.5
"London","Wave 6 - August 2020","Twice a week",3,4,4,5,5,3,3,"Yes",2,6,8,9,6,4,3.66666666666667,6.75
"London","Wave 6 - August 2020","Once a week",5,4,5,4,5,1,3,"Yes",1,9,10,10,0,10,4.66666666666667,9.75
"West Midlands","Wave 6 - August 2020","Every day",1,1,1,5,4,5,4,"Yes",2,8,10,8,2,8,1,8.5
"East","Wave 6 - August 2020","Once a week",5,4,5,4,5,4,4,"No",3,7,8,9,10,0,4.66666666666667,6
"West Midlands","Wave 6 - August 2020","More than twice a week, but not every day",5,4,4,5,5,2,3,"Yes",3,7,7,6,8,2,4.33333333333333,5.5
"East Midlands","Wave 6 - August 2020","More than twice a week, but not every day",4,4,4,4,4,3,4,"Yes",3,7,8,7,3,7,4,7.25
"West Midlands","Wave 6 - August 2020","Twice a week",4,3,2,5,5,3,5,"Yes",4,3,4,3,9,1,3,2.75
"North West","Wave 6 - August 2020","More than twice a week, but not every day",4,4,4,4,3,5,3,"No",2,7,8,8,0,10,4,8.25
"South East","Wave 6 - August 2020","Twice a week",4,4,5,4,4,4,2,"Yes",3,8,8,8,3,7,4.33333333333333,7.75
"West Midlands","Wave 6 - August 2020","Once a week",5,4,4,4,4,4,3,"No",4,3,5,5,6,4,4.33333333333333,4.25
"East","Wave 6 - August 2020","More than twice a week, but not every day",5,5,5,5,5,2,5,"Yes",4,5,5,10,0,10,5,7.5
"East","Wave 6 - August 2020","More than twice a week, but not every day",5,5,5,5,4,5,3,"No",4,7,6,7,7,3,5,5.75
"South West","Wave 6 - August 2020","Once or twice a month",4,4,4,5,5,3,4,"Yes",4,6,9,6,4,6,4,6.75
"East Midlands","Wave 6 - August 2020","More than twice a week, but not every day",4,4,4,3,4,3,2,"Yes",2,7,7,7,0,10,4,7.75
"East","Wave 6 - August 2020","Twice a week",4,5,4,4,5,3,4,"Yes",1,8,9,10,0,10,4.33333333333333,9.25
"Yorkshire and the Humber","Wave 6 - August 2020","Once a week",2,4,5,5,5,3,3,"Yes",3,8,8,7,3,7,3.66666666666667,7.5
"South West","Wave 6 - August 2020","Less often",3,2,2,4,4,3,2,"Yes",4,7,7,7,5,5,2.33333333333333,6.5
"Yorkshire and the Humber","Wave 6 - August 2020","Every day",1,1,4,4,4,3,3,"Yes",2,8,8,7,2,8,2,7.75
"North West","Wave 6 - August 2020","Once a week",4,5,5,5,5,4,5,"Yes",5,0,0,0,0,10,4.66666666666667,2.5
"East Midlands","Wave 6 - August 2020","More than twice a week, but not every day",5,4,4,4,5,4,3,"Yes",4,8,8,7,5,5,4.33333333333333,7
"South West","Wave 6 - August 2020","Every day",4,4,4,1,3,1,1,"No",1,5,6,8,0,10,4,7.25
"South East","Wave 6 - August 2020","Once a week",4,4,4,5,5,3,4,"Yes",4,7,8,7,6,4,4,6.5
"East Midlands","Wave 6 - August 2020","Once or twice a month",5,5,4,5,5,4,3,"Yes",2,8,9,10,2,8,4.66666666666667,8.75
"North East","Wave 6 - August 2020","More than twice a week, but not every day",4,4,4,5,5,5,5,"Yes",5,4,5,6,8,2,4,4.25
"East Midlands","Wave 6 - August 2020","Every day",5,5,5,5,5,2,4,"Yes",5,5,5,5,5,5,5,5
"Yorkshire and the Humber","Wave 6 - August 2020","More than twice a week, but not every day",4,5,5,5,5,5,5,"Yes",3,8,10,10,2,8,4.66666666666667,9
"West Midlands","Wave 6 - August 2020","Once or twice a month",4,4,4,4,4,4,4,"Yes",3,6,6,6,8,2,4,5
"East","Wave 6 - August 2020","More than twice a week, but not every day",4,4,4,5,5,3,3,"Yes",3,5,6,4,5,5,4,5
"East","Wave 6 - August 2020","Twice a week",4,4,4,4,4,5,3,"Yes",4,6,7,7,3,7,4,6.75
"London","Wave 6 - August 2020","Once a week",5,4,4,3,4,4,4,"Yes",4,5,5,5,6,4,4.33333333333333,4.75
"Yorkshire and the Humber","Wave 6 - August 2020","Every day",4,4,5,5,5,4,3,"Yes",2,7,7,8,6,4,4.33333333333333,6.5
"East Midlands","Wave 6 - August 2020","Once a week",4,4,4,4,5,4,3,"Yes",5,5,5,4,5,5,4,4.75
"West Midlands","Wave 6 - August 2020","Twice a week",4,4,3,4,4,2,5,"Yes",3,8,9,7,4,6,3.66666666666667,7.5
"London","Wave 6 - August 2020","More than twice a week, but not every day",4,4,4,5,5,5,5,"Yes",3,6,7,7,7,3,4,5.75
"South West","Wave 6 - August 2020","Every day",5,5,4,4,4,3,3,"Yes",3,5,5,4,4,6,4.66666666666667,5
"South East","Wave 6 - August 2020","More than twice a week, but not every day",5,5,5,4,5,3,3,"No",4,7,8,8,3,7,5,7.5
"West Midlands","Wave 6 - August 2020","More than twice a week, but not every day",5,5,5,5,5,3,3,"Yes",2,8,8,8,2,8,5,8
"South East","Wave 6 - August 2020","More than twice a week, but not every day",1,1,1,5,5,3,3,"Yes",4,5,8,3,8,2,1,4.5
"London","Wave 6 - August 2020","More than twice a week, but not every day",5,5,5,4,4,3,3,"Yes",3,6,6,8,2,8,5,7
"London","Wave 6 - August 2020","More than twice a week, but not every day",5,4,5,4,4,2,3,"No",1,8,10,8,2,8,4.66666666666667,8.5
"London","Wave 6 - August 2020","Once or twice a month",1,1,4,4,5,3,5,"Yes",4,3,8,3,10,0,2,3.5
"Yorkshire and the Humber","Wave 6 - August 2020","More than twice a week, but not every day",5,5,5,5,5,2,4,"Yes",1,8,8,9,1,9,5,8.5
"East","Wave 6 - August 2020","Twice a week",5,5,4,4,4,4,3,"Yes",2,5,5,5,4,6,4.66666666666667,5.25
"North West","Wave 6 - August 2020","Twice a week",1,1,1,5,5,1,4,"Yes",4,6,6,6,7,3,1,5.25
"West Midlands","Wave 6 - August 2020","More than twice a week, but not every day",4,4,2,3,3,3,4,"Yes",5,5,5,5,0,10,3.33333333333333,6.25
"East Midlands","Wave 6 - August 2020","More than twice a week, but not every day",4,4,5,5,5,3,3,"Yes",4,8,8,7,2,8,4.33333333333333,7.75
"North West","Wave 6 - August 2020","Twice a week",4,2,4,5,5,4,3,"Yes",3,7,6,5,8,2,3.33333333333333,5
"London","Wave 6 - August 2020","Twice a week",5,5,5,5,5,4,5,"Yes",1,8,10,10,3,7,5,8.75
"South East","Wave 6 - August 2020","Twice a week",4,4,3,4,4,2,3,"No",4,7,8,8,9,1,3.66666666666667,6
"North East","Wave 6 - August 2020","Once every 2-3 months",1,4,5,4,5,5,5,"Yes",4,4,5,8,3,7,3.33333333333333,6
"South East","Wave 6 - August 2020","More than twice a week, but not every day",5,5,5,3,3,3,2,"No",2,8,8,8,0,10,5,8.5
"South West","Wave 6 - August 2020","More than twice a week, but not every day",5,5,5,5,5,4,5,"Yes",4,6,6,1,10,0,5,3.25
"London","Wave 6 - August 2020","Once a week",4,4,4,3,4,3,4,"Yes",4,3,5,5,5,5,4,4.5
"North East","Wave 6 - August 2020","More than twice a week, but not every day",1,4,2,5,5,3,3,"Yes",3,7,10,7,6,4,2.33333333333333,7
"South East","Wave 6 - August 2020","More than twice a week, but not every day",4,4,4,4,5,4,3,"Yes",5,5,6,7,8,2,4,5
"East","Wave 6 - August 2020","More than twice a week, but not every day",4,4,4,5,5,4,5,"Yes",2,8,8,9,1,9,4,8.5
"East","Wave 6 - August 2020","More than twice a week, but not every day",5,3,4,4,4,4,4,"Yes",5,2,5,5,6,4,4,4
"East","Wave 6 - August 2020","Twice a week",5,5,5,4,3,3,2,"Yes",2,8,8,9,8,2,5,6.75
"South West","Wave 6 - August 2020","More than twice a week, but not every day",5,5,5,4,3,3,5,"Yes",2,9,9,9,1,9,5,9
"East","Wave 6 - August 2020","Once or twice a month",5,5,5,5,5,3,4,"Yes",5,6,9,6,8,2,5,5.75
"West Midlands","Wave 6 - August 2020","More than twice a week, but not every day",4,5,2,4,4,2,3,"Yes",5,6,5,7,6,4,3.66666666666667,5.5
"South East","Wave 6 - August 2020","Once or twice a month",4,4,5,3,3,1,1,"No",4,5,5,2,1,9,4.33333333333333,5.25
"North East","Wave 6 - August 2020","Once a week",4,4,4,4,3,2,1,"Yes",5,2,3,6,3,7,4,4.5
"South West","Wave 6 - August 2020","Once a week",5,5,4,5,4,4,3,"Yes",3,8,8,7,1,9,4.66666666666667,8
"London","Wave 6 - August 2020","Twice a week",4,4,4,4,4,3,5,"Yes",2,9,9,9,5,5,4,8
"London","Wave 6 - August 2020","Once a week",5,4,3,4,4,3,2,"Yes",2,7,7,5,3,7,4,6.5
"South East","Wave 6 - August 2020","Once or twice a month",5,4,5,4,5,3,4,"Yes",3,8,9,9,2,8,4.66666666666667,8.5
"South West","Wave 6 - August 2020","Once a week",4,4,4,4,4,5,5,"Yes",1,10,10,10,0,10,4,10
"South East","Wave 6 - August 2020","Twice a week",5,5,5,4,3,5,2,"Yes",1,8,8,6,2,8,5,7.5
"North East","Wave 6 - August 2020","More than twice a week, but not every day",2,3,2,5,5,2,3,"Yes",2,9,9,9,2,8,2.33333333333333,8.75
"South West","Wave 6 - August 2020","Every day",5,5,5,5,5,4,5,"Yes",2,7,8,9,0,10,5,8.5
"North East","Wave 6 - August 2020","Once or twice a month",1,2,2,5,5,5,2,"Yes",4,8,8,6,6,4,1.66666666666667,6.5
"West Midlands","Wave 6 - August 2020","More than twice a week, but not every day",1,1,1,5,4,4,1,"Yes",4,6,6,6,5,5,1,5.75
"North East","Wave 6 - August 2020","More than twice a week, but not every day",4,4,4,3,4,3,1,"No",2,8,4,8,2,8,4,7
"North East","Wave 6 - August 2020","Every day",4,2,4,5,5,3,1,"Yes",4,8,7,8,7,3,3.33333333333333,6.5
"South East","Wave 6 - August 2020","Twice a week",3,3,3,3,3,3,3,"No",1,4,4,4,4,6,3,4.5
"South East","Wave 6 - August 2020","More than twice a week, but not every day",4,4,4,5,5,4,3,"Yes",4,7,7,6,7,3,4,5.75
"Yorkshire and the Humber","Wave 6 - August 2020","More than twice a week, but not every day",5,5,5,4,4,2,2,"Yes",4,7,7,6,0,10,5,7.5
"North West","Wave 6 - August 2020","Every day",4,5,5,5,5,3,5,"Yes",4,5,7,7,2,8,4.66666666666667,6.75
"West Midlands","Wave 6 - August 2020","Every day",5,5,5,5,4,3,4,"Yes",2,10,9,7,5,5,5,7.75
"South East","Wave 7 - September 2020","Once a week",1,1,1,4,4,1,2,"Yes",4,6,6,0,10,0,1,3
"North East","Wave 7 - September 2020","Once or twice a month",3,4,4,5,5,3,3,"Yes",4,6,8,6,6,4,3.66666666666667,6
"South East","Wave 7 - September 2020","Twice a week",5,4,5,4,5,3,4,"Yes",3,8,10,9,2,8,4.66666666666667,8.75
"South East","Wave 7 - September 2020","More than twice a week, but not every day",5,5,5,5,4,1,5,"Yes",2,8,8,8,8,2,5,6.5
"Yorkshire and the Humber","Wave 7 - September 2020","Once a week",4,4,2,4,4,5,2,"Yes",3,3,2,3,6,4,3.33333333333333,3
"Yorkshire and the Humber","Wave 7 - September 2020","Once a week",2,3,2,5,5,3,5,"Yes",5,4,4,5,3,7,2.33333333333333,5
"London","Wave 7 - September 2020","Every day",4,4,5,4,4,2,4,"Yes",4,5,6,4,2,8,4.33333333333333,5.75
"South East","Wave 7 - September 2020","Every day",4,4,2,5,4,2,3,"Yes",4,8,5,8,0,10,3.33333333333333,7.75
"East","Wave 7 - September 2020","Every day",1,1,3,5,5,4,4,"Yes",5,9,10,10,10,0,1.66666666666667,7.25
"South West","Wave 7 - September 2020","Twice a week",4,5,4,4,4,3,2,"Yes",4,7,7,6,7,3,4.33333333333333,5.75
"South West","Wave 7 - September 2020","More than twice a week, but not every day",3,4,4,4,3,3,2,"Yes",1,9,9,9,0,10,3.66666666666667,9.25
"London","Wave 7 - September 2020","Once or twice a month",5,4,4,1,2,1,1,"No",2,8,7,8,7,3,4.33333333333333,6.5
"East","Wave 7 - September 2020","More than twice a week, but not every day",5,4,4,5,5,4,5,"Yes",1,7,8,6,6,4,4.33333333333333,6.25
"North West","Wave 7 - September 2020","More than twice a week, but not every day",5,5,5,5,5,4,4,"Yes",3,7,9,7,2,8,5,7.75
"South West","Wave 7 - September 2020","Twice a week",2,4,3,4,4,2,3,"Yes",3,7,7,8,8,2,3,6
"East Midlands","Wave 7 - September 2020","Once a week",3,4,3,4,4,2,1,"Yes",5,4,6,6,5,5,3.33333333333333,5.25
"East","Wave 7 - September 2020","More than twice a week, but not every day",5,5,4,5,4,4,3,"Yes",5,6,5,5,3,7,4.66666666666667,5.75
"North West","Wave 7 - September 2020","Every day",4,4,4,3,4,1,2,"No",4,8,9,9,4,6,4,8
"South East","Wave 7 - September 2020","More than twice a week, but not every day",1,1,1,4,4,3,1,"Yes",4,6,7,6,5,5,1,6
"North West","Wave 7 - September 2020","Twice a week",4,4,4,3,3,3,2,"Yes",4,4,5,4,8,2,4,3.75
"East Midlands","Wave 7 - September 2020","Every day",1,4,4,4,5,3,5,"Yes",1,8,8,8,1,9,3,8.25
"East Midlands","Wave 7 - September 2020","More than twice a week, but not every day",4,4,4,5,5,4,5,"Yes",2,7,7,8,3,7,4,7.25
"North East","Wave 7 - September 2020","Twice a week",3,4,4,4,4,5,3,"Yes",3,8,8,8,3,7,3.66666666666667,7.75
"East","Wave 7 - September 2020","More than twice a week, but not every day",5,4,5,5,5,2,4,"No",3,8,9,8,4,6,4.66666666666667,7.75
"South West","Wave 7 - September 2020","Once a week",1,1,1,4,5,3,3,"Yes",1,10,10,0,0,10,1,7.5
"East Midlands","Wave 7 - September 2020","Every day",4,3,3,5,5,3,3,"Yes",2,8,8,7,3,7,3.33333333333333,7.5
"South East","Wave 7 - September 2020","Every day",4,4,4,4,5,3,4,"Yes",3,8,7,7,0,10,4,8
"West Midlands","Wave 7 - September 2020","More than twice a week, but not every day",4,4,5,4,4,3,2,"Yes",5,7,7,6,6,4,4.33333333333333,6
"East","Wave 7 - September 2020","Every day",1,1,5,5,5,5,5,"Yes",3,10,10,8,0,10,2.33333333333333,9.5
"London","Wave 7 - September 2020","Once every 2-3 months",2,5,4,4,5,3,4,"Yes",4,1,3,8,10,0,3.66666666666667,3
"London","Wave 7 - September 2020","More than twice a week, but not every day",5,5,5,5,5,1,3,"Yes",4,2,1,2,9,1,5,1.5
"East Midlands","Wave 7 - September 2020","Every day",5,3,3,4,4,3,2,"No",4,5,5,6,4,6,3.66666666666667,5.5
"West Midlands","Wave 7 - September 2020","Every day",3,4,3,4,3,3,3,"No",3,0,3,4,3,7,3.33333333333333,3.5
"South East","Wave 7 - September 2020","Once a week",2,4,5,4,5,3,5,"Yes",5,3,4,2,7,3,3.66666666666667,3
"East","Wave 7 - September 2020","More than twice a week, but not every day",4,5,4,5,5,4,4,"Yes",4,4,3,4,5,5,4.33333333333333,4
"London","Wave 7 - September 2020","More than twice a week, but not every day",5,5,5,4,4,1,5,"Yes",4,7,10,10,0,10,5,9.25
"North West","Wave 7 - September 2020","More than twice a week, but not every day",1,5,4,5,5,3,3,"Yes",3,7,8,7,7,3,3.33333333333333,6.25
"North East","Wave 7 - September 2020","Twice a week",4,4,4,5,5,3,4,"Yes",3,6,8,9,7,3,4,6.5
"South East","Wave 7 - September 2020","Once or twice a month",4,4,4,4,4,1,1,"Yes",3,6,8,8,5,5,4,6.75
"London","Wave 7 - September 2020","Every day",2,5,5,4,4,2,3,"Yes",3,6,5,6,5,5,4,5.5
"Yorkshire and the Humber","Wave 7 - September 2020","Every day",1,4,4,4,4,3,3,"Yes",1,8,8,9,0,10,3,8.75
"London","Wave 7 - September 2020","Every day",4,4,5,5,4,4,5,"Yes",5,8,8,8,8,2,4.33333333333333,6.5
"North West","Wave 7 - September 2020","More than twice a week, but not every day",4,5,4,5,5,4,4,"Yes",1,8,7,9,0,10,4.33333333333333,8.5
"London","Wave 7 - September 2020","Once every 2-3 months",4,4,3,5,5,4,4,"Yes",2,8,8,8,0,10,3.66666666666667,8.5
"Yorkshire and the Humber","Wave 7 - September 2020","More than twice a week, but not every day",2,3,2,5,5,3,3,"Yes",4,7,6,6,7,3,2.33333333333333,5.5
"East","Wave 7 - September 2020","More than twice a week, but not every day",5,5,4,5,5,2,4,"No",3,8,8,8,2,8,4.66666666666667,8
"South East","Wave 7 - September 2020","Once a week",5,4,4,4,4,3,3,"Yes",3,5,10,8,3,7,4.33333333333333,7.5
"West Midlands","Wave 7 - September 2020","Once a week",4,4,2,4,4,3,2,"Yes",4,6,8,6,6,4,3.33333333333333,6
"London","Wave 7 - September 2020","More than twice a week, but not every day",4,4,4,3,4,3,3,"No",3,4,5,5,3,7,4,5.25
"London","Wave 7 - September 2020","Twice a week",1,1,1,5,5,3,3,"Yes",4,6,7,7,7,3,1,5.75
"North West","Wave 7 - September 2020","Every day",3,4,5,4,4,3,4,"Yes",4,9,8,6,7,3,4,6.5
"South West","Wave 7 - September 2020","Once or twice a month",5,4,4,5,5,3,4,"Yes",4,8,7,9,6,4,4.33333333333333,7
"London","Wave 7 - September 2020","Once a week",1,1,1,5,1,2,2,"Yes",4,9,9,9,9,1,1,7
"South East","Wave 7 - September 2020","Every day",2,5,5,5,4,1,2,"Yes",5,9,9,8,10,0,4,6.5
"North East","Wave 7 - September 2020","Once a week",1,5,3,5,5,3,5,"Yes",3,7,7,7,7,3,3,6
"West Midlands","Wave 7 - September 2020","Every day",5,4,4,4,3,5,3,"Yes",3,8,7,8,1,9,4.33333333333333,8
"South East","Wave 7 - September 2020","Every day",5,5,4,4,4,2,3,"Yes",5,6,9,8,8,2,4.66666666666667,6.25
"North West","Wave 7 - September 2020","More than twice a week, but not every day",3,4,4,5,5,4,5,"Yes",3,4,4,5,5,5,3.66666666666667,4.5
"West Midlands","Wave 7 - September 2020","More than twice a week, but not every day",4,4,4,4,4,3,3,"Yes",4,6,6,7,5,5,4,6
"South West","Wave 7 - September 2020","More than twice a week, but not every day",2,4,4,3,5,3,3,"Yes",1,10,10,10,0,10,3.33333333333333,10
"South East","Wave 7 - September 2020","Less often",5,4,4,3,2,1,1,"No",2,6,6,7,0,10,4.33333333333333,7.25
"South West","Wave 7 - September 2020","More than twice a week, but not every day",4,4,4,4,4,5,4,"Yes",2,7,7,7,0,10,4,7.75
"North West","Wave 7 - September 2020","Every day",1,5,4,5,5,3,5,"Yes",1,5,3,6,8,2,3.33333333333333,4
"South West","Wave 7 - September 2020","Every day",4,4,4,4,4,1,3,"Yes",2,5,4,7,0,10,4,6.5
"South East","Wave 7 - September 2020","More than twice a week, but not every day",4,4,4,3,4,2,2,"Yes",1,6,10,8,5,5,4,7.25
"London","Wave 7 - September 2020","Less often",5,3,5,4,5,2,2,"No",1,5,5,5,0,10,4.33333333333333,6.25
"East Midlands","Wave 7 - September 2020","Every day",5,5,4,4,4,3,1,"No",2,7,9,9,2,8,4.66666666666667,8.25
"Yorkshire and the Humber","Wave 7 - September 2020","Less often",5,5,5,5,5,4,5,"Yes",2,6,8,10,0,10,5,8.5
"North West","Wave 7 - September 2020","Every day",5,4,4,4,4,3,4,"Yes",2,8,4,9,6,4,4.33333333333333,6.25
"North West","Wave 7 - September 2020","Every day",3,5,5,5,4,3,1,"Yes",4,9,9,9,1,9,4.33333333333333,9
"East","Wave 7 - September 2020","Every day",5,5,5,5,5,5,5,"Yes",2,10,10,10,7,3,5,8.25
"North East","Wave 7 - September 2020","More than twice a week, but not every day",4,4,4,3,4,4,5,"Yes",3,5,6,6,5,5,4,5.5
"Yorkshire and the Humber","Wave 7 - September 2020","Every day",5,5,5,4,4,3,3,"Yes",2,8,8,9,2,8,5,8.25
"North West","Wave 7 - September 2020","Twice a week",1,1,1,5,4,4,4,"Yes",4,9,9,9,9,1,1,7
"South West","Wave 7 - September 2020","Less often",1,1,1,5,5,1,5,"No",2,10,10,8,8,2,1,7.5
"London","Wave 7 - September 2020","Once or twice a month",2,4,4,4,5,2,4,"Yes",2,8,7,6,4,6,3.33333333333333,6.75
"South East","Wave 7 - September 2020","More than twice a week, but not every day",5,4,5,5,4,3,3,"Yes",3,6,9,6,4,6,4.66666666666667,6.75
"South East","Wave 7 - September 2020","Twice a week",4,4,4,4,4,4,3,"Yes",4,3,3,6,1,9,4,5.25
"North East","Wave 7 - September 2020","Every day",4,4,4,4,4,4,4,"Yes",4,5,8,8,8,2,4,5.75
"London","Wave 7 - September 2020","More than twice a week, but not every day",5,5,5,4,5,2,4,"No",1,8,10,8,2,8,5,8.5
"South East","Wave 7 - September 2020","Once or twice a month",4,4,4,5,5,3,5,"Yes",2,8,8,8,7,3,4,6.75
"East Midlands","Wave 7 - September 2020","Once a week",4,2,3,4,4,4,2,"Yes",1,7,9,8,2,8,3,8
"South West","Wave 7 - September 2020","More than twice a week, but not every day",1,4,4,5,4,3,5,"Yes",5,5,8,5,0,10,3,7
"North West","Wave 7 - September 2020","Once a week",4,4,4,4,5,4,3,"Yes",4,6,6,6,8,2,4,5
"Yorkshire and the Humber","Wave 7 - September 2020","Twice a week",4,5,5,5,5,5,3,"Yes",3,7,7,7,8,2,4.66666666666667,5.75
"London","Wave 7 - September 2020","Once a week",1,5,5,5,5,4,4,"Yes",3,6,9,4,4,6,3.66666666666667,6.25
"South West","Wave 7 - September 2020","Once or twice a month",4,4,4,4,3,3,1,"No",2,7,8,7,0,10,4,8
"East","Wave 7 - September 2020","More than twice a week, but not every day",4,4,4,4,4,2,2,"Yes",1,7,6,7,4,6,4,6.5
"South East","Wave 7 - September 2020","Every day",1,1,1,5,5,4,3,"Yes",3,10,10,10,8,2,1,8
"South East","Wave 7 - September 2020","Every day",4,4,4,4,4,3,3,"Yes",3,6,7,7,3,7,4,6.75
"East Midlands","Wave 7 - September 2020","More than twice a week, but not every day",4,4,4,4,3,3,3,"Yes",4,8,8,7,6,4,4,6.75
"South West","Wave 7 - September 2020","More than twice a week, but not every day",5,4,4,5,5,5,3,"Yes",1,9,8,9,0,10,4.33333333333333,9
"East Midlands","Wave 7 - September 2020","More than twice a week, but not every day",4,4,4,3,3,2,1,"Yes",3,5,5,4,6,4,4,4.5
"South East","Wave 7 - September 2020","Once a week",4,4,4,5,5,1,3,"No",1,8,8,6,6,4,4,6.5
"South East","Wave 7 - September 2020","Every day",5,5,5,5,5,4,1,"Yes",2,6,4,7,2,8,5,6.25
"East","Wave 8 - October 2020","More than twice a week, but not every day",4,5,4,5,5,2,5,"Yes",2,9,8,9,0,10,4.33333333333333,9
"South West","Wave 8 - October 2020","Once a week",3,5,5,4,4,5,5,"Yes",2,7,7,7,0,10,4.33333333333333,7.75
"East","Wave 8 - October 2020","Twice a week",5,5,4,5,5,3,4,"Yes",3,7,9,8,9,1,4.66666666666667,6.25
"South East","Wave 8 - October 2020","More than twice a week, but not every day",5,4,3,5,5,3,3,"Yes",2,8,8,8,2,8,4,8
"South East","Wave 8 - October 2020","Every day",5,3,3,4,4,3,2,"No",1,6,5,6,5,5,3.66666666666667,5.5
"West Midlands","Wave 8 - October 2020","More than twice a week, but not every day",3,3,3,3,3,3,3,"Yes",4,4,5,4,5,5,3,4.5
"East Midlands","Wave 8 - October 2020","Every day",5,5,4,4,4,3,3,"Yes",2,6,6,6,0,10,4.66666666666667,7
"South East","Wave 8 - October 2020","More than twice a week, but not every day",1,1,1,5,5,4,5,"Yes",3,10,10,10,7,3,1,8.25
"East","Wave 8 - October 2020","More than twice a week, but not every day",4,4,5,4,5,5,4,"No",2,8,9,8,6,4,4.33333333333333,7.25
"West Midlands","Wave 8 - October 2020","Twice a week",2,4,4,5,4,3,2,"Yes",4,6,6,6,5,5,3.33333333333333,5.75
"East Midlands","Wave 8 - October 2020","More than twice a week, but not every day",1,1,1,5,5,3,3,"Yes",2,9,9,9,3,7,1,8.5
"South East","Wave 8 - October 2020","Every day",2,4,2,4,4,3,4,"Yes",4,3,2,1,3,7,2.66666666666667,3.25
"Yorkshire and the Humber","Wave 8 - October 2020","Twice a week",3,2,5,4,4,3,4,"No",3,8,7,6,8,2,3.33333333333333,5.75
"East","Wave 8 - October 2020","Twice a week",4,4,3,5,5,5,3,"Yes",3,7,7,8,4,6,3.66666666666667,7
"East","Wave 8 - October 2020","Twice a week",4,5,4,5,4,4,4,"Yes",3,7,7,8,5,5,4.33333333333333,6.75
"North West","Wave 8 - October 2020","Once a week",2,4,3,4,4,3,2,"Yes",4,6,7,6,2,8,3,6.75
"London","Wave 8 - October 2020","More than twice a week, but not every day",5,4,4,5,5,2,2,"Yes",1,7,7,9,1,9,4.33333333333333,8
"East Midlands","Wave 8 - October 2020","More than twice a week, but not every day",5,5,4,4,5,2,3,"Yes",1,9,9,9,1,9,4.66666666666667,9
"North West","Wave 8 - October 2020","More than twice a week, but not every day",1,1,1,4,4,1,2,"Yes",1,9,9,10,0,10,1,9.5
"London","Wave 8 - October 2020","More than twice a week, but not every day",4,4,4,4,4,1,2,"Yes",2,5,5,7,3,7,4,6
"South East","Wave 8 - October 2020","More than twice a week, but not every day",5,5,5,5,5,3,3,"Yes",3,9,9,9,9,1,5,7
"London","Wave 8 - October 2020","Twice a week",4,5,5,5,5,3,3,"Yes",4,6,6,5,5,5,4.66666666666667,5.5
"North West","Wave 8 - October 2020","Once a week",4,4,4,4,4,3,4,"Yes",4,5,5,5,5,5,4,5
"West Midlands","Wave 8 - October 2020","Less often",4,2,2,5,4,2,3,"Yes",2,8,10,9,0,10,2.66666666666667,9.25
"East","Wave 8 - October 2020","Once a week",3,4,4,5,4,4,5,"Yes",2,8,6,8,2,8,3.66666666666667,7.5
"West Midlands","Wave 8 - October 2020","Once a week",4,4,4,4,5,3,5,"Yes",5,7,7,1,10,0,4,3.75
"West Midlands","Wave 8 - October 2020","Once or twice a month",5,5,3,5,5,3,5,"Yes",5,5,3,4,4,6,4.33333333333333,4.5
"North East","Wave 8 - October 2020","More than twice a week, but not every day",5,5,5,5,5,5,5,"Yes",1,10,10,10,0,10,5,10
"North West","Wave 8 - October 2020","Once a week",5,4,5,5,5,4,4,"No",1,10,10,10,10,0,4.66666666666667,7.5
"Yorkshire and the Humber","Wave 8 - October 2020","Twice a week",5,5,4,5,5,3,3,"Yes",3,6,7,8,3,7,4.66666666666667,7
"South East","Wave 8 - October 2020","More than twice a week, but not every day",4,4,4,4,4,4,3,"Yes",3,8,8,8,2,8,4,8
"South East","Wave 8 - October 2020","Once a week",5,5,5,4,4,3,5,"Yes",4,7,9,9,0,10,5,8.75
"North West","Wave 8 - October 2020","More than twice a week, but not every day",2,5,3,4,4,4,4,"Yes",4,4,4,6,7,3,3.33333333333333,4.25
"London","Wave 8 - October 2020","More than twice a week, but not every day",5,5,5,5,5,2,2,"No",1,8,8,9,2,8,5,8.25
"North West","Wave 8 - October 2020","Once or twice a month",5,4,4,4,4,3,3,"Yes",1,8,8,8,2,8,4.33333333333333,8
"North West","Wave 8 - October 2020","Once or twice a month",5,5,5,4,4,2,3,"Yes",2,8,9,9,1,9,5,8.75
"South East","Wave 8 - October 2020","Once a week",5,4,4,5,5,5,3,"Yes",2,2,1,2,9,1,4.33333333333333,1.5
"North East","Wave 8 - October 2020","More than twice a week, but not every day",4,4,4,4,4,3,3,"Yes",3,3,5,3,6,4,4,3.75
"South East","Wave 8 - October 2020","Twice a week",2,2,2,4,4,2,3,"Yes",4,7,7,7,7,3,2,6
"North West","Wave 8 - October 2020","More than twice a week, but not every day",5,5,5,5,4,5,5,"Yes",2,7,8,10,0,10,5,8.75
"South West","Wave 8 - October 2020","Once a week",3,4,4,4,4,3,3,"Yes",2,8,8,9,0,10,3.66666666666667,8.75
"South East","Wave 8 - October 2020","Once or twice a month",5,5,4,4,4,3,1,"Yes",2,7,10,8,0,10,4.66666666666667,8.75
"South East","Wave 8 - October 2020","Twice a week",2,2,5,4,4,4,3,"Yes",1,7,8,9,0,10,3,8.5
"South East","Wave 8 - October 2020","Twice a week",5,5,5,4,5,4,3,"Yes",3,8,8,9,5,5,5,7.5
"South West","Wave 8 - October 2020","Once a week",5,3,3,5,4,3,2,"Yes",2,8,7,8,0,10,3.66666666666667,8.25
"East","Wave 8 - October 2020","Every day",4,4,4,5,5,4,3,"Yes",5,8,8,7,8,2,4,6.25
"London","Wave 8 - October 2020","Every day",4,1,3,4,4,2,4,"Yes",4,9,9,9,10,0,2.66666666666667,6.75
"South West","Wave 8 - October 2020","More than twice a week, but not every day",4,4,4,4,5,3,3,"Yes",4,5,5,6,7,3,4,4.75
"Yorkshire and the Humber","Wave 8 - October 2020","Once or twice a month",4,4,4,4,4,3,3,"Yes",1,8,9,9,2,8,4,8.5
"South East","Wave 8 - October 2020","More than twice a week, but not every day",5,5,5,5,5,3,4,"Yes",2,7,7,8,0,10,5,8
"London","Wave 8 - October 2020","More than twice a week, but not every day",1,1,1,5,5,3,3,"Yes",4,6,6,7,6,4,1,5.75
"East","Wave 8 - October 2020","More than twice a week, but not every day",5,5,5,5,5,4,2,"Yes",2,7,8,8,2,8,5,7.75
"East Midlands","Wave 8 - October 2020","More than twice a week, but not every day",5,5,5,4,4,2,2,"No",1,8,8,8,0,10,5,8.5
"East","Wave 8 - October 2020","Every day",5,5,5,5,5,5,5,"Yes",1,10,10,10,2,8,5,9.5
"Yorkshire and the Humber","Wave 8 - October 2020","More than twice a week, but not every day",5,5,5,4,4,4,3,"Yes",5,4,5,2,8,2,5,3.25
"West Midlands","Wave 8 - October 2020","Every day",1,5,5,5,5,5,3,"Yes",4,7,9,8,3,7,3.66666666666667,7.75
"Yorkshire and the Humber","Wave 8 - October 2020","Every day",4,4,4,4,4,2,1,"Yes",4,6,6,5,7,3,4,5
"Yorkshire and the Humber","Wave 8 - October 2020","More than twice a week, but not every day",5,4,4,5,5,4,5,"Yes",4,7,8,4,8,2,4.33333333333333,5.25
"South West","Wave 8 - October 2020","More than twice a week, but not every day",2,2,4,4,4,4,5,"Yes",4,7,7,7,4,6,2.66666666666667,6.75
"South East","Wave 8 - October 2020","More than twice a week, but not every day",1,1,1,4,5,3,1,"Yes",4,3,5,5,10,0,1,3.25
"South East","Wave 8 - October 2020","More than twice a week, but not every day",5,5,5,4,5,4,4,"Yes",2,8,8,8,0,10,5,8.5
"West Midlands","Wave 8 - October 2020","More than twice a week, but not every day",4,4,4,5,4,3,2,"Yes",4,5,5,4,7,3,4,4.25
"South East","Wave 8 - October 2020","More than twice a week, but not every day",4,5,4,4,4,3,4,"Yes",2,9,9,9,9,1,4.33333333333333,7
"London","Wave 8 - October 2020","Once a week",2,1,2,5,4,4,4,"Yes",4,5,6,9,10,0,1.66666666666667,5
"Yorkshire and the Humber","Wave 8 - October 2020","Less often",4,4,2,4,4,3,3,"Yes",5,0,0,2,7,3,3.33333333333333,1.25
"South West","Wave 8 - October 2020","Every day",5,5,5,5,5,2,4,"Yes",2,7,7,8,8,2,5,6
"East","Wave 8 - October 2020","Once a week",4,4,3,3,3,2,1,"Yes",1,10,8,9,0,10,3.66666666666667,9.25
"North East","Wave 8 - October 2020","Every day",5,5,5,5,5,4,5,"Yes",2,8,8,2,2,8,5,6.5
"South East","Wave 8 - October 2020","Every day",5,5,4,5,5,1,2,"No",3,7,8,6,6,4,4.66666666666667,6.25
"London","Wave 8 - October 2020","Every day",5,5,5,5,5,4,5,"Yes",3,8,9,9,7,3,5,7.25
"Yorkshire and the Humber","Wave 8 - October 2020","Twice a week",2,3,3,3,3,3,3,"No",5,2,2,4,5,5,2.66666666666667,3.25
"East","Wave 8 - October 2020","Once every 2-3 months",4,5,2,5,5,3,4,"Yes",4,2,2,2,9,1,3.66666666666667,1.75
"London","Wave 8 - October 2020","Every day",5,5,4,4,5,3,3,"Yes",4,4,5,4,0,10,4.66666666666667,5.75
"West Midlands","Wave 8 - October 2020","Once a week",4,5,4,4,4,4,3,"Yes",5,4,4,6,5,5,4.33333333333333,4.75
"London","Wave 8 - October 2020","Every day",5,4,4,5,5,3,4,"Yes",4,7,8,7,6,4,4.33333333333333,6.5
"South West","Wave 8 - October 2020","More than twice a week, but not every day",1,1,1,4,4,3,3,"Yes",3,7,7,7,1,9,1,7.5
"East","Wave 8 - October 2020","More than twice a week, but not every day",4,4,3,5,5,3,4,"Yes",4,5,6,5,6,4,3.66666666666667,5
"West Midlands","Wave 8 - October 2020","Twice a week",5,5,5,5,4,3,4,"Yes",4,7,7,6,7,3,5,5.75
"East","Wave 8 - October 2020","More than twice a week, but not every day",5,4,4,4,4,2,1,"Yes",1,9,8,6,0,10,4.33333333333333,8.25
"East","Wave 8 - October 2020","Twice a week",4,4,4,4,4,4,4,"Yes",3,5,5,5,5,5,4,5
"North East","Wave 8 - October 2020","Twice a week",4,4,3,5,5,3,3,"Yes",4,7,8,6,0,10,3.66666666666667,7.75
"London","Wave 8 - October 2020","More than twice a week, but not every day",4,4,3,3,4,1,3,"Yes",2,7,8,7,5,5,3.66666666666667,6.75
"East","Wave 8 - October 2020","More than twice a week, but not every day",5,5,3,5,5,3,2,"Yes",5,0,2,1,5,5,4.33333333333333,2
"East","Wave 8 - October 2020","More than twice a week, but not every day",1,2,2,4,4,5,4,"Yes",4,5,5,4,4,6,1.66666666666667,5
"East","Wave 8 - October 2020","More than twice a week, but not every day",5,5,4,5,5,3,4,"Yes",2,8,9,9,1,9,4.66666666666667,8.75
"London","Wave 8 - October 2020","More than twice a week, but not every day",4,4,4,4,4,4,3,"No",2,7,7,7,2,8,4,7.25
"East Midlands","Wave 8 - October 2020","More than twice a week, but not every day",4,4,4,3,4,2,3,"Yes",3,5,5,6,5,5,4,5.25
"East","Wave 8 - October 2020","Every day",1,1,1,5,5,4,5,"Yes",1,6,5,6,0,10,1,6.75
"East","Wave 8 - October 2020","More than twice a week, but not every day",4,4,4,5,5,5,5,"Yes",1,9,9,9,0,10,4,9.25
"East Midlands","Wave 9 - November 2020","Once or twice a month",5,4,4,4,5,3,3,"Yes",3,7,7,7,8,2,4.33333333333333,5.75
"London","Wave 9 - November 2020","Once or twice a month",2,3,2,5,5,3,5,"Yes",3,7,7,9,4,6,2.33333333333333,7.25
"London","Wave 9 - November 2020","Once a week",3,3,3,4,4,5,1,"No",5,0,0,0,10,0,3,0
"East Midlands","Wave 9 - November 2020","More than twice a week, but not every day",5,5,5,5,4,2,4,"Yes",1,8,10,9,1,9,5,9
"South East","Wave 9 - November 2020","Twice a week",5,4,5,5,5,3,5,"Yes",3,8,8,7,7,3,4.66666666666667,6.5
"South West","Wave 9 - November 2020","More than twice a week, but not every day",4,4,4,4,4,3,4,"Yes",5,5,6,2,3,7,4,5
"South West","Wave 9 - November 2020","Once a week",4,4,5,5,4,3,1,"No",5,3,3,2,7,3,4.33333333333333,2.75
"South East","Wave 9 - November 2020","Twice a week",3,5,4,3,3,3,4,"Yes",3,5,7,7,7,3,4,5.5
"London","Wave 9 - November 2020","Every day",1,5,5,5,5,4,4,"Yes",5,10,10,10,10,0,3.66666666666667,7.5
"East","Wave 9 - November 2020","Every day",5,5,5,4,4,3,3,"Yes",4,7,8,8,2,8,5,7.75
"North East","Wave 9 - November 2020","Every day",4,3,3,5,5,5,5,"Yes",2,5,9,5,3,7,3.33333333333333,6.5
"West Midlands","Wave 9 - November 2020","More than twice a week, but not every day",5,4,4,3,3,3,1,"No",1,4,4,8,4,6,4.33333333333333,5.5
"Yorkshire and the Humber","Wave 9 - November 2020","Once a week",3,5,3,4,4,5,5,"Yes",3,7,6,4,4,6,3.66666666666667,5.75
"East","Wave 9 - November 2020","Once or twice a month",5,5,5,4,5,3,4,"Yes",4,1,5,5,7,3,5,3.5
"East Midlands","Wave 9 - November 2020","Every day",5,5,4,4,4,4,4,"Yes",1,7,6,7,4,6,4.66666666666667,6.5
"East Midlands","Wave 9 - November 2020","More than twice a week, but not every day",4,5,4,5,5,3,3,"Yes",3,8,8,8,0,10,4.33333333333333,8.5
"London","Wave 9 - November 2020","More than twice a week, but not every day",1,3,3,4,5,4,3,"Yes",5,6,8,5,0,10,2.33333333333333,7.25
"East","Wave 9 - November 2020","Every day",5,5,5,5,5,2,4,"Yes",3,4,7,5,3,7,5,5.75
"South West","Wave 9 - November 2020","Once or twice a month",4,5,3,4,4,5,3,"Yes",2,9,8,9,0,10,4,9
"Yorkshire and the Humber","Wave 9 - November 2020","More than twice a week, but not every day",4,4,4,4,4,3,5,"Yes",4,6,6,6,6,4,4,5.5
"North West","Wave 9 - November 2020","Every day",3,4,4,4,4,2,4,"Yes",5,3,3,4,5,5,3.66666666666667,3.75
"North West","Wave 9 - November 2020","Less often",3,5,5,4,4,5,5,"No",2,9,10,10,0,10,4.33333333333333,9.75
"North East","Wave 9 - November 2020","Every day",4,4,4,4,4,5,3,"Prefer not to say",1,8,7,8,0,10,4,8.25
"South West","Wave 9 - November 2020","Every day",5,5,5,5,5,3,5,"Yes",2,8,7,8,7,3,5,6.5
"Yorkshire and the Humber","Wave 9 - November 2020","More than twice a week, but not every day",5,4,4,5,4,3,5,"Yes",1,9,9,9,1,9,4.33333333333333,9
"South East","Wave 9 - November 2020","Every day",1,4,4,5,5,2,4,"Yes",4,8,8,7,2,8,3,7.75
"Yorkshire and the Humber","Wave 9 - November 2020","More than twice a week, but not every day",4,4,4,5,5,3,4,"Yes",4,4,4,3,9,1,4,3
"East","Wave 9 - November 2020","Every day",3,3,3,4,4,4,3,"Yes",1,10,10,9,0,10,3,9.75
"London","Wave 9 - November 2020","More than twice a week, but not every day",3,3,4,5,5,4,3,"Yes",1,10,10,10,0,10,3.33333333333333,10
"South West","Wave 9 - November 2020","Once a week",5,5,5,5,4,3,3,"Yes",5,6,6,6,9,1,5,4.75
"London","Wave 9 - November 2020","Less often",1,2,2,5,5,3,3,"Yes",2,8,8,7,5,5,1.66666666666667,7
"South East","Wave 9 - November 2020","Twice a week",4,4,4,5,5,3,5,"Yes",4,6,6,4,7,3,4,4.75
"London","Wave 9 - November 2020","More than twice a week, but not every day",4,4,3,3,4,1,3,"No",4,4,5,4,7,3,3.66666666666667,4
"North West","Wave 9 - November 2020","More than twice a week, but not every day",5,5,4,5,5,1,3,"Yes",1,6,5,5,3,7,4.66666666666667,5.75
"North West","Wave 9 - November 2020","Once a week",2,4,3,5,5,3,5,"Yes",2,7,7,8,3,7,3,7.25
"East","Wave 9 - November 2020","More than twice a week, but not every day",4,5,4,5,4,3,5,"No",2,7,7,7,2,8,4.33333333333333,7.25
"North West","Wave 9 - November 2020","More than twice a week, but not every day",2,3,4,4,4,4,1,"No",4,3,2,2,2,8,3,3.75
"North West","Wave 9 - November 2020","Twice a week",5,4,4,4,4,4,3,"Yes",4,3,2,5,4,6,4.33333333333333,4
"Yorkshire and the Humber","Wave 9 - November 2020","Every day",5,4,4,4,4,2,2,"Yes",4,7,8,10,3,7,4.33333333333333,8
"South West","Wave 9 - November 2020","Every day",5,5,5,5,5,5,5,"Yes",1,10,10,10,0,10,5,10
"Yorkshire and the Humber","Wave 9 - November 2020","Every day",2,4,3,4,5,4,2,"Yes",4,7,8,7,7,3,3,6.25
"East Midlands","Wave 9 - November 2020","More than twice a week, but not every day",2,1,1,4,5,4,3,"Yes",4,7,7,4,9,1,1.33333333333333,4.75
"West Midlands","Wave 9 - November 2020","Every day",4,5,5,4,4,3,5,"Yes",5,4,4,6,5,5,4.66666666666667,4.75
"London","Wave 9 - November 2020","More than twice a week, but not every day",4,4,4,4,4,4,3,"Yes",1,9,9,9,0,10,4,9.25
"South East","Wave 9 - November 2020","Every day",3,3,3,5,5,4,4,"Yes",5,3,3,3,10,0,3,2.25
"East Midlands","Wave 9 - November 2020","Twice a week",4,5,4,4,4,4,4,"Yes",4,7,7,8,4,6,4.33333333333333,7
"South West","Wave 9 - November 2020","Every day",5,5,5,5,5,3,4,"Yes",5,7,8,5,7,3,5,5.75
"North East","Wave 9 - November 2020","More than twice a week, but not every day",3,2,3,3,3,3,4,"Yes",4,5,5,6,5,5,2.66666666666667,5.25
"South West","Wave 9 - November 2020","Every day",1,1,1,4,3,2,1,"Yes",1,9,10,10,0,10,1,9.75
"London","Wave 9 - November 2020","More than twice a week, but not every day",5,5,4,3,3,2,1,"No",2,8,9,8,1,9,4.66666666666667,8.5
"South East","Wave 9 - November 2020","Twice a week",4,4,3,5,5,4,4,"No",1,8,7,10,0,10,3.66666666666667,8.75
"North West","Wave 9 - November 2020","Once a week",5,5,5,4,4,2,2,"Yes",4,0,0,0,10,0,5,0
"South East","Wave 9 - November 2020","Every day",5,5,4,5,5,3,3,"Yes",1,5,7,9,4,6,4.66666666666667,6.75
"West Midlands","Wave 9 - November 2020","More than twice a week, but not every day",1,5,5,5,5,5,4,"Yes",3,7,9,7,7,3,3.66666666666667,6.5
"East","Wave 9 - November 2020","Every day",1,1,3,3,3,2,1,"Yes",1,5,6,3,4,6,1.66666666666667,5
"West Midlands","Wave 9 - November 2020","Once or twice a month",2,5,4,4,5,3,3,"Yes",5,3,10,2,9,1,3.66666666666667,4
"Yorkshire and the Humber","Wave 9 - November 2020","More than twice a week, but not every day",4,4,5,4,5,3,3,"Yes",4,5,5,5,7,3,4.33333333333333,4.5
"East","Wave 9 - November 2020","Once a week",5,5,5,5,4,4,3,"Yes",3,7,8,8,2,8,5,7.75
"East","Wave 9 - November 2020","Once a week",5,5,5,5,5,5,5,"Yes",1,10,10,10,0,10,5,10
"West Midlands","Wave 9 - November 2020","More than twice a week, but not every day",1,4,1,5,5,2,3,"Yes",5,7,7,7,6,4,2,6.25
"Yorkshire and the Humber","Wave 9 - November 2020","Twice a week",1,3,2,2,3,4,4,"Yes",4,5,6,4,6,4,2,4.75
"East","Wave 9 - November 2020","Every day",5,5,5,5,5,3,5,"Yes",3,5,8,5,3,7,5,6.25
"South West","Wave 9 - November 2020","Once a week",4,4,3,4,4,3,1,"Yes",3,7,7,6,0,10,3.66666666666667,7.5
"West Midlands","Wave 9 - November 2020","Once or twice a month",4,5,4,5,5,3,1,"No",3,6,9,9,6,4,4.33333333333333,7
"West Midlands","Wave 9 - November 2020","Every day",1,5,5,5,5,3,4,"Yes",5,7,7,6,5,5,3.66666666666667,6.25
"East","Wave 9 - November 2020","Once a week",5,5,5,5,5,4,5,"Yes",1,4,3,4,0,10,5,5.25
"Yorkshire and the Humber","Wave 9 - November 2020","Every day",5,5,4,5,5,3,3,"Yes",4,8,7,7,7,3,4.66666666666667,6.25
"Yorkshire and the Humber","Wave 9 - November 2020","More than twice a week, but not every day",5,4,3,4,4,2,4,"Yes",4,4,5,4,0,10,4,5.75
"South West","Wave 9 - November 2020","Every day",2,4,4,5,4,4,3,"No",3,7,8,7,7,3,3.33333333333333,6.25
"South West","Wave 9 - November 2020","More than twice a week, but not every day",1,5,5,3,2,3,2,"No",3,7,7,9,0,10,3.66666666666667,8.25
"East","Wave 9 - November 2020","More than twice a week, but not every day",5,5,5,5,4,4,4,"Yes",4,5,5,5,6,4,5,4.75
"South West","Wave 9 - November 2020","Every day",5,5,5,5,5,5,4,"Yes",3,5,8,4,9,1,5,4.5
"South East","Wave 9 - November 2020","Every day",5,5,5,5,4,2,3,"Yes",2,8,7,8,3,7,5,7.5
"West Midlands","Wave 9 - November 2020","Once a week",5,3,4,4,4,3,2,"Yes",3,6,6,5,5,5,4,5.5
"West Midlands","Wave 9 - November 2020","Every day",4,3,3,4,4,3,3,"Yes",5,3,6,3,3,7,3.33333333333333,4.75
"North West","Wave 9 - November 2020","Once a week",1,1,1,4,4,4,3,"Yes",2,7,7,8,0,10,1,8
"North West","Wave 9 - November 2020","Every day",1,1,1,5,5,4,5,"Yes",1,6,10,10,2,8,1,8.5
"North West","Wave 9 - November 2020","More than twice a week, but not every day",4,5,5,5,4,4,5,"Yes",5,2,3,2,10,0,4.66666666666667,1.75
"Yorkshire and the Humber","Wave 9 - November 2020","More than twice a week, but not every day",2,5,4,4,4,2,3,"No",4,6,5,2,8,2,3.66666666666667,3.75
"Yorkshire and the Humber","Wave 9 - November 2020","Twice a week",4,4,4,4,4,3,3,"Yes",4,3,5,6,2,8,4,5.5
"South West","Wave 9 - November 2020","More than twice a week, but not every day",4,4,4,4,4,3,3,"Yes",2,7,7,8,3,7,4,7.25
"North West","Wave 9 - November 2020","Every day",4,5,5,5,5,4,4,"Yes",4,7,7,7,7,3,4.66666666666667,6
"London","Wave 9 - November 2020","More than twice a week, but not every day",4,4,4,4,4,2,4,"Yes",3,5,4,3,8,2,4,3.5
"East","Wave 9 - November 2020","Once a week",2,2,2,5,5,3,4,"Yes",4,2,3,4,4,6,2,3.75
"North West","Wave 9 - November 2020","Every day",4,4,4,4,4,4,3,"Yes",2,7,7,6,4,6,4,6.5
"West Midlands","Wave 9 - November 2020","Twice a week",5,5,5,5,5,4,3,"Yes",3,5,5,4,1,9,5,5.75
"Yorkshire and the Humber","Wave 9 - November 2020","Every day",5,5,4,5,5,3,4,"Yes",2,5,7,7,5,5,4.66666666666667,6
"South East","Wave 9 - November 2020","Every day",5,4,4,4,4,5,3,"No",4,7,7,7,1,9,4.33333333333333,7.5
"London","Wave 9 - November 2020","Every day",4,1,4,4,4,5,3,"Yes",1,10,9,9,6,4,3,8
"Yorkshire and the Humber","Wave 9 - November 2020","More than twice a week, but not every day",1,4,2,4,4,2,4,"Yes",3,8,10,8,6,4,2.33333333333333,7.5
"London","Wave 9 - November 2020","Every day",5,5,4,4,5,5,3,"No",2,8,9,9,1,9,4.66666666666667,8.75
"North West","Wave 9 - November 2020","More than twice a week, but not every day",4,4,4,4,4,3,3,"Yes",5,3,3,4,6,4,4,3.5
"South East","Wave 9 - November 2020","More than twice a week, but not every day",4,4,4,3,4,4,3,"Yes",3,8,8,8,3,7,4,7.75
"South East","Wave 9 - November 2020","Every day",5,4,4,4,4,1,1,"No",4,7,8,9,7,3,4.33333333333333,6.75
"London","Wave 9 - November 2020","Twice a week",5,3,5,5,5,4,5,"Yes",1,8,9,9,0,10,4.33333333333333,9
"London","Wave 9 - November 2020","Every day",1,1,1,4,3,4,5,"No",2,6,7,5,4,6,1,6
"Yorkshire and the Humber","Wave 9 - November 2020","More than twice a week, but not every day",4,4,4,5,4,4,4,"Yes",5,10,10,10,0,10,4,10
"South West","Wave 9 - November 2020","Once a week",1,5,5,5,5,3,1,"Yes",2,6,8,7,6,4,3.66666666666667,6.25
"East Midlands","Wave 10 - December 2020","Every day",5,5,5,5,5,5,5,"Yes",3,10,10,3,0,10,5,8.25
"South East","Wave 10 - December 2020","More than twice a week, but not every day",5,4,4,5,5,3,3,"Yes",2,6,7,7,1,9,4.33333333333333,7.25
"South West","Wave 10 - December 2020","Every day",5,5,5,5,5,4,5,"Yes",1,3,6,2,7,3,5,3.5
"East Midlands","Wave 10 - December 2020","More than twice a week, but not every day",4,4,4,4,5,2,3,"No",1,7,8,7,7,3,4,6.25
"West Midlands","Wave 10 - December 2020","Every day",4,4,4,5,5,4,5,"Yes",2,8,8,8,3,7,4,7.75
"South West","Wave 10 - December 2020","Every day",4,4,3,5,5,4,5,"Yes",4,4,6,5,7,3,3.66666666666667,4.5
"Yorkshire and the Humber","Wave 10 - December 2020","More than twice a week, but not every day",4,5,4,5,4,1,4,"Yes",5,5,5,4,5,5,4.33333333333333,4.75
"East Midlands","Wave 10 - December 2020","Once or twice a month",4,4,3,3,4,4,5,"Yes",2,8,8,10,0,10,3.66666666666667,9
"Yorkshire and the Humber","Wave 10 - December 2020","Every day",5,4,5,5,4,4,3,"Yes",5,10,10,10,10,0,4.66666666666667,7.5
"London","Wave 10 - December 2020","Every day",4,5,5,5,5,5,5,"Yes",3,7,8,8,7,3,4.66666666666667,6.5
"East Midlands","Wave 10 - December 2020","Every day",1,2,2,3,3,4,5,"Yes",5,10,10,6,6,4,1.66666666666667,7.5
"East Midlands","Wave 10 - December 2020","More than twice a week, but not every day",3,3,3,5,5,5,5,"No",5,8,6,10,0,10,3,8.5
"West Midlands","Wave 10 - December 2020","More than twice a week, but not every day",4,4,5,4,4,3,3,"Yes",2,7,7,8,0,10,4.33333333333333,8
"Yorkshire and the Humber","Wave 10 - December 2020","Every day",1,1,4,4,4,2,3,"Yes",1,8,8,8,2,8,2,8
"East","Wave 10 - December 2020","Every day",1,4,5,1,4,3,4,"Yes",3,4,6,6,7,3,3.33333333333333,4.75
"London","Wave 10 - December 2020","More than twice a week, but not every day",5,5,4,5,5,5,3,"Yes",1,8,8,8,6,4,4.66666666666667,7
"South West","Wave 10 - December 2020","Once or twice a month",5,4,5,5,5,4,2,"Yes",1,8,8,4,0,10,4.66666666666667,7.5
"West Midlands","Wave 10 - December 2020","Twice a week",3,2,3,5,5,4,1,"Yes",5,7,7,8,6,4,2.66666666666667,6.5
"South East","Wave 10 - December 2020","Once or twice a month",4,4,4,5,5,4,3,"Yes",2,7,7,7,2,8,4,7.25
"South East","Wave 10 - December 2020","Twice a week",4,4,4,5,4,3,4,"Yes",3,7,7,6,5,5,4,6.25
"Yorkshire and the Humber","Wave 10 - December 2020","More than twice a week, but not every day",2,4,3,4,5,3,3,"Yes",1,7,7,7,2,8,3,7.25
"North East","Wave 10 - December 2020","Twice a week",5,5,5,4,4,5,3,"Yes",4,7,8,8,1,9,5,8
"South East","Wave 10 - December 2020","More than twice a week, but not every day",3,5,5,4,4,2,4,"Yes",4,6,7,5,6,4,4.33333333333333,5.5
"South East","Wave 10 - December 2020","Once a week",4,5,4,4,5,3,3,"Yes",3,7,7,9,7,3,4.33333333333333,6.5
"London","Wave 10 - December 2020","More than twice a week, but not every day",4,1,2,2,3,2,2,"Yes",3,6,8,7,6,4,2.33333333333333,6.25
"North West","Wave 10 - December 2020","Twice a week",5,5,5,5,5,2,3,"Yes",2,8,8,8,2,8,5,8
"East","Wave 10 - December 2020","Once a week",2,5,5,5,5,4,3,"Yes",2,6,6,4,6,4,4,5
"South West","Wave 10 - December 2020","Twice a week",5,5,4,4,5,5,5,"Yes",3,7,8,9,5,5,4.66666666666667,7.25
"East","Wave 10 - December 2020","Twice a week",1,4,4,4,5,3,4,"No",2,4,6,6,7,3,3,4.75
"South East","Wave 10 - December 2020","Once or twice a month",4,4,4,5,4,3,2,"Yes",3,5,4,6,6,4,4,4.75
"East","Wave 10 - December 2020","Twice a week",4,4,2,4,4,3,4,"Yes",2,8,8,8,0,10,3.33333333333333,8.5
"East","Wave 10 - December 2020","Once a week",4,5,4,4,5,4,3,"Yes",4,6,6,3,4,6,4.33333333333333,5.25
"North West","Wave 10 - December 2020","Once or twice a month",5,5,4,4,4,4,5,"Yes",1,5,9,7,2,8,4.66666666666667,7.25
"South West","Wave 10 - December 2020","Every day",5,3,4,4,4,4,2,"No",3,4,5,6,3,7,4,5.5
"North East","Wave 10 - December 2020","Every day",5,5,5,5,5,2,4,"Yes",2,7,8,7,0,10,5,8
"North West","Wave 10 - December 2020","More than twice a week, but not every day",5,5,5,5,5,4,4,"Yes",1,10,10,10,0,10,5,10
"West Midlands","Wave 10 - December 2020","Once a week",4,4,5,4,4,2,1,"No",3,5,5,5,0,10,4.33333333333333,6.25
"East","Wave 10 - December 2020","Once a week",5,5,4,4,5,3,2,"Yes",5,6,7,6,4,6,4.66666666666667,6.25
"West Midlands","Wave 10 - December 2020","Once a week",2,2,2,5,4,4,4,"Yes",4,5,5,5,7,3,2,4.5
"London","Wave 10 - December 2020","Once a week",1,1,1,5,4,2,2,"Yes",4,8,9,7,2,8,1,8
"London","Wave 10 - December 2020","Twice a week",5,5,5,4,5,3,3,"Yes",5,10,10,10,10,0,5,7.5
"South West","Wave 10 - December 2020","Once a week",4,4,3,4,3,3,2,"No",5,3,5,7,3,7,3.66666666666667,5.5
"West Midlands","Wave 10 - December 2020","More than twice a week, but not every day",5,5,5,4,5,2,2,"No",1,9,10,9,9,1,5,7.25
"London","Wave 10 - December 2020","Once a week",4,4,4,4,4,4,3,"Yes",4,6,6,6,7,3,4,5.25
"North West","Wave 10 - December 2020","Once a week",4,4,4,4,4,4,4,"Yes",4,6,6,6,3,7,4,6.25
"South East","Wave 10 - December 2020","Every day",5,5,5,4,4,5,3,"Yes",2,6,7,8,2,8,5,7.25
"North West","Wave 10 - December 2020","Every day",5,5,5,5,5,2,3,"Yes",2,6,7,7,2,8,5,7
"South East","Wave 10 - December 2020","Every day",5,5,5,4,4,4,4,"No",4,5,6,6,5,5,5,5.5
"Yorkshire and the Humber","Wave 10 - December 2020","Once a week",5,5,4,4,4,4,3,"Yes",2,7,7,8,8,2,4.66666666666667,6
"North West","Wave 10 - December 2020","Every day",4,4,4,4,4,4,4,"Yes",3,5,6,7,6,4,4,5.5
"South East","Wave 10 - December 2020","Every day",1,3,2,4,4,3,1,"Yes",2,8,7,7,2,8,2,7.5
"South East","Wave 10 - December 2020","More than twice a week, but not every day",1,1,1,3,3,3,2,"No",2,8,5,8,3,7,1,7
"South West","Wave 10 - December 2020","More than twice a week, but not every day",5,4,4,4,4,3,2,"Yes",4,7,7,7,1,9,4.33333333333333,7.5
"South East","Wave 10 - December 2020","More than twice a week, but not every day",4,4,4,4,5,3,3,"Yes",4,8,8,10,0,10,4,9
"South West","Wave 10 - December 2020","More than twice a week, but not every day",4,3,3,5,5,1,3,"No",4,3,1,3,4,6,3.33333333333333,3.25
"East","Wave 10 - December 2020","Once a week",4,4,4,5,4,5,5,"Yes",3,6,6,6,7,3,4,5.25
"East Midlands","Wave 10 - December 2020","Once or twice a month",5,4,4,5,5,3,5,"Yes",2,7,8,7,1,9,4.33333333333333,7.75
"North East","Wave 10 - December 2020","More than twice a week, but not every day",4,4,4,5,5,3,3,"Yes",4,3,5,2,7,3,4,3.25
"East","Wave 10 - December 2020","Once a week",1,1,1,4,5,4,1,"Yes",1,8,8,8,0,10,1,8.5
"North East","Wave 10 - December 2020","Every day",5,5,4,5,4,5,4,"Yes",5,3,6,4,7,3,4.66666666666667,4
"East Midlands","Wave 10 - December 2020","More than twice a week, but not every day",2,4,4,4,5,3,5,"Yes",4,6,7,7,5,5,3.33333333333333,6.25
"East Midlands","Wave 10 - December 2020","Twice a week",5,5,4,5,5,3,3,"Yes",3,8,9,8,2,8,4.66666666666667,8.25
"South East","Wave 10 - December 2020","Every day",5,4,5,5,5,4,3,"Yes",5,9,10,9,5,5,4.66666666666667,8.25
"South East","Wave 10 - December 2020","Once a week",5,4,3,3,3,3,4,"Yes",4,4,4,7,3,7,4,5.5
"London","Wave 10 - December 2020","Once or twice a month",4,3,4,4,5,2,5,"No",4,3,1,5,5,5,3.66666666666667,3.5
"East Midlands","Wave 10 - December 2020","More than twice a week, but not every day",3,1,3,5,5,4,5,"Yes",4,5,6,6,8,2,2.33333333333333,4.75
"South East","Wave 10 - December 2020","Twice a week",1,4,4,5,5,3,3,"Yes",5,0,5,0,9,1,3,1.5
"West Midlands","Wave 10 - December 2020","Once or twice a month",4,3,4,5,5,1,3,"Yes",4,5,4,4,5,5,3.66666666666667,4.5
"North West","Wave 10 - December 2020","Once or twice a month",5,5,4,5,5,2,2,"Yes",3,5,5,8,2,8,4.66666666666667,6.5
"South East","Wave 10 - December 2020","Once or twice a month",5,5,4,2,4,4,2,"No",3,6,7,7,2,8,4.66666666666667,7
"South East","Wave 10 - December 2020","Every day",5,5,5,4,4,3,2,"No",2,8,10,9,6,4,5,7.75
"South West","Wave 10 - December 2020","More than twice a week, but not every day",5,5,4,4,4,3,2,"Yes",4,5,5,1,8,2,4.66666666666667,3.25
"West Midlands","Wave 10 - December 2020","Every day",5,5,5,5,5,4,4,"Yes",3,6,7,9,1,9,5,7.75
"South East","Wave 10 - December 2020","Twice a week",4,5,4,4,5,4,3,"Yes",4,8,8,7,8,2,4.33333333333333,6.25
"West Midlands","Wave 10 - December 2020","Every day",4,5,4,5,4,4,5,"Yes",2,8,10,10,2,8,4.33333333333333,9
"South West","Wave 10 - December 2020","Twice a week",1,2,1,4,4,1,2,"Yes",4,5,9,6,3,7,1.33333333333333,6.75
"West Midlands","Wave 10 - December 2020","Once a week",3,5,5,5,5,3,3,"Yes",4,6,6,6,4,6,4.33333333333333,6
"East","Wave 10 - December 2020","More than twice a week, but not every day",4,4,5,5,5,3,3,"Yes",3,2,3,7,3,7,4.33333333333333,4.75
"London","Wave 10 - December 2020","More than twice a week, but not every day",1,1,1,5,5,3,3,"Yes",3,7,5,9,2,8,1,7.25
"South West","Wave 10 - December 2020","More than twice a week, but not every day",3,3,4,5,4,3,2,"No",4,6,7,6,8,2,3.33333333333333,5.25
"East Midlands","Wave 10 - December 2020","Twice a week",5,5,4,5,4,4,3,"Yes",2,8,8,9,2,8,4.66666666666667,8.25
"South East","Wave 10 - December 2020","Every day",4,4,3,4,4,4,3,"Yes",3,7,7,6,4,6,3.66666666666667,6.5
"West Midlands","Wave 10 - December 2020","Once or twice a month",5,4,4,4,4,3,3,"No",3,5,8,4,7,3,4.33333333333333,5
"London","Wave 10 - December 2020","Every day",4,4,4,4,4,3,3,"Yes",2,8,8,8,0,10,4,8.5
"South East","Wave 10 - December 2020","More than twice a week, but not every day",2,3,4,4,4,2,4,"Yes",4,6,6,6,6,4,3,5.5
"South West","Wave 10 - December 2020","Twice a week",4,4,4,5,5,4,4,"Yes",2,8,8,8,2,8,4,8
"East","Wave 10 - December 2020","Every day",4,4,4,5,5,4,4,"Yes",5,3,3,2,5,5,4,3.25
"London","Wave 10 - December 2020","More than twice a week, but not every day",5,4,4,4,5,1,5,"Yes",1,7,8,9,0,10,4.33333333333333,8.5
"South East","Wave 10 - December 2020","More than twice a week, but not every day",5,5,5,4,5,3,3,"Yes",3,7,7,4,10,0,5,4.5
"South West","Wave 10 - December 2020","Once or twice a month",2,2,2,4,5,3,2,"Yes",4,7,6,8,8,2,2,5.75
"North West","Wave 10 - December 2020","Every day",2,4,4,5,5,4,3,"Yes",2,7,9,10,0,10,3.33333333333333,9
"South West","Wave 10 - December 2020","Once a week",5,5,5,5,5,5,5,"Yes",1,9,10,10,0,10,5,9.75
"London","Wave 10 - December 2020","Once or twice a month",4,5,4,5,4,3,4,"Yes",4,6,6,7,0,10,4.33333333333333,7.25
"South West","Wave 10 - December 2020","More than twice a week, but not every day",5,5,5,4,4,2,1,"Yes",4,4,5,6,1,9,5,6
"East","Wave 10 - December 2020","Once a week",5,3,3,3,3,2,2,"Yes",2,6,7,7,3,7,3.66666666666667,6.75
"East","Wave 10 - December 2020","More than twice a week, but not every day",5,5,5,5,5,4,2,"Yes",1,10,10,10,0,10,5,10
"North East","Wave 10 - December 2020","Every day",5,4,4,5,5,3,3,"Yes",3,6,6,7,2,8,4.33333333333333,6.75
"East Midlands","Wave 10 - December 2020","Once a week",5,4,4,4,5,5,3,"Yes",3,7,8,8,6,4,4.33333333333333,6.75
"London","Wave 11 - January 2021","Once every 2-3 months",5,4,4,4,5,2,3,"Yes",4,3,3,3,2,8,4.33333333333333,4.25
"London","Wave 11 - January 2021","Once or twice a month",5,4,4,4,4,2,3,"Yes",2,8,8,8,2,8,4.33333333333333,8
"North West","Wave 11 - January 2021","Every day",2,4,4,5,5,4,4,"Yes",5,2,2,1,1,9,3.33333333333333,3.5
"North West","Wave 11 - January 2021","More than twice a week, but not every day",1,5,5,5,5,3,3,"Yes",2,9,9,7,4,6,3.66666666666667,7.75
"London","Wave 11 - January 2021","Twice a week",4,4,4,5,5,3,4,"Yes",5,0,0,0,10,0,4,0
"London","Wave 11 - January 2021","More than twice a week, but not every day",2,5,5,5,5,4,5,"Yes",1,10,10,10,5,5,4,8.75
"London","Wave 11 - January 2021","Every day",1,1,4,4,4,5,2,"Yes",2,8,9,8,2,8,2,8.25
"South West","Wave 11 - January 2021","More than twice a week, but not every day",5,4,4,4,4,3,3,"Yes",2,8,8,9,1,9,4.33333333333333,8.5
"London","Wave 11 - January 2021","Once a week",3,5,4,2,3,3,4,"Yes",4,5,5,5,3,7,4,5.5
"South West","Wave 11 - January 2021","Every day",4,3,4,3,3,3,3,"Yes",3,6,6,4,7,3,3.66666666666667,4.75
"Yorkshire and the Humber","Wave 11 - January 2021","More than twice a week, but not every day",4,5,5,5,4,4,3,"Yes",4,5,7,5,8,2,4.66666666666667,4.75
"London","Wave 11 - January 2021","Every day",1,1,1,5,5,5,3,"Yes",4,7,8,8,5,5,1,7
"South West","Wave 11 - January 2021","More than twice a week, but not every day",5,5,5,4,5,3,3,"Yes",4,7,7,7,3,7,5,7
"East Midlands","Wave 11 - January 2021","Every day",5,5,5,4,3,1,1,"No",2,4,4,2,7,3,5,3.25
"London","Wave 11 - January 2021","More than twice a week, but not every day",5,5,5,4,4,3,4,"Yes",4,7,9,7,7,3,5,6.5
"East Midlands","Wave 11 - January 2021","More than twice a week, but not every day",4,4,4,5,4,4,2,"Yes",3,2,7,8,8,2,4,4.75
"Yorkshire and the Humber","Wave 11 - January 2021","Once a week",5,5,5,5,5,3,3,"Yes",4,6,7,7,6,4,5,6
"East","Wave 11 - January 2021","Twice a week",4,4,4,4,4,2,4,"Yes",3,6,10,6,2,8,4,7.5
"East Midlands","Wave 11 - January 2021","Once a week",3,4,4,3,3,2,5,"No",1,6,6,5,4,6,3.66666666666667,5.75
"East","Wave 11 - January 2021","Twice a week",5,4,4,4,4,3,3,"Yes",4,7,7,7,6,4,4.33333333333333,6.25
"North East","Wave 11 - January 2021","Once a week",1,5,5,4,5,5,5,"Yes",4,2,5,3,5,5,3.66666666666667,3.75
"North West","Wave 11 - January 2021","Twice a week",5,5,5,5,5,3,5,"Yes",2,7,8,8,2,8,5,7.75
"East Midlands","Wave 11 - January 2021","Once or twice a month",4,4,4,5,5,3,4,"Yes",2,7,7,8,0,10,4,8
"West Midlands","Wave 11 - January 2021","More than twice a week, but not every day",5,3,3,5,5,1,3,"Yes",2,5,5,5,0,10,3.66666666666667,6.25
"South East","Wave 11 - January 2021","Less often",3,4,3,4,4,4,4,"Yes",3,7,7,6,5,5,3.33333333333333,6.25
"South West","Wave 11 - January 2021","Once or twice a month",3,4,4,4,4,5,4,"No",4,4,5,4,3,7,3.66666666666667,5
"South West","Wave 11 - January 2021","Twice a week",5,4,4,5,5,5,3,"Yes",2,9,9,10,1,9,4.33333333333333,9.25
"North West","Wave 11 - January 2021","Every day",1,3,4,5,5,5,3,"Yes",2,7,7,7,2,8,2.66666666666667,7.25
"South West","Wave 11 - January 2021","Twice a week",4,4,4,5,5,3,4,"Yes",4,7,7,7,4,6,4,6.75
"East","Wave 11 - January 2021","Once a week",4,3,3,4,5,3,3,"Yes",4,0,1,3,10,0,3.33333333333333,1
"London","Wave 11 - January 2021","Every day",4,5,4,5,5,4,3,"Yes",5,9,8,9,8,2,4.33333333333333,7
"West Midlands","Wave 11 - January 2021","More than twice a week, but not every day",4,4,4,5,4,1,3,"Yes",2,5,5,5,6,4,4,4.75
"West Midlands","Wave 11 - January 2021","Every day",3,4,4,4,4,3,4,"Yes",4,7,6,6,3,7,3.66666666666667,6.5
"East Midlands","Wave 11 - January 2021","More than twice a week, but not every day",3,1,3,5,5,5,5,"Yes",1,10,10,10,0,10,2.33333333333333,10
"North West","Wave 11 - January 2021","Twice a week",3,4,3,4,5,1,2,"Yes",2,8,9,9,7,3,3.33333333333333,7.25
"East Midlands","Wave 11 - January 2021","Twice a week",1,1,3,5,4,3,3,"Yes",4,5,7,6,6,4,1.66666666666667,5.5
"London","Wave 11 - January 2021","Every day",1,5,4,4,4,4,3,"Yes",2,8,8,9,2,8,3.33333333333333,8.25
"East Midlands","Wave 11 - January 2021","Once a week",4,5,4,4,4,3,2,"Yes",4,8,9,5,1,9,4.33333333333333,7.75
"East Midlands","Wave 11 - January 2021","Every day",1,1,1,5,5,3,3,"Yes",2,9,10,10,1,9,1,9.5
"West Midlands","Wave 11 - January 2021","More than twice a week, but not every day",4,5,5,4,4,5,3,"Yes",2,8,8,8,3,7,4.66666666666667,7.75
"North West","Wave 11 - January 2021","Twice a week",5,5,5,4,4,2,4,"Yes",1,10,10,10,0,10,5,10
"London","Wave 11 - January 2021","More than twice a week, but not every day",5,5,5,5,5,4,4,"Yes",5,0,0,0,10,0,5,0
"London","Wave 11 - January 2021","Every day",4,4,4,5,5,5,3,"Yes",2,5,6,7,7,3,4,5.25
"London","Wave 11 - January 2021","More than twice a week, but not every day",5,5,5,5,5,3,4,"Yes",4,4,5,5,6,4,5,4.5
"East Midlands","Wave 11 - January 2021","More than twice a week, but not every day",5,5,4,5,5,3,5,"Yes",4,6,6,6,6,4,4.66666666666667,5.5
"East","Wave 11 - January 2021","Every day",3,3,2,4,4,2,3,"Yes",3,6,5,6,5,5,2.66666666666667,5.5
"South East","Wave 11 - January 2021","Every day",5,5,5,5,5,3,4,"Yes",2,8,7,7,5,5,5,6.75
"West Midlands","Wave 11 - January 2021","Every day",1,3,5,5,5,3,3,"Yes",2,10,10,10,0,10,3,10
"East Midlands","Wave 11 - January 2021","More than twice a week, but not every day",2,1,1,4,5,3,2,"Yes",2,10,10,10,0,10,1.33333333333333,10
"East Midlands","Wave 11 - January 2021","More than twice a week, but not every day",4,4,4,4,4,3,5,"Yes",4,3,7,5,7,3,4,4.5
"North West","Wave 11 - January 2021","Once every 2-3 months",4,3,2,2,3,5,2,"Yes",4,2,2,2,7,3,3,2.25
"West Midlands","Wave 11 - January 2021","Once every 2-3 months",2,5,5,5,5,2,3,"Yes",5,1,3,0,9,1,4,1.25
"East Midlands","Wave 11 - January 2021","Every day",1,1,4,4,4,4,4,"Yes",3,8,8,6,4,6,2,7
"North West","Wave 11 - January 2021","Twice a week",4,4,4,5,4,4,4,"Yes",4,6,6,6,7,3,4,5.25
"London","Wave 11 - January 2021","Every day",4,5,3,5,5,4,4,"Yes",4,6,5,8,3,7,4,6.5
"North West","Wave 11 - January 2021","More than twice a week, but not every day",4,4,4,4,4,4,5,"Yes",2,8,7,8,0,10,4,8.25
"South East","Wave 11 - January 2021","Once or twice a month",4,5,4,4,4,5,5,"Yes",5,0,1,0,10,0,4.33333333333333,0.25
"South East","Wave 11 - January 2021","Twice a week",5,5,4,5,5,5,5,"Yes",4,3,6,2,7,3,4.66666666666667,3.5
"South East","Wave 11 - January 2021","More than twice a week, but not every day",1,4,4,5,5,3,5,"Yes",4,5,6,6,6,4,3,5.25
"South East","Wave 11 - January 2021","Twice a week",5,5,5,4,3,3,2,"Yes",3,7,6,7,2,8,5,7
"London","Wave 11 - January 2021","Twice a week",2,4,2,4,3,2,4,"No",4,4,5,7,7,3,2.66666666666667,4.75
"Yorkshire and the Humber","Wave 11 - January 2021","Every day",5,5,5,5,4,3,4,"Yes",4,4,2,6,5,5,5,4.25
"East","Wave 11 - January 2021","Every day",5,5,5,5,4,3,3,"Yes",2,6,8,7,7,3,5,6
"South East","Wave 11 - January 2021","Every day",5,5,5,4,4,5,4,"Yes",4,3,5,4,5,5,5,4.25
"South West","Wave 11 - January 2021","Twice a week",4,4,4,5,5,3,4,"Yes",4,6,8,8,9,1,4,5.75
"West Midlands","Wave 11 - January 2021","Once or twice a month",5,4,4,5,4,3,3,"Yes",1,6,8,8,0,10,4.33333333333333,8
"South East","Wave 11 - January 2021","More than twice a week, but not every day",5,4,4,5,4,3,5,"Yes",3,8,7,7,5,5,4.33333333333333,6.75
"Yorkshire and the Humber","Wave 11 - January 2021","More than twice a week, but not every day",5,4,5,5,5,2,4,"Yes",3,7,10,10,3,7,4.66666666666667,8.5
"North West","Wave 11 - January 2021","Once a week",4,5,4,5,4,4,3,"Yes",2,5,7,2,2,8,4.33333333333333,5.5
"North West","Wave 11 - January 2021","Once or twice a month",1,1,1,4,4,3,3,"Yes",4,6,7,7,5,5,1,6.25
"North West","Wave 11 - January 2021","Twice a week",5,5,4,4,4,3,2,"Yes",1,9,9,10,0,10,4.66666666666667,9.5
"East","Wave 11 - January 2021","Twice a week",5,3,3,5,5,5,5,"Yes",2,8,6,6,2,8,3.66666666666667,7
"East","Wave 11 - January 2021","Once or twice a month",4,4,4,3,4,2,2,"Yes",5,2,2,2,8,2,4,2
"Yorkshire and the Humber","Wave 11 - January 2021","Once or twice a month",5,4,4,5,5,3,4,"Yes",2,9,10,9,0,10,4.33333333333333,9.5
"East","Wave 11 - January 2021","More than twice a week, but not every day",4,4,5,5,4,1,5,"No",1,10,10,10,0,10,4.33333333333333,10
"North West","Wave 11 - January 2021","Once a week",5,5,5,4,4,4,3,"Yes",2,7,8,7,2,8,5,7.5
"Yorkshire and the Humber","Wave 11 - January 2021","Every day",3,3,3,5,3,5,5,"Yes",2,5,5,5,5,5,3,5
"East Midlands","Wave 11 - January 2021","Every day",4,4,4,4,4,4,3,"Yes",2,8,8,8,6,4,4,7
"South East","Wave 11 - January 2021","More than twice a week, but not every day",4,4,4,4,4,3,2,"Yes",4,5,6,3,4,6,4,5
"East Midlands","Wave 11 - January 2021","More than twice a week, but not every day",5,5,5,4,4,5,4,"Yes",1,8,8,9,0,10,5,8.75
"South East","Wave 11 - January 2021","More than twice a week, but not every day",5,4,4,5,5,4,3,"Yes",3,6,6,5,5,5,4.33333333333333,5.5
"South West","Wave 11 - January 2021","Every day",5,5,5,5,5,3,3,"Yes",3,6,7,6,2,8,5,6.75
"North West","Wave 11 - January 2021","More than twice a week, but not every day",4,4,3,5,5,3,3,"Yes",2,7,9,9,1,9,3.66666666666667,8.5
"South West","Wave 11 - January 2021","More than twice a week, but not every day",4,4,4,4,4,3,3,"Yes",1,8,7,8,7,3,4,6.5
"Yorkshire and the Humber","Wave 11 - January 2021","Once a week",5,4,5,5,5,4,5,"Yes",2,6,8,7,2,8,4.66666666666667,7.25
"London","Wave 11 - January 2021","Every day",5,4,4,5,4,3,4,"Yes",1,7,8,8,0,10,4.33333333333333,8.25
"North West","Wave 11 - January 2021","Twice a week",1,1,1,3,3,2,2,"No",1,10,10,10,0,10,1,10
"North West","Wave 11 - January 2021","Twice a week",3,4,4,5,5,3,3,"No",1,5,6,6,4,6,3.66666666666667,5.75
"North West","Wave 11 - January 2021","Once or twice a month",5,5,5,4,4,3,3,"Yes",3,6,9,5,4,6,5,6.5
"North West","Wave 11 - January 2021","Every day",5,5,5,5,5,4,3,"Yes",4,4,4,5,5,5,5,4.5
"East Midlands","Wave 12 - February 2021","Every day",4,3,4,2,3,1,5,"No",3,3,3,5,0,10,3.66666666666667,5.25
"East Midlands","Wave 12 - February 2021","Twice a week",4,4,4,4,4,4,3,"Yes",2,7,7,7,2,8,4,7.25
"North East","Wave 12 - February 2021","More than twice a week, but not every day",4,4,4,5,4,4,3,"Yes",4,6,7,7,3,7,4,6.75
"East","Wave 12 - February 2021","More than twice a week, but not every day",4,5,4,5,4,2,4,"Yes",2,7,7,4,4,6,4.33333333333333,6
"North West","Wave 12 - February 2021","Once a week",5,5,5,5,5,5,4,"Yes",2,8,9,8,5,5,5,7.5
"East","Wave 12 - February 2021","More than twice a week, but not every day",4,3,2,3,4,3,3,"Yes",4,5,5,5,5,5,3,5
"West Midlands","Wave 12 - February 2021","More than twice a week, but not every day",1,1,1,4,4,2,3,"No",4,7,7,7,4,6,1,6.75
"London","Wave 12 - February 2021","Twice a week",2,5,4,5,4,5,4,"Yes",2,9,9,8,4,6,3.66666666666667,8
"South East","Wave 12 - February 2021","Once a week",4,4,3,4,4,3,3,"Yes",3,5,5,4,7,3,3.66666666666667,4.25
"London","Wave 12 - February 2021","More than twice a week, but not every day",5,5,5,4,4,3,3,"Yes",2,6,7,7,5,5,5,6.25
"North East","Wave 12 - February 2021","Every day",5,5,4,5,5,5,3,"Yes",1,7,7,8,1,9,4.66666666666667,7.75
"East","Wave 12 - February 2021","More than twice a week, but not every day",2,2,4,4,4,3,3,"Yes",5,2,1,3,1,9,2.66666666666667,3.75
"Yorkshire and the Humber","Wave 12 - February 2021","Once a week",1,1,1,4,4,3,4,"Yes",4,3,5,7,6,4,1,4.75
"London","Wave 12 - February 2021","More than twice a week, but not every day",5,5,5,5,4,4,4,"Yes",1,10,10,10,0,10,5,10
"East","Wave 12 - February 2021","More than twice a week, but not every day",5,5,5,4,5,5,5,"Yes",1,10,10,10,0,10,5,10
"West Midlands","Wave 12 - February 2021","Once every 2-3 months",5,2,3,5,5,4,4,"Yes",1,8,7,9,0,10,3.33333333333333,8.5
"London","Wave 12 - February 2021","More than twice a week, but not every day",5,5,5,5,5,4,3,"Yes",4,5,5,5,10,0,5,3.75
"West Midlands","Wave 12 - February 2021","Once a week",1,4,4,5,5,3,3,"Yes",3,6,6,7,0,10,3,7.25
"East Midlands","Wave 12 - February 2021","Every day",5,4,5,5,4,3,5,"Yes",1,9,10,9,0,10,4.66666666666667,9.5
"East","Wave 12 - February 2021","Twice a week",4,4,4,3,3,5,5,"Yes",5,6,6,5,6,4,4,5.25
"West Midlands","Wave 12 - February 2021","Every day",5,4,5,5,5,4,3,"Yes",1,10,10,10,0,10,4.66666666666667,10
"North East","Wave 12 - February 2021","Every day",4,4,4,4,4,3,2,"Yes",5,6,8,6,5,5,4,6.25
"East","Wave 12 - February 2021","Once or twice a month",5,4,5,4,4,3,5,"Yes",1,7,7,8,5,5,4.66666666666667,6.75
"West Midlands","Wave 12 - February 2021","Every day",3,4,2,4,4,3,3,"Yes",3,5,6,6,5,5,3,5.5
"London","Wave 12 - February 2021","Twice a week",5,5,5,4,4,4,1,"No",2,8,10,9,3,7,5,8.5
"London","Wave 12 - February 2021","More than twice a week, but not every day",4,3,4,5,5,3,4,"Yes",4,6,5,5,4,6,3.66666666666667,5.5
"West Midlands","Wave 12 - February 2021","Once every 2-3 months",1,5,3,5,5,4,5,"Yes",5,1,1,1,10,0,3,0.75
"East","Wave 12 - February 2021","More than twice a week, but not every day",5,5,4,5,5,2,3,"Yes",2,7,8,9,0,10,4.66666666666667,8.5
"Yorkshire and the Humber","Wave 12 - February 2021","More than twice a week, but not every day",5,3,3,4,5,4,3,"Yes",4,7,7,6,8,2,3.66666666666667,5.5
"South West","Wave 12 - February 2021","More than twice a week, but not every day",5,5,5,4,4,1,4,"Yes",2,8,8,10,1,9,5,8.75
"Yorkshire and the Humber","Wave 12 - February 2021","More than twice a week, but not every day",5,4,4,4,4,3,2,"Yes",4,8,8,9,3,7,4.33333333333333,8
"North West","Wave 12 - February 2021","Once or twice a month",4,4,4,5,5,4,1,"Yes",4,5,7,4,2,8,4,6
"South West","Wave 12 - February 2021","More than twice a week, but not every day",4,4,4,4,4,1,4,"Yes",1,4,4,3,2,8,4,4.75
"Yorkshire and the Humber","Wave 12 - February 2021","More than twice a week, but not every day",4,5,4,4,4,2,3,"Yes",3,7,7,7,5,5,4.33333333333333,6.5
"East","Wave 12 - February 2021","Twice a week",1,1,5,5,5,4,4,"Yes",4,7,5,6,6,4,2.33333333333333,5.5
"East Midlands","Wave 12 - February 2021","Twice a week",5,5,5,5,5,5,5,"Yes",3,7,10,9,0,10,5,9
"West Midlands","Wave 12 - February 2021","More than twice a week, but not every day",5,4,4,4,4,3,3,"Yes",4,7,7,8,3,7,4.33333333333333,7.25
"South East","Wave 12 - February 2021","Twice a week",1,3,3,3,3,3,2,"No",2,9,8,9,3,7,2.33333333333333,8.25
"Yorkshire and the Humber","Wave 12 - February 2021","More than twice a week, but not every day",5,5,4,5,5,2,5,"Yes",1,8,8,8,0,10,4.66666666666667,8.5
"East","Wave 12 - February 2021","Every day",5,5,5,5,5,3,3,"Yes",4,8,9,8,2,8,5,8.25
"North West","Wave 12 - February 2021","Twice a week",5,4,4,5,5,4,5,"Yes",2,7,8,8,2,8,4.33333333333333,7.75
"South West","Wave 12 - February 2021","Once a week",2,5,4,4,4,3,4,"Yes",3,6,8,8,2,8,3.66666666666667,7.5
"East Midlands","Wave 12 - February 2021","Once a week",3,5,4,4,4,3,3,"Yes",4,7,6,6,4,6,4,6.25
"Yorkshire and the Humber","Wave 12 - February 2021","Every day",4,5,4,5,4,4,3,"Yes",1,9,8,10,2,8,4.33333333333333,8.75
"West Midlands","Wave 12 - February 2021","Once a week",2,4,5,4,4,3,3,"Yes",4,5,6,6,4,6,3.66666666666667,5.75
"North West","Wave 12 - February 2021","More than twice a week, but not every day",5,4,4,5,5,3,3,"Yes",4,6,5,5,4,6,4.33333333333333,5.5
"South West","Wave 12 - February 2021","Every day",5,5,5,5,5,3,4,"Yes",3,8,9,9,0,10,5,9
"East","Wave 12 - February 2021","More than twice a week, but not every day",1,1,1,5,5,4,3,"Yes",3,5,5,5,5,5,1,5
"East Midlands","Wave 12 - February 2021","Every day",1,3,2,5,3,3,1,"Yes",2,7,10,10,10,0,2,6.75
"East Midlands","Wave 12 - February 2021","Twice a week",3,4,5,4,4,3,3,"Yes",3,6,5,5,5,5,4,5.25
"West Midlands","Wave 12 - February 2021","Once a week",4,5,4,5,4,3,4,"No",2,8,7,6,6,4,4.33333333333333,6.25
"North East","Wave 12 - February 2021","Twice a week",5,4,5,4,4,5,4,"Yes",4,6,8,8,6,4,4.66666666666667,6.5
"Yorkshire and the Humber","Wave 12 - February 2021","Once a week",5,5,5,4,4,4,4,"Don’t know",2,7,8,7,4,6,5,7
"South East","Wave 12 - February 2021","Every day",5,4,4,4,4,3,4,"No",1,9,9,8,0,10,4.33333333333333,9
"East Midlands","Wave 12 - February 2021","Twice a week",3,3,4,5,5,3,3,"Yes",4,7,7,7,3,7,3.33333333333333,7
"West Midlands","Wave 12 - February 2021","Every day",5,4,4,4,4,3,2,"Yes",4,6,8,6,2,8,4.33333333333333,7
"South West","Wave 12 - February 2021","Once a week",1,5,5,5,5,4,5,"Yes",3,4,8,5,0,10,3.66666666666667,6.75
"North West","Wave 12 - February 2021","Once a week",5,5,5,4,4,3,3,"Yes",3,7,6,6,5,5,5,6
"South West","Wave 12 - February 2021","More than twice a week, but not every day",3,2,4,5,5,3,2,"Yes",4,6,8,6,5,5,3,6.25
"North West","Wave 12 - February 2021","Once a week",2,3,3,4,4,3,4,"Yes",2,7,9,7,0,10,2.66666666666667,8.25
"North East","Wave 12 - February 2021","Every day",1,5,5,5,5,4,5,"Yes",4,6,8,10,7,3,3.66666666666667,6.75
"North West","Wave 12 - February 2021","More than twice a week, but not every day",4,5,5,5,5,4,3,"Yes",2,8,10,10,0,10,4.66666666666667,9.5
"East","Wave 12 - February 2021","Once or twice a month",3,2,3,4,4,4,2,"No",2,8,8,9,2,8,2.66666666666667,8.25
"South West","Wave 12 - February 2021","More than twice a week, but not every day",5,4,4,4,3,2,2,"Yes",1,6,9,7,0,10,4.33333333333333,8
"East Midlands","Wave 12 - February 2021","More than twice a week, but not every day",5,4,5,5,4,3,1,"Yes",1,8,8,8,0,10,4.66666666666667,8.5
"East","Wave 12 - February 2021","More than twice a week, but not every day",5,4,5,4,4,3,5,"Yes",1,9,9,9,1,9,4.66666666666667,9
"North West","Wave 12 - February 2021","More than twice a week, but not every day",4,5,3,4,4,5,5,"Yes",5,1,0,0,7,3,4,1
"South East","Wave 12 - February 2021","Every day",5,5,5,4,3,2,1,"Yes",4,7,7,7,2,8,5,7.25
"South East","Wave 12 - February 2021","More than twice a week, but not every day",4,5,4,5,4,4,3,"Yes",2,6,7,6,7,3,4.33333333333333,5.5
"West Midlands","Wave 12 - February 2021","Once every 2-3 months",3,2,2,4,4,3,3,"Yes",4,3,3,4,7,3,2.33333333333333,3.25
"North West","Wave 12 - February 2021","More than twice a week, but not every day",3,4,4,4,3,1,2,"Yes",2,8,8,9,1,9,3.66666666666667,8.5
"East","Wave 12 - February 2021","Every day",4,4,3,5,5,4,3,"Yes",4,7,8,9,1,9,3.66666666666667,8.25
"South East","Wave 12 - February 2021","Twice a week",4,5,5,5,5,5,4,"Yes",4,5,7,7,4,6,4.66666666666667,6.25
"North West","Wave 12 - February 2021","More than twice a week, but not every day",4,5,4,5,4,5,3,"Yes",5,2,2,2,1,9,4.33333333333333,3.75
"West Midlands","Wave 12 - February 2021","Every day",5,4,4,1,3,3,1,"No",1,6,8,8,0,10,4.33333333333333,8
"West Midlands","Wave 12 - February 2021","Once or twice a month",4,4,4,5,5,5,4,"Yes",3,3,6,4,9,1,4,3.5
"East","Wave 12 - February 2021","Twice a week",4,4,4,3,3,2,3,"No",1,9,10,9,1,9,4,9.25
"East Midlands","Wave 12 - February 2021","More than twice a week, but not every day",5,5,5,5,5,5,3,"Yes",3,8,8,8,0,10,5,8.5
"Yorkshire and the Humber","Wave 12 - February 2021","More than twice a week, but not every day",5,5,5,4,4,3,2,"Yes",2,4,4,4,8,2,5,3.5
"North West","Wave 12 - February 2021","Once or twice a month",4,4,4,5,5,2,5,"Yes",5,2,4,4,8,2,4,3
"North West","Wave 12 - February 2021","Twice a week",4,4,4,5,5,3,4,"Yes",4,6,10,6,6,4,4,6.5
"London","Wave 12 - February 2021","Every day",5,5,3,4,5,3,1,"Yes",4,7,8,7,8,2,4.33333333333333,6
"North West","Wave 12 - February 2021","Once a week",2,4,3,4,4,2,3,"Yes",3,4,4,5,3,7,3,5
"North West","Wave 12 - February 2021","Once or twice a month",4,4,4,1,3,2,2,"Yes",2,8,8,8,3,7,4,7.75
"East","Wave 12 - February 2021","Every day",5,5,5,4,5,4,5,"Yes",2,8,10,8,1,9,5,8.75
"East Midlands","Wave 12 - February 2021","More than twice a week, but not every day",5,4,5,5,4,4,5,"Yes",4,5,5,8,8,2,4.66666666666667,5
"North West","Wave 12 - February 2021","Every day",4,5,5,5,5,3,5,"Yes",4,5,6,6,4,6,4.66666666666667,5.75
"West Midlands","Wave 12 - February 2021","Every day",3,5,4,4,4,1,4,"Yes",1,8,8,7,0,10,4,8.25
"West Midlands","Wave 12 - February 2021","Twice a week",2,5,4,4,4,4,3,"Yes",4,6,5,6,5,5,3.66666666666667,5.5
"North East","Wave 12 - February 2021","Twice a week",2,4,4,4,4,3,4,"Yes",5,2,4,3,4,6,3.33333333333333,3.75
"South West","Wave 12 - February 2021","Every day",4,5,5,5,5,4,3,"Yes",4,7,8,7,7,3,4.66666666666667,6.25
"Yorkshire and the Humber","Wave 12 - February 2021","Once a week",4,4,4,3,4,3,3,"Yes",4,6,6,7,7,3,4,5.5
"East Midlands","Wave 13 - March 2021","Twice a week",1,5,5,4,5,3,4,"Yes",4,5,5,7,4,6,3.66666666666667,5.75
"South West","Wave 13 - March 2021","Once a week",5,5,5,4,4,4,3,"Yes",4,7,7,6,3,7,5,6.75
"Yorkshire and the Humber","Wave 13 - March 2021","Once or twice a month",4,4,4,5,5,5,5,"Yes",3,6,7,8,4,6,4,6.75
"South East","Wave 13 - March 2021","Once a week",4,4,4,4,4,4,4,"Yes",1,9,9,10,0,10,4,9.5
"North East","Wave 13 - March 2021","Once or twice a month",1,1,1,5,5,5,3,"Yes",3,7,7,7,7,3,1,6
"South East","Wave 13 - March 2021","Every day",1,1,1,5,5,3,4,"Yes",4,4,7,7,7,3,1,5.25
"London","Wave 13 - March 2021","More than twice a week, but not every day",1,2,3,5,4,3,4,"Yes",4,3,7,6,3,7,2,5.75
"South East","Wave 13 - March 2021","More than twice a week, but not every day",4,4,4,5,5,4,4,"Yes",2,10,10,10,0,10,4,10
"East","Wave 13 - March 2021","Every day",5,5,5,5,5,4,4,"Yes",3,8,8,8,0,10,5,8.5
"South East","Wave 13 - March 2021","More than twice a week, but not every day",4,5,5,5,5,4,4,"Yes",4,6,10,7,5,5,4.66666666666667,7
"East","Wave 13 - March 2021","Every day",4,4,3,5,5,3,5,"Yes",2,7,8,7,0,10,3.66666666666667,8
"South East","Wave 13 - March 2021","More than twice a week, but not every day",5,5,5,5,5,5,3,"Yes",4,3,3,3,8,2,5,2.75
"Yorkshire and the Humber","Wave 13 - March 2021","More than twice a week, but not every day",4,3,4,4,4,3,3,"No",2,7,8,8,2,8,3.66666666666667,7.75
"South East","Wave 13 - March 2021","More than twice a week, but not every day",5,4,4,4,4,3,3,"Yes",1,9,7,9,0,10,4.33333333333333,8.75
"West Midlands","Wave 13 - March 2021","More than twice a week, but not every day",1,1,1,4,5,3,5,"Yes",1,8,10,10,0,10,1,9.5
"South East","Wave 13 - March 2021","More than twice a week, but not every day",5,4,5,5,5,4,4,"Yes",4,4,4,3,3,7,4.66666666666667,4.5
"London","Wave 13 - March 2021","Once or twice a month",4,3,3,4,4,3,5,"Yes",3,6,7,8,2,8,3.33333333333333,7.25
"South East","Wave 13 - March 2021","Every day",5,5,5,5,5,4,3,"Yes",1,9,10,9,0,10,5,9.5
"London","Wave 13 - March 2021","Twice a week",2,1,1,5,5,4,3,"Yes",4,9,9,10,2,8,1.33333333333333,9
"London","Wave 13 - March 2021","More than twice a week, but not every day",5,4,4,5,5,3,4,"Yes",3,7,8,4,6,4,4.33333333333333,5.75
"East","Wave 13 - March 2021","Twice a week",4,5,4,4,4,4,4,"Yes",4,7,7,7,7,3,4.33333333333333,6
"North West","Wave 13 - March 2021","Once a week",4,3,2,5,4,4,4,"Yes",1,5,9,7,5,5,3,6.5
"South East","Wave 13 - March 2021","Once a week",5,5,5,5,5,5,5,"Yes",4,8,9,10,0,10,5,9.25
"West Midlands","Wave 13 - March 2021","Once or twice a month",5,5,5,5,5,5,3,"Yes",4,3,3,1,7,3,5,2.5
"East","Wave 13 - March 2021","Every day",4,4,4,4,4,3,5,"Yes",2,7,7,7,1,9,4,7.5
"London","Wave 13 - March 2021","Every day",4,4,4,5,5,5,5,"Yes",1,10,10,10,0,10,4,10
"North West","Wave 13 - March 2021","More than twice a week, but not every day",5,5,5,5,5,5,2,"Yes",3,5,7,6,5,5,5,5.75
"North West","Wave 13 - March 2021","Twice a week",2,1,2,4,5,3,5,"Yes",1,9,9,10,0,10,1.66666666666667,9.5
"London","Wave 13 - March 2021","More than twice a week, but not every day",1,4,4,5,5,3,5,"Yes",4,5,7,3,2,8,3,5.75
"South East","Wave 13 - March 2021","More than twice a week, but not every day",2,3,3,4,1,4,2,"No",3,5,3,4,4,6,2.66666666666667,4.5
"North East","Wave 13 - March 2021","More than twice a week, but not every day",1,4,4,5,4,3,2,"Yes",4,4,3,5,4,6,3,4.5
"West Midlands","Wave 13 - March 2021","More than twice a week, but not every day",3,4,4,4,4,3,2,"No",1,7,9,9,0,10,3.66666666666667,8.75
"East","Wave 13 - March 2021","More than twice a week, but not every day",5,3,2,5,5,4,5,"Yes",2,8,7,7,3,7,3.33333333333333,7.25
"East","Wave 13 - March 2021","More than twice a week, but not every day",4,4,4,3,3,2,1,"Yes",2,8,8,9,1,9,4,8.5
"London","Wave 13 - March 2021","More than twice a week, but not every day",4,4,4,5,5,5,4,"Yes",3,7,7,7,3,7,4,7
"South East","Wave 13 - March 2021","Every day",4,3,3,1,1,1,1,"No",5,0,1,1,7,3,3.33333333333333,1.25
"East","Wave 13 - March 2021","More than twice a week, but not every day",1,1,1,5,4,1,4,"Yes",3,7,7,8,0,10,1,8
"East","Wave 13 - March 2021","Once a week",5,5,4,4,4,2,5,"Yes",5,3,7,7,6,4,4.66666666666667,5.25
"East Midlands","Wave 13 - March 2021","Twice a week",5,5,4,4,4,4,1,"Yes",4,5,5,5,5,5,4.66666666666667,5
"Yorkshire and the Humber","Wave 13 - March 2021","More than twice a week, but not every day",5,4,4,4,4,2,3,"Yes",4,4,6,5,6,4,4.33333333333333,4.75
"London","Wave 13 - March 2021","Twice a week",1,3,2,4,4,2,2,"No",3,5,6,6,5,5,2,5.5
"West Midlands","Wave 13 - March 2021","More than twice a week, but not every day",4,4,4,4,4,5,5,"No",4,7,8,8,7,3,4,6.5
"London","Wave 13 - March 2021","Once a week",5,5,4,5,5,2,4,"Yes",4,6,7,8,4,6,4.66666666666667,6.75
"East","Wave 13 - March 2021","Every day",2,1,4,5,4,4,4,"No",2,8,8,7,7,3,2.33333333333333,6.5
"London","Wave 13 - March 2021","Every day",4,4,4,5,4,3,3,"Yes",2,7,8,7,6,4,4,6.5
"East Midlands","Wave 13 - March 2021","Every day",4,4,4,4,4,2,1,"Yes",3,6,6,7,6,4,4,5.75
"South East","Wave 13 - March 2021","More than twice a week, but not every day",5,5,5,5,5,2,4,"Yes",3,8,8,7,7,3,5,6.5
"South West","Wave 13 - March 2021","Every day",1,1,2,5,4,3,5,"No",1,8,8,8,8,2,1.33333333333333,6.5
"South West","Wave 13 - March 2021","Once a week",5,4,5,5,4,2,3,"No",1,8,9,9,3,7,4.66666666666667,8.25
"South West","Wave 13 - March 2021","Once or twice a month",4,4,4,4,4,4,3,"Yes",2,7,7,8,1,9,4,7.75
"South West","Wave 13 - March 2021","More than twice a week, but not every day",5,4,4,5,5,3,4,"Yes",2,9,9,8,3,7,4.33333333333333,8.25
"South East","Wave 13 - March 2021","Every day",4,4,4,3,4,3,2,"Yes",3,8,8,7,1,9,4,8
"West Midlands","Wave 13 - March 2021","Every day",4,4,4,4,4,3,3,"Yes",2,8,7,8,1,9,4,8
"London","Wave 13 - March 2021","More than twice a week, but not every day",5,3,3,5,3,1,2,"Yes",2,6,6,6,0,10,3.66666666666667,7
"South East","Wave 13 - March 2021","Twice a week",4,5,4,4,4,2,2,"Yes",2,6,6,7,7,3,4.33333333333333,5.5
"West Midlands","Wave 13 - March 2021","More than twice a week, but not every day",2,2,2,4,4,1,3,"Yes",4,6,6,5,6,4,2,5.25
"East Midlands","Wave 13 - March 2021","More than twice a week, but not every day",5,5,5,5,5,4,3,"Yes",3,8,8,8,6,4,5,7
"South East","Wave 13 - March 2021","More than twice a week, but not every day",5,4,3,4,4,3,3,"Yes",1,6,6,6,6,4,4,5.5
"North East","Wave 13 - March 2021","Once a week",4,4,4,4,4,3,3,"Yes",2,8,8,7,2,8,4,7.75
"North East","Wave 13 - March 2021","More than twice a week, but not every day",5,5,4,4,3,4,3,"Yes",1,7,10,8,0,10,4.66666666666667,8.75
"London","Wave 13 - March 2021","Every day",4,4,5,4,5,4,4,"Yes",3,9,9,9,2,8,4.33333333333333,8.75
"London","Wave 13 - March 2021","More than twice a week, but not every day",5,4,4,4,4,2,3,"No",4,6,7,6,2,8,4.33333333333333,6.75
"South East","Wave 13 - March 2021","Once a week",5,3,4,4,5,3,3,"Yes",5,3,3,6,2,8,4,5
"London","Wave 13 - March 2021","Twice a week",5,4,4,5,5,3,5,"Yes",2,9,10,9,5,5,4.33333333333333,8.25
"North West","Wave 13 - March 2021","More than twice a week, but not every day",1,1,1,3,4,1,1,"No",1,7,8,9,2,8,1,8
"South East","Wave 13 - March 2021","More than twice a week, but not every day",5,5,4,4,5,4,3,"Yes",4,6,7,8,4,6,4.66666666666667,6.75
"North West","Wave 13 - March 2021","More than twice a week, but not every day",4,4,5,5,5,3,3,"Yes",4,6,6,7,6,4,4.33333333333333,5.75
"North West","Wave 13 - March 2021","Once a week",3,5,5,4,5,3,3,"Yes",5,5,8,6,5,5,4.33333333333333,6
"West Midlands","Wave 13 - March 2021","More than twice a week, but not every day",2,4,4,4,4,3,1,"Yes",2,7,9,9,0,10,3.33333333333333,8.75
"East","Wave 13 - March 2021","Once a week",5,5,4,4,4,3,3,"Yes",2,8,8,7,2,8,4.66666666666667,7.75
"South West","Wave 13 - March 2021","Every day",5,5,5,4,5,3,3,"Yes",2,8,8,8,0,10,5,8.5
"North West","Wave 13 - March 2021","Every day",4,5,4,5,4,5,3,"No",4,4,3,4,2,8,4.33333333333333,4.75
"South West","Wave 13 - March 2021","Every day",5,4,4,5,5,3,4,"Yes",4,6,5,7,6,4,4.33333333333333,5.5
"London","Wave 13 - March 2021","Every day",5,5,4,5,4,4,3,"Yes",5,8,8,8,5,5,4.66666666666667,7.25
"London","Wave 13 - March 2021","Once or twice a month",2,4,4,5,5,3,4,"Yes",5,3,3,7,6,4,3.33333333333333,4.25
"North East","Wave 13 - March 2021","Every day",5,5,5,5,5,3,5,"Yes",4,8,8,9,4,6,5,7.75
"North West","Wave 13 - March 2021","More than twice a week, but not every day",5,5,5,4,4,3,4,"Yes",3,7,8,7,5,5,5,6.75
"South East","Wave 13 - March 2021","Every day",4,4,4,5,5,4,4,"Yes",4,5,7,6,5,5,4,5.75
"East Midlands","Wave 13 - March 2021","Once or twice a month",5,4,4,4,4,2,3,"Yes",4,6,6,10,7,3,4.33333333333333,6.25
"South East","Wave 13 - March 2021","Every day",5,5,5,5,4,5,5,"Yes",2,9,9,10,0,10,5,9.5
"South East","Wave 13 - March 2021","More than twice a week, but not every day",5,4,4,4,4,3,3,"Yes",3,8,9,7,9,1,4.33333333333333,6.25
"South East","Wave 13 - March 2021","More than twice a week, but not every day",5,4,4,5,5,4,5,"Yes",4,5,5,4,8,2,4.33333333333333,4
"North West","Wave 13 - March 2021","More than twice a week, but not every day",3,2,1,5,5,4,5,"Yes",4,5,4,6,7,3,2,4.5
"North West","Wave 13 - March 2021","More than twice a week, but not every day",5,5,5,5,5,3,3,"Yes",3,7,8,8,0,10,5,8.25
"North East","Wave 13 - March 2021","More than twice a week, but not every day",4,4,3,2,3,3,2,"No",3,6,8,7,3,7,3.66666666666667,7
"South East","Wave 13 - March 2021","Every day",1,1,1,4,3,5,1,"No",1,8,8,8,0,10,1,8.5
"Yorkshire and the Humber","Wave 13 - March 2021","Once a week",5,4,4,2,4,3,2,"Yes",3,5,5,4,8,2,4.33333333333333,4
"South East","Wave 13 - March 2021","Twice a week",5,4,5,5,5,3,3,"Yes",3,8,8,7,1,9,4.66666666666667,8
"London","Wave 13 - March 2021","Every day",4,3,4,3,4,3,2,"Yes",2,8,9,9,1,9,3.66666666666667,8.75
"London","Wave 14 - April 2021","Once or twice a month",3,3,3,4,4,4,4,"Yes",4,7,7,7,7,3,3,6
"South West","Wave 14 - April 2021","More than twice a week, but not every day",5,5,4,4,4,3,3,"Yes",5,5,6,5,4,6,4.66666666666667,5.5
"North East","Wave 14 - April 2021","Once a week",4,4,4,5,5,3,4,"No",2,6,8,8,0,10,4,8
"London","Wave 14 - April 2021","Once or twice a month",5,5,5,4,4,3,3,"No",3,6,6,7,0,10,5,7.25
"North West","Wave 14 - April 2021","Twice a week",4,4,4,5,5,4,4,"Yes",3,7,6,8,2,8,4,7.25
"South East","Wave 14 - April 2021","Once a week",5,5,5,4,5,3,3,"Yes",4,4,4,5,8,2,5,3.75
"East Midlands","Wave 14 - April 2021","Every day",4,3,4,4,4,3,3,"Yes",1,6,9,8,2,8,3.66666666666667,7.75
"South East","Wave 14 - April 2021","Once a week",1,1,1,4,4,3,1,"No",1,10,10,10,0,10,1,10
"Yorkshire and the Humber","Wave 14 - April 2021","More than twice a week, but not every day",4,1,1,2,2,1,1,"No",2,8,7,8,0,10,2,8.25
"Yorkshire and the Humber","Wave 14 - April 2021","More than twice a week, but not every day",4,4,5,4,5,2,3,"Yes",1,7,7,7,6,4,4.33333333333333,6.25
"London","Wave 14 - April 2021","Twice a week",5,4,4,5,4,4,3,"Yes",4,7,8,8,1,9,4.33333333333333,8
"South East","Wave 14 - April 2021","Every day",4,4,3,4,4,3,1,"No",5,4,4,4,3,7,3.66666666666667,4.75
"North East","Wave 14 - April 2021","More than twice a week, but not every day",5,4,4,5,4,4,3,"Yes",4,8,7,5,3,7,4.33333333333333,6.75
"East","Wave 14 - April 2021","Once a week",5,2,1,3,4,3,1,"Yes",5,2,2,2,3,7,2.66666666666667,3.25
"London","Wave 14 - April 2021","Twice a week",5,4,4,5,5,4,5,"Yes",5,5,3,1,10,0,4.33333333333333,2.25
"North East","Wave 14 - April 2021","Once a week",4,4,4,4,4,4,4,"Yes",5,4,3,3,7,3,4,3.25
"West Midlands","Wave 14 - April 2021","More than twice a week, but not every day",4,5,5,4,4,3,3,"Yes",4,6,8,7,2,8,4.66666666666667,7.25
"North West","Wave 14 - April 2021","Every day",5,5,4,5,4,3,5,"Yes",3,6,6,7,5,5,4.66666666666667,6
"West Midlands","Wave 14 - April 2021","Once a week",4,3,2,4,4,4,3,"Yes",4,5,5,5,5,5,3,5
"East Midlands","Wave 14 - April 2021","More than twice a week, but not every day",5,4,3,4,5,4,4,"Yes",4,7,8,8,8,2,4,6.25
"East","Wave 14 - April 2021","Every day",5,5,4,4,4,4,4,"Yes",3,7,7,7,2,8,4.66666666666667,7.25
"South East","Wave 14 - April 2021","Every day",4,4,4,4,5,3,5,"Yes",4,4,6,8,3,7,4,6.25
"South East","Wave 14 - April 2021","Twice a week",1,1,1,5,4,3,3,"Yes",2,10,10,10,0,10,1,10
"West Midlands","Wave 14 - April 2021","More than twice a week, but not every day",4,4,5,4,4,2,3,"Yes",2,7,8,9,2,8,4.33333333333333,8
"South West","Wave 14 - April 2021","Twice a week",4,4,5,4,4,4,5,"Yes",2,7,7,7,1,9,4.33333333333333,7.5
"East","Wave 14 - April 2021","Once a week",1,5,5,5,5,5,5,"No",4,8,9,10,4,6,3.66666666666667,8.25
"South East","Wave 14 - April 2021","Every day",5,5,4,5,5,4,4,"Yes",1,3,3,2,7,3,4.66666666666667,2.75
"South West","Wave 14 - April 2021","Twice a week",5,5,5,5,5,3,4,"Yes",2,7,7,6,3,7,5,6.75
"South East","Wave 14 - April 2021","Once a week",4,4,4,5,5,3,4,"Yes",4,8,6,7,2,8,4,7.25
"North East","Wave 14 - April 2021","Once a week",4,4,4,5,5,3,5,"Yes",4,7,7,6,3,7,4,6.75
"West Midlands","Wave 14 - April 2021","More than twice a week, but not every day",4,5,5,5,5,2,3,"Yes",4,4,6,5,5,5,4.66666666666667,5
"East Midlands","Wave 14 - April 2021","Once every 2-3 months",1,1,1,5,5,4,5,"Yes",3,10,10,10,10,0,1,7.5
"South East","Wave 14 - April 2021","Twice a week",4,3,4,5,5,5,4,"Yes",2,6,6,4,6,4,3.66666666666667,5
"North West","Wave 14 - April 2021","Twice a week",2,5,5,4,4,3,4,"Yes",4,6,6,5,6,4,4,5.25
"London","Wave 14 - April 2021","Twice a week",4,2,2,5,5,1,4,"Yes",3,1,1,2,4,6,2.66666666666667,2.5
"North East","Wave 14 - April 2021","Once a week",3,2,3,4,4,3,2,"No",5,5,4,7,4,6,2.66666666666667,5.5
"South East","Wave 14 - April 2021","Twice a week",2,4,5,4,4,5,4,"No",4,5,5,5,5,5,3.66666666666667,5
"East","Wave 14 - April 2021","More than twice a week, but not every day",3,1,2,5,5,3,3,"Yes",3,10,10,8,2,8,2,9
"North West","Wave 14 - April 2021","Once a week",1,3,4,4,4,3,2,"Yes",3,4,8,7,1,9,2.66666666666667,7
"Yorkshire and the Humber","Wave 14 - April 2021","Once or twice a month",4,4,4,5,4,3,2,"Yes",1,8,10,9,0,10,4,9.25
"London","Wave 14 - April 2021","Twice a week",2,4,3,4,1,3,4,"No",3,4,4,4,7,3,3,3.75
"Yorkshire and the Humber","Wave 14 - April 2021","Once or twice a month",4,4,4,5,5,3,3,"Yes",4,6,6,4,6,4,4,5
"South East","Wave 14 - April 2021","Once every 2-3 months",5,3,3,4,4,3,1,"No",5,7,6,3,10,0,3.66666666666667,4
"London","Wave 14 - April 2021","More than twice a week, but not every day",1,1,1,5,5,5,4,"Yes",4,7,4,5,4,6,1,5.5
"North West","Wave 14 - April 2021","Twice a week",4,5,4,5,4,4,3,"No",2,9,9,9,3,7,4.33333333333333,8.5
"East","Wave 14 - April 2021","Once or twice a month",4,4,4,4,3,1,1,"Yes",1,8,7,8,0,10,4,8.25
"East Midlands","Wave 14 - April 2021","More than twice a week, but not every day",5,5,5,5,5,5,4,"Yes",2,3,2,6,0,10,5,5.25
"South West","Wave 14 - April 2021","Twice a week",3,4,4,5,4,3,4,"Yes",3,8,8,8,3,7,3.66666666666667,7.75
"South East","Wave 14 - April 2021","More than twice a week, but not every day",5,4,4,4,4,3,3,"Yes",2,9,8,9,4,6,4.33333333333333,8
"West Midlands","Wave 14 - April 2021","Every day",5,5,4,5,4,4,3,"Yes",3,9,8,3,1,9,4.66666666666667,7.25
"West Midlands","Wave 14 - April 2021","More than twice a week, but not every day",4,4,4,4,4,2,3,"Yes",3,8,8,9,0,10,4,8.75
"North West","Wave 14 - April 2021","Every day",2,4,3,4,3,5,3,"Yes",2,4,9,9,0,10,3,8
"South East","Wave 14 - April 2021","Once a week",4,2,2,5,5,2,4,"Yes",4,6,5,6,1,9,2.66666666666667,6.5
"London","Wave 14 - April 2021","More than twice a week, but not every day",1,2,1,4,4,1,1,"No",2,5,2,6,8,2,1.33333333333333,3.75
"South East","Wave 14 - April 2021","More than twice a week, but not every day",5,5,4,5,5,4,3,"Yes",4,6,6,7,7,3,4.66666666666667,5.5
"South East","Wave 14 - April 2021","Once every 2-3 months",4,4,4,5,4,3,3,"Yes",3,6,5,7,4,6,4,6
"East Midlands","Wave 14 - April 2021","More than twice a week, but not every day",5,3,4,4,5,3,4,"Yes",2,6,8,8,3,7,4,7.25
"Yorkshire and the Humber","Wave 14 - April 2021","More than twice a week, but not every day",5,4,4,3,3,3,2,"Yes",2,9,9,9,0,10,4.33333333333333,9.25
"East Midlands","Wave 14 - April 2021","Once or twice a month",1,5,3,4,3,1,1,"No",5,0,5,0,10,0,3,1.25
"South East","Wave 14 - April 2021","More than twice a week, but not every day",5,5,4,4,4,3,2,"Yes",3,7,8,7,0,10,4.66666666666667,8
"South East","Wave 14 - April 2021","Twice a week",3,3,3,3,3,1,1,"No",1,10,10,10,0,10,3,10
"North East","Wave 14 - April 2021","More than twice a week, but not every day",5,4,4,4,5,3,4,"Yes",5,3,3,2,7,3,4.33333333333333,2.75
"London","Wave 14 - April 2021","More than twice a week, but not every day",5,4,4,4,4,2,3,"Yes",1,7,7,8,0,10,4.33333333333333,8
"South East","Wave 14 - April 2021","Every day",4,4,4,4,4,3,2,"Yes",3,7,7,8,2,8,4,7.5
"South East","Wave 14 - April 2021","Less often",3,3,4,4,4,5,2,"Yes",2,8,8,8,5,5,3.33333333333333,7.25
"Yorkshire and the Humber","Wave 14 - April 2021","Twice a week",4,4,4,4,4,4,3,"Yes",3,8,10,8,0,10,4,9
"South East","Wave 14 - April 2021","More than twice a week, but not every day",5,5,3,5,5,5,1,"Yes",2,4,5,4,8,2,4.33333333333333,3.75
"North West","Wave 14 - April 2021","Once a week",3,3,2,5,4,4,3,"Yes",4,8,8,6,5,5,2.66666666666667,6.75
"South West","Wave 14 - April 2021","Every day",3,5,4,5,5,5,3,"Yes",4,5,5,4,6,4,4,4.5
"South West","Wave 14 - April 2021","More than twice a week, but not every day",5,5,5,5,5,4,4,"Yes",2,7,7,8,3,7,5,7.25
"Yorkshire and the Humber","Wave 14 - April 2021","Every day",4,4,5,5,4,4,3,"Yes",2,8,8,8,4,6,4.33333333333333,7.5
"Yorkshire and the Humber","Wave 14 - April 2021","Every day",3,2,3,5,4,2,2,"Yes",1,8,8,5,0,10,2.66666666666667,7.75
"East Midlands","Wave 14 - April 2021","More than twice a week, but not every day",4,4,4,4,4,3,3,"Yes",4,6,6,6,6,4,4,5.5
"North West","Wave 14 - April 2021","More than twice a week, but not every day",4,4,4,4,4,1,2,"Yes",2,8,8,8,0,10,4,8.5
"North East","Wave 14 - April 2021","Every day",5,5,5,5,5,3,4,"Yes",2,7,10,8,0,10,5,8.75
"South East","Wave 14 - April 2021","Every day",5,5,5,5,5,3,4,"Yes",3,8,9,10,3,7,5,8.5
"South East","Wave 14 - April 2021","Every day",1,1,1,5,5,3,4,"Yes",3,6,8,8,4,6,1,7
"East Midlands","Wave 14 - April 2021","More than twice a week, but not every day",4,4,4,4,4,4,2,"Yes",2,8,7,9,0,10,4,8.5
"East","Wave 14 - April 2021","Twice a week",3,3,3,5,5,3,3,"Yes",2,5,5,6,0,10,3,6.5
"South East","Wave 14 - April 2021","More than twice a week, but not every day",2,3,4,4,4,3,3,"No",4,5,5,5,4,6,3,5.25
"North West","Wave 14 - April 2021","More than twice a week, but not every day",5,3,3,3,4,3,1,"Yes",2,7,7,7,0,10,3.66666666666667,7.75
"London","Wave 14 - April 2021","More than twice a week, but not every day",4,4,4,3,4,3,3,"Yes",2,6,8,6,6,4,4,6
"South East","Wave 14 - April 2021","Once a week",5,4,4,4,4,1,4,"Yes",2,8,9,8,9,1,4.33333333333333,6.5
"Yorkshire and the Humber","Wave 14 - April 2021","More than twice a week, but not every day",5,5,5,5,5,3,3,"Yes",2,7,7,8,5,5,5,6.75
"West Midlands","Wave 14 - April 2021","Once a week",5,5,5,4,3,1,2,"Yes",1,9,10,9,0,10,5,9.5
"North West","Wave 14 - April 2021","Every day",5,5,5,5,5,5,5,"Yes",2,8,8,9,0,10,5,8.75
"North West","Wave 15 - May 2021","Every day",5,5,5,5,3,3,3,"Yes",5,7,5,5,9,1,5,4.5
"Yorkshire and the Humber","Wave 15 - May 2021","Once or twice a month",4,4,4,4,4,4,4,"No",2,4,5,3,8,2,4,3.5
"South East","Wave 15 - May 2021","Once every 2-3 months",4,4,4,4,4,3,3,"Yes",4,8,9,9,3,7,4,8.25
"London","Wave 15 - May 2021","More than twice a week, but not every day",5,5,5,5,5,4,4,"Yes",2,8,9,8,0,10,5,8.75
"London","Wave 15 - May 2021","More than twice a week, but not every day",5,5,5,4,5,3,5,"Yes",1,10,10,10,5,5,5,8.75
"South East","Wave 15 - May 2021","Every day",4,4,4,2,3,2,3,"No",1,10,10,10,0,10,4,10
"South West","Wave 15 - May 2021","Once a week",4,4,5,4,4,3,4,"Yes",2,6,7,6,3,7,4.33333333333333,6.5
"South East","Wave 15 - May 2021","Every day",4,4,4,4,4,2,3,"Yes",2,7,7,7,2,8,4,7.25
"North West","Wave 15 - May 2021","Every day",4,5,3,5,3,4,2,"Yes",2,8,8,7,7,3,4,6.5
"West Midlands","Wave 15 - May 2021","More than twice a week, but not every day",5,4,5,5,5,3,5,"Yes",4,9,10,8,0,10,4.66666666666667,9.25
"North West","Wave 15 - May 2021","Twice a week",3,1,4,5,5,4,4,"Yes",4,6,7,8,7,3,2.66666666666667,6
"North West","Wave 15 - May 2021","Every day",4,4,4,4,4,3,2,"Yes",2,6,6,7,3,7,4,6.5
"North West","Wave 15 - May 2021","Every day",4,4,4,5,4,4,5,"Yes",1,7,8,7,0,10,4,8
"East Midlands","Wave 15 - May 2021","Once a week",3,3,2,4,4,3,3,"Yes",3,8,7,6,6,4,2.66666666666667,6.25
"Yorkshire and the Humber","Wave 15 - May 2021","Every day",4,4,4,4,4,2,2,"Yes",2,8,8,8,3,7,4,7.75
"South East","Wave 15 - May 2021","Twice a week",4,4,3,3,2,2,1,"No",2,8,8,8,9,1,3.66666666666667,6.25
"East Midlands","Wave 15 - May 2021","Once or twice a month",4,3,3,4,4,3,3,"Yes",4,4,5,1,8,2,3.33333333333333,3
"East","Wave 15 - May 2021","Twice a week",4,3,3,4,4,3,2,"No",3,6,6,5,4,6,3.33333333333333,5.75
"South East","Wave 15 - May 2021","Twice a week",1,4,4,5,5,3,3,"Yes",3,7,3,7,3,7,3,6
"South East","Wave 15 - May 2021","Once or twice a month",1,4,5,5,5,4,3,"Yes",5,10,10,10,10,0,3.33333333333333,7.5
"South West","Wave 15 - May 2021","Less often",2,4,4,4,4,4,4,"Yes",3,8,8,7,8,2,3.33333333333333,6.25
"East Midlands","Wave 15 - May 2021","Every day",4,1,2,5,5,5,5,"Yes",4,7,9,9,8,2,2.33333333333333,6.75
"South East","Wave 15 - May 2021","More than twice a week, but not every day",4,4,4,5,5,4,5,"Yes",3,5,5,5,5,5,4,5
"East","Wave 15 - May 2021","Once or twice a month",4,4,4,4,4,3,1,"Yes",2,8,8,8,2,8,4,8
"East","Wave 15 - May 2021","Every day",4,5,4,5,4,4,4,"Yes",5,7,7,8,8,2,4.33333333333333,6
"Yorkshire and the Humber","Wave 15 - May 2021","More than twice a week, but not every day",3,5,5,5,5,5,5,"Yes",1,10,10,10,0,10,4.33333333333333,10
"South East","Wave 15 - May 2021","Once a week",2,1,5,5,5,3,5,"Yes",3,3,5,4,8,2,2.66666666666667,3.5
"South East","Wave 15 - May 2021","More than twice a week, but not every day",5,4,4,5,5,3,3,"Yes",3,7,7,8,2,8,4.33333333333333,7.5
"West Midlands","Wave 15 - May 2021","More than twice a week, but not every day",5,4,4,5,5,3,4,"Yes",4,7,9,6,3,7,4.33333333333333,7.25
"East Midlands","Wave 15 - May 2021","Twice a week",4,4,4,3,4,4,3,"Yes",4,4,4,4,6,4,4,4
"South East","Wave 15 - May 2021","More than twice a week, but not every day",5,5,5,5,5,5,5,"Yes",2,7,7,7,3,7,5,7
"Yorkshire and the Humber","Wave 15 - May 2021","Every day",5,5,5,4,4,3,3,"Yes",2,8,8,9,1,9,5,8.5
"West Midlands","Wave 15 - May 2021","Every day",4,3,3,4,4,2,4,"Yes",3,6,6,5,8,2,3.33333333333333,4.75
"West Midlands","Wave 15 - May 2021","More than twice a week, but not every day",4,5,4,5,5,3,5,"Yes",4,6,8,5,5,5,4.33333333333333,6
"Yorkshire and the Humber","Wave 15 - May 2021","More than twice a week, but not every day",4,4,4,4,4,3,3,"Yes",2,9,9,10,0,10,4,9.5
"East","Wave 15 - May 2021","Every day",4,4,4,5,5,3,3,"Yes",1,9,10,9,2,8,4,9
"East Midlands","Wave 15 - May 2021","Less often",4,5,5,5,5,3,3,"Yes",2,8,9,8,2,8,4.66666666666667,8.25
"North West","Wave 15 - May 2021","Twice a week",5,4,4,4,4,3,3,"Yes",2,5,7,2,2,8,4.33333333333333,5.5
"South East","Wave 15 - May 2021","Twice a week",5,4,5,4,4,2,2,"No",1,8,8,8,0,10,4.66666666666667,8.5
"West Midlands","Wave 15 - May 2021","Once or twice a month",4,3,4,5,5,4,4,"Yes",4,3,2,3,2,8,3.66666666666667,4
"Yorkshire and the Humber","Wave 15 - May 2021","Once or twice a month",1,1,1,4,5,3,4,"Yes",3,6,7,6,2,8,1,6.75
"Yorkshire and the Humber","Wave 15 - May 2021","More than twice a week, but not every day",4,4,4,5,5,3,4,"Yes",4,5,7,7,4,6,4,6.25
"South East","Wave 15 - May 2021","More than twice a week, but not every day",5,4,4,4,4,3,3,"Yes",4,7,8,7,4,6,4.33333333333333,7
"East Midlands","Wave 15 - May 2021","Every day",5,4,4,4,4,2,3,"Yes",1,8,7,8,2,8,4.33333333333333,7.75
"North West","Wave 15 - May 2021","More than twice a week, but not every day",5,4,4,5,5,3,2,"Yes",3,8,8,7,3,7,4.33333333333333,7.5
"Yorkshire and the Humber","Wave 15 - May 2021","Twice a week",4,5,5,4,4,4,3,"Yes",4,5,6,4,6,4,4.66666666666667,4.75
"East","Wave 15 - May 2021","Once or twice a month",5,4,5,3,4,3,2,"Yes",3,7,8,3,5,5,4.66666666666667,5.75
"London","Wave 15 - May 2021","More than twice a week, but not every day",5,5,4,5,5,4,4,"Yes",2,7,7,6,3,7,4.66666666666667,6.75
"East","Wave 15 - May 2021","Once a week",4,3,4,5,5,2,3,"Yes",1,3,4,3,5,5,3.66666666666667,3.75
"London","Wave 15 - May 2021","Once or twice a month",3,1,1,5,5,3,3,"Yes",3,4,5,4,8,2,1.66666666666667,3.75
"East Midlands","Wave 15 - May 2021","Every day",3,4,4,4,5,2,4,"Yes",4,7,5,5,7,3,3.66666666666667,5
"West Midlands","Wave 15 - May 2021","More than twice a week, but not every day",1,1,1,5,5,3,4,"Yes",4,7,3,6,6,4,1,5
"West Midlands","Wave 15 - May 2021","Once a week",4,4,4,4,4,3,5,"Yes",4,6,7,6,2,8,4,6.75
"North East","Wave 15 - May 2021","Twice a week",4,4,4,4,4,3,5,"Yes",2,8,8,8,5,5,4,7.25
"South West","Wave 15 - May 2021","More than twice a week, but not every day",1,1,4,5,5,5,5,"Yes",1,10,10,10,0,10,2,10
"London","Wave 15 - May 2021","More than twice a week, but not every day",3,4,4,5,5,3,2,"Yes",3,6,6,5,4,6,3.66666666666667,5.75
"Yorkshire and the Humber","Wave 15 - May 2021","Once or twice a month",5,4,4,4,4,3,1,"Yes",2,6,8,7,1,9,4.33333333333333,7.5
"South East","Wave 15 - May 2021","More than twice a week, but not every day",4,4,4,4,4,3,4,"No",4,5,5,3,3,7,4,5
"South East","Wave 15 - May 2021","Twice a week",4,4,4,5,5,3,1,"No",4,7,8,7,3,7,4,7.25
"South East","Wave 15 - May 2021","More than twice a week, but not every day",4,4,4,3,4,2,2,"No",1,10,10,10,0,10,4,10
"South East","Wave 15 - May 2021","Once every 2-3 months",1,1,1,5,5,3,3,"Yes",1,8,8,8,0,10,1,8.5
"South East","Wave 15 - May 2021","Every day",1,1,1,5,5,3,4,"Yes",1,8,7,9,1,9,1,8.25
"South East","Wave 15 - May 2021","Every day",4,4,4,4,4,4,4,"Yes",2,7,8,7,7,3,4,6.25
"North West","Wave 15 - May 2021","More than twice a week, but not every day",4,4,3,5,5,3,3,"Yes",3,2,5,5,2,8,3.66666666666667,5
"North East","Wave 15 - May 2021","Once a week",3,4,4,4,4,3,2,"Yes",4,7,6,6,8,2,3.66666666666667,5.25
"East Midlands","Wave 15 - May 2021","Every day",4,5,5,4,4,3,2,"Yes",2,7,8,8,1,9,4.66666666666667,8
"North West","Wave 15 - May 2021","More than twice a week, but not every day",4,4,3,4,4,5,4,"No",4,6,8,8,4,6,3.66666666666667,7
"London","Wave 15 - May 2021","Every day",3,4,5,4,4,2,1,"Yes",3,1,2,5,3,7,4,3.75
"East","Wave 15 - May 2021","Less often",5,3,4,2,4,3,3,"Yes",4,4,6,5,8,2,4,4.25
"London","Wave 15 - May 2021","Once or twice a month",1,4,3,4,4,3,3,"Yes",2,7,9,10,1,9,2.66666666666667,8.75
"West Midlands","Wave 15 - May 2021","Every day",1,5,5,5,5,4,1,"Yes",1,5,5,5,5,5,3.66666666666667,5
"South East","Wave 15 - May 2021","Every day",5,5,5,5,5,3,5,"Yes",3,2,2,2,8,2,5,2
"Yorkshire and the Humber","Wave 15 - May 2021","Twice a week",4,5,5,5,5,4,5,"Yes",2,8,8,8,2,8,4.66666666666667,8
"North West","Wave 15 - May 2021","More than twice a week, but not every day",1,1,1,4,4,3,3,"Yes",4,7,7,6,6,4,1,6
"Yorkshire and the Humber","Wave 15 - May 2021","More than twice a week, but not every day",5,4,4,5,4,3,3,"Yes",2,8,10,9,0,10,4.33333333333333,9.25
"London","Wave 15 - May 2021","More than twice a week, but not every day",4,5,4,4,4,3,1,"Yes",4,7,7,6,0,10,4.33333333333333,7.5
"East Midlands","Wave 15 - May 2021","Every day",1,1,1,5,5,4,5,"Yes",1,7,9,10,0,10,1,9
"South East","Wave 15 - May 2021","Once a week",5,4,4,4,4,3,2,"Yes",2,7,8,4,3,7,4.33333333333333,6.5
"North West","Wave 15 - May 2021","Once or twice a month",4,4,5,3,3,3,3,"Yes",2,7,8,8,1,9,4.33333333333333,8
"South West","Wave 15 - May 2021","Every day",2,4,2,5,4,4,5,"Yes",5,3,3,2,7,3,2.66666666666667,2.75
"North East","Wave 15 - May 2021","More than twice a week, but not every day",1,1,1,5,5,4,3,"Yes",1,9,9,8,0,10,1,9
"South East","Wave 15 - May 2021","More than twice a week, but not every day",4,4,5,4,4,4,4,"Yes",2,7,7,6,5,5,4.33333333333333,6.25
"West Midlands","Wave 15 - May 2021","Twice a week",1,5,4,5,4,3,3,"Yes",5,5,5,6,5,5,3.33333333333333,5.25
"North West","Wave 15 - May 2021","Twice a week",3,4,4,3,4,2,2,"No",3,5,5,7,10,0,3.66666666666667,4.25
"North West","Wave 15 - May 2021","Once a week",2,4,5,4,5,2,3,"Yes",4,6,6,7,5,5,3.66666666666667,6
"South East","Wave 15 - May 2021","More than twice a week, but not every day",5,4,5,5,5,4,4,"Yes",2,6,7,7,8,2,4.66666666666667,5.5
"East","Wave 15 - May 2021","Once or twice a month",5,5,5,5,4,3,3,"Yes",2,7,8,9,0,10,5,8.5
"South East","Wave 15 - May 2021","Once every 2-3 months",2,3,2,4,4,2,2,"Yes",2,7,7,7,1,9,2.33333333333333,7.5
"North West","Wave 15 - May 2021","Twice a week",4,3,3,5,5,2,5,"Yes",3,7,5,7,2,8,3.33333333333333,6.75
"East","Wave 16 - June 2021","More than twice a week, but not every day",4,4,3,4,4,2,3,"Yes",4,8,9,10,0,10,3.66666666666667,9.25
"East","Wave 16 - June 2021","Once a week",5,5,5,5,5,4,4,"Yes",3,5,9,7,7,3,5,6
"East","Wave 16 - June 2021","Every day",1,1,1,4,4,3,2,"Yes",3,7,5,7,2,8,1,6.75
"Yorkshire and the Humber","Wave 16 - June 2021","More than twice a week, but not every day",5,5,5,5,5,2,3,"Yes",4,6,8,7,6,4,5,6.25
"West Midlands","Wave 16 - June 2021","More than twice a week, but not every day",5,5,5,5,5,4,4,"Yes",2,7,8,8,0,10,5,8.25
"East Midlands","Wave 16 - June 2021","More than twice a week, but not every day",1,1,1,4,5,1,1,"Yes",4,5,6,6,1,9,1,6.5
"East","Wave 16 - June 2021","Once a week",4,3,4,4,4,5,5,"Yes",2,8,8,7,4,6,3.66666666666667,7.25
"North East","Wave 16 - June 2021","More than twice a week, but not every day",2,1,4,5,5,4,3,"Yes",4,4,5,9,2,8,2.33333333333333,6.5
"South East","Wave 16 - June 2021","More than twice a week, but not every day",5,5,5,4,5,2,2,"Yes",2,7,7,9,0,10,5,8.25
"East Midlands","Wave 16 - June 2021","More than twice a week, but not every day",5,5,5,5,4,3,3,"Yes",4,5,6,5,5,5,5,5.25
"West Midlands","Wave 16 - June 2021","More than twice a week, but not every day",1,5,5,5,5,5,3,"Yes",5,2,4,5,8,2,3.66666666666667,3.25
"London","Wave 16 - June 2021","Once a week",1,1,1,4,5,3,2,"Yes",2,8,8,9,1,9,1,8.5
"London","Wave 16 - June 2021","Every day",3,4,3,3,3,4,4,"Yes",1,9,9,9,10,0,3.33333333333333,6.75
"East Midlands","Wave 16 - June 2021","More than twice a week, but not every day",4,4,4,3,4,4,3,"Yes",3,8,8,9,1,9,4,8.5
"North West","Wave 16 - June 2021","Twice a week",4,4,4,4,4,4,4,"Yes",3,4,4,5,1,9,4,5.5
"East Midlands","Wave 16 - June 2021","More than twice a week, but not every day",5,5,5,5,5,3,4,"Yes",4,7,9,7,1,9,5,8
"East","Wave 16 - June 2021","Once a week",1,1,1,5,5,4,5,"Yes",2,10,10,10,0,10,1,10
"London","Wave 16 - June 2021","Once or twice a month",4,3,3,4,5,1,3,"Yes",4,5,5,4,5,5,3.33333333333333,4.75
"South West","Wave 16 - June 2021","Every day",5,5,4,5,5,3,3,"Yes",1,7,8,7,0,10,4.66666666666667,8
"London","Wave 16 - June 2021","Every day",5,5,3,5,5,5,4,"Yes",3,7,5,7,3,7,4.33333333333333,6.5
"South East","Wave 16 - June 2021","More than twice a week, but not every day",3,3,3,4,4,1,3,"No",2,7,10,9,2,8,3,8.5
"Yorkshire and the Humber","Wave 16 - June 2021","Every day",5,4,4,5,5,3,4,"Yes",2,8,7,9,1,9,4.33333333333333,8.25
"North East","Wave 16 - June 2021","Twice a week",2,3,3,4,4,3,3,"No",1,7,7,7,6,4,2.66666666666667,6.25
"North East","Wave 16 - June 2021","Once every 2-3 months",4,4,4,4,4,4,3,"Yes",5,7,5,8,8,2,4,5.5
"Yorkshire and the Humber","Wave 16 - June 2021","More than twice a week, but not every day",1,4,4,4,5,4,3,"Yes",1,8,8,9,3,7,3,8
"South East","Wave 16 - June 2021","Every day",5,5,4,4,4,4,3,"Yes",1,9,10,10,0,10,4.66666666666667,9.75
"South West","Wave 16 - June 2021","Less often",4,5,4,4,4,3,3,"Yes",2,8,8,7,7,3,4.33333333333333,6.5
"North West","Wave 16 - June 2021","Twice a week",4,4,4,4,4,3,2,"Yes",4,4,4,4,6,4,4,4
"East Midlands","Wave 16 - June 2021","More than twice a week, but not every day",5,4,3,5,4,4,3,"Yes",2,8,7,9,0,10,4,8.5
"West Midlands","Wave 16 - June 2021","Every day",5,5,4,5,5,4,4,"Yes",4,6,7,4,7,3,4.66666666666667,5
"London","Wave 16 - June 2021","Once or twice a month",4,4,5,5,5,4,3,"Yes",5,7,7,7,6,4,4.33333333333333,6.25
"South West","Wave 16 - June 2021","Twice a week",5,5,5,5,4,4,4,"Yes",2,6,9,7,0,10,5,8
"East","Wave 16 - June 2021","Twice a week",2,3,3,4,4,5,5,"Yes",4,7,7,7,8,2,2.66666666666667,5.75
"South East","Wave 16 - June 2021","Every day",5,4,4,5,5,3,3,"Yes",5,6,7,7,6,4,4.33333333333333,6
"East","Wave 16 - June 2021","More than twice a week, but not every day",5,5,5,4,4,4,3,"Yes",5,5,3,3,6,4,5,3.75
"London","Wave 16 - June 2021","Once or twice a month",1,2,2,2,4,1,2,"Yes",3,9,10,4,5,5,1.66666666666667,7
"Yorkshire and the Humber","Wave 16 - June 2021","Twice a week",4,4,4,5,5,3,4,"Yes",4,4,6,5,4,6,4,5.25
"Yorkshire and the Humber","Wave 16 - June 2021","Every day",5,5,5,5,4,3,5,"Yes",1,7,8,7,2,8,5,7.5
"Yorkshire and the Humber","Wave 16 - June 2021","Twice a week",1,2,1,4,4,3,4,"Yes",5,2,2,1,10,0,1.33333333333333,1.25
"West Midlands","Wave 16 - June 2021","Twice a week",5,5,5,5,5,2,4,"Yes",2,6,5,6,1,9,5,6.5
"West Midlands","Wave 16 - June 2021","More than twice a week, but not every day",4,4,4,3,4,4,5,"Yes",5,5,6,7,8,2,4,5
"South West","Wave 16 - June 2021","Twice a week",4,3,4,4,4,4,4,"Yes",2,5,9,8,8,2,3.66666666666667,6
"South West","Wave 16 - June 2021","Once a week",4,4,4,5,5,4,3,"Yes",2,8,8,8,2,8,4,8
"South East","Wave 16 - June 2021","Once or twice a month",5,5,5,5,5,1,3,"Yes",3,0,6,4,4,6,5,4
"South West","Wave 16 - June 2021","Every day",4,3,4,5,5,4,5,"Yes",5,3,1,4,5,5,3.66666666666667,3.25
"West Midlands","Wave 16 - June 2021","More than twice a week, but not every day",2,4,4,5,4,3,4,"Yes",3,6,7,10,2,8,3.33333333333333,7.75
"East","Wave 16 - June 2021","Every day",1,1,1,5,5,5,5,"Yes",3,6,8,8,8,2,1,6
"North East","Wave 16 - June 2021","Every day",5,5,5,5,4,5,4,"Yes",3,9,9,10,10,0,5,7
"London","Wave 16 - June 2021","Twice a week",3,3,3,4,5,3,3,"Yes",2,9,8,10,0,10,3,9.25
"East","Wave 16 - June 2021","Twice a week",5,4,3,5,5,4,5,"Yes",2,6,8,8,3,7,4,7.25
"South East","Wave 16 - June 2021","More than twice a week, but not every day",5,5,5,5,5,4,4,"Yes",4,6,7,5,8,2,5,5
"East","Wave 16 - June 2021","Twice a week",4,4,4,4,4,3,2,"No",1,6,5,7,0,10,4,7
"East","Wave 16 - June 2021","More than twice a week, but not every day",1,1,1,4,4,2,5,"Yes",2,5,5,5,2,8,1,5.75
"South East","Wave 16 - June 2021","Once or twice a month",2,4,4,4,4,5,2,"Yes",2,8,10,10,0,10,3.33333333333333,9.5
"London","Wave 16 - June 2021","Twice a week",5,3,4,5,4,5,4,"Yes",5,4,3,3,4,6,4,4
"South West","Wave 16 - June 2021","Less often",2,4,4,4,5,3,3,"Yes",3,8,7,9,1,9,3.33333333333333,8.25
"South East","Wave 16 - June 2021","More than twice a week, but not every day",5,4,5,4,4,4,2,"No",1,8,8,8,0,10,4.66666666666667,8.5
"Yorkshire and the Humber","Wave 16 - June 2021","More than twice a week, but not every day",2,2,4,4,4,3,4,"No",4,6,4,5,5,5,2.66666666666667,5
"North West","Wave 16 - June 2021","More than twice a week, but not every day",5,5,5,5,4,4,4,"Yes",2,7,8,7,0,10,5,8
"Yorkshire and the Humber","Wave 16 - June 2021","Every day",4,4,4,4,4,3,3,"Yes",1,6,6,8,4,6,4,6.5
"South East","Wave 16 - June 2021","More than twice a week, but not every day",4,4,4,4,4,4,2,"Yes",2,6,6,6,2,8,4,6.5
"North East","Wave 16 - June 2021","Every day",4,4,4,5,5,5,5,"Yes",1,7,7,7,0,10,4,7.75
"North West","Wave 16 - June 2021","More than twice a week, but not every day",2,1,2,4,4,4,3,"No",3,7,7,8,2,8,1.66666666666667,7.5
"West Midlands","Wave 16 - June 2021","More than twice a week, but not every day",5,5,5,5,5,5,5,"Yes",5,0,0,0,10,0,5,0
"East Midlands","Wave 16 - June 2021","Twice a week",5,4,4,5,5,4,3,"Yes",2,7,9,10,1,9,4.33333333333333,8.75
"London","Wave 16 - June 2021","More than twice a week, but not every day",2,1,1,4,4,1,1,"No",5,1,4,2,4,6,1.33333333333333,3.25
"London","Wave 16 - June 2021","More than twice a week, but not every day",5,2,2,4,4,4,3,"Yes",4,5,5,5,6,4,3,4.75
"South West","Wave 16 - June 2021","Twice a week",5,4,3,4,4,3,1,"Yes",4,5,4,7,7,3,4,4.75
"South East","Wave 16 - June 2021","Every day",5,5,5,5,5,5,5,"Yes",2,7,7,7,5,5,5,6.5
"North West","Wave 16 - June 2021","Every day",5,5,5,5,4,3,5,"Yes",2,9,8,9,0,10,5,9
"Yorkshire and the Humber","Wave 16 - June 2021","More than twice a week, but not every day",1,1,1,5,5,3,5,"Yes",2,8,10,9,1,9,1,9
"South East","Wave 16 - June 2021","Once every 2-3 months",2,4,4,4,4,2,3,"Yes",1,9,0,9,0,10,3.33333333333333,7
"South East","Wave 16 - June 2021","Every day",3,4,4,5,5,3,4,"Yes",3,7,7,7,3,7,3.66666666666667,7
"London","Wave 16 - June 2021","More than twice a week, but not every day",1,1,5,3,3,3,4,"Yes",3,5,5,5,5,5,2.33333333333333,5
"Yorkshire and the Humber","Wave 16 - June 2021","More than twice a week, but not every day",5,4,4,1,2,2,1,"No",2,8,10,8,0,10,4.33333333333333,9
"North West","Wave 16 - June 2021","Twice a week",4,5,5,5,5,3,4,"Yes",3,6,7,8,1,9,4.66666666666667,7.5
"London","Wave 16 - June 2021","More than twice a week, but not every day",5,5,4,4,4,1,4,"Yes",5,5,4,3,8,2,4.66666666666667,3.5
"London","Wave 16 - June 2021","Twice a week",4,5,4,5,5,5,4,"Yes",1,7,10,9,3,7,4.33333333333333,8.25
"North West","Wave 16 - June 2021","Once a week",2,2,5,4,5,5,4,"Yes",4,6,6,4,7,3,3,4.75
"Yorkshire and the Humber","Wave 16 - June 2021","Every day",5,5,5,5,5,4,3,"Yes",5,10,10,10,6,4,5,8.5
"South East","Wave 16 - June 2021","Once a week",5,4,5,4,4,4,3,"Yes",2,7,8,8,1,9,4.66666666666667,8
"South East","Wave 16 - June 2021","Once a week",4,4,4,4,4,4,4,"Yes",4,7,7,7,3,7,4,7
"South East","Wave 16 - June 2021","Every day",4,4,4,4,4,4,4,"Yes",4,6,6,9,2,8,4,7.25
"London","Wave 16 - June 2021","Every day",5,5,5,5,5,5,5,"Yes",5,10,10,10,10,0,5,7.5
"South East","Wave 16 - June 2021","Every day",4,3,4,4,3,2,3,"Yes",5,4,4,7,2,8,3.66666666666667,5.75
"South East","Wave 16 - June 2021","More than twice a week, but not every day",4,4,5,4,4,3,3,"Yes",3,7,7,8,3,7,4.33333333333333,7.25
"London","Wave 16 - June 2021","More than twice a week, but not every day",4,4,4,5,4,1,3,"Yes",3,6,7,6,3,7,4,6.5
"North West","Wave 16 - June 2021","Every day",1,5,4,4,4,4,3,"No",4,7,7,7,7,3,3.33333333333333,6
"South East","Wave 16 - June 2021","More than twice a week, but not every day",5,5,5,4,5,4,5,"No",3,8,8,8,8,2,5,6.5
"East","Wave 16 - June 2021","Once or twice a month",4,4,4,5,5,3,4,"Yes",3,7,7,7,6,4,4,6.25
"South West","Wave 16 - June 2021","Less often",4,5,5,4,3,3,2,"Yes",3,5,5,5,5,5,4.66666666666667,5
"North East","Wave 16 - June 2021","More than twice a week, but not every day",4,4,4,4,4,4,4,"Yes",4,6,6,5,5,5,4,5.5
"North West","Wave 16 - June 2021","More than twice a week, but not every day",4,5,4,5,4,5,5,"Yes",1,9,10,10,0,10,4.33333333333333,9.75
"West Midlands","Wave 16 - June 2021","More than twice a week, but not every day",4,4,4,4,4,3,2,"No",1,7,8,8,2,8,4,7.75
"East","Wave 17 - July 2021","More than twice a week, but not every day",5,4,4,4,4,2,3,"Yes",2,10,10,10,0,10,4.33333333333333,10
"South East","Wave 17 - July 2021","Twice a week",4,4,4,5,4,3,3,"Yes",5,3,4,3,8,2,4,3
"West Midlands","Wave 17 - July 2021","Once every 2-3 months",4,4,3,4,4,2,3,"Yes",4,5,4,3,3,7,3.66666666666667,4.75
"West Midlands","Wave 17 - July 2021","Every day",5,5,5,5,5,4,4,"Yes",1,9,10,10,0,10,5,9.75
"East","Wave 17 - July 2021","Twice a week",4,4,2,5,4,4,5,"Yes",3,7,7,6,8,2,3.33333333333333,5.5
"East","Wave 17 - July 2021","More than twice a week, but not every day",4,5,5,5,5,4,4,"Yes",4,5,5,6,2,8,4.66666666666667,6
"East Midlands","Wave 17 - July 2021","More than twice a week, but not every day",5,5,3,4,5,4,3,"Yes",3,5,5,5,5,5,4.33333333333333,5
"East Midlands","Wave 17 - July 2021","Once a week",5,4,4,4,4,2,2,"Yes",4,6,3,5,3,7,4.33333333333333,5.25
"East","Wave 17 - July 2021","More than twice a week, but not every day",3,2,4,4,4,3,3,"Yes",4,6,6,7,4,6,3,6.25
"East","Wave 17 - July 2021","Every day",4,4,4,2,2,2,1,"Yes",1,7,9,7,0,10,4,8.25
"North West","Wave 17 - July 2021","More than twice a week, but not every day",2,4,4,5,5,5,4,"Yes",2,2,1,5,5,5,3.33333333333333,3.25
"East","Wave 17 - July 2021","Every day",1,1,1,5,5,2,5,"Yes",3,8,10,9,1,9,1,9
"South East","Wave 17 - July 2021","Every day",5,5,5,4,4,1,4,"Yes",1,9,8,7,3,7,5,7.75
"London","Wave 17 - July 2021","More than twice a week, but not every day",4,4,4,4,4,3,3,"Yes",4,6,5,4,5,5,4,5
"East","Wave 17 - July 2021","Once a week",4,4,3,5,5,4,3,"Yes",4,7,8,8,2,8,3.66666666666667,7.75
"East","Wave 17 - July 2021","Once a week",5,5,5,5,5,3,3,"Yes",1,9,9,9,0,10,5,9.25
"North East","Wave 17 - July 2021","More than twice a week, but not every day",4,4,4,5,5,3,3,"Yes",1,8,9,9,0,10,4,9
"Yorkshire and the Humber","Wave 17 - July 2021","More than twice a week, but not every day",1,1,1,4,4,2,3,"Yes",4,2,2,2,0,10,1,4
"South East","Wave 17 - July 2021","Every day",4,4,4,4,4,2,1,"No",5,8,7,7,5,5,4,6.75
"East","Wave 17 - July 2021","Every day",5,5,5,5,3,3,3,"Yes",2,7,7,7,2,8,5,7.25
"West Midlands","Wave 17 - July 2021","More than twice a week, but not every day",5,5,5,4,4,5,3,"Yes",4,8,7,6,8,2,5,5.75
"Yorkshire and the Humber","Wave 17 - July 2021","Once every 2-3 months",4,4,4,2,3,3,1,"Yes",2,4,5,4,2,8,4,5.25
"East","Wave 17 - July 2021","Once a week",4,4,4,4,4,3,2,"Yes",3,10,10,10,0,10,4,10
"East Midlands","Wave 17 - July 2021","Twice a week",4,4,4,3,3,3,1,"No",4,6,7,6,4,6,4,6.25
"South East","Wave 17 - July 2021","More than twice a week, but not every day",5,4,4,4,4,3,3,"Yes",4,7,8,7,7,3,4.33333333333333,6.25
"East","Wave 17 - July 2021","Twice a week",5,4,5,5,5,4,4,"Yes",2,8,7,8,1,9,4.66666666666667,8
"South West","Wave 17 - July 2021","Once a week",4,3,4,3,4,4,3,"Yes",4,6,5,5,3,7,3.66666666666667,5.75
"London","Wave 17 - July 2021","More than twice a week, but not every day",5,5,5,5,5,5,3,"Yes",3,9,9,9,1,9,5,9
"South East","Wave 17 - July 2021","Every day",5,5,5,4,4,2,3,"Yes",1,8,10,9,1,9,5,9
"West Midlands","Wave 17 - July 2021","More than twice a week, but not every day",5,5,5,5,5,2,5,"Yes",2,10,10,10,1,9,5,9.75
"London","Wave 17 - July 2021","Twice a week",1,1,1,5,5,1,3,"Yes",2,5,5,1,5,5,1,4
"North West","Wave 17 - July 2021","More than twice a week, but not every day",4,4,3,5,5,3,3,"Yes",1,9,10,10,10,0,3.66666666666667,7.25
"South East","Wave 17 - July 2021","More than twice a week, but not every day",5,4,5,5,5,4,3,"Yes",2,8,8,9,1,9,4.66666666666667,8.5
"South West","Wave 17 - July 2021","More than twice a week, but not every day",5,5,5,5,5,3,5,"Yes",3,7,7,8,5,5,5,6.75
"West Midlands","Wave 17 - July 2021","Once a week",4,4,4,5,5,3,3,"Yes",3,6,6,2,7,3,4,4.25
"South East","Wave 17 - July 2021","Less often",5,5,4,4,4,5,2,"Yes",2,8,9,9,0,10,4.66666666666667,9
"London","Wave 17 - July 2021","Once a week",5,5,5,3,3,2,3,"Yes",2,8,7,7,2,8,5,7.5
"North West","Wave 17 - July 2021","Less often",4,3,3,5,4,3,4,"Yes",2,8,7,6,1,9,3.33333333333333,7.5
"North West","Wave 17 - July 2021","More than twice a week, but not every day",4,4,4,4,4,4,4,"Yes",3,8,8,10,0,10,4,9
"South East","Wave 17 - July 2021","More than twice a week, but not every day",1,4,4,4,4,3,3,"Yes",2,8,5,8,3,7,3,7
"South East","Wave 17 - July 2021","More than twice a week, but not every day",5,5,5,5,5,4,4,"Yes",3,9,10,9,0,10,5,9.5
"London","Wave 17 - July 2021","Twice a week",5,4,5,5,5,3,4,"Yes",2,8,8,7,7,3,4.66666666666667,6.5
"North West","Wave 17 - July 2021","More than twice a week, but not every day",1,1,1,5,4,5,5,"Yes",4,9,10,10,10,0,1,7.25
"North East","Wave 17 - July 2021","More than twice a week, but not every day",5,5,5,5,5,5,5,"Yes",1,8,10,8,0,10,5,9
"North West","Wave 17 - July 2021","Twice a week",4,5,4,5,5,5,5,"Yes",1,7,8,7,0,10,4.33333333333333,8
"North West","Wave 17 - July 2021","Every day",5,4,4,5,5,3,3,"Yes",1,10,8,10,0,10,4.33333333333333,9.5
"East","Wave 17 - July 2021","Every day",1,1,1,5,5,3,4,"Yes",2,7,7,6,3,7,1,6.75
"North West","Wave 17 - July 2021","More than twice a week, but not every day",5,5,5,5,5,3,3,"Yes",4,3,3,3,0,10,5,4.75
"London","Wave 17 - July 2021","More than twice a week, but not every day",5,5,5,5,5,5,5,"Yes",1,9,9,7,2,8,5,8.25
"London","Wave 17 - July 2021","Every day",4,5,4,5,5,2,4,"Yes",1,7,7,7,3,7,4.33333333333333,7
"East","Wave 17 - July 2021","Once or twice a month",2,3,4,4,4,3,4,"No",4,2,4,4,6,4,3,3.5
"North West","Wave 17 - July 2021","Twice a week",5,5,5,5,5,3,5,"No",4,3,2,3,3,7,5,3.75
"West Midlands","Wave 17 - July 2021","More than twice a week, but not every day",4,5,5,5,4,4,4,"Yes",1,9,9,9,9,1,4.66666666666667,7
"London","Wave 17 - July 2021","Every day",4,4,3,4,4,5,2,"Yes",3,8,8,7,0,10,3.66666666666667,8.25
"South West","Wave 17 - July 2021","More than twice a week, but not every day",4,3,5,4,4,4,3,"Yes",1,5,10,7,0,10,4,8
"South West","Wave 17 - July 2021","More than twice a week, but not every day",4,5,4,4,5,5,5,"Yes",1,7,6,7,8,2,4.33333333333333,5.5
"North West","Wave 17 - July 2021","Every day",3,3,2,4,4,5,4,"Yes",4,4,3,4,3,7,2.66666666666667,4.5
"North East","Wave 17 - July 2021","Once or twice a month",4,4,4,4,4,3,3,"Yes",3,7,8,5,6,4,4,6
"South West","Wave 17 - July 2021","More than twice a week, but not every day",1,1,1,5,2,3,5,"Yes",4,10,6,9,0,10,1,8.75
"London","Wave 17 - July 2021","More than twice a week, but not every day",1,3,3,5,5,4,5,"Yes",1,6,7,8,2,8,2.33333333333333,7.25
"South West","Wave 17 - July 2021","More than twice a week, but not every day",4,4,4,5,5,4,3,"Yes",2,6,7,7,3,7,4,6.75
"North West","Wave 17 - July 2021","Every day",4,3,2,3,4,4,2,"Yes",2,8,10,9,4,6,3,8.25
"London","Wave 17 - July 2021","Every day",5,5,5,5,5,4,4,"Yes",1,8,9,9,1,9,5,8.75
"South West","Wave 17 - July 2021","Every day",2,1,3,5,1,3,5,"Yes",4,7,6,9,2,8,2,7.5
"East Midlands","Wave 17 - July 2021","Once a week",4,4,5,4,4,3,4,"Yes",3,8,8,8,9,1,4.33333333333333,6.25
"West Midlands","Wave 17 - July 2021","Once or twice a month",5,4,4,4,4,3,1,"Yes",5,6,6,5,8,2,4.33333333333333,4.75
"East Midlands","Wave 17 - July 2021","Twice a week",4,4,4,4,5,3,4,"Yes",5,3,4,3,6,4,4,3.5
"West Midlands","Wave 17 - July 2021","More than twice a week, but not every day",1,1,1,4,4,2,3,"Yes",4,4,4,5,3,7,1,5
"London","Wave 17 - July 2021","Once every 2-3 months",1,3,4,5,4,3,3,"Yes",4,6,5,4,5,5,2.66666666666667,5
"East","Wave 17 - July 2021","More than twice a week, but not every day",5,5,5,5,4,2,2,"Yes",2,9,7,9,3,7,5,8
"East Midlands","Wave 17 - July 2021","More than twice a week, but not every day",2,4,4,4,5,4,5,"Yes",4,4,5,7,3,7,3.33333333333333,5.75
"Yorkshire and the Humber","Wave 17 - July 2021","Once a week",4,4,3,4,4,2,2,"Yes",4,2,2,3,7,3,3.66666666666667,2.5
"East Midlands","Wave 17 - July 2021","Every day",4,3,4,4,4,5,2,"No",1,9,10,10,0,10,3.66666666666667,9.75
"East","Wave 17 - July 2021","More than twice a week, but not every day",5,5,5,5,5,4,4,"Yes",3,10,10,10,10,0,5,7.5
"Yorkshire and the Humber","Wave 17 - July 2021","Every day",5,4,5,5,4,4,3,"Yes",5,10,10,10,10,0,4.66666666666667,7.5
"South East","Wave 17 - July 2021","Once a week",2,4,3,5,5,5,4,"Yes",1,7,5,4,7,3,3,4.75
"East","Wave 17 - July 2021","Once or twice a month",5,5,5,5,5,2,3,"Yes",3,6,10,10,0,10,5,9
"London","Wave 17 - July 2021","Every day",4,5,3,5,4,4,3,"Yes",5,4,4,6,0,10,4,6
"West Midlands","Wave 17 - July 2021","Once a week",5,4,4,5,4,3,5,"Yes",4,7,5,6,5,5,4.33333333333333,5.75
"East Midlands","Wave 17 - July 2021","Every day",5,5,5,4,3,5,1,"Yes",5,4,3,2,8,2,5,2.75
"West Midlands","Wave 17 - July 2021","More than twice a week, but not every day",4,5,4,4,4,2,4,"Yes",4,8,8,9,7,3,4.33333333333333,7
"North West","Wave 17 - July 2021","Once a week",4,4,4,5,5,3,4,"Yes",3,5,6,7,2,8,4,6.5
"Yorkshire and the Humber","Wave 17 - July 2021","More than twice a week, but not every day",5,5,5,5,5,2,4,"Yes",1,10,10,7,6,4,5,7.75
"South East","Wave 17 - July 2021","Every day",4,4,4,5,5,4,4,"Yes",3,7,8,7,3,7,4,7.25
"London","Wave 17 - July 2021","Twice a week",4,4,4,5,4,2,3,"Yes",2,8,9,9,1,9,4,8.75
"North East","Wave 17 - July 2021","More than twice a week, but not every day",4,4,4,5,4,5,5,"No",1,9,9,9,0,10,4,9.25
"East Midlands","Wave 17 - July 2021","Every day",4,4,4,5,5,4,4,"Yes",3,6,7,7,5,5,4,6.25
"North West","Wave 17 - July 2021","Twice a week",1,1,1,5,4,4,3,"Yes",4,7,8,8,0,10,1,8.25
"North West","Wave 17 - July 2021","Once a week",5,5,5,5,5,3,5,"Yes",3,8,8,10,0,10,5,9
"East","Wave 17 - July 2021","Every day",5,5,5,5,4,4,3,"Yes",4,8,8,8,3,7,5,7.75
"North West","Wave 17 - July 2021","Every day",1,2,1,5,5,5,5,"Yes",4,10,9,10,10,0,1.33333333333333,7.25
"North East","Wave 17 - July 2021","Every day",5,5,5,5,5,3,3,"Yes",4,5,7,10,0,10,5,8
"North East","Wave 17 - July 2021","Every day",4,4,4,3,3,1,1,"Yes",5,3,3,4,4,6,4,4
"South East","Wave 17 - July 2021","More than twice a week, but not every day",5,5,5,4,5,3,3,"Yes",3,6,5,7,3,7,5,6.25
"South East","Wave 17 - July 2021","More than twice a week, but not every day",1,4,4,5,4,3,4,"Yes",4,5,8,5,2,8,3,6.5
"Yorkshire and the Humber","Wave 17 - July 2021","Once or twice a month",5,5,5,4,5,2,2,"No",3,5,5,4,4,6,5,5
"North West","Wave 17 - July 2021","Once a week",5,4,4,5,4,4,4,"No",4,6,6,7,0,10,4.33333333333333,7.25
"London","Wave 17 - July 2021","More than twice a week, but not every day",5,4,4,4,4,4,4,"Yes",3,4,5,4,5,5,4.33333333333333,4.5
"South East","Wave 17 - July 2021","Once or twice a month",2,5,5,4,4,2,1,"Yes",2,7,7,8,6,4,4,6.5
"North West","Wave 17 - July 2021","More than twice a week, but not every day",4,4,4,4,4,2,4,"Yes",3,8,7,8,1,9,4,8
"East","Wave 17 - July 2021","Less often",1,1,1,5,5,1,3,"Yes",4,7,7,4,9,1,1,4.75
"London","Wave 17 - July 2021","Once or twice a month",5,4,4,5,5,3,5,"Yes",1,9,9,9,1,9,4.33333333333333,9
"West Midlands","Wave 17 - July 2021","More than twice a week, but not every day",5,3,1,4,5,1,1,"Yes",4,5,5,0,10,0,3,2.5
"London","Wave 17 - July 2021","More than twice a week, but not every day",5,5,5,5,5,4,4,"Yes",2,0,0,0,0,10,5,2.5
"South East","Wave 17 - July 2021","Twice a week",4,4,4,4,4,3,4,"Yes",2,8,7,9,1,9,4,8.25
"North West","Wave 17 - July 2021","More than twice a week, but not every day",4,4,4,4,4,5,3,"Yes",2,8,8,8,0,10,4,8.5
"North West","Wave 18 - August 2021","Once or twice a month",3,2,4,4,4,3,2,"Yes",2,2,3,4,0,10,3,4.75
"London","Wave 18 - August 2021","Once a week",4,4,4,4,4,4,5,"Yes",1,7,7,7,3,7,4,7
"East","Wave 18 - August 2021","More than twice a week, but not every day",5,5,5,5,4,5,2,"Yes",2,7,8,9,2,8,5,8
"West Midlands","Wave 18 - August 2021","Twice a week",4,3,4,4,4,3,4,"Yes",4,4,6,5,6,4,3.66666666666667,4.75
"London","Wave 18 - August 2021","Once a week",5,4,4,3,4,4,3,"No",4,6,6,5,6,4,4.33333333333333,5.25
"South West","Wave 18 - August 2021","More than twice a week, but not every day",4,5,5,5,5,4,4,"Yes",3,5,7,5,8,2,4.66666666666667,4.75
"North West","Wave 18 - August 2021","Twice a week",5,4,5,5,5,4,4,"Yes",4,9,8,8,9,1,4.66666666666667,6.5
"South East","Wave 18 - August 2021","Twice a week",2,5,5,4,5,3,4,"Yes",2,9,10,9,3,7,4,8.75
"Yorkshire and the Humber","Wave 18 - August 2021","Once a week",4,4,4,4,4,2,4,"Yes",4,7,8,6,9,1,4,5.5
"East","Wave 18 - August 2021","Twice a week",5,4,4,5,4,3,3,"No",2,8,6,8,3,7,4.33333333333333,7.25
"East Midlands","Wave 18 - August 2021","Twice a week",4,4,4,4,4,4,3,"Yes",1,10,9,9,0,10,4,9.5
"West Midlands","Wave 18 - August 2021","Twice a week",5,4,4,5,5,2,3,"Yes",2,6,6,6,4,6,4.33333333333333,6
"East","Wave 18 - August 2021","Once a week",1,1,1,5,5,4,4,"Yes",3,6,5,6,7,3,1,5
"East","Wave 18 - August 2021","More than twice a week, but not every day",5,4,4,3,4,2,1,"No",4,4,3,5,2,8,4.33333333333333,5
"East","Wave 18 - August 2021","Every day",5,5,2,5,5,3,5,"Yes",1,10,10,10,0,10,4,10
"East Midlands","Wave 18 - August 2021","Twice a week",4,5,4,4,4,1,3,"Yes",4,5,9,10,8,2,4.33333333333333,6.5
"London","Wave 18 - August 2021","Twice a week",4,4,4,3,4,3,2,"Yes",4,6,7,6,2,8,4,6.75
"East","Wave 18 - August 2021","Every day",1,1,1,5,5,4,4,"Yes",2,7,7,8,0,10,1,8
"South West","Wave 18 - August 2021","Twice a week",4,5,5,4,4,3,3,"Yes",4,7,8,8,5,5,4.66666666666667,7
"West Midlands","Wave 18 - August 2021","Twice a week",1,5,5,5,5,3,5,"Yes",2,8,10,8,4,6,3.66666666666667,8
"Yorkshire and the Humber","Wave 18 - August 2021","Every day",4,4,4,4,5,2,1,"Yes",1,9,8,7,3,7,4,7.75
"Yorkshire and the Humber","Wave 18 - August 2021","More than twice a week, but not every day",5,5,5,5,4,5,4,"Yes",5,5,8,8,7,3,5,6
"Yorkshire and the Humber","Wave 18 - August 2021","Every day",5,5,5,5,4,3,4,"Yes",1,6,7,8,0,10,5,7.75
"East","Wave 18 - August 2021","Twice a week",4,4,4,5,5,3,5,"Yes",5,7,7,7,6,4,4,6.25
"East","Wave 18 - August 2021","More than twice a week, but not every day",5,5,5,5,5,2,4,"Yes",1,8,8,9,1,9,5,8.5
"London","Wave 18 - August 2021","Twice a week",4,4,2,4,5,1,3,"Yes",4,8,9,9,0,10,3.33333333333333,9
"South East","Wave 18 - August 2021","Twice a week",3,4,3,4,4,3,3,"Yes",3,7,6,6,6,4,3.33333333333333,5.75
"South East","Wave 18 - August 2021","Every day",1,1,1,5,5,4,3,"Yes",4,8,8,8,10,0,1,6
"East","Wave 18 - August 2021","Every day",4,4,4,5,5,3,5,"Yes",4,7,6,7,5,5,4,6.25
"South West","Wave 18 - August 2021","Every day",3,4,4,4,5,5,3,"Yes",2,9,9,10,1,9,3.66666666666667,9.25
"Yorkshire and the Humber","Wave 18 - August 2021","More than twice a week, but not every day",5,5,5,5,5,3,5,"Yes",4,7,7,8,3,7,5,7.25
"Yorkshire and the Humber","Wave 18 - August 2021","Twice a week",5,4,3,5,5,4,4,"Yes",4,6,8,7,6,4,4,6.25
"South East","Wave 18 - August 2021","Twice a week",4,5,4,5,5,2,3,"Yes",1,8,9,8,8,2,4.33333333333333,6.75
"South East","Wave 18 - August 2021","Once a week",2,4,4,5,5,3,4,"Yes",3,5,7,6,4,6,3.33333333333333,6
"East","Wave 18 - August 2021","Once every 2-3 months",5,5,5,5,5,3,3,"Yes",4,7,6,8,1,9,5,7.5
"South West","Wave 18 - August 2021","More than twice a week, but not every day",4,4,4,4,4,3,3,"No",2,7,7,7,0,10,4,7.75
"London","Wave 18 - August 2021","Once every 2-3 months",5,4,4,5,5,1,3,"Yes",3,4,5,5,4,6,4.33333333333333,5
"North West","Wave 18 - August 2021","More than twice a week, but not every day",5,5,5,4,5,3,3,"Yes",2,8,9,8,6,4,5,7.25
"London","Wave 18 - August 2021","More than twice a week, but not every day",4,1,1,5,5,1,3,"Yes",4,6,9,7,2,8,2,7.5
"East Midlands","Wave 18 - August 2021","More than twice a week, but not every day",5,5,5,5,5,5,5,"Yes",5,10,10,10,10,0,5,7.5
"South East","Wave 18 - August 2021","Once a week",4,5,4,4,5,1,1,"Yes",4,5,5,4,4,6,4.33333333333333,5
"London","Wave 18 - August 2021","Once or twice a month",3,4,4,3,3,3,5,"Yes",4,5,6,8,8,2,3.66666666666667,5.25
"North East","Wave 18 - August 2021","Once a week",4,5,5,4,4,3,5,"Yes",5,1,2,2,2,8,4.66666666666667,3.25
"North West","Wave 18 - August 2021","Once a week",4,4,5,5,5,3,4,"Yes",3,7,8,9,3,7,4.33333333333333,7.75
"West Midlands","Wave 18 - August 2021","Twice a week",5,4,4,5,5,5,5,"Yes",3,6,7,7,3,7,4.33333333333333,6.75
"West Midlands","Wave 18 - August 2021","Once a week",5,4,4,4,5,2,2,"Yes",2,9,7,9,0,10,4.33333333333333,8.75
"South West","Wave 18 - August 2021","More than twice a week, but not every day",5,3,2,3,2,4,3,"No",3,7,6,8,3,7,3.33333333333333,7
"East","Wave 18 - August 2021","Once or twice a month",4,4,4,4,4,4,3,"Yes",2,7,6,6,4,6,4,6.25
"West Midlands","Wave 18 - August 2021","Twice a week",4,4,5,5,5,4,4,"Yes",5,6,7,5,5,5,4.33333333333333,5.75
"London","Wave 18 - August 2021","More than twice a week, but not every day",4,3,4,5,5,3,4,"Yes",3,7,10,8,8,2,3.66666666666667,6.75
"South East","Wave 18 - August 2021","Twice a week",3,1,4,5,5,3,4,"Yes",1,8,8,10,0,10,2.66666666666667,9
"South East","Wave 18 - August 2021","Once a week",4,4,4,5,4,1,4,"Yes",3,8,9,5,2,8,4,7.5
"North West","Wave 18 - August 2021","Once a week",5,5,4,3,4,3,1,"Yes",3,7,8,8,1,9,4.66666666666667,8
"North West","Wave 18 - August 2021","Once a week",4,2,2,5,5,3,3,"Yes",1,10,10,10,0,10,2.66666666666667,10
"North West","Wave 18 - August 2021","More than twice a week, but not every day",5,5,5,5,5,4,4,"Yes",3,8,10,10,0,10,5,9.5
"West Midlands","Wave 18 - August 2021","Every day",1,1,1,5,5,1,1,"Yes",1,4,7,8,1,9,1,7
"West Midlands","Wave 18 - August 2021","More than twice a week, but not every day",4,4,4,5,4,4,4,"Yes",3,7,7,7,2,8,4,7.25
"London","Wave 18 - August 2021","Once a week",5,5,5,5,5,2,5,"Yes",1,10,10,10,0,10,5,10
"Yorkshire and the Humber","Wave 18 - August 2021","More than twice a week, but not every day",5,5,5,5,5,5,5,"Yes",3,8,8,9,0,10,5,8.75
"East","Wave 18 - August 2021","Once or twice a month",5,4,4,5,5,1,3,"Yes",4,8,8,9,0,10,4.33333333333333,8.75
"West Midlands","Wave 18 - August 2021","More than twice a week, but not every day",4,2,4,4,4,5,4,"No",3,8,8,9,7,3,3.33333333333333,7
"South East","Wave 18 - August 2021","More than twice a week, but not every day",5,5,5,5,5,4,3,"Yes",3,6,7,7,3,7,5,6.75
"East","Wave 18 - August 2021","Every day",5,5,5,5,5,3,2,"Yes",2,4,6,8,2,8,5,6.5
"East Midlands","Wave 18 - August 2021","More than twice a week, but not every day",5,5,4,5,5,3,3,"Yes",4,4,6,7,9,1,4.66666666666667,4.5
"Yorkshire and the Humber","Wave 18 - August 2021","Twice a week",5,4,4,2,2,3,1,"Yes",1,9,9,10,0,10,4.33333333333333,9.5
"East","Wave 18 - August 2021","Twice a week",4,4,4,4,4,3,4,"Yes",4,6,5,6,3,7,4,6
"East","Wave 18 - August 2021","Once a week",2,4,5,4,4,5,5,"Yes",1,7,7,7,6,4,3.66666666666667,6.25
"Yorkshire and the Humber","Wave 18 - August 2021","Every day",5,5,5,5,5,4,5,"Yes",5,10,10,10,10,0,5,7.5
"South West","Wave 18 - August 2021","Once a week",4,5,3,3,4,3,1,"Yes",4,6,9,6,9,1,4,5.5
"North West","Wave 18 - August 2021","More than twice a week, but not every day",5,5,5,5,4,3,3,"Yes",4,8,7,7,6,4,5,6.5
"Yorkshire and the Humber","Wave 18 - August 2021","Once a week",4,4,4,4,4,4,3,"Yes",4,5,5,5,5,5,4,5
"South East","Wave 18 - August 2021","More than twice a week, but not every day",5,5,5,5,5,5,5,"Yes",4,7,7,7,7,3,5,6
"South East","Wave 18 - August 2021","More than twice a week, but not every day",1,1,1,4,4,4,3,"Yes",2,10,10,10,0,10,1,10
"North West","Wave 18 - August 2021","Twice a week",5,5,4,5,5,3,3,"Yes",3,8,8,8,1,9,4.66666666666667,8.25
"South East","Wave 18 - August 2021","Twice a week",1,4,4,4,4,3,2,"Yes",1,3,9,7,6,4,3,5.75
"South West","Wave 18 - August 2021","More than twice a week, but not every day",4,4,4,4,5,4,4,"Yes",3,7,8,8,2,8,4,7.75
"East","Wave 18 - August 2021","Every day",5,5,4,5,4,4,4,"Yes",1,9,10,10,0,10,4.66666666666667,9.75
"South East","Wave 18 - August 2021","Twice a week",5,5,5,4,4,5,3,"Yes",2,5,5,5,6,4,5,4.75
"South East","Wave 18 - August 2021","Twice a week",4,4,4,4,4,3,5,"Yes",1,9,10,10,0,10,4,9.75
"North East","Wave 18 - August 2021","More than twice a week, but not every day",4,5,5,5,5,3,4,"Yes",4,8,7,8,7,3,4.66666666666667,6.5
"North West","Wave 18 - August 2021","Every day",5,4,4,4,4,5,3,"Yes",2,8,8,8,1,9,4.33333333333333,8.25
"South East","Wave 18 - August 2021","More than twice a week, but not every day",4,4,4,4,5,4,3,"Yes",3,9,8,9,6,4,4,7.5
"South East","Wave 18 - August 2021","More than twice a week, but not every day",1,1,1,4,5,3,3,"Yes",3,9,9,10,6,4,1,8
"London","Wave 18 - August 2021","Once a week",2,4,4,4,4,4,3,"Yes",3,7,8,6,5,5,3.33333333333333,6.5
"South East","Wave 18 - August 2021","Once or twice a month",2,3,3,4,4,4,3,"Yes",4,7,7,6,2,8,2.66666666666667,7
"London","Wave 18 - August 2021","Twice a week",1,1,1,4,3,1,1,"Yes",2,8,8,10,2,8,1,8.5
"South East","Wave 18 - August 2021","Once or twice a month",5,5,5,5,5,1,3,"Yes",2,8,7,9,1,9,5,8.25
"East","Wave 19 - September 2021","More than twice a week, but not every day",1,1,1,4,4,3,3,"Yes",1,8,9,7,0,10,1,8.5
"East","Wave 19 - September 2021","More than twice a week, but not every day",3,3,3,5,5,3,4,"Yes",1,7,7,8,0,10,3,8
"London","Wave 19 - September 2021","More than twice a week, but not every day",5,4,4,5,5,2,3,"Yes",1,4,5,5,0,10,4.33333333333333,6
"West Midlands","Wave 19 - September 2021","Every day",3,3,3,5,4,3,3,"Yes",2,6,7,8,2,8,3,7.25
"North West","Wave 19 - September 2021","More than twice a week, but not every day",5,5,5,5,5,2,3,"Yes",1,8,8,9,1,9,5,8.5
"North West","Wave 19 - September 2021","More than twice a week, but not every day",1,1,1,5,5,4,3,"Yes",4,7,7,8,2,8,1,7.5
"East","Wave 19 - September 2021","More than twice a week, but not every day",5,4,4,5,5,5,4,"Yes",1,8,6,9,0,10,4.33333333333333,8.25
"North East","Wave 19 - September 2021","More than twice a week, but not every day",1,1,1,5,5,5,5,"Yes",3,5,5,5,6,4,1,4.75
"South East","Wave 19 - September 2021","More than twice a week, but not every day",4,4,4,4,4,3,5,"Yes",3,7,8,8,7,3,4,6.5
"East","Wave 19 - September 2021","Once a week",4,5,4,4,4,3,3,"Yes",4,7,8,8,3,7,4.33333333333333,7.5
"West Midlands","Wave 19 - September 2021","Every day",4,5,4,5,5,3,2,"Yes",5,10,10,10,10,0,4.33333333333333,7.5
"London","Wave 19 - September 2021","Once or twice a month",5,4,4,4,4,4,3,"Yes",3,8,8,8,0,10,4.33333333333333,8.5
"East Midlands","Wave 19 - September 2021","Once or twice a month",5,5,4,5,5,4,5,"Yes",2,10,9,10,4,6,4.66666666666667,8.75
"South East","Wave 19 - September 2021","Every day",1,1,1,5,5,5,3,"Yes",5,10,10,10,10,0,1,7.5
"South East","Wave 19 - September 2021","Once a week",4,4,4,5,5,4,5,"Yes",5,3,5,0,7,3,4,2.75
"South East","Wave 19 - September 2021","Once a week",4,4,3,4,4,3,1,"Yes",1,8,7,9,0,10,3.66666666666667,8.5
"South East","Wave 19 - September 2021","More than twice a week, but not every day",4,4,4,4,4,3,3,"Yes",4,7,6,7,7,3,4,5.75
"East","Wave 19 - September 2021","Once a week",4,4,5,4,4,5,3,"Yes",3,8,8,7,2,8,4.33333333333333,7.75
"East Midlands","Wave 19 - September 2021","Every day",4,4,4,4,4,3,3,"Yes",4,7,7,7,3,7,4,7
"London","Wave 19 - September 2021","Every day",1,1,1,5,5,4,5,"Yes",2,8,8,8,7,3,1,6.75
"North West","Wave 19 - September 2021","More than twice a week, but not every day",4,4,4,5,5,3,4,"Yes",2,8,8,8,2,8,4,8
"West Midlands","Wave 19 - September 2021","More than twice a week, but not every day",4,5,4,5,5,3,4,"Yes",3,8,8,9,8,2,4.33333333333333,6.75
"West Midlands","Wave 19 - September 2021","Once a week",1,5,4,4,4,2,1,"Yes",3,6,6,6,2,8,3.33333333333333,6.5
"London","Wave 19 - September 2021","More than twice a week, but not every day",5,5,5,5,5,3,4,"Yes",4,5,5,5,8,2,5,4.25
"East","Wave 19 - September 2021","Once or twice a month",1,5,5,5,5,4,4,"Yes",2,6,8,6,6,4,3.66666666666667,6
"Yorkshire and the Humber","Wave 19 - September 2021","More than twice a week, but not every day",4,4,4,4,4,3,3,"Yes",2,6,7,7,2,8,4,7
"South East","Wave 19 - September 2021","Once or twice a month",5,5,4,5,5,5,4,"Yes",1,10,9,8,8,2,4.66666666666667,7.25
"North West","Wave 19 - September 2021","More than twice a week, but not every day",2,4,4,5,4,5,3,"Yes",2,8,8,9,5,5,3.33333333333333,7.5
"London","Wave 19 - September 2021","More than twice a week, but not every day",4,4,4,4,4,4,4,"Yes",2,8,8,8,3,7,4,7.75
"London","Wave 19 - September 2021","Twice a week",4,4,4,4,4,1,5,"Yes",2,4,5,6,6,4,4,4.75
"London","Wave 19 - September 2021","Twice a week",4,4,4,4,4,4,4,"No",2,9,8,8,8,2,4,6.75
"North East","Wave 19 - September 2021","Once a week",5,4,5,5,5,3,3,"Yes",1,5,5,6,5,5,4.66666666666667,5.25
"West Midlands","Wave 19 - September 2021","More than twice a week, but not every day",5,5,5,5,5,5,4,"Yes",3,7,7,7,2,8,5,7.25
"North West","Wave 19 - September 2021","More than twice a week, but not every day",2,2,2,5,5,4,3,"Yes",5,0,4,8,6,4,2,4
"North West","Wave 19 - September 2021","More than twice a week, but not every day",1,1,1,3,3,1,1,"Yes",1,7,7,7,0,10,1,7.75
"North West","Wave 19 - September 2021","Once or twice a month",2,2,2,4,4,3,5,"Yes",3,5,5,4,4,6,2,5
"East","Wave 19 - September 2021","More than twice a week, but not every day",5,4,4,4,4,3,3,"Yes",2,8,8,9,2,8,4.33333333333333,8.25
"East","Wave 19 - September 2021","Once or twice a month",4,4,5,4,3,3,3,"Yes",1,2,3,4,5,5,4.33333333333333,3.5
"East Midlands","Wave 19 - September 2021","Once a week",4,4,4,4,4,3,3,"No",4,3,3,3,1,9,4,4.5
"South West","Wave 19 - September 2021","More than twice a week, but not every day",5,5,4,4,4,2,1,"Yes",4,7,7,8,2,8,4.66666666666667,7.5
"East","Wave 19 - September 2021","More than twice a week, but not every day",4,5,4,4,4,3,4,"Yes",4,8,8,8,8,2,4.33333333333333,6.5
"South West","Wave 19 - September 2021","Every day",2,4,5,5,4,4,2,"No",3,8,9,10,7,3,3.66666666666667,7.5
"East","Wave 19 - September 2021","More than twice a week, but not every day",4,3,4,3,4,4,5,"Yes",4,7,8,9,10,0,3.66666666666667,6
"South East","Wave 19 - September 2021","Once a week",4,5,4,4,5,4,3,"Yes",3,6,6,8,3,7,4.33333333333333,6.75
"South West","Wave 19 - September 2021","Every day",1,1,1,5,5,5,5,"Yes",5,10,10,10,10,0,1,7.5
"London","Wave 19 - September 2021","More than twice a week, but not every day",5,4,4,4,4,4,5,"No",1,6,7,6,8,2,4.33333333333333,5.25
"North West","Wave 19 - September 2021","Once a week",2,5,5,5,4,5,4,"Yes",4,8,10,7,2,8,4,8.25
"North East","Wave 19 - September 2021","Every day",5,4,4,4,4,5,1,"No",1,8,8,7,8,2,4.33333333333333,6.25
"Yorkshire and the Humber","Wave 19 - September 2021","More than twice a week, but not every day",2,1,1,5,5,5,2,"Yes",3,10,10,10,10,0,1.33333333333333,7.5
"West Midlands","Wave 19 - September 2021","More than twice a week, but not every day",5,4,4,5,5,2,5,"Yes",4,6,6,6,7,3,4.33333333333333,5.25
"London","Wave 19 - September 2021","Once a week",1,1,1,5,5,5,5,"Yes",3,10,10,10,0,10,1,10
"East Midlands","Wave 19 - September 2021","Every day",4,5,4,4,4,4,2,"Yes",2,8,8,8,2,8,4.33333333333333,8
"North West","Wave 19 - September 2021","Every day",4,4,4,5,5,3,3,"Yes",4,7,7,7,4,6,4,6.75
"East Midlands","Wave 19 - September 2021","More than twice a week, but not every day",5,5,4,5,5,4,5,"Yes",3,7,7,7,4,6,4.66666666666667,6.75
"East","Wave 19 - September 2021","More than twice a week, but not every day",5,4,4,5,5,3,3,"Yes",3,4,8,5,3,7,4.33333333333333,6
"Yorkshire and the Humber","Wave 19 - September 2021","More than twice a week, but not every day",5,5,5,5,5,2,5,"Yes",1,8,9,8,0,10,5,8.75
"West Midlands","Wave 19 - September 2021","More than twice a week, but not every day",4,4,4,4,4,4,4,"Yes",3,5,7,10,0,10,4,8
"South East","Wave 19 - September 2021","Every day",5,5,5,5,5,3,3,"Yes",1,8,8,9,1,9,5,8.5
"South East","Wave 19 - September 2021","Every day",5,5,5,5,5,4,4,"No",1,9,10,10,0,10,5,9.75
"London","Wave 19 - September 2021","Once or twice a month",2,5,4,4,4,1,2,"Yes",2,9,9,10,0,10,3.66666666666667,9.5
"London","Wave 19 - September 2021","More than twice a week, but not every day",4,5,5,5,4,2,4,"Yes",3,10,10,9,2,8,4.66666666666667,9.25
"East Midlands","Wave 19 - September 2021","Every day",2,4,1,5,5,4,4,"Yes",2,10,10,10,0,10,2.33333333333333,10
"East Midlands","Wave 19 - September 2021","More than twice a week, but not every day",5,5,5,5,5,5,1,"Yes",4,7,6,7,4,6,5,6.5
"South East","Wave 19 - September 2021","Every day",5,5,5,5,5,4,1,"Yes",1,2,3,3,5,5,5,3.25
"South East","Wave 19 - September 2021","Once or twice a month",4,4,4,5,5,3,4,"Yes",2,7,7,9,0,10,4,8.25
"West Midlands","Wave 19 - September 2021","Once a week",5,5,5,4,4,4,3,"Yes",4,7,7,8,0,10,5,8
"North East","Wave 19 - September 2021","More than twice a week, but not every day",5,5,5,5,5,2,4,"Yes",2,8,7,7,3,7,5,7.25
"North West","Wave 19 - September 2021","Once or twice a month",4,5,5,4,4,5,5,"Yes",4,6,4,4,2,8,4.66666666666667,5.5
"South West","Wave 19 - September 2021","More than twice a week, but not every day",3,5,5,5,5,3,3,"Yes",3,7,7,7,8,2,4.33333333333333,5.75
"East Midlands","Wave 19 - September 2021","More than twice a week, but not every day",5,4,4,4,4,3,3,"Yes",4,8,7,9,3,7,4.33333333333333,7.75
"Yorkshire and the Humber","Wave 19 - September 2021","More than twice a week, but not every day",2,3,3,4,5,4,4,"Yes",4,4,5,5,5,5,2.66666666666667,4.75
"Yorkshire and the Humber","Wave 19 - September 2021","Once or twice a month",4,3,3,4,4,4,4,"Yes",1,6,7,7,0,10,3.33333333333333,7.5
"London","Wave 19 - September 2021","More than twice a week, but not every day",5,4,4,3,4,3,2,"Yes",1,7,7,7,0,10,4.33333333333333,7.75
"East","Wave 19 - September 2021","More than twice a week, but not every day",4,4,4,4,4,2,1,"Yes",2,5,7,8,2,8,4,7
"South East","Wave 19 - September 2021","More than twice a week, but not every day",5,4,4,5,5,3,3,"Yes",1,9,8,10,0,10,4.33333333333333,9.25
"South West","Wave 19 - September 2021","Once or twice a month",4,4,4,4,5,3,5,"Yes",4,4,4,3,9,1,4,3
"South East","Wave 19 - September 2021","Every day",5,5,5,5,4,4,3,"Yes",4,6,6,6,4,6,5,6
"London","Wave 19 - September 2021","Twice a week",5,4,5,4,4,4,2,"Yes",2,7,7,8,0,10,4.66666666666667,8
"London","Wave 19 - September 2021","Once a week",1,1,1,5,5,1,5,"Yes",4,5,8,8,0,10,1,7.75
"South West","Wave 19 - September 2021","Every day",4,4,4,5,5,3,3,"Yes",4,5,5,5,5,5,4,5
"North West","Wave 19 - September 2021","Every day",5,5,5,4,4,4,5,"Yes",1,9,10,10,0,10,5,9.75
"London","Wave 19 - September 2021","More than twice a week, but not every day",5,5,5,5,4,2,2,"Yes",1,5,7,6,0,10,5,7
"West Midlands","Wave 19 - September 2021","Once a week",3,3,2,4,4,4,5,"Yes",3,7,7,9,2,8,2.66666666666667,7.75
"London","Wave 19 - September 2021","More than twice a week, but not every day",5,4,2,3,4,2,2,"Yes",2,6,7,5,3,7,3.66666666666667,6.25
"South West","Wave 19 - September 2021","More than twice a week, but not every day",1,1,4,4,4,4,2,"Yes",4,5,6,6,3,7,2,6
"Yorkshire and the Humber","Wave 19 - September 2021","Once a week",1,1,1,4,4,3,5,"No",2,8,9,8,1,9,1,8.5
"South East","Wave 19 - September 2021","Every day",5,5,5,5,4,3,3,"Yes",2,7,6,7,6,4,5,6
"South West","Wave 19 - September 2021","Every day",5,5,5,5,5,2,1,"Yes",1,8,10,10,0,10,5,9.5
"London","Wave 19 - September 2021","Every day",2,4,5,5,5,3,2,"Yes",4,7,10,7,8,2,3.66666666666667,6.5
"South East","Wave 19 - September 2021","More than twice a week, but not every day",5,5,5,5,5,4,4,"Yes",1,10,10,10,3,7,5,9.25
"West Midlands","Wave 19 - September 2021","Once a week",4,5,5,4,4,1,5,"Yes",2,7,8,7,1,9,4.66666666666667,7.75
"North West","Wave 19 - September 2021","More than twice a week, but not every day",1,4,4,5,5,3,4,"Yes",1,9,9,10,0,10,3,9.5
"East","Wave 19 - September 2021","More than twice a week, but not every day",2,3,5,4,4,2,4,"Yes",5,0,6,10,9,1,3.33333333333333,4.25
"North East","Wave 20 - October 2021","Once a week",4,4,4,4,4,3,3,"Yes",5,6,6,6,7,3,4,5.25
"West Midlands","Wave 20 - October 2021","Twice a week",3,3,3,3,3,5,5,"Yes",4,9,6,8,10,0,3,5.75
"East","Wave 20 - October 2021","Once or twice a month",5,4,4,4,4,4,2,"No",2,7,5,7,0,10,4.33333333333333,7.25
"East","Wave 20 - October 2021","Every day",5,5,5,5,5,2,5,"Yes",5,10,10,10,10,0,5,7.5
"East Midlands","Wave 20 - October 2021","Once every 2-3 months",3,3,3,3,3,1,1,"No",1,10,10,10,10,0,3,7.5
"London","Wave 20 - October 2021","More than twice a week, but not every day",4,4,4,4,4,3,3,"Yes",2,7,8,7,1,9,4,7.75
"Yorkshire and the Humber","Wave 20 - October 2021","Twice a week",1,1,1,2,3,3,1,"No",4,8,8,8,0,10,1,8.5
"North West","Wave 20 - October 2021","More than twice a week, but not every day",5,5,5,5,5,3,4,"Yes",2,7,8,8,2,8,5,7.75
"North East","Wave 20 - October 2021","Once a week",1,2,2,4,4,4,4,"Yes",4,8,8,8,2,8,1.66666666666667,8
"East","Wave 20 - October 2021","More than twice a week, but not every day",4,4,3,5,5,2,4,"Yes",2,3,3,5,0,10,3.66666666666667,5.25
"Yorkshire and the Humber","Wave 20 - October 2021","Once or twice a month",5,5,5,5,4,3,4,"Yes",4,8,7,6,7,3,5,6
"North East","Wave 20 - October 2021","More than twice a week, but not every day",4,5,4,5,5,3,3,"Yes",3,8,8,6,1,9,4.33333333333333,7.75
"North West","Wave 20 - October 2021","Every day",4,5,4,4,4,4,3,"No",2,9,9,10,0,10,4.33333333333333,9.5
"North West","Wave 20 - October 2021","More than twice a week, but not every day",5,3,4,4,5,3,5,"Yes",3,7,8,9,0,10,4,8.5
"London","Wave 20 - October 2021","Every day",4,3,3,5,4,4,5,"Yes",3,6,6,6,4,6,3.33333333333333,6
"Yorkshire and the Humber","Wave 20 - October 2021","Once or twice a month",4,4,4,5,4,5,3,"Yes",1,7,7,8,8,2,4,6
"South East","Wave 20 - October 2021","More than twice a week, but not every day",5,4,4,5,5,4,3,"Yes",3,7,7,6,5,5,4.33333333333333,6.25
"East Midlands","Wave 20 - October 2021","More than twice a week, but not every day",1,4,5,5,4,4,1,"No",4,9,5,8,3,7,3.33333333333333,7.25
"North West","Wave 20 - October 2021","Every day",5,5,5,5,5,4,5,"Yes",5,10,10,10,10,0,5,7.5
"East","Wave 20 - October 2021","Once or twice a month",2,4,2,3,5,3,3,"No",1,9,8,10,5,5,2.66666666666667,8
"North East","Wave 20 - October 2021","Once or twice a month",4,4,5,4,5,3,5,"Yes",1,8,8,10,2,8,4.33333333333333,8.5
"East Midlands","Wave 20 - October 2021","Every day",4,4,4,5,5,4,3,"Yes",2,7,7,8,0,10,4,8
"Yorkshire and the Humber","Wave 20 - October 2021","Every day",4,3,3,4,4,4,5,"No",2,7,5,0,7,3,3.33333333333333,3.75
"East","Wave 20 - October 2021","More than twice a week, but not every day",5,4,4,4,4,2,3,"Yes",1,8,8,8,3,7,4.33333333333333,7.75
"Yorkshire and the Humber","Wave 20 - October 2021","Once or twice a month",4,4,4,4,4,2,3,"Yes",2,8,8,7,4,6,4,7.25
"North West","Wave 20 - October 2021","Twice a week",4,4,4,4,4,3,3,"Yes",2,5,5,5,4,6,4,5.25
"West Midlands","Wave 20 - October 2021","More than twice a week, but not every day",1,5,4,5,5,3,3,"Yes",1,6,7,7,1,9,3.33333333333333,7.25
"West Midlands","Wave 20 - October 2021","Every day",1,4,4,5,4,4,4,"Yes",2,8,8,7,6,4,3,6.75
"South East","Wave 20 - October 2021","More than twice a week, but not every day",4,4,5,3,4,3,2,"Yes",2,7,7,10,0,10,4.33333333333333,8.5
"London","Wave 20 - October 2021","More than twice a week, but not every day",1,1,5,5,5,5,5,"Yes",2,9,9,10,0,10,2.33333333333333,9.5
"South East","Wave 20 - October 2021","Every day",5,4,5,5,5,4,3,"Yes",5,10,10,10,10,0,4.66666666666667,7.5
"South East","Wave 20 - October 2021","More than twice a week, but not every day",1,2,2,5,5,4,5,"Yes",2,10,10,10,10,0,1.66666666666667,7.5
"Yorkshire and the Humber","Wave 20 - October 2021","More than twice a week, but not every day",5,3,4,5,5,5,4,"Yes",5,10,10,10,10,0,4,7.5
"North East","Wave 20 - October 2021","Once or twice a month",4,3,4,5,5,4,5,"Yes",2,7,10,8,2,8,3.66666666666667,8.25
"London","Wave 20 - October 2021","Twice a week",5,5,5,5,5,3,3,"Yes",4,5,8,6,7,3,5,5.5
"North East","Wave 20 - October 2021","More than twice a week, but not every day",5,5,4,4,4,4,4,"Yes",2,7,8,9,0,10,4.66666666666667,8.5
"Yorkshire and the Humber","Wave 20 - October 2021","Once or twice a month",5,5,5,5,5,2,5,"Yes",2,7,8,4,4,6,5,6.25
"South West","Wave 20 - October 2021","More than twice a week, but not every day",2,4,4,5,5,3,4,"Yes",5,3,1,1,3,7,3.33333333333333,3
"South East","Wave 20 - October 2021","Every day",1,5,5,5,5,3,3,"Yes",2,7,8,7,1,9,3.66666666666667,7.75
"North West","Wave 20 - October 2021","Every day",4,4,4,3,5,3,4,"Yes",4,9,9,9,0,10,4,9.25
"North West","Wave 20 - October 2021","Once or twice a month",2,2,3,5,5,3,5,"Yes",1,8,10,7,2,8,2.33333333333333,8.25
"North West","Wave 20 - October 2021","More than twice a week, but not every day",4,4,4,4,4,2,3,"Yes",4,5,5,6,3,7,4,5.75
"South West","Wave 20 - October 2021","More than twice a week, but not every day",1,2,4,4,4,4,3,"Yes",4,8,7,7,4,6,2.33333333333333,7
"London","Wave 20 - October 2021","More than twice a week, but not every day",5,5,4,4,4,4,5,"Yes",2,8,8,8,0,10,4.66666666666667,8.5
"North West","Wave 20 - October 2021","More than twice a week, but not every day",4,4,4,4,4,5,1,"Yes",3,3,3,2,6,4,4,3
"London","Wave 20 - October 2021","Every day",4,4,4,5,5,4,4,"Yes",4,7,7,5,3,7,4,6.5
"East","Wave 20 - October 2021","More than twice a week, but not every day",2,4,4,5,5,2,3,"Yes",1,8,7,10,0,10,3.33333333333333,8.75
"South East","Wave 20 - October 2021","Every day",5,4,4,5,5,4,5,"Yes",2,8,7,8,3,7,4.33333333333333,7.5
"North West","Wave 20 - October 2021","Every day",4,4,4,4,4,3,3,"Yes",4,7,8,10,1,9,4,8.5
"South West","Wave 20 - October 2021","More than twice a week, but not every day",4,4,3,4,4,3,3,"Yes",2,7,7,7,2,8,3.66666666666667,7.25
"London","Wave 20 - October 2021","More than twice a week, but not every day",4,4,3,4,4,2,2,"Yes",2,7,8,8,1,9,3.66666666666667,8
"South East","Wave 20 - October 2021","Once a week",5,4,3,5,5,4,3,"Yes",2,7,8,8,4,6,4,7.25
"North West","Wave 20 - October 2021","More than twice a week, but not every day",5,4,4,3,4,3,1,"Yes",3,5,5,5,0,10,4.33333333333333,6.25
"London","Wave 20 - October 2021","Once or twice a month",4,4,4,4,4,3,4,"Yes",4,5,5,4,7,3,4,4.25
"North West","Wave 20 - October 2021","Every day",5,5,5,4,5,3,4,"Yes",2,10,8,10,0,10,5,9.5
"West Midlands","Wave 20 - October 2021","More than twice a week, but not every day",4,4,4,4,4,3,3,"Yes",2,7,8,7,1,9,4,7.75
"North West","Wave 20 - October 2021","Once a week",4,3,1,4,4,4,3,"Yes",3,7,6,7,1,9,2.66666666666667,7.25
"South East","Wave 20 - October 2021","Once or twice a month",5,5,5,5,4,3,3,"Yes",1,8,9,9,0,10,5,9
"South West","Wave 20 - October 2021","More than twice a week, but not every day",2,4,3,4,4,4,4,"Yes",4,6,6,6,4,6,3,6
"Yorkshire and the Humber","Wave 20 - October 2021","Twice a week",1,5,5,5,5,3,3,"Yes",2,9,9,8,7,3,3.66666666666667,7.25
"East","Wave 20 - October 2021","More than twice a week, but not every day",3,2,3,3,4,4,2,"Yes",5,5,4,3,10,0,2.66666666666667,3
"West Midlands","Wave 20 - October 2021","Every day",5,5,5,4,4,5,5,"Yes",4,5,6,6,4,6,5,5.75
"South East","Wave 20 - October 2021","Twice a week",4,5,4,5,5,4,3,"Yes",2,7,7,5,5,5,4.33333333333333,6
"Yorkshire and the Humber","Wave 20 - October 2021","Twice a week",3,4,4,3,4,1,2,"Yes",4,5,6,7,8,2,3.66666666666667,5
"North West","Wave 20 - October 2021","Twice a week",4,5,5,5,5,3,4,"Yes",3,4,5,6,4,6,4.66666666666667,5.25
"London","Wave 20 - October 2021","Once a week",5,4,4,4,4,2,3,"Yes",2,10,10,9,8,2,4.33333333333333,7.75
"North West","Wave 20 - October 2021","Twice a week",3,3,4,3,3,2,3,"No",3,3,5,5,2,8,3.33333333333333,5.25
"Yorkshire and the Humber","Wave 20 - October 2021","Twice a week",2,2,2,4,5,3,5,"Yes",1,7,6,8,1,9,2,7.5
"North West","Wave 20 - October 2021","Once every 2-3 months",4,5,5,5,5,3,5,"Yes",3,7,7,8,8,2,4.66666666666667,6
"East Midlands","Wave 20 - October 2021","More than twice a week, but not every day",4,4,4,4,4,3,2,"Yes",2,7,9,7,1,9,4,8
"East Midlands","Wave 20 - October 2021","More than twice a week, but not every day",4,4,4,5,4,3,4,"Yes",1,10,9,10,0,10,4,9.75
"South East","Wave 20 - October 2021","Once a week",1,2,4,3,4,2,3,"Yes",3,9,6,5,6,4,2.33333333333333,6
"East","Wave 20 - October 2021","Every day",2,1,4,4,4,4,3,"Yes",5,4,1,7,10,0,2.33333333333333,3
"East","Wave 20 - October 2021","More than twice a week, but not every day",5,5,5,5,5,5,3,"Yes",1,8,10,10,0,10,5,9.5
"North West","Wave 20 - October 2021","More than twice a week, but not every day",3,3,3,3,3,3,4,"Yes",4,9,9,9,9,1,3,7
"West Midlands","Wave 20 - October 2021","Once or twice a month",5,4,4,4,5,3,3,"Yes",3,8,8,9,3,7,4.33333333333333,8
"South East","Wave 20 - October 2021","Every day",5,4,4,5,5,4,5,"Yes",1,10,10,10,0,10,4.33333333333333,10
"East","Wave 20 - October 2021","More than twice a week, but not every day",1,4,3,5,5,3,2,"Yes",1,7,6,8,1,9,2.66666666666667,7.5
"West Midlands","Wave 20 - October 2021","Once a week",4,2,2,4,4,4,4,"Yes",3,3,4,6,3,7,2.66666666666667,5
"East","Wave 20 - October 2021","More than twice a week, but not every day",3,2,1,4,4,4,4,"Yes",4,7,7,8,9,1,2,5.75
"East","Wave 20 - October 2021","More than twice a week, but not every day",5,5,5,5,5,3,5,"Yes",3,8,9,9,0,10,5,9
"South West","Wave 20 - October 2021","Once or twice a month",3,4,4,4,4,2,4,"No",1,9,9,9,0,10,3.66666666666667,9.25
"London","Wave 20 - October 2021","More than twice a week, but not every day",5,3,4,4,3,2,2,"No",4,7,7,7,8,2,4,5.75
"London","Wave 20 - October 2021","More than twice a week, but not every day",3,2,4,4,4,4,4,"Yes",4,5,6,6,8,2,3,4.75
"East Midlands","Wave 20 - October 2021","Every day",1,4,4,5,5,4,4,"Yes",2,9,9,9,0,10,3,9.25
"South West","Wave 20 - October 2021","Once a week",4,5,5,3,4,4,3,"Yes",3,7,8,7,6,4,4.66666666666667,6.5
"South East","Wave 20 - October 2021","More than twice a week, but not every day",3,4,4,5,5,5,5,"Yes",3,4,5,5,5,5,3.66666666666667,4.75
"South East","Wave 20 - October 2021","Every day",5,4,4,4,4,2,2,"Yes",4,7,7,8,2,8,4.33333333333333,7.5
"West Midlands","Wave 20 - October 2021","Twice a week",5,5,5,4,4,1,3,"No",1,8,7,8,0,10,5,8.25
"South East","Wave 20 - October 2021","Once a week",2,4,4,4,5,4,3,"Yes",1,8,7,6,3,7,3.33333333333333,7
"London","Wave 20 - October 2021","Twice a week",4,4,4,5,5,2,5,"Yes",5,3,3,3,3,7,4,4
"South East","Wave 20 - October 2021","Every day",5,5,5,4,5,3,3,"Yes",5,5,5,3,8,2,5,3.75
"East Midlands","Wave 20 - October 2021","More than twice a week, but not every day",1,1,1,4,4,3,3,"Yes",4,6,9,10,0,10,1,8.75
"London","Wave 20 - October 2021","Twice a week",2,4,5,4,4,3,4,"Yes",4,7,8,8,6,4,3.66666666666667,6.75
"South East","Wave 20 - October 2021","Every day",5,5,5,5,5,2,5,"Yes",2,6,8,8,4,6,5,7
"London","Wave 21 - November 2021","More than twice a week, but not every day",5,4,4,4,4,3,3,"Yes",3,7,7,6,6,4,4.33333333333333,6
"North West","Wave 21 - November 2021","More than twice a week, but not every day",5,5,5,5,5,4,4,"Yes",2,10,10,10,0,10,5,10
"South East","Wave 21 - November 2021","Every day",3,2,2,5,5,4,4,"Yes",3,2,3,2,8,2,2.33333333333333,2.25
"East Midlands","Wave 21 - November 2021","Every day",1,1,3,5,4,4,4,"Yes",5,2,4,4,5,5,1.66666666666667,3.75
"East","Wave 21 - November 2021","More than twice a week, but not every day",4,3,4,4,4,3,3,"No",3,8,8,7,6,4,3.66666666666667,6.75
"East","Wave 21 - November 2021","More than twice a week, but not every day",5,5,5,4,4,2,1,"Yes",1,9,9,9,1,9,5,9
"East","Wave 21 - November 2021","Once a week",1,1,1,5,5,3,3,"No",3,8,7,6,6,4,1,6.25
"London","Wave 21 - November 2021","More than twice a week, but not every day",4,4,4,5,3,4,2,"Yes",4,6,7,7,5,5,4,6.25
"East","Wave 21 - November 2021","More than twice a week, but not every day",4,4,4,3,3,5,2,"No",4,8,7,8,2,8,4,7.75
"South East","Wave 21 - November 2021","Once or twice a month",4,4,3,4,4,3,3,"No",2,6,7,3,3,7,3.66666666666667,5.75
"West Midlands","Wave 21 - November 2021","Twice a week",4,4,4,5,5,4,3,"Yes",2,9,9,8,6,4,4,7.5
"South West","Wave 21 - November 2021","More than twice a week, but not every day",5,5,4,5,5,4,2,"Yes",1,8,10,9,0,10,4.66666666666667,9.25
"East Midlands","Wave 21 - November 2021","Every day",5,5,5,5,5,3,4,"Yes",2,7,7,8,0,10,5,8
"South East","Wave 21 - November 2021","Once a week",4,3,4,3,3,2,5,"No",2,7,7,6,3,7,3.66666666666667,6.75
"South East","Wave 21 - November 2021","More than twice a week, but not every day",4,5,5,5,5,5,5,"Yes",4,7,9,8,7,3,4.66666666666667,6.75
"East Midlands","Wave 21 - November 2021","Once a week",3,4,4,4,4,2,3,"Yes",4,4,4,4,4,6,3.66666666666667,4.5
"East Midlands","Wave 21 - November 2021","Once a week",4,3,3,3,3,1,2,"No",1,8,8,9,0,10,3.33333333333333,8.75
"West Midlands","Wave 21 - November 2021","Once or twice a month",1,1,1,4,4,2,1,"Yes",4,5,7,3,6,4,1,4.75
"South West","Wave 21 - November 2021","Once or twice a month",1,2,5,4,4,3,2,"No",4,5,4,5,7,3,2.66666666666667,4.25
"North West","Wave 21 - November 2021","Every day",1,4,1,4,5,2,2,"Yes",5,5,5,4,3,7,2,5.25
"North West","Wave 21 - November 2021","Less often",2,3,3,4,3,3,2,"Yes",2,8,8,8,7,3,2.66666666666667,6.75
"East","Wave 21 - November 2021","Every day",5,4,5,5,5,3,5,"Yes",2,8,10,10,1,9,4.66666666666667,9.25
"South East","Wave 21 - November 2021","Every day",3,5,4,4,3,4,5,"Yes",4,5,3,7,6,4,4,4.75
"Yorkshire and the Humber","Wave 21 - November 2021","Every day",1,1,3,2,4,2,1,"No",1,8,6,8,0,10,1.66666666666667,8
"Yorkshire and the Humber","Wave 21 - November 2021","Once a week",1,5,3,4,3,3,1,"Yes",3,6,6,6,2,8,3,6.5
"East","Wave 21 - November 2021","Every day",5,5,4,3,4,5,1,"Yes",3,6,5,5,4,6,4.66666666666667,5.5
"South West","Wave 21 - November 2021","Every day",5,5,5,5,5,4,4,"Yes",4,8,8,8,7,3,5,6.75
"West Midlands","Wave 21 - November 2021","Twice a week",5,5,4,5,4,3,2,"Yes",2,8,8,10,0,10,4.66666666666667,9
"South East","Wave 21 - November 2021","Once or twice a month",4,3,3,4,4,3,1,"Yes",4,8,8,8,0,10,3.33333333333333,8.5
"Yorkshire and the Humber","Wave 21 - November 2021","More than twice a week, but not every day",4,3,2,4,5,3,5,"Yes",4,4,3,2,7,3,3,3
"North West","Wave 21 - November 2021","Once a week",4,4,4,5,5,4,3,"Yes",1,7,10,8,6,4,4,7.25
"London","Wave 21 - November 2021","Once or twice a month",5,4,4,4,4,3,2,"Yes",2,7,10,7,0,10,4.33333333333333,8.5
"London","Wave 21 - November 2021","Once a week",5,4,3,3,3,3,2,"No",2,8,9,8,1,9,4,8.5
"South East","Wave 21 - November 2021","More than twice a week, but not every day",5,4,4,4,4,5,3,"Yes",4,6,6,2,3,7,4.33333333333333,5.25
"Yorkshire and the Humber","Wave 21 - November 2021","Every day",1,3,4,5,5,5,3,"Yes",5,3,4,3,5,5,2.66666666666667,3.75
"North East","Wave 21 - November 2021","Every day",5,5,5,4,5,3,3,"Yes",2,8,8,8,2,8,5,8
"West Midlands","Wave 21 - November 2021","More than twice a week, but not every day",4,4,3,4,4,3,2,"Yes",2,9,9,9,1,9,3.66666666666667,9
"Yorkshire and the Humber","Wave 21 - November 2021","More than twice a week, but not every day",5,5,4,4,4,3,4,"Yes",2,7,7,8,3,7,4.66666666666667,7.25
"East Midlands","Wave 21 - November 2021","More than twice a week, but not every day",5,5,5,5,5,3,5,"Yes",4,7,6,5,5,5,5,5.75
"West Midlands","Wave 21 - November 2021","Twice a week",2,4,4,4,5,3,3,"Yes",2,6,6,5,2,8,3.33333333333333,6.25
"London","Wave 21 - November 2021","Once or twice a month",5,4,5,5,5,3,3,"Yes",3,6,7,6,5,5,4.66666666666667,6
"Yorkshire and the Humber","Wave 21 - November 2021","Once every 2-3 months",5,3,4,5,4,3,2,"Yes",4,7,8,5,4,6,4,6.5
"South East","Wave 21 - November 2021","More than twice a week, but not every day",4,4,4,5,5,4,4,"Yes",4,6,6,5,4,6,4,5.75
"East","Wave 21 - November 2021","Once a week",3,2,3,4,5,2,3,"Yes",4,3,4,5,4,6,2.66666666666667,4.5
"London","Wave 21 - November 2021","Every day",5,5,5,5,5,5,4,"Yes",1,10,10,10,10,0,5,7.5
"London","Wave 21 - November 2021","Once or twice a month",2,3,2,5,5,5,4,"Yes",2,7,9,8,1,9,2.33333333333333,8.25
"East Midlands","Wave 21 - November 2021","Twice a week",1,5,5,5,4,1,4,"Yes",4,9,7,9,9,1,3.66666666666667,6.5
"West Midlands","Wave 21 - November 2021","Twice a week",1,1,1,4,5,3,3,"Yes",5,0,0,3,10,0,1,0.75
"London","Wave 21 - November 2021","Every day",5,4,5,4,4,3,3,"Yes",2,7,8,9,0,10,4.66666666666667,8.5
"North West","Wave 21 - November 2021","More than twice a week, but not every day",2,3,3,5,5,3,4,"Yes",4,8,9,10,0,10,2.66666666666667,9.25
"Yorkshire and the Humber","Wave 21 - November 2021","Twice a week",3,3,3,5,4,3,3,"Yes",3,1,2,0,9,1,3,1
"West Midlands","Wave 21 - November 2021","Every day",4,4,5,4,4,2,2,"No",3,7,6,6,4,6,4.33333333333333,6.25
"North East","Wave 21 - November 2021","Twice a week",5,4,4,4,4,3,5,"Yes",2,8,7,9,0,10,4.33333333333333,8.5
"South East","Wave 21 - November 2021","Twice a week",5,4,4,4,4,3,3,"Yes",3,5,5,5,5,5,4.33333333333333,5
"London","Wave 21 - November 2021","More than twice a week, but not every day",5,4,5,3,4,2,2,"Yes",3,7,7,7,0,10,4.66666666666667,7.75
"London","Wave 21 - November 2021","Every day",5,5,5,5,5,1,3,"Yes",5,3,1,1,1,9,5,3.5
"East","Wave 21 - November 2021","Once a week",4,3,4,4,5,4,3,"Yes",4,3,4,5,7,3,3.66666666666667,3.75
"South East","Wave 21 - November 2021","Once a week",4,4,3,5,5,1,3,"Yes",4,4,6,5,6,4,3.66666666666667,4.75
"West Midlands","Wave 21 - November 2021","More than twice a week, but not every day",4,4,4,5,5,4,4,"Yes",2,7,9,8,7,3,4,6.75
"Yorkshire and the Humber","Wave 21 - November 2021","Every day",5,5,5,4,3,1,1,"Yes",2,7,9,8,2,8,5,8
"West Midlands","Wave 21 - November 2021","Once or twice a month",3,2,2,4,3,3,5,"No",3,6,6,3,7,3,2.33333333333333,4.5
"West Midlands","Wave 21 - November 2021","Twice a week",5,4,4,4,5,5,4,"Yes",4,6,6,7,5,5,4.33333333333333,6
"London","Wave 21 - November 2021","Twice a week",3,5,3,3,3,5,5,"No",2,7,8,7,6,4,3.66666666666667,6.5
"West Midlands","Wave 21 - November 2021","More than twice a week, but not every day",5,4,4,4,4,3,1,"No",1,10,10,10,0,10,4.33333333333333,10
"London","Wave 21 - November 2021","Once a week",4,4,5,5,4,4,3,"Yes",2,7,7,7,5,5,4.33333333333333,6.5
"West Midlands","Wave 21 - November 2021","Less often",4,4,4,5,4,2,1,"Yes",4,8,7,8,8,2,4,6.25
"South West","Wave 21 - November 2021","More than twice a week, but not every day",5,5,5,5,5,3,3,"Yes",1,9,9,9,1,9,5,9
"Yorkshire and the Humber","Wave 21 - November 2021","More than twice a week, but not every day",4,4,4,4,4,4,5,"Yes",4,6,7,6,3,7,4,6.5
"North West","Wave 21 - November 2021","More than twice a week, but not every day",4,4,4,5,5,5,2,"Yes",4,5,6,7,2,8,4,6.5
"North West","Wave 21 - November 2021","Once or twice a month",4,2,1,5,5,3,5,"Yes",5,3,5,8,7,3,2.33333333333333,4.75
"North West","Wave 21 - November 2021","Once a week",1,4,3,5,5,2,2,"Yes",3,8,9,6,2,8,2.66666666666667,7.75
"South West","Wave 21 - November 2021","More than twice a week, but not every day",5,5,3,5,5,5,3,"Yes",1,10,10,10,5,5,4.33333333333333,8.75
"North West","Wave 21 - November 2021","Once or twice a month",5,4,4,4,5,3,3,"Yes",3,7,8,7,5,5,4.33333333333333,6.75
"London","Wave 21 - November 2021","Every day",1,5,5,5,5,5,5,"Yes",5,10,10,10,10,0,3.66666666666667,7.5
"South West","Wave 21 - November 2021","More than twice a week, but not every day",1,1,1,4,5,4,4,"Yes",2,7,8,8,0,10,1,8.25
"South East","Wave 21 - November 2021","Every day",4,4,4,5,5,3,3,"Yes",1,5,5,3,3,7,4,5
"South West","Wave 21 - November 2021","Every day",5,5,5,5,5,4,4,"Yes",4,10,10,10,4,6,5,9
"South East","Wave 21 - November 2021","Every day",5,5,5,4,4,5,5,"Yes",2,8,8,10,0,10,5,9
"South West","Wave 21 - November 2021","Once or twice a month",1,1,4,4,4,2,1,"Yes",5,6,8,7,8,2,2,5.75
"East Midlands","Wave 21 - November 2021","Every day",1,1,1,5,5,2,2,"Yes",5,10,10,10,10,0,1,7.5
"Yorkshire and the Humber","Wave 21 - November 2021","Once a week",4,4,4,5,5,5,5,"Yes",5,9,9,9,9,1,4,7
"South East","Wave 21 - November 2021","Twice a week",2,4,2,4,3,3,2,"Yes",3,7,7,8,4,6,2.66666666666667,7
"South West","Wave 21 - November 2021","Once a week",4,4,5,5,4,3,3,"Yes",3,2,8,8,8,2,4.33333333333333,5
"West Midlands","Wave 21 - November 2021","Once a week",3,5,5,4,4,2,2,"Yes",4,8,8,7,7,3,4.33333333333333,6.5
"Yorkshire and the Humber","Wave 21 - November 2021","Every day",4,4,4,4,4,3,4,"Yes",4,6,6,7,7,3,4,5.5
"East","Wave 21 - November 2021","More than twice a week, but not every day",5,5,5,4,3,3,3,"Yes",5,5,10,5,7,3,5,5.75
"London","Wave 21 - November 2021","More than twice a week, but not every day",5,5,5,5,5,4,4,"Yes",4,5,7,5,5,5,5,5.5
"North West","Wave 21 - November 2021","Every day",5,5,5,4,5,3,3,"Yes",3,7,8,7,3,7,5,7.25
"North West","Wave 21 - November 2021","Every day",5,5,4,4,4,4,2,"Yes",4,7,7,7,5,5,4.66666666666667,6.5
"East","Wave 21 - November 2021","More than twice a week, but not every day",3,3,2,5,5,5,4,"Yes",1,7,10,10,6,4,2.66666666666667,7.75
"South West","Wave 21 - November 2021","Once or twice a month",5,5,4,4,4,3,3,"Yes",2,7,7,7,2,8,4.66666666666667,7.25
"London","Wave 21 - November 2021","Every day",3,5,5,4,5,4,2,"Yes",2,6,8,7,3,7,4.33333333333333,7
"South West","Wave 22 - December 2021","Every day",5,4,4,5,4,4,2,"Yes",3,7,7,7,6,4,4.33333333333333,6.25
"East","Wave 22 - December 2021","Twice a week",4,4,4,4,4,3,3,"Yes",5,2,2,7,6,4,4,3.75
"North East","Wave 22 - December 2021","Once or twice a month",4,5,4,4,4,5,3,"Yes",3,6,4,6,8,2,4.33333333333333,4.5
"South East","Wave 22 - December 2021","Every day",5,5,5,5,5,1,4,"Yes",1,9,9,9,1,9,5,9
"West Midlands","Wave 22 - December 2021","Every day",5,5,5,5,5,2,2,"Yes",5,10,10,10,10,0,5,7.5
"West Midlands","Wave 22 - December 2021","Once a week",5,4,4,3,3,3,2,"No",3,6,5,9,5,5,4.33333333333333,6.25
"East","Wave 22 - December 2021","More than twice a week, but not every day",4,5,4,5,5,5,2,"Yes",1,9,8,10,0,10,4.33333333333333,9.25
"South East","Wave 22 - December 2021","Once or twice a month",4,4,3,4,4,4,3,"Yes",4,5,5,5,5,5,3.66666666666667,5
"London","Wave 22 - December 2021","Every day",1,1,1,4,4,1,2,"Yes",1,7,8,2,10,0,1,4.25
"Yorkshire and the Humber","Wave 22 - December 2021","Once a week",2,4,4,4,4,2,2,"No",1,6,9,9,1,9,3.33333333333333,8.25
"Yorkshire and the Humber","Wave 22 - December 2021","Once or twice a month",1,3,4,5,5,3,5,"Yes",2,5,6,7,1,9,2.66666666666667,6.75
"East","Wave 22 - December 2021","More than twice a week, but not every day",4,5,4,5,4,2,4,"Yes",3,7,7,8,4,6,4.33333333333333,7
"London","Wave 22 - December 2021","Every day",1,2,1,4,4,1,2,"No",1,7,8,10,0,10,1.33333333333333,8.75
"London","Wave 22 - December 2021","Every day",3,4,4,5,5,1,1,"Yes",3,10,10,10,10,0,3.66666666666667,7.5
"West Midlands","Wave 22 - December 2021","More than twice a week, but not every day",2,4,4,4,4,4,4,"Yes",3,7,6,8,3,7,3.33333333333333,7
"North West","Wave 22 - December 2021","More than twice a week, but not every day",5,5,5,5,4,2,1,"No",1,5,8,7,1,9,5,7.25
"East","Wave 22 - December 2021","Every day",3,3,3,5,5,4,4,"Yes",5,6,5,6,7,3,3,5
"South East","Wave 22 - December 2021","Once or twice a month",5,4,5,4,4,1,3,"Yes",4,6,9,6,9,1,4.66666666666667,5.5
"North West","Wave 22 - December 2021","Once a week",4,4,4,5,5,3,5,"Yes",3,7,8,7,6,4,4,6.5
"London","Wave 22 - December 2021","Every day",2,2,2,5,5,5,5,"Yes",2,6,8,7,5,5,2,6.5
"North West","Wave 22 - December 2021","Twice a week",1,5,5,4,4,3,2,"Yes",3,5,3,3,4,6,3.66666666666667,4.25
"West Midlands","Wave 22 - December 2021","More than twice a week, but not every day",5,5,5,5,5,3,3,"Yes",3,6,5,7,7,3,5,5.25
"East","Wave 22 - December 2021","Once a week",4,5,2,5,4,2,4,"Yes",2,7,7,7,5,5,3.66666666666667,6.5
"South West","Wave 22 - December 2021","Twice a week",2,3,4,4,4,3,5,"Yes",2,7,8,7,6,4,3,6.5
"East Midlands","Wave 22 - December 2021","Twice a week",5,5,5,4,5,2,4,"Yes",4,2,7,5,8,2,5,4
"North East","Wave 22 - December 2021","Every day",5,4,3,5,5,3,5,"Yes",4,2,3,4,7,3,4,3
"South East","Wave 22 - December 2021","Every day",4,4,4,4,4,4,2,"Yes",3,7,6,7,3,7,4,6.75
"East","Wave 22 - December 2021","Once a week",1,4,5,5,5,4,3,"Yes",4,9,10,10,8,2,3.33333333333333,7.75
"South West","Wave 22 - December 2021","Once a week",5,5,5,4,4,3,3,"Yes",2,8,8,8,5,5,5,7.25
"North West","Wave 22 - December 2021","Once a week",2,5,5,5,4,5,4,"Yes",3,9,9,9,0,10,4,9.25
"South East","Wave 22 - December 2021","Once or twice a month",5,4,4,5,5,3,2,"Yes",1,7,10,7,0,10,4.33333333333333,8.5
"London","Wave 22 - December 2021","Every day",5,4,4,5,4,5,5,"Yes",5,7,8,7,7,3,4.33333333333333,6.25
"South East","Wave 22 - December 2021","Every day",4,3,4,4,3,3,5,"Yes",1,4,7,7,4,6,3.66666666666667,6
"West Midlands","Wave 22 - December 2021","More than twice a week, but not every day",5,5,4,4,4,5,5,"Yes",4,10,10,10,4,6,4.66666666666667,9
"South West","Wave 22 - December 2021","Once a week",4,3,4,5,4,2,4,"Yes",4,2,3,2,7,3,3.66666666666667,2.5
"North West","Wave 22 - December 2021","Every day",5,5,5,5,4,3,2,"Yes",2,9,9,9,2,8,5,8.75
"Yorkshire and the Humber","Wave 22 - December 2021","Every day",4,5,4,4,4,2,2,"Yes",2,8,6,4,6,4,4.33333333333333,5.5
"East Midlands","Wave 22 - December 2021","Once or twice a month",4,5,5,4,4,2,2,"Yes",2,6,7,8,2,8,4.66666666666667,7.25
"Yorkshire and the Humber","Wave 22 - December 2021","More than twice a week, but not every day",1,1,1,5,5,5,2,"Yes",2,9,9,9,0,10,1,9.25
"North East","Wave 22 - December 2021","Less often",4,4,4,4,4,4,5,"Yes",1,9,9,8,0,10,4,9
"North East","Wave 22 - December 2021","More than twice a week, but not every day",5,5,4,4,5,3,3,"Yes",1,8,8,8,2,8,4.66666666666667,8
"North West","Wave 22 - December 2021","Once or twice a month",4,4,3,4,5,3,4,"Yes",2,8,9,8,2,8,3.66666666666667,8.25
"North West","Wave 22 - December 2021","Twice a week",5,4,4,5,4,5,5,"Yes",1,8,9,9,1,9,4.33333333333333,8.75
"North West","Wave 22 - December 2021","Once or twice a month",5,3,5,4,3,3,2,"Yes",4,3,3,3,7,3,4.33333333333333,3
"West Midlands","Wave 22 - December 2021","Twice a week",5,4,4,4,4,3,2,"Yes",2,8,8,9,0,10,4.33333333333333,8.75
"West Midlands","Wave 22 - December 2021","Twice a week",1,3,5,5,5,4,3,"Yes",4,9,10,9,4,6,3,8.5
"West Midlands","Wave 22 - December 2021","Once a week",1,4,4,2,4,2,4,"Yes",3,3,5,5,6,4,3,4.25
"North East","Wave 22 - December 2021","Every day",4,5,5,5,5,5,5,"Yes",2,9,9,9,0,10,4.66666666666667,9.25
"West Midlands","Wave 22 - December 2021","Once a week",4,4,4,5,5,3,3,"Yes",4,6,7,7,1,9,4,7.25
"East Midlands","Wave 22 - December 2021","More than twice a week, but not every day",1,1,1,5,5,4,4,"Yes",2,8,9,9,8,2,1,7
"Yorkshire and the Humber","Wave 22 - December 2021","Every day",5,5,4,4,4,2,2,"No",3,6,7,7,7,3,4.66666666666667,5.75
"South East","Wave 22 - December 2021","Twice a week",2,4,4,4,4,4,4,"Yes",5,6,6,6,5,5,3.33333333333333,5.75
"East","Wave 22 - December 2021","Every day",1,4,4,5,5,2,2,"Yes",4,10,10,10,10,0,3,7.5
"East","Wave 22 - December 2021","Once a week",1,5,5,5,4,5,5,"Yes",3,10,9,10,0,10,3.66666666666667,9.75
"East Midlands","Wave 22 - December 2021","More than twice a week, but not every day",4,4,4,5,4,3,3,"Yes",1,10,10,10,0,10,4,10
"South East","Wave 22 - December 2021","Every day",1,1,1,5,4,5,5,"Yes",3,7,7,8,8,2,1,6
"London","Wave 22 - December 2021","Twice a week",4,4,4,5,5,4,4,"Yes",4,9,10,9,4,6,4,8.5
"North West","Wave 22 - December 2021","Once a week",1,5,5,5,5,1,1,"No",2,7,7,8,3,7,3.66666666666667,7.25
"North East","Wave 22 - December 2021","Once or twice a month",1,1,1,4,5,2,3,"Yes",2,9,10,10,0,10,1,9.75
"Yorkshire and the Humber","Wave 22 - December 2021","Once a week",5,4,5,4,5,4,3,"Yes",3,7,8,7,3,7,4.66666666666667,7.25
"North West","Wave 22 - December 2021","Once a week",4,4,4,4,4,2,2,"Yes",4,7,8,8,2,8,4,7.75
"South East","Wave 22 - December 2021","Every day",5,4,4,5,4,3,5,"Yes",1,8,9,8,2,8,4.33333333333333,8.25
"North West","Wave 22 - December 2021","More than twice a week, but not every day",4,3,3,4,4,3,3,"Yes",3,8,7,8,2,8,3.33333333333333,7.75
"South East","Wave 22 - December 2021","More than twice a week, but not every day",4,4,4,4,4,3,3,"Yes",3,10,10,10,0,10,4,10
"South West","Wave 22 - December 2021","Every day",5,5,5,4,4,2,4,"Yes",2,6,6,6,2,8,5,6.5
"Yorkshire and the Humber","Wave 22 - December 2021","Twice a week",4,4,4,5,5,4,4,"Yes",1,8,8,7,0,10,4,8.25
"East","Wave 22 - December 2021","Once a week",3,4,3,4,4,1,3,"Yes",2,7,8,7,2,8,3.33333333333333,7.5
"Yorkshire and the Humber","Wave 22 - December 2021","Every day",5,5,4,3,3,4,1,"No",2,9,9,9,9,1,4.66666666666667,7
"South East","Wave 22 - December 2021","Twice a week",4,4,4,5,5,3,3,"Yes",3,7,7,7,5,5,4,6.5
"South West","Wave 22 - December 2021","Every day",5,5,5,5,5,5,3,"Yes",4,8,8,8,2,8,5,8
"London","Wave 22 - December 2021","More than twice a week, but not every day",5,4,5,5,5,2,2,"Yes",4,8,8,8,8,2,4.66666666666667,6.5
"London","Wave 22 - December 2021","Every day",5,5,5,5,5,4,3,"Yes",5,10,10,10,10,0,5,7.5
"East Midlands","Wave 22 - December 2021","More than twice a week, but not every day",2,3,2,4,4,2,3,"Yes",4,7,7,8,0,10,2.33333333333333,8
"North West","Wave 22 - December 2021","Once a week",4,4,4,2,2,3,2,"No",2,5,5,5,5,5,4,5
"East","Wave 22 - December 2021","Every day",4,4,4,4,4,3,3,"Yes",2,8,8,8,0,10,4,8.5
"West Midlands","Wave 22 - December 2021","Once or twice a month",5,4,4,5,5,4,5,"Yes",2,9,9,10,0,10,4.33333333333333,9.5
"East Midlands","Wave 22 - December 2021","More than twice a week, but not every day",5,4,5,4,5,2,2,"Yes",1,7,8,8,1,9,4.66666666666667,8
"Yorkshire and the Humber","Wave 22 - December 2021","Once every 2-3 months",5,5,5,5,4,3,4,"Yes",3,5,6,6,4,6,5,5.75
"South West","Wave 22 - December 2021","More than twice a week, but not every day",5,4,5,5,5,2,3,"Yes",4,3,3,5,4,6,4.66666666666667,4.25
"South East","Wave 22 - December 2021","More than twice a week, but not every day",4,5,4,5,5,1,4,"Yes",1,7,6,8,0,10,4.33333333333333,7.75
"South East","Wave 22 - December 2021","Twice a week",4,5,5,4,4,4,5,"Yes",3,7,8,6,3,7,4.66666666666667,7
"London","Wave 22 - December 2021","Twice a week",3,5,5,5,4,3,4,"Yes",5,7,7,8,3,7,4.33333333333333,7.25
"London","Wave 22 - December 2021","Every day",5,4,3,5,5,5,4,"Yes",5,10,9,7,9,1,4,6.75
"South East","Wave 22 - December 2021","Once a week",4,4,4,4,4,4,1,"Yes",5,3,4,5,7,3,4,3.75
"East","Wave 22 - December 2021","Twice a week",4,4,4,5,5,3,2,"Yes",5,3,5,3,6,4,4,3.75
"West Midlands","Wave 22 - December 2021","More than twice a week, but not every day",4,4,4,4,4,4,5,"Yes",5,5,5,4,8,2,4,4
"North West","Wave 23 - January 2022","Once a week",4,4,5,4,4,4,4,"Yes",2,9,8,7,0,10,4.33333333333333,8.5
"South East","Wave 23 - January 2022","More than twice a week, but not every day",5,5,5,5,5,3,4,"Yes",1,9,10,8,8,2,5,7.25
"East Midlands","Wave 23 - January 2022","More than twice a week, but not every day",2,2,3,5,5,2,3,"Yes",4,6,4,4,6,4,2.33333333333333,4.5
"West Midlands","Wave 23 - January 2022","Once a week",4,4,4,4,3,4,2,"No",2,8,8,8,1,9,4,8.25
"East","Wave 23 - January 2022","Once a week",5,4,4,5,5,3,4,"Yes",4,6,6,6,6,4,4.33333333333333,5.5
"West Midlands","Wave 23 - January 2022","Every day",4,4,4,4,5,4,3,"Yes",1,7,8,8,0,10,4,8.25
"London","Wave 23 - January 2022","Once or twice a month",5,4,4,4,4,3,4,"Yes",2,7,7,7,3,7,4.33333333333333,7
"London","Wave 23 - January 2022","Every day",5,3,4,5,5,1,2,"Yes",5,10,10,10,10,0,4,7.5
"West Midlands","Wave 23 - January 2022","Once or twice a month",4,4,4,4,4,1,5,"Yes",2,3,2,3,5,5,4,3.25
"South West","Wave 23 - January 2022","More than twice a week, but not every day",5,5,4,4,4,4,3,"Yes",1,7,7,7,0,10,4.66666666666667,7.75
"South East","Wave 23 - January 2022","More than twice a week, but not every day",4,4,5,5,5,4,4,"Yes",4,10,8,9,2,8,4.33333333333333,8.75
"London","Wave 23 - January 2022","Every day",4,5,4,4,4,3,3,"No",4,7,7,7,7,3,4.33333333333333,6
"South West","Wave 23 - January 2022","More than twice a week, but not every day",5,4,4,4,4,4,3,"Yes",3,9,9,8,2,8,4.33333333333333,8.5
"North East","Wave 23 - January 2022","Less often",4,3,2,3,3,1,1,"Yes",1,7,7,5,0,10,3,7.25
"South West","Wave 23 - January 2022","Once a week",4,5,4,4,4,4,5,"Yes",3,4,5,4,4,6,4.33333333333333,4.75
"East","Wave 23 - January 2022","More than twice a week, but not every day",4,4,4,5,5,5,5,"Yes",4,7,6,7,2,8,4,7
"Yorkshire and the Humber","Wave 23 - January 2022","More than twice a week, but not every day",2,4,1,5,5,3,5,"Yes",4,7,7,7,7,3,2.33333333333333,6
"North West","Wave 23 - January 2022","Every day",4,4,4,5,4,4,5,"Yes",2,8,9,7,3,7,4,7.75
"London","Wave 23 - January 2022","More than twice a week, but not every day",5,5,5,4,3,1,1,"Yes",1,8,3,8,0,10,5,7.25
"North West","Wave 23 - January 2022","Once a week",3,3,3,4,3,3,1,"No",5,2,1,2,8,2,3,1.75
"East","Wave 23 - January 2022","More than twice a week, but not every day",5,5,4,4,4,3,3,"Yes",3,5,6,5,5,5,4.66666666666667,5.25
"North West","Wave 23 - January 2022","Once a week",4,4,4,5,4,4,4,"Yes",4,5,5,6,4,6,4,5.5
"London","Wave 23 - January 2022","Every day",5,4,4,5,4,3,4,"Yes",5,7,6,7,8,2,4.33333333333333,5.5
"London","Wave 23 - January 2022","More than twice a week, but not every day",5,4,5,5,5,5,4,"Yes",2,10,10,10,2,8,4.66666666666667,9.5
"South East","Wave 23 - January 2022","More than twice a week, but not every day",2,4,4,4,4,3,3,"Yes",4,4,5,5,3,7,3.33333333333333,5.25
"North West","Wave 23 - January 2022","Once or twice a month",2,4,4,5,5,3,1,"Yes",4,7,7,0,10,0,3.33333333333333,3.5
"East Midlands","Wave 23 - January 2022","More than twice a week, but not every day",5,5,5,4,4,4,3,"Yes",2,8,8,10,0,10,5,9
"South East","Wave 23 - January 2022","Once a week",4,4,3,4,4,1,1,"Yes",4,6,6,7,7,3,3.66666666666667,5.5
"London","Wave 23 - January 2022","More than twice a week, but not every day",5,5,5,5,5,5,4,"Yes",4,7,7,8,4,6,5,7
"South West","Wave 23 - January 2022","Once a week",4,4,4,4,3,3,5,"Yes",2,7,7,8,3,7,4,7.25
"East Midlands","Wave 23 - January 2022","Every day",5,5,5,5,5,4,5,"Yes",5,10,10,10,10,0,5,7.5
"East","Wave 23 - January 2022","More than twice a week, but not every day",5,4,5,4,5,4,3,"Yes",3,8,8,8,0,10,4.66666666666667,8.5
"London","Wave 23 - January 2022","Twice a week",5,4,5,4,4,4,2,"Yes",2,8,9,8,0,10,4.66666666666667,8.75
"London","Wave 23 - January 2022","Every day",4,5,4,5,5,5,3,"Yes",1,10,10,10,0,10,4.33333333333333,10
"South East","Wave 23 - January 2022","More than twice a week, but not every day",5,5,5,4,4,5,3,"No",1,10,10,10,0,10,5,10
"London","Wave 23 - January 2022","Every day",5,5,5,5,5,5,5,"Yes",5,10,10,10,10,0,5,7.5
"London","Wave 23 - January 2022","More than twice a week, but not every day",3,4,3,5,4,3,3,"Yes",3,4,4,6,1,9,3.33333333333333,5.75
"London","Wave 23 - January 2022","More than twice a week, but not every day",5,5,5,4,4,2,4,"Yes",2,10,10,6,2,8,5,8.5
"Yorkshire and the Humber","Wave 23 - January 2022","More than twice a week, but not every day",4,4,4,4,4,4,3,"Yes",4,4,5,5,7,3,4,4.25
"London","Wave 23 - January 2022","Once a week",1,5,5,5,5,4,4,"Yes",3,3,8,10,10,0,3.66666666666667,5.25
"West Midlands","Wave 23 - January 2022","Twice a week",4,4,4,5,4,3,5,"Yes",2,7,6,9,2,8,4,7.5
"South East","Wave 23 - January 2022","More than twice a week, but not every day",5,5,5,5,5,5,3,"Yes",3,7,5,5,7,3,5,5
"South West","Wave 23 - January 2022","More than twice a week, but not every day",5,5,5,5,5,4,5,"Yes",1,5,10,6,9,1,5,5.5
"North West","Wave 23 - January 2022","More than twice a week, but not every day",5,5,5,5,5,3,3,"Yes",2,7,9,9,2,8,5,8.25
"East","Wave 23 - January 2022","Less often",1,2,4,3,3,2,1,"No",4,7,4,4,4,6,2.33333333333333,5.25
"South West","Wave 23 - January 2022","Every day",4,4,4,3,4,4,3,"Yes",2,7,7,8,5,5,4,6.75
"East Midlands","Wave 23 - January 2022","Once a week",4,3,4,4,4,3,5,"Yes",3,6,7,6,2,8,3.66666666666667,6.75
"South West","Wave 23 - January 2022","Once or twice a month",5,4,4,4,4,5,4,"Yes",1,0,3,0,10,0,4.33333333333333,0.75
"London","Wave 23 - January 2022","Once or twice a month",4,4,5,4,5,2,4,"Yes",2,7,8,7,2,8,4.33333333333333,7.5
"South East","Wave 23 - January 2022","Twice a week",4,3,3,4,4,3,2,"No",4,8,8,8,7,3,3.33333333333333,6.75
"London","Wave 23 - January 2022","Once a week",4,5,4,4,4,3,4,"Yes",4,8,6,6,7,3,4.33333333333333,5.75
"London","Wave 23 - January 2022","More than twice a week, but not every day",4,3,4,5,5,3,3,"Yes",2,5,6,5,5,5,3.66666666666667,5.25
"Yorkshire and the Humber","Wave 23 - January 2022","Once or twice a month",4,5,5,5,5,4,4,"Yes",2,4,7,5,1,9,4.66666666666667,6.25
"Yorkshire and the Humber","Wave 23 - January 2022","More than twice a week, but not every day",4,4,4,4,4,3,4,"Yes",4,7,7,6,6,4,4,6
"East","Wave 23 - January 2022","Once a week",4,4,4,5,4,4,4,"Yes",3,3,4,5,5,5,4,4.25
"West Midlands","Wave 23 - January 2022","More than twice a week, but not every day",5,3,5,1,1,2,1,"No",1,10,10,10,0,10,4.33333333333333,10
"Yorkshire and the Humber","Wave 23 - January 2022","More than twice a week, but not every day",4,5,5,4,5,3,4,"Yes",4,7,9,10,1,9,4.66666666666667,8.75
"East Midlands","Wave 23 - January 2022","More than twice a week, but not every day",1,5,2,5,5,5,5,"Yes",5,5,5,5,5,5,2.66666666666667,5
"East","Wave 23 - January 2022","Once a week",3,4,4,4,3,3,1,"Yes",4,7,8,7,2,8,3.66666666666667,7.5
"South East","Wave 23 - January 2022","More than twice a week, but not every day",5,5,4,3,4,3,1,"No",3,7,7,7,4,6,4.66666666666667,6.75
"North East","Wave 23 - January 2022","Every day",5,5,5,5,5,3,3,"Yes",4,8,8,7,3,7,5,7.5
"London","Wave 23 - January 2022","Every day",5,4,4,5,5,4,3,"Yes",5,8,9,9,9,1,4.33333333333333,6.75
"West Midlands","Wave 23 - January 2022","Once every 2-3 months",5,4,5,5,5,3,3,"Yes",4,3,3,4,5,5,4.66666666666667,3.75
"London","Wave 23 - January 2022","Twice a week",3,3,2,3,3,5,5,"No",2,10,10,7,5,5,2.66666666666667,8
"London","Wave 23 - January 2022","Twice a week",4,5,4,4,4,5,4,"Yes",2,8,9,9,1,9,4.33333333333333,8.75
"London","Wave 23 - January 2022","Every day",5,5,5,5,5,5,5,"Yes",4,10,10,10,10,0,5,7.5
"London","Wave 23 - January 2022","Twice a week",4,2,2,4,4,2,2,"Yes",2,7,7,8,3,7,2.66666666666667,7.25
"London","Wave 23 - January 2022","More than twice a week, but not every day",4,4,4,4,4,4,3,"Yes",4,6,6,7,6,4,4,5.75
"North West","Wave 23 - January 2022","More than twice a week, but not every day",4,3,4,4,4,3,3,"No",2,8,8,7,1,9,3.66666666666667,8
"South West","Wave 23 - January 2022","More than twice a week, but not every day",1,1,1,5,4,3,5,"Yes",4,7,7,7,0,10,1,7.75
"Yorkshire and the Humber","Wave 23 - January 2022","More than twice a week, but not every day",5,4,4,5,4,3,4,"Yes",3,9,10,8,1,9,4.33333333333333,9
"North West","Wave 23 - January 2022","Once every 2-3 months",1,4,5,5,4,5,3,"Yes",4,3,3,3,3,7,3.33333333333333,4
"South East","Wave 23 - January 2022","Twice a week",4,4,4,5,5,3,5,"Yes",2,8,10,10,0,10,4,9.5
"South West","Wave 23 - January 2022","More than twice a week, but not every day",5,5,4,5,5,5,5,"Yes",5,8,9,9,3,7,4.66666666666667,8.25
"Yorkshire and the Humber","Wave 23 - January 2022","Once a week",5,5,4,5,5,2,5,"Yes",3,7,7,8,5,5,4.66666666666667,6.75
"Yorkshire and the Humber","Wave 23 - January 2022","Once or twice a month",2,4,4,4,5,3,3,"Yes",4,6,6,6,3,7,3.33333333333333,6.25
"Yorkshire and the Humber","Wave 23 - January 2022","More than twice a week, but not every day",1,1,1,3,3,1,2,"No",1,10,10,10,0,10,1,10
"South West","Wave 23 - January 2022","Every day",5,4,5,4,5,2,1,"No",3,3,1,3,3,7,4.66666666666667,3.5
"South East","Wave 23 - January 2022","Twice a week",4,3,2,3,3,2,3,"Yes",4,3,4,5,4,6,3,4.5
"Yorkshire and the Humber","Wave 23 - January 2022","Every day",5,5,4,4,5,3,3,"Yes",1,10,10,10,0,10,4.66666666666667,10
"London","Wave 23 - January 2022","Every day",5,5,4,5,5,3,2,"Yes",4,3,4,3,6,4,4.66666666666667,3.5
"South West","Wave 23 - January 2022","Once every 2-3 months",5,5,5,4,4,3,3,"Yes",1,7,8,8,0,10,5,8.25
"East","Wave 23 - January 2022","Every day",5,4,4,4,4,3,3,"Yes",1,9,9,10,0,10,4.33333333333333,9.5
"North West","Wave 24 - February 2022","Every day",1,4,4,5,5,3,5,"Yes",2,7,7,7,4,6,3,6.75
"North West","Wave 24 - February 2022","Every day",5,4,4,5,5,5,5,"Yes",2,7,7,6,6,4,4.33333333333333,6
"East Midlands","Wave 24 - February 2022","Once or twice a month",5,4,4,4,4,5,5,"Yes",1,10,10,10,0,10,4.33333333333333,10
"London","Wave 24 - February 2022","Every day",4,4,4,5,4,4,3,"Yes",5,7,6,8,8,2,4,5.75
"London","Wave 24 - February 2022","Once or twice a month",5,4,4,4,5,4,4,"Yes",2,7,7,8,5,5,4.33333333333333,6.75
"South West","Wave 24 - February 2022","Every day",5,5,4,5,5,5,4,"Yes",2,9,10,10,0,10,4.66666666666667,9.75
"North West","Wave 24 - February 2022","Every day",2,4,4,4,4,2,2,"No",3,7,7,7,3,7,3.33333333333333,7
"South East","Wave 24 - February 2022","Every day",1,1,1,5,5,2,3,"Yes",5,3,3,4,7,3,1,3.25
"West Midlands","Wave 24 - February 2022","Once every 2-3 months",3,3,3,3,3,4,5,"No",3,7,7,7,7,3,3,6
"East Midlands","Wave 24 - February 2022","Once or twice a month",5,4,4,2,4,4,3,"Yes",2,7,7,7,1,9,4.33333333333333,7.5
"North East","Wave 24 - February 2022","Twice a week",3,4,2,4,4,4,2,"Yes",5,8,8,8,8,2,3,6.5
"East Midlands","Wave 24 - February 2022","Twice a week",2,4,5,4,4,2,2,"Yes",2,7,8,8,0,10,3.66666666666667,8.25
"London","Wave 24 - February 2022","Every day",1,1,3,5,5,5,5,"Yes",5,9,5,5,4,6,1.66666666666667,6.25
"Yorkshire and the Humber","Wave 24 - February 2022","Once a week",5,5,5,5,5,1,3,"Yes",5,7,8,9,3,7,5,7.75
"South East","Wave 24 - February 2022","Twice a week",4,4,4,4,4,3,5,"Yes",4,6,7,7,6,4,4,6
"South West","Wave 24 - February 2022","Once a week",4,4,4,5,4,1,4,"No",5,4,2,5,5,5,4,4
"Yorkshire and the Humber","Wave 24 - February 2022","Once a week",1,1,1,5,5,3,4,"Yes",4,6,7,6,5,5,1,6
"London","Wave 24 - February 2022","Twice a week",5,4,4,3,3,3,1,"No",2,8,10,9,8,2,4.33333333333333,7.25
"London","Wave 24 - February 2022","More than twice a week, but not every day",2,3,2,4,2,5,5,"Yes",4,4,5,4,6,4,2.33333333333333,4.25
"South West","Wave 24 - February 2022","More than twice a week, but not every day",1,1,1,5,5,3,5,"Yes",2,10,10,10,0,10,1,10
"East","Wave 24 - February 2022","Twice a week",4,4,4,4,4,2,3,"Yes",3,4,7,5,4,6,4,5.5
"West Midlands","Wave 24 - February 2022","More than twice a week, but not every day",4,5,5,4,5,3,1,"No",2,8,10,8,0,10,4.66666666666667,9
"London","Wave 24 - February 2022","Less often",1,1,1,2,4,2,2,"No",4,6,7,4,8,2,1,4.75
"South East","Wave 24 - February 2022","Twice a week",5,5,5,4,5,4,4,"Yes",3,8,8,7,9,1,5,6
"East","Wave 24 - February 2022","More than twice a week, but not every day",1,1,1,5,5,5,4,"Yes",4,7,7,7,0,10,1,7.75
"North West","Wave 24 - February 2022","More than twice a week, but not every day",5,4,4,4,4,3,3,"Yes",4,7,7,8,2,8,4.33333333333333,7.5
"South West","Wave 24 - February 2022","More than twice a week, but not every day",5,4,4,5,5,4,3,"Yes",1,8,8,8,0,10,4.33333333333333,8.5
"South West","Wave 24 - February 2022","Every day",2,1,5,4,5,3,2,"Yes",4,6,7,5,6,4,2.66666666666667,5.5
"South East","Wave 24 - February 2022","Every day",5,5,5,5,5,3,5,"Yes",2,9,9,9,0,10,5,9.25
"North West","Wave 24 - February 2022","More than twice a week, but not every day",5,3,3,5,5,5,4,"Yes",5,4,3,6,5,5,3.66666666666667,4.5
"West Midlands","Wave 24 - February 2022","More than twice a week, but not every day",5,4,2,5,5,4,4,"Yes",4,6,6,8,8,2,3.66666666666667,5.5
"South West","Wave 24 - February 2022","Once a week",4,4,4,4,4,5,3,"Yes",3,7,8,7,5,5,4,6.75
"South East","Wave 24 - February 2022","Every day",5,5,5,4,4,3,4,"Yes",1,9,9,9,2,8,5,8.75
"South West","Wave 24 - February 2022","Once or twice a month",4,4,4,4,4,3,4,"Yes",2,7,6,7,2,8,4,7
"East","Wave 24 - February 2022","Once every 2-3 months",5,4,4,4,4,3,1,"Yes",4,4,8,8,5,5,4.33333333333333,6.25
"London","Wave 24 - February 2022","Twice a week",4,4,4,3,4,2,3,"Yes",2,7,7,6,6,4,4,6
"East Midlands","Wave 24 - February 2022","Once a week",3,4,4,5,5,2,2,"Yes",2,8,9,9,2,8,3.66666666666667,8.5
"North West","Wave 24 - February 2022","Once a week",4,4,4,5,5,3,3,"Yes",5,2,3,4,6,4,4,3.25
"South West","Wave 24 - February 2022","Every day",5,5,4,5,5,3,3,"Yes",1,7,8,7,0,10,4.66666666666667,8
"Yorkshire and the Humber","Wave 24 - February 2022","Once a week",5,5,5,5,4,5,3,"Yes",1,8,9,8,0,10,5,8.75
"North West","Wave 24 - February 2022","Every day",5,5,5,5,5,4,3,"Yes",1,5,3,5,3,7,5,5
"East","Wave 24 - February 2022","More than twice a week, but not every day",5,5,5,4,5,4,5,"Yes",2,8,9,10,0,10,5,9.25
"London","Wave 24 - February 2022","More than twice a week, but not every day",4,4,5,4,4,5,4,"Yes",4,7,6,5,4,6,4.33333333333333,6
"North West","Wave 24 - February 2022","Once a week",1,2,1,5,5,4,5,"Yes",4,7,7,8,8,2,1.33333333333333,6
"London","Wave 24 - February 2022","Once or twice a month",4,5,5,5,5,2,4,"Yes",2,8,9,8,0,10,4.66666666666667,8.75
"London","Wave 24 - February 2022","Once a week",3,4,4,5,4,5,5,"Yes",4,8,8,9,8,2,3.66666666666667,6.75
"South East","Wave 24 - February 2022","Twice a week",4,5,5,5,4,4,3,"Yes",2,9,9,9,1,9,4.66666666666667,9
"South East","Wave 24 - February 2022","Every day",5,5,5,4,4,2,3,"Yes",4,7,8,7,2,8,5,7.5
"North West","Wave 24 - February 2022","Every day",5,4,4,5,5,3,3,"Yes",1,9,8,10,0,10,4.33333333333333,9.25
"North East","Wave 24 - February 2022","More than twice a week, but not every day",5,5,5,5,5,4,4,"Yes",1,8,10,9,0,10,5,9.25
"South East","Wave 24 - February 2022","More than twice a week, but not every day",4,2,1,4,5,4,2,"Yes",1,8,9,9,0,10,2.33333333333333,9
"East Midlands","Wave 24 - February 2022","Twice a week",4,4,4,4,4,3,4,"Yes",1,9,9,10,0,10,4,9.5
"South East","Wave 24 - February 2022","Every day",1,2,4,4,4,5,1,"Yes",1,7,7,7,0,10,2.33333333333333,7.75
"Yorkshire and the Humber","Wave 24 - February 2022","More than twice a week, but not every day",5,5,5,5,5,2,5,"Yes",3,7,8,8,5,5,5,7
"South West","Wave 24 - February 2022","Once a week",4,4,4,4,4,4,4,"Yes",4,5,5,4,6,4,4,4.5
"South East","Wave 24 - February 2022","Twice a week",4,5,4,4,4,2,2,"Yes",2,7,7,6,7,3,4.33333333333333,5.75
"East Midlands","Wave 24 - February 2022","Every day",5,5,4,5,5,4,3,"Yes",4,8,8,8,5,5,4.66666666666667,7.25
"West Midlands","Wave 24 - February 2022","Every day",5,4,4,4,5,3,3,"Yes",3,1,5,2,8,2,4.33333333333333,2.5
"East Midlands","Wave 24 - February 2022","More than twice a week, but not every day",5,5,5,5,5,4,4,"Yes",2,8,9,9,1,9,5,8.75
"London","Wave 24 - February 2022","Every day",1,2,5,5,4,3,2,"Yes",3,10,10,10,10,0,2.66666666666667,7.5
"South East","Wave 24 - February 2022","Once or twice a month",1,2,1,4,4,3,2,"Yes",2,4,5,4,6,4,1.33333333333333,4.25
"North West","Wave 24 - February 2022","Every day",4,4,4,4,4,1,4,"Yes",4,7,7,5,9,1,4,5
"South East","Wave 24 - February 2022","More than twice a week, but not every day",4,5,4,4,4,3,4,"Yes",4,8,8,5,6,4,4.33333333333333,6.25
"South East","Wave 24 - February 2022","Once a week",5,4,5,4,4,2,3,"Yes",2,8,8,7,1,9,4.66666666666667,8
"East","Wave 24 - February 2022","More than twice a week, but not every day",5,4,4,3,3,2,2,"No",3,4,3,5,3,7,4.33333333333333,4.75
"South East","Wave 24 - February 2022","Twice a week",3,4,3,4,4,4,3,"No",4,6,6,7,5,5,3.33333333333333,6
"North East","Wave 24 - February 2022","Every day",1,1,1,4,4,4,3,"Yes",2,7,8,7,2,8,1,7.5
"East","Wave 24 - February 2022","Once or twice a month",4,4,4,5,4,4,3,"Yes",3,3,3,0,4,6,4,3
"South East","Wave 24 - February 2022","Every day",5,5,4,4,5,3,4,"Yes",2,4,4,5,0,10,4.66666666666667,5.75
"North West","Wave 24 - February 2022","Twice a week",5,5,4,4,4,3,4,"Yes",3,7,8,8,5,5,4.66666666666667,7
"West Midlands","Wave 24 - February 2022","Once or twice a month",5,4,4,4,4,1,1,"Yes",1,10,8,10,0,10,4.33333333333333,9.5
"East","Wave 24 - February 2022","Every day",5,4,4,4,4,3,5,"Yes",2,7,7,8,0,10,4.33333333333333,8
"East","Wave 24 - February 2022","Once or twice a month",5,5,5,4,4,3,5,"Yes",3,6,6,8,2,8,5,7
"London","Wave 24 - February 2022","More than twice a week, but not every day",5,5,4,5,5,4,5,"Yes",2,6,10,10,1,9,4.66666666666667,8.75
"North West","Wave 24 - February 2022","More than twice a week, but not every day",3,5,5,4,4,4,2,"Yes",3,6,8,8,5,5,4.33333333333333,6.75
"London","Wave 24 - February 2022","More than twice a week, but not every day",4,4,4,4,4,4,3,"Yes",2,8,8,8,0,10,4,8.5
"East","Wave 24 - February 2022","More than twice a week, but not every day",5,5,4,4,4,4,4,"Yes",2,8,10,9,0,10,4.66666666666667,9.25
"London","Wave 24 - February 2022","Once or twice a month",2,1,2,4,4,5,4,"No",1,2,1,1,8,2,1.66666666666667,1.5
"East","Wave 24 - February 2022","More than twice a week, but not every day",5,4,5,4,5,4,5,"Yes",4,4,4,6,6,4,4.66666666666667,4.5
"South East","Wave 24 - February 2022","Once or twice a month",4,3,3,4,4,3,5,"Yes",4,8,8,9,9,1,3.33333333333333,6.5
"South East","Wave 24 - February 2022","Twice a week",4,4,4,4,4,4,3,"Yes",4,7,7,7,6,4,4,6.25
"Yorkshire and the Humber","Wave 24 - February 2022","Every day",1,2,1,5,5,2,1,"Yes",3,7,8,8,6,4,1.33333333333333,6.75
"South East","Wave 24 - February 2022","Every day",4,5,4,5,5,5,5,"Yes",2,4,5,5,8,2,4.33333333333333,4
"North West","Wave 24 - February 2022","Once a week",2,5,5,4,4,4,4,"Yes",4,6,8,8,8,2,4,6
"West Midlands","Wave 24 - February 2022","Once a week",4,4,4,5,5,4,5,"Yes",2,8,9,10,0,10,4,9.25
"South West","Wave 24 - February 2022","More than twice a week, but not every day",5,5,5,4,5,1,3,"Yes",3,7,9,9,5,5,5,7.5
"West Midlands","Wave 25 - March 2022","Twice a week",5,5,4,4,4,4,3,"Yes",2,9,9,10,1,9,4.66666666666667,9.25
"South West","Wave 25 - March 2022","More than twice a week, but not every day",1,5,5,5,5,5,5,"Yes",3,8,8,6,4,6,3.66666666666667,7
"South East","Wave 25 - March 2022","Every day",5,5,5,5,5,5,5,"Yes",2,8,10,7,3,7,5,8
"South West","Wave 25 - March 2022","More than twice a week, but not every day",4,5,4,5,5,4,5,"Yes",4,10,9,10,0,10,4.33333333333333,9.75
"Yorkshire and the Humber","Wave 25 - March 2022","More than twice a week, but not every day",5,5,5,5,5,4,4,"Yes",1,6,7,8,0,10,5,7.75
"East Midlands","Wave 25 - March 2022","Once a week",5,4,4,3,4,2,2,"Yes",1,3,3,4,5,5,4.33333333333333,3.75
"North East","Wave 25 - March 2022","More than twice a week, but not every day",4,5,5,5,5,4,3,"Yes",3,8,9,8,5,5,4.66666666666667,7.5
"North East","Wave 25 - March 2022","Every day",5,5,5,5,4,3,4,"Yes",2,8,10,8,0,10,5,9
"East Midlands","Wave 25 - March 2022","Every day",2,4,4,4,4,2,2,"Yes",4,10,9,10,1,9,3.33333333333333,9.5
"North West","Wave 25 - March 2022","More than twice a week, but not every day",4,5,4,5,5,5,3,"Yes",2,8,8,6,6,4,4.33333333333333,6.5
"East","Wave 25 - March 2022","Every day",4,4,4,5,4,4,4,"Yes",1,8,9,8,2,8,4,8.25
"East","Wave 25 - March 2022","More than twice a week, but not every day",5,4,5,5,4,5,5,"Yes",2,9,8,8,0,10,4.66666666666667,8.75
"West Midlands","Wave 25 - March 2022","Once a week",5,5,5,5,5,3,2,"Yes",3,10,10,10,10,0,5,7.5
"East","Wave 25 - March 2022","Once a week",5,5,4,4,4,2,1,"No",1,7,7,7,0,10,4.66666666666667,7.75
"East","Wave 25 - March 2022","More than twice a week, but not every day",4,3,4,4,5,3,3,"Yes",1,7,8,8,8,2,3.66666666666667,6.25
"London","Wave 25 - March 2022","Every day",1,4,4,5,4,4,4,"Yes",4,6,5,6,6,4,3,5.25
"Yorkshire and the Humber","Wave 25 - March 2022","Every day",5,5,5,5,5,2,5,"Yes",4,6,6,6,6,4,5,5.5
"London","Wave 25 - March 2022","More than twice a week, but not every day",5,5,5,5,5,1,2,"Yes",4,10,10,10,10,0,5,7.5
"London","Wave 25 - March 2022","Once a week",5,5,5,4,4,5,4,"Yes",3,7,6,8,2,8,5,7.25
"Yorkshire and the Humber","Wave 25 - March 2022","More than twice a week, but not every day",3,5,4,5,4,1,3,"Yes",4,6,4,4,5,5,4,4.75
"South East","Wave 25 - March 2022","Once a week",4,4,3,5,5,5,5,"Yes",1,8,8,8,7,3,3.66666666666667,6.75
"East","Wave 25 - March 2022","More than twice a week, but not every day",5,5,4,5,5,5,5,"Yes",3,6,6,5,5,5,4.66666666666667,5.5
"South West","Wave 25 - March 2022","Once a week",4,4,4,4,4,4,4,"Yes",3,8,8,7,6,4,4,6.75
"South East","Wave 25 - March 2022","More than twice a week, but not every day",2,5,4,4,4,3,2,"No",1,8,8,8,9,1,3.66666666666667,6.25
"East","Wave 25 - March 2022","Twice a week",1,1,1,4,4,5,5,"Yes",3,6,6,6,6,4,1,5.5
"North West","Wave 25 - March 2022","Twice a week",1,5,5,5,4,4,3,"Yes",4,4,8,6,7,3,3.66666666666667,5.25
"East Midlands","Wave 25 - March 2022","Twice a week",4,4,4,4,4,3,4,"Yes",3,7,8,8,6,4,4,6.75
"East Midlands","Wave 25 - March 2022","Every day",4,4,4,4,4,3,3,"Yes",4,7,7,7,6,4,4,6.25
"West Midlands","Wave 25 - March 2022","More than twice a week, but not every day",3,4,3,4,4,3,3,"Yes",5,3,3,4,1,9,3.33333333333333,4.75
"North West","Wave 25 - March 2022","Every day",5,5,4,5,4,4,3,"Yes",2,9,10,9,6,4,4.66666666666667,8
"South East","Wave 25 - March 2022","Every day",5,5,5,5,5,3,5,"No",1,10,10,10,0,10,5,10
"South West","Wave 25 - March 2022","More than twice a week, but not every day",4,3,4,5,5,3,3,"Yes",2,7,7,7,2,8,3.66666666666667,7.25
"East Midlands","Wave 25 - March 2022","Every day",4,4,4,4,4,3,1,"Yes",3,7,7,7,3,7,4,7
"East Midlands","Wave 25 - March 2022","Every day",4,3,4,5,4,4,4,"Yes",1,9,9,9,1,9,3.66666666666667,9
"East","Wave 25 - March 2022","More than twice a week, but not every day",4,5,5,4,5,3,5,"Yes",2,7,8,8,2,8,4.66666666666667,7.75
"North East","Wave 25 - March 2022","Once or twice a month",5,5,5,4,4,4,3,"Yes",1,8,8,8,1,9,5,8.25
"London","Wave 25 - March 2022","More than twice a week, but not every day",5,5,5,4,5,4,4,"Yes",3,5,5,6,3,7,5,5.75
"North East","Wave 25 - March 2022","Twice a week",4,5,5,5,5,5,4,"Yes",3,8,9,9,4,6,4.66666666666667,8
"South East","Wave 25 - March 2022","Once a week",5,4,5,4,4,3,3,"Yes",5,3,4,6,3,7,4.66666666666667,5
"South West","Wave 25 - March 2022","Twice a week",5,5,2,4,4,2,4,"Yes",4,7,5,8,10,0,4,5
"London","Wave 25 - March 2022","More than twice a week, but not every day",4,4,3,4,4,2,3,"Yes",4,7,7,6,6,4,3.66666666666667,6
"South East","Wave 25 - March 2022","Less often",4,4,4,4,4,4,2,"Yes",2,5,8,0,4,6,4,4.75
"West Midlands","Wave 25 - March 2022","Once a week",5,5,5,5,4,5,2,"Yes",1,8,8,8,0,10,5,8.5
"West Midlands","Wave 25 - March 2022","Every day",3,4,4,5,4,1,1,"Yes",1,10,10,10,10,0,3.66666666666667,7.5
"North West","Wave 25 - March 2022","Once a week",4,5,5,5,5,3,5,"Yes",2,5,7,7,3,7,4.66666666666667,6.5
"London","Wave 25 - March 2022","Once a week",5,5,5,5,5,4,3,"Yes",5,4,5,4,8,2,5,3.75
"North West","Wave 25 - March 2022","More than twice a week, but not every day",4,4,4,5,4,4,3,"Yes",1,8,9,9,1,9,4,8.75
"North East","Wave 25 - March 2022","Twice a week",5,4,4,4,4,5,2,"Yes",3,1,4,6,1,9,4.33333333333333,5
"South East","Wave 25 - March 2022","More than twice a week, but not every day",5,5,5,5,5,4,4,"Yes",3,7,6,7,0,10,5,7.5
"East","Wave 25 - March 2022","More than twice a week, but not every day",2,5,5,5,5,3,2,"Yes",4,8,6,8,5,5,4,6.75
"East","Wave 25 - March 2022","More than twice a week, but not every day",5,4,4,4,4,1,1,"Yes",2,7,6,4,10,0,4.33333333333333,4.25
"South East","Wave 25 - March 2022","Once a week",5,4,5,4,4,2,3,"Yes",2,7,6,7,6,4,4.66666666666667,6
"South East","Wave 25 - March 2022","Once or twice a month",4,5,5,5,5,5,2,"Yes",5,4,4,5,6,4,4.66666666666667,4.25
"East","Wave 25 - March 2022","More than twice a week, but not every day",2,5,5,5,3,2,1,"No",1,8,8,4,8,2,4,5.5
"South East","Wave 25 - March 2022","Once or twice a month",2,4,4,4,4,5,3,"Yes",2,7,7,6,5,5,3.33333333333333,6.25
"North West","Wave 25 - March 2022","Twice a week",5,5,5,5,5,4,4,"Yes",3,5,5,5,5,5,5,5
"South West","Wave 25 - March 2022","Once or twice a month",4,4,4,4,4,3,4,"Yes",1,9,9,9,0,10,4,9.25
"East Midlands","Wave 25 - March 2022","Every day",3,1,2,4,4,2,1,"Yes",4,2,3,5,7,3,2,3.25
"East","Wave 25 - March 2022","Twice a week",2,5,4,4,4,3,3,"Yes",2,8,8,7,2,8,3.66666666666667,7.75
"East","Wave 25 - March 2022","Every day",5,5,5,4,3,1,1,"Yes",4,9,9,9,1,9,5,9
"North West","Wave 25 - March 2022","Once or twice a month",4,5,4,4,4,4,5,"Yes",5,6,6,7,7,3,4.33333333333333,5.5
"East Midlands","Wave 25 - March 2022","More than twice a week, but not every day",5,5,5,5,5,5,5,"Yes",2,2,3,1,10,0,5,1.5
"North East","Wave 25 - March 2022","Twice a week",5,5,5,4,5,3,4,"Yes",2,8,8,8,1,9,5,8.25
"West Midlands","Wave 25 - March 2022","More than twice a week, but not every day",5,4,4,4,4,4,3,"Yes",4,7,7,6,8,2,4.33333333333333,5.5
"West Midlands","Wave 25 - March 2022","Every day",4,4,2,5,5,4,3,"Yes",3,6,7,6,5,5,3.33333333333333,6
"North East","Wave 25 - March 2022","More than twice a week, but not every day",1,1,5,5,4,3,3,"No",3,7,9,7,2,8,2.33333333333333,7.75
"North East","Wave 25 - March 2022","More than twice a week, but not every day",1,1,2,5,5,4,3,"Yes",1,8,8,9,1,9,1.33333333333333,8.5
"South West","Wave 25 - March 2022","Once a week",4,4,4,4,5,3,2,"Yes",4,7,7,7,2,8,4,7.25
"Yorkshire and the Humber","Wave 25 - March 2022","Once a week",2,4,3,4,4,3,5,"Yes",4,4,6,5,6,4,3,4.75
"Yorkshire and the Humber","Wave 25 - March 2022","Less often",3,4,4,5,5,5,2,"Yes",5,5,5,5,5,5,3.66666666666667,5
"North West","Wave 25 - March 2022","Twice a week",1,5,4,5,5,3,3,"Yes",4,10,10,10,10,0,3.33333333333333,7.5
"North West","Wave 25 - March 2022","Twice a week",3,4,2,3,4,3,4,"No",2,8,6,7,5,5,3,6.5
"London","Wave 25 - March 2022","More than twice a week, but not every day",5,5,5,5,5,4,5,"Yes",4,3,3,5,7,3,5,3.5
"North West","Wave 25 - March 2022","Every day",2,5,4,5,5,3,3,"Yes",4,4,1,1,10,0,3.66666666666667,1.5
"East Midlands","Wave 25 - March 2022","Every day",5,5,5,5,5,3,4,"Yes",5,10,10,10,10,0,5,7.5
"West Midlands","Wave 25 - March 2022","Twice a week",2,5,5,4,5,4,3,"Yes",4,3,4,2,8,2,4,2.75
"South West","Wave 25 - March 2022","Every day",5,5,5,5,5,5,5,"Yes",4,8,9,8,6,4,5,7.25
"East Midlands","Wave 25 - March 2022","More than twice a week, but not every day",4,4,4,5,5,4,4,"Yes",2,9,8,9,1,9,4,8.75
"East","Wave 25 - March 2022","Twice a week",4,4,4,4,4,2,3,"Yes",5,5,5,3,7,3,4,4
"East","Wave 25 - March 2022","Every day",5,5,4,4,4,2,1,"No",1,2,2,4,0,10,4.66666666666667,4.5
"North West","Wave 25 - March 2022","Twice a week",1,3,4,5,4,3,3,"Yes",4,8,8,7,6,4,2.66666666666667,6.75
"Yorkshire and the Humber","Wave 25 - March 2022","More than twice a week, but not every day",2,1,1,5,5,3,5,"Yes",1,6,7,8,0,10,1.33333333333333,7.75
"North West","Wave 25 - March 2022","More than twice a week, but not every day",5,5,5,5,4,3,3,"Yes",5,4,5,6,7,3,5,4.5
"South West","Wave 25 - March 2022","Every day",5,5,5,5,3,2,4,"Yes",3,10,10,10,0,10,5,10
"East Midlands","Wave 25 - March 2022","Once a week",5,4,3,4,4,3,2,"Yes",4,6,6,5,3,7,4,6
"South West","Wave 25 - March 2022","More than twice a week, but not every day",4,4,4,5,5,4,5,"Yes",4,6,6,4,9,1,4,4.25
"London","Wave 25 - March 2022","Once a week",1,1,1,5,5,4,3,"Yes",4,5,6,5,6,4,1,5
"South West","Wave 25 - March 2022","Once or twice a month",4,5,5,3,4,3,1,"Yes",4,8,9,9,9,1,4.66666666666667,6.75
"South West","Wave 25 - March 2022","More than twice a week, but not every day",4,4,4,4,4,1,5,"Yes",4,5,6,1,7,3,4,3.75
"South West","Wave 25 - March 2022","Once or twice a month",2,4,2,4,5,3,3,"Yes",2,4,5,7,0,10,2.66666666666667,6.5
"South West","Wave 25 - March 2022","Every day",4,4,4,4,5,3,3,"Yes",3,8,8,7,3,7,4,7.5
"East Midlands","Wave 25 - March 2022","Once a week",5,4,4,5,4,3,2,"Yes",4,7,8,7,7,3,4.33333333333333,6.25
"East","Wave 25 - March 2022","Once or twice a month",1,4,4,5,4,2,3,"Yes",3,5,5,5,5,5,3,5
"London","Wave 25 - March 2022","Every day",5,5,5,5,5,2,2,"Yes",2,8,9,8,3,7,5,8
"West Midlands","Wave 25 - March 2022","More than twice a week, but not every day",4,4,4,4,4,3,3,"Yes",1,8,8,8,0,10,4,8.5
"East Midlands","Wave 25 - March 2022","Once or twice a month",4,4,4,4,4,2,3,"Yes",3,5,3,5,4,6,4,4.75
"North West","Wave 25 - March 2022","More than twice a week, but not every day",1,5,5,5,5,4,4,"Yes",5,5,5,0,10,0,3.66666666666667,2.5
"South West","Wave 25 - March 2022","More than twice a week, but not every day",2,2,4,4,5,3,1,"Yes",4,7,7,6,3,7,2.66666666666667,6.75
"West Midlands","Wave 25 - March 2022","More than twice a week, but not every day",5,5,5,5,5,4,4,"Yes",3,9,10,9,0,10,5,9.5
"North West","Wave 25 - March 2022","More than twice a week, but not every day",5,5,5,5,4,4,4,"Yes",1,10,9,10,4,6,5,8.75
"South East","Wave 25 - March 2022","More than twice a week, but not every day",1,1,2,4,4,3,2,"Yes",4,2,0,3,8,2,1.33333333333333,1.75
"North West","Wave 26 - April 2022","Once a week",3,5,3,3,4,2,5,"No",2,9,7,5,2,8,3.66666666666667,7.25
"South East","Wave 26 - April 2022","Once a week",4,5,5,5,5,2,3,"Yes",3,8,10,5,4,6,4.66666666666667,7.25
"South East","Wave 26 - April 2022","Every day",4,4,4,4,4,4,3,"Yes",3,3,4,4,4,6,4,4.25
"North West","Wave 26 - April 2022","Twice a week",4,4,4,3,4,3,5,"Yes",3,5,5,5,2,8,4,5.75
"South East","Wave 26 - April 2022","More than twice a week, but not every day",4,4,5,4,5,4,3,"Yes",2,8,8,7,0,10,4.33333333333333,8.25
"West Midlands","Wave 26 - April 2022","Once every 2-3 months",4,4,3,4,4,3,4,"Yes",4,7,6,3,6,4,3.66666666666667,5
"South West","Wave 26 - April 2022","Twice a week",5,4,4,3,2,1,1,"No",4,8,8,9,0,10,4.33333333333333,8.75
"East Midlands","Wave 26 - April 2022","Once or twice a month",1,1,1,4,4,3,3,"Yes",4,7,7,7,2,8,1,7.25
"West Midlands","Wave 26 - April 2022","Twice a week",5,5,4,4,4,4,4,"Yes",3,7,7,8,2,8,4.66666666666667,7.5
"Yorkshire and the Humber","Wave 26 - April 2022","Every day",5,5,5,5,5,4,5,"Yes",3,8,10,9,0,10,5,9.25
"South West","Wave 26 - April 2022","More than twice a week, but not every day",5,3,4,5,5,4,3,"Yes",2,7,6,9,0,10,4,8
"South East","Wave 26 - April 2022","Once a week",4,2,4,3,5,4,3,"Yes",5,10,10,9,9,1,3.33333333333333,7.5
"North East","Wave 26 - April 2022","Twice a week",5,5,5,3,3,4,1,"No",3,8,7,8,3,7,5,7.5
"West Midlands","Wave 26 - April 2022","More than twice a week, but not every day",4,5,4,5,5,3,1,"Yes",2,7,6,6,0,10,4.33333333333333,7.25
"London","Wave 26 - April 2022","Twice a week",4,4,5,5,5,4,3,"Yes",4,9,10,10,9,1,4.33333333333333,7.5
"London","Wave 26 - April 2022","More than twice a week, but not every day",4,5,5,4,4,3,3,"Yes",4,5,5,5,5,5,4.66666666666667,5
"East","Wave 26 - April 2022","Twice a week",4,4,4,4,4,3,2,"No",2,9,9,9,0,10,4,9.25
"North East","Wave 26 - April 2022","More than twice a week, but not every day",4,5,5,5,5,5,5,"Yes",4,5,7,6,5,5,4.66666666666667,5.75
"South East","Wave 26 - April 2022","Once or twice a month",4,4,4,3,3,2,3,"Yes",3,8,8,4,8,2,4,5.5
"South West","Wave 26 - April 2022","More than twice a week, but not every day",5,4,4,4,4,1,3,"Yes",2,8,9,6,9,1,4.33333333333333,6
"London","Wave 26 - April 2022","More than twice a week, but not every day",5,4,4,5,5,3,4,"Yes",2,9,10,10,0,10,4.33333333333333,9.75
"East Midlands","Wave 26 - April 2022","More than twice a week, but not every day",4,4,4,5,4,3,4,"Yes",2,8,10,10,2,8,4,9
"London","Wave 26 - April 2022","Twice a week",5,4,4,5,5,4,3,"Yes",5,10,10,10,10,0,4.33333333333333,7.5
"North West","Wave 26 - April 2022","Once a week",4,2,3,4,4,2,3,"Yes",1,8,7,9,0,10,3,8.5
"London","Wave 26 - April 2022","Once a week",4,4,4,3,3,1,2,"No",1,8,7,7,2,8,4,7.5
"East Midlands","Wave 26 - April 2022","More than twice a week, but not every day",5,4,4,5,5,3,4,"Yes",2,6,7,6,3,7,4.33333333333333,6.5
"East Midlands","Wave 26 - April 2022","Once every 2-3 months",4,5,5,5,4,4,4,"Yes",3,8,8,8,2,8,4.66666666666667,8
"South East","Wave 26 - April 2022","More than twice a week, but not every day",2,1,2,5,5,5,5,"Yes",2,9,8,9,7,3,1.66666666666667,7.25
"Yorkshire and the Humber","Wave 26 - April 2022","Once a week",4,4,4,5,4,3,2,"Yes",1,5,7,7,3,7,4,6.5
"East Midlands","Wave 26 - April 2022","Every day",1,1,4,5,4,3,5,"Yes",5,5,6,4,4,6,2,5.25
"London","Wave 26 - April 2022","Once or twice a month",4,4,4,5,4,5,5,"Yes",4,7,7,6,6,4,4,6
"East","Wave 26 - April 2022","Once a week",2,2,4,4,4,3,4,"Yes",4,1,1,1,1,9,2.66666666666667,3
"South East","Wave 26 - April 2022","More than twice a week, but not every day",4,4,4,4,4,3,1,"Yes",4,5,7,5,6,4,4,5.25
"North East","Wave 26 - April 2022","More than twice a week, but not every day",5,5,5,5,5,1,3,"Yes",1,7,6,4,5,5,5,5.5
"East Midlands","Wave 26 - April 2022","Once or twice a month",2,4,4,5,5,4,5,"Yes",3,5,5,5,4,6,3.33333333333333,5.25
"Yorkshire and the Humber","Wave 26 - April 2022","More than twice a week, but not every day",4,4,4,4,4,3,4,"Yes",3,8,8,8,2,8,4,8
"North West","Wave 26 - April 2022","Twice a week",4,4,5,4,4,4,4,"Yes",4,8,8,8,8,2,4.33333333333333,6.5
"West Midlands","Wave 26 - April 2022","Twice a week",3,4,5,4,5,3,3,"Yes",3,3,3,3,9,1,4,2.5
"East Midlands","Wave 26 - April 2022","Every day",1,4,2,5,5,3,4,"Yes",4,8,9,8,8,2,2.33333333333333,6.75
"Yorkshire and the Humber","Wave 26 - April 2022","Twice a week",5,5,5,5,5,4,4,"Yes",4,10,10,1,5,5,5,6.5
"Yorkshire and the Humber","Wave 26 - April 2022","More than twice a week, but not every day",4,4,5,4,4,2,4,"Yes",1,10,10,10,1,9,4.33333333333333,9.75
"Yorkshire and the Humber","Wave 26 - April 2022","More than twice a week, but not every day",4,4,4,4,3,4,3,"No",1,8,8,9,0,10,4,8.75
"South West","Wave 26 - April 2022","Every day",4,4,4,4,5,2,5,"Yes",3,7,8,8,2,8,4,7.75
"East","Wave 26 - April 2022","More than twice a week, but not every day",2,4,4,5,5,3,3,"Yes",4,7,6,6,2,8,3.33333333333333,6.75
"West Midlands","Wave 26 - April 2022","Twice a week",4,5,4,5,5,3,4,"No",5,10,10,10,10,0,4.33333333333333,7.5
"East","Wave 26 - April 2022","Every day",1,1,1,5,5,3,1,"Yes",5,6,6,8,9,1,1,5.25
"East","Wave 26 - April 2022","Every day",5,4,4,4,4,3,4,"Yes",1,9,9,10,0,10,4.33333333333333,9.5
"North West","Wave 26 - April 2022","Once a week",4,3,2,4,4,3,4,"Yes",3,8,8,7,6,4,3,6.75
"Yorkshire and the Humber","Wave 26 - April 2022","More than twice a week, but not every day",4,4,4,5,5,4,3,"Yes",4,7,8,8,3,7,4,7.5
"South West","Wave 26 - April 2022","More than twice a week, but not every day",4,4,4,4,5,4,4,"Yes",4,3,4,5,0,10,4,5.5
"North East","Wave 26 - April 2022","More than twice a week, but not every day",5,5,5,5,5,3,3,"Yes",2,5,3,7,5,5,5,5
"Yorkshire and the Humber","Wave 26 - April 2022","Once or twice a month",4,4,5,5,5,3,3,"No",1,6,8,6,4,6,4.33333333333333,6.5
"South East","Wave 26 - April 2022","Once a week",5,5,4,5,5,5,3,"Yes",2,7,7,7,0,10,4.66666666666667,7.75
"London","Wave 26 - April 2022","More than twice a week, but not every day",3,4,4,4,4,4,3,"Yes",3,7,8,9,7,3,3.66666666666667,6.75
"East","Wave 26 - April 2022","Every day",1,4,4,3,4,3,3,"Yes",5,1,1,1,5,5,3,2
"North West","Wave 26 - April 2022","Once every 2-3 months",4,3,3,5,5,3,3,"Yes",4,3,4,6,2,8,3.33333333333333,5.25
"North West","Wave 26 - April 2022","More than twice a week, but not every day",4,4,4,3,3,3,2,"No",2,8,7,9,0,10,4,8.5
"London","Wave 26 - April 2022","Every day",5,5,5,5,5,3,4,"Yes",1,9,10,10,0,10,5,9.75
"East Midlands","Wave 26 - April 2022","Once a week",4,4,4,4,4,4,2,"Yes",5,4,5,5,7,3,4,4.25
"South West","Wave 26 - April 2022","More than twice a week, but not every day",4,4,4,5,5,4,5,"Yes",4,8,6,7,2,8,4,7.25
"West Midlands","Wave 26 - April 2022","More than twice a week, but not every day",4,3,3,4,4,5,2,"Yes",3,5,5,5,5,5,3.33333333333333,5
"South West","Wave 26 - April 2022","Once or twice a month",4,1,5,4,4,3,4,"Yes",4,4,2,1,10,0,3.33333333333333,1.75
"South West","Wave 26 - April 2022","Once a week",4,4,4,5,5,4,4,"Yes",1,9,9,8,0,10,4,9
"South East","Wave 26 - April 2022","Once a week",4,4,2,4,4,3,3,"Yes",4,5,4,2,6,4,3.33333333333333,3.75
"East","Wave 26 - April 2022","Every day",1,5,4,5,4,2,2,"Yes",4,6,5,5,3,7,3.33333333333333,5.75
"East","Wave 26 - April 2022","More than twice a week, but not every day",1,1,1,4,5,4,4,"Yes",2,10,10,10,10,0,1,7.5
"South East","Wave 26 - April 2022","More than twice a week, but not every day",5,4,5,5,4,3,3,"Yes",3,7,7,8,0,10,4.66666666666667,8
"North East","Wave 26 - April 2022","More than twice a week, but not every day",4,4,4,4,4,3,3,"Yes",1,8,8,9,0,10,4,8.75
"North West","Wave 26 - April 2022","More than twice a week, but not every day",5,5,5,4,4,4,3,"Yes",1,9,10,10,0,10,5,9.75
"South West","Wave 26 - April 2022","Once a week",4,4,4,5,5,3,3,"Yes",2,9,8,9,0,10,4,9
"North West","Wave 26 - April 2022","More than twice a week, but not every day",4,3,3,4,3,3,3,"Yes",2,8,7,8,0,10,3.33333333333333,8.25
"South East","Wave 26 - April 2022","Twice a week",4,4,4,5,5,3,4,"Yes",1,8,9,9,2,8,4,8.5
"North West","Wave 26 - April 2022","More than twice a week, but not every day",4,4,4,4,4,4,4,"Yes",2,8,8,9,2,8,4,8.25
"North West","Wave 26 - April 2022","More than twice a week, but not every day",5,5,5,5,5,3,2,"Yes",2,9,9,10,0,10,5,9.5
"South West","Wave 26 - April 2022","Every day",5,4,5,4,4,3,3,"Yes",2,7,7,6,5,5,4.66666666666667,6.25
"East Midlands","Wave 26 - April 2022","Every day",5,5,4,5,5,4,4,"Yes",1,9,10,10,0,10,4.66666666666667,9.75
"London","Wave 26 - April 2022","Once a week",4,4,4,3,3,1,1,"Yes",3,7,5,6,3,7,4,6.25
"West Midlands","Wave 26 - April 2022","Every day",2,5,5,4,4,4,3,"Yes",2,7,5,7,1,9,4,7
"North West","Wave 26 - April 2022","Once or twice a month",4,4,3,5,5,5,5,"Yes",2,7,9,9,0,10,3.66666666666667,8.75
"London","Wave 26 - April 2022","More than twice a week, but not every day",2,5,5,3,3,3,4,"Yes",3,8,8,8,1,9,4,8.25
"North West","Wave 26 - April 2022","Less often",5,5,5,5,4,3,3,"Yes",4,5,5,5,4,6,5,5.25
"London","Wave 26 - April 2022","More than twice a week, but not every day",1,1,1,4,4,5,3,"Yes",3,9,10,9,0,10,1,9.5
"South West","Wave 26 - April 2022","More than twice a week, but not every day",1,1,1,4,4,4,4,"Yes",4,7,7,10,0,10,1,8.5
"West Midlands","Wave 26 - April 2022","Every day",5,5,5,4,4,5,2,"Yes",1,10,10,10,2,8,5,9.5
"East","Wave 26 - April 2022","Once a week",3,3,4,5,4,1,1,"No",3,4,0,5,8,2,3.33333333333333,2.75
"East","Wave 26 - April 2022","Twice a week",4,5,5,5,5,3,3,"Yes",4,9,9,9,8,2,4.66666666666667,7.25
"North West","Wave 26 - April 2022","Once a week",2,4,4,5,5,4,3,"Yes",1,9,10,9,0,10,3.33333333333333,9.5
"North East","Wave 26 - April 2022","Twice a week",2,5,4,4,3,2,4,"Yes",4,2,10,4,4,6,3.66666666666667,5.5
"South West","Wave 26 - April 2022","Every day",5,5,5,5,4,5,1,"Yes",4,10,10,10,0,10,5,10
"South West","Wave 26 - April 2022","More than twice a week, but not every day",1,4,4,4,4,4,3,"Yes",3,6,7,7,6,4,3,6
"South West","Wave 26 - April 2022","Once a week",4,4,4,5,4,1,4,"Yes",2,9,9,9,1,9,4,9
"South West","Wave 26 - April 2022","Twice a week",1,4,2,5,4,2,3,"Yes",1,5,7,6,0,10,2.33333333333333,7
"South East","Wave 27 - May 2022","Once a week",5,5,5,5,5,3,5,"Yes",2,9,9,9,0,10,5,9.25
"South East","Wave 27 - May 2022","Twice a week",5,5,5,5,5,3,4,"Yes",2,4,5,6,4,6,5,5.25
"South East","Wave 27 - May 2022","More than twice a week, but not every day",5,5,5,3,4,3,5,"No",2,7,7,7,3,7,5,7
"South West","Wave 27 - May 2022","Every day",4,3,5,4,4,5,3,"Yes",4,8,7,7,2,8,4,7.5
"North West","Wave 27 - May 2022","Once a week",2,4,4,4,4,3,2,"Yes",1,8,9,7,5,5,3.33333333333333,7.25
"South East","Wave 27 - May 2022","Once a week",4,4,4,4,4,4,4,"Yes",2,5,5,6,2,8,4,6
"North West","Wave 27 - May 2022","Once a week",5,5,5,5,5,2,2,"Yes",5,10,10,10,10,0,5,7.5
"London","Wave 27 - May 2022","More than twice a week, but not every day",5,5,5,5,5,3,4,"Yes",3,10,10,10,10,0,5,7.5
"North West","Wave 27 - May 2022","Once or twice a month",4,4,4,4,4,3,3,"Yes",3,7,7,7,5,5,4,6.5
"Yorkshire and the Humber","Wave 27 - May 2022","Once every 2-3 months",1,1,1,5,4,5,3,"Yes",3,9,9,7,9,1,1,6.5
"London","Wave 27 - May 2022","Once a week",5,5,5,5,4,5,3,"Yes",1,10,10,10,0,10,5,10
"South East","Wave 27 - May 2022","Every day",5,3,4,4,4,3,5,"No",1,8,7,8,0,10,4,8.25
"East","Wave 27 - May 2022","Once a week",4,3,4,3,4,1,3,"Yes",2,9,8,9,0,10,3.66666666666667,9
"South West","Wave 27 - May 2022","Once a week",2,5,5,5,5,5,4,"Yes",5,0,0,0,10,0,4,0
"North West","Wave 27 - May 2022","Every day",5,5,4,5,5,3,5,"Yes",5,5,4,5,6,4,4.66666666666667,4.5
"East","Wave 27 - May 2022","Twice a week",4,5,4,5,5,3,3,"Yes",2,6,7,7,5,5,4.33333333333333,6.25
"West Midlands","Wave 27 - May 2022","Every day",4,4,4,4,5,3,2,"Yes",2,8,8,9,0,10,4,8.75
"South East","Wave 27 - May 2022","Once a week",4,4,5,5,5,3,5,"Yes",1,9,9,8,0,10,4.33333333333333,9
"Yorkshire and the Humber","Wave 27 - May 2022","Every day",5,5,4,5,5,5,4,"Yes",3,8,8,7,7,3,4.66666666666667,6.5
"South East","Wave 27 - May 2022","Every day",5,5,5,5,5,5,1,"Yes",1,5,5,5,2,8,5,5.75
"London","Wave 27 - May 2022","Every day",5,4,4,5,5,4,4,"Yes",3,9,10,10,9,1,4.33333333333333,7.5
"Yorkshire and the Humber","Wave 27 - May 2022","Twice a week",5,4,4,5,4,4,4,"Yes",3,6,7,5,6,4,4.33333333333333,5.5
"North West","Wave 27 - May 2022","Every day",1,1,1,5,5,4,5,"Yes",2,8,8,8,7,3,1,6.75
"West Midlands","Wave 27 - May 2022","Twice a week",5,5,4,4,4,2,2,"Yes",4,8,8,6,0,10,4.66666666666667,8
"London","Wave 27 - May 2022","Once a week",3,5,3,3,4,3,5,"No",3,7,9,7,9,1,3.66666666666667,6
"South East","Wave 27 - May 2022","More than twice a week, but not every day",3,5,4,4,4,3,3,"Yes",4,7,6,7,5,5,4,6.25
"East","Wave 27 - May 2022","More than twice a week, but not every day",4,4,4,5,5,2,3,"Yes",4,7,7,7,6,4,4,6.25
"South West","Wave 27 - May 2022","More than twice a week, but not every day",2,4,4,4,4,5,3,"Yes",4,8,8,8,3,7,3.33333333333333,7.75
"West Midlands","Wave 27 - May 2022","Once every 2-3 months",4,3,3,2,1,5,4,"Yes",4,3,6,7,2,8,3.33333333333333,6
"South West","Wave 27 - May 2022","Twice a week",5,3,5,5,5,3,4,"Yes",2,7,9,9,0,10,4.33333333333333,8.75
"South West","Wave 27 - May 2022","Every day",5,4,4,4,4,1,2,"Yes",4,7,8,8,3,7,4.33333333333333,7.5
"East Midlands","Wave 27 - May 2022","Every day",5,5,5,5,5,5,4,"Yes",1,8,10,10,1,9,5,9.25
"Yorkshire and the Humber","Wave 27 - May 2022","Twice a week",1,1,1,4,5,3,3,"Yes",4,5,5,3,10,0,1,3.25
"South East","Wave 27 - May 2022","More than twice a week, but not every day",2,5,4,5,5,3,1,"Yes",2,8,7,8,0,10,3.66666666666667,8.25
"East","Wave 27 - May 2022","More than twice a week, but not every day",5,5,5,5,5,4,3,"Yes",5,2,2,2,9,1,5,1.75
"Yorkshire and the Humber","Wave 27 - May 2022","Once or twice a month",4,3,4,4,4,2,2,"Yes",3,8,8,8,2,8,3.66666666666667,8
"North East","Wave 27 - May 2022","Twice a week",4,5,4,5,4,4,3,"No",4,9,10,10,2,8,4.33333333333333,9.25
"West Midlands","Wave 27 - May 2022","More than twice a week, but not every day",3,4,4,5,5,3,4,"Yes",4,5,5,6,6,4,3.66666666666667,5
"North West","Wave 27 - May 2022","More than twice a week, but not every day",5,4,5,4,4,2,4,"Yes",1,5,3,8,0,10,4.66666666666667,6.5
"West Midlands","Wave 27 - May 2022","Every day",4,5,5,4,4,1,1,"Yes",2,7,7,8,0,10,4.66666666666667,8
"North East","Wave 27 - May 2022","More than twice a week, but not every day",5,5,5,4,4,1,4,"No",4,7,10,6,5,5,5,7
"South West","Wave 27 - May 2022","Every day",5,5,4,5,5,3,3,"Yes",2,5,7,7,5,5,4.66666666666667,6
"Yorkshire and the Humber","Wave 27 - May 2022","More than twice a week, but not every day",5,5,5,4,4,4,3,"Yes",2,8,9,8,8,2,5,6.75
"London","Wave 27 - May 2022","Every day",5,4,3,5,5,4,5,"No",5,10,10,7,10,0,4,6.75
"South East","Wave 27 - May 2022","More than twice a week, but not every day",2,5,5,4,4,4,3,"Yes",1,9,9,10,1,9,4,9.25
"East Midlands","Wave 27 - May 2022","More than twice a week, but not every day",5,5,5,4,4,3,3,"Yes",2,7,8,8,0,10,5,8.25
"London","Wave 27 - May 2022","Once a week",3,4,4,3,3,4,3,"No",2,4,6,7,3,7,3.66666666666667,6
"East Midlands","Wave 27 - May 2022","Every day",5,5,5,5,5,4,4,"Yes",4,8,9,10,0,10,5,9.25
"East","Wave 27 - May 2022","Once every 2-3 months",4,4,4,5,5,3,4,"Yes",3,7,6,8,1,9,4,7.5
"South East","Wave 27 - May 2022","Twice a week",1,1,1,4,4,1,3,"Yes",4,6,10,9,0,10,1,8.75
"Yorkshire and the Humber","Wave 27 - May 2022","Every day",1,1,1,5,5,2,2,"Yes",4,9,8,10,2,8,1,8.75
"North East","Wave 27 - May 2022","More than twice a week, but not every day",4,4,5,5,5,4,4,"Yes",2,8,10,9,0,10,4.33333333333333,9.25
"East Midlands","Wave 27 - May 2022","Twice a week",1,1,5,5,5,5,3,"Yes",2,8,8,8,0,10,2.33333333333333,8.5
"East","Wave 27 - May 2022","More than twice a week, but not every day",4,3,4,4,4,2,3,"No",3,6,6,8,7,3,3.66666666666667,5.75
"East","Wave 27 - May 2022","Every day",5,4,4,5,5,2,2,"Yes",1,10,10,8,0,10,4.33333333333333,9.5
"London","Wave 27 - May 2022","Every day",3,1,1,5,5,3,4,"Yes",2,10,10,10,0,10,1.66666666666667,10
"East Midlands","Wave 27 - May 2022","Once a week",4,5,5,5,5,3,3,"Yes",1,7,8,8,2,8,4.66666666666667,7.75
"East","Wave 27 - May 2022","More than twice a week, but not every day",5,5,5,4,5,3,3,"Yes",4,7,7,7,6,4,5,6.25
"North West","Wave 27 - May 2022","Twice a week",3,5,5,5,5,5,5,"Yes",3,6,7,6,1,9,4.33333333333333,7
"West Midlands","Wave 27 - May 2022","More than twice a week, but not every day",4,4,4,4,5,3,3,"Yes",4,6,4,7,4,6,4,5.75
"South East","Wave 27 - May 2022","Once a week",4,5,5,2,2,1,2,"No",1,10,10,10,0,10,4.66666666666667,10
"Yorkshire and the Humber","Wave 27 - May 2022","Twice a week",5,5,5,5,5,4,3,"Yes",2,8,8,9,0,10,5,8.75
"London","Wave 27 - May 2022","Twice a week",2,3,2,4,3,3,3,"Yes",4,7,5,7,5,5,2.33333333333333,6
"South East","Wave 27 - May 2022","Once or twice a month",2,4,3,5,5,3,3,"Yes",3,7,8,7,4,6,3,7
"South East","Wave 27 - May 2022","More than twice a week, but not every day",4,3,4,1,1,1,1,"No",1,6,0,5,2,8,3.66666666666667,4.75
"West Midlands","Wave 27 - May 2022","Twice a week",5,4,4,4,5,5,3,"Yes",3,6,8,7,0,10,4.33333333333333,7.75
"South East","Wave 27 - May 2022","Every day",5,5,5,4,5,4,4,"Yes",1,10,10,10,0,10,5,10
"West Midlands","Wave 27 - May 2022","More than twice a week, but not every day",5,4,4,5,5,3,3,"Yes",4,5,4,6,6,4,4.33333333333333,4.75
"South West","Wave 27 - May 2022","Once a week",5,5,5,4,4,2,2,"Yes",3,8,8,8,2,8,5,8
"London","Wave 27 - May 2022","More than twice a week, but not every day",5,5,3,5,5,3,4,"Yes",2,7,7,5,5,5,4.33333333333333,6
"London","Wave 27 - May 2022","More than twice a week, but not every day",1,4,4,4,5,2,1,"Yes",5,3,3,2,2,8,3,4
"South East","Wave 27 - May 2022","More than twice a week, but not every day",4,4,4,4,4,4,4,"Yes",1,8,8,8,1,9,4,8.25
"Yorkshire and the Humber","Wave 27 - May 2022","Every day",1,2,1,5,4,1,3,"Yes",4,10,10,10,10,0,1.33333333333333,7.5
"South East","Wave 27 - May 2022","More than twice a week, but not every day",4,3,2,5,4,4,4,"Yes",4,5,6,7,8,2,3,5
"East Midlands","Wave 27 - May 2022","Twice a week",5,4,4,4,4,3,3,"Yes",4,5,5,6,2,8,4.33333333333333,6
"London","Wave 27 - May 2022","More than twice a week, but not every day",4,4,4,4,4,4,3,"Yes",3,7,7,7,2,8,4,7.25
"East","Wave 27 - May 2022","Once or twice a month",5,4,4,4,4,2,2,"Yes",1,8,7,6,2,8,4.33333333333333,7.25
"East","Wave 27 - May 2022","Once or twice a month",5,5,4,4,4,3,3,"Yes",2,8,7,7,2,8,4.66666666666667,7.5
"London","Wave 27 - May 2022","Every day",1,1,2,5,5,4,4,"Yes",5,8,8,9,8,2,1.33333333333333,6.75
"London","Wave 27 - May 2022","Every day",4,4,4,5,5,3,5,"Yes",2,8,8,9,0,10,4,8.75
"South East","Wave 27 - May 2022","More than twice a week, but not every day",4,4,4,4,4,5,2,"Yes",2,7,0,7,8,2,4,4
"North East","Wave 27 - May 2022","More than twice a week, but not every day",2,5,5,5,4,2,3,"Yes",5,5,7,6,8,2,4,5
"North West","Wave 27 - May 2022","Every day",5,5,5,5,5,3,3,"Yes",3,7,8,8,3,7,5,7.5
"South East","Wave 27 - May 2022","Once a week",3,3,3,3,3,4,4,"Yes",4,7,7,7,7,3,3,6
"South East","Wave 27 - May 2022","Once or twice a month",2,2,2,3,2,1,1,"No",3,7,2,7,0,10,2,6.5
"London","Wave 27 - May 2022","Twice a week",1,5,5,5,3,3,4,"Yes",3,5,5,5,0,10,3.66666666666667,6.25
"North West","Wave 27 - May 2022","More than twice a week, but not every day",5,5,4,5,5,4,4,"Yes",2,8,8,9,3,7,4.66666666666667,8
"South East","Wave 27 - May 2022","More than twice a week, but not every day",3,5,4,5,4,3,3,"Yes",5,6,7,6,4,6,4,6.25
"South East","Wave 27 - May 2022","Once a week",4,4,4,5,4,3,3,"Yes",4,4,5,4,5,5,4,4.5
"East","Wave 27 - May 2022","Once or twice a month",4,4,4,5,4,4,4,"Yes",4,5,6,5,7,3,4,4.75
"South West","Wave 27 - May 2022","Twice a week",3,3,3,3,3,5,5,"Yes",4,4,6,5,5,5,3,5
"South West","Wave 27 - May 2022","More than twice a week, but not every day",5,4,4,4,3,3,3,"Yes",2,10,10,10,1,9,4.33333333333333,9.75
"Yorkshire and the Humber","Wave 27 - May 2022","More than twice a week, but not every day",4,3,3,5,4,4,2,"Yes",3,6,8,8,3,7,3.33333333333333,7.25
"West Midlands","Wave 27 - May 2022","Every day",5,5,5,5,5,4,4,"Yes",1,8,7,8,0,10,5,8.25
"East","Wave 27 - May 2022","More than twice a week, but not every day",4,5,5,4,2,3,1,"No",2,7,9,8,2,8,4.66666666666667,8
"East Midlands","Wave 27 - May 2022","Every day",1,4,5,5,5,4,5,"Yes",5,4,8,9,9,1,3.33333333333333,5.5
"London","Wave 27 - May 2022","More than twice a week, but not every day",5,5,5,5,5,5,5,"Yes",1,8,9,8,0,10,5,8.75
"South East","Wave 27 - May 2022","Once or twice a month",4,4,2,5,5,2,4,"Yes",2,4,3,5,4,6,3.33333333333333,4.5
"London","Wave 27 - May 2022","Once or twice a month",4,4,4,4,4,3,2,"Yes",1,8,8,7,1,9,4,8
"Yorkshire and the Humber","Wave 27 - May 2022","More than twice a week, but not every day",1,1,1,5,5,3,2,"Yes",3,8,8,10,0,10,1,9
"North West","Wave 27 - May 2022","Once or twice a month",4,4,4,4,3,4,5,"Yes",2,10,10,10,0,10,4,10
"South West","Wave 27 - May 2022","Twice a week",4,4,4,4,4,4,3,"Yes",2,5,6,5,3,7,4,5.75
"London","Wave 27 - May 2022","Once a week",4,4,5,4,5,3,2,"No",3,7,7,7,9,1,4.33333333333333,5.5
"North West","Wave 28 - June 2022","Once or twice a month",5,3,4,5,5,3,2,"Yes",2,9,9,10,2,8,4,9
"South East","Wave 28 - June 2022","Twice a week",5,5,5,4,5,5,4,"Yes",2,8,8,9,3,7,5,8
"East","Wave 28 - June 2022","Once a week",2,5,5,4,4,3,5,"Yes",1,9,9,9,0,10,4,9.25
"South West","Wave 28 - June 2022","Twice a week",4,4,4,4,4,3,3,"Yes",2,8,8,9,7,3,4,7
"East Midlands","Wave 28 - June 2022","Every day",5,5,5,5,4,4,3,"Yes",4,6,6,9,2,8,5,7.25
"West Midlands","Wave 28 - June 2022","More than twice a week, but not every day",4,4,4,5,4,5,3,"Yes",2,8,8,8,1,9,4,8.25
"Yorkshire and the Humber","Wave 28 - June 2022","Every day",2,3,4,4,4,4,3,"Yes",4,7,5,8,7,3,3,5.75
"South East","Wave 28 - June 2022","Twice a week",5,4,5,5,4,3,5,"Yes",4,7,6,8,2,8,4.66666666666667,7.25
"West Midlands","Wave 28 - June 2022","More than twice a week, but not every day",5,4,5,4,4,4,5,"Yes",2,9,9,9,0,10,4.66666666666667,9.25
"London","Wave 28 - June 2022","More than twice a week, but not every day",5,5,5,5,5,3,5,"Yes",5,1,1,1,2,8,5,2.75
"London","Wave 28 - June 2022","More than twice a week, but not every day",2,3,5,4,4,5,3,"Yes",4,7,9,7,9,1,3.33333333333333,6
"Yorkshire and the Humber","Wave 28 - June 2022","Every day",4,5,4,4,4,3,2,"Yes",2,8,9,8,7,3,4.33333333333333,7
"West Midlands","Wave 28 - June 2022","Once a week",5,5,5,5,5,4,3,"Yes",1,7,6,5,0,10,5,7
"North West","Wave 28 - June 2022","Once a week",4,4,4,5,5,4,3,"Yes",5,3,4,7,3,7,4,5.25
"South East","Wave 28 - June 2022","More than twice a week, but not every day",4,4,4,5,5,5,5,"Yes",4,6,8,3,4,6,4,5.75
"North West","Wave 28 - June 2022","More than twice a week, but not every day",4,4,4,5,5,4,4,"Yes",2,7,5,6,7,3,4,5.25
"North East","Wave 28 - June 2022","Every day",5,5,5,5,5,5,4,"Yes",1,8,8,9,0,10,5,8.75
"South East","Wave 28 - June 2022","Every day",5,4,4,3,4,3,1,"No",1,8,8,8,3,7,4.33333333333333,7.75
"London","Wave 28 - June 2022","Every day",4,5,4,5,5,2,4,"Yes",3,10,10,10,10,0,4.33333333333333,7.5
"Yorkshire and the Humber","Wave 28 - June 2022","Once or twice a month",5,4,4,4,4,3,2,"Yes",4,7,7,7,1,9,4.33333333333333,7.5
"London","Wave 28 - June 2022","Every day",5,4,4,4,4,4,5,"Yes",2,7,8,7,6,4,4.33333333333333,6.5
"East","Wave 28 - June 2022","Twice a week",4,5,4,4,4,4,3,"Yes",2,10,10,10,0,10,4.33333333333333,10
"East Midlands","Wave 28 - June 2022","More than twice a week, but not every day",5,4,4,4,4,3,2,"Yes",3,9,9,9,1,9,4.33333333333333,9
"South West","Wave 28 - June 2022","More than twice a week, but not every day",5,5,4,4,4,3,2,"Yes",1,8,9,9,0,10,4.66666666666667,9
"West Midlands","Wave 28 - June 2022","Once a week",4,4,4,3,4,1,2,"Yes",4,8,9,8,0,10,4,8.75
"South East","Wave 28 - June 2022","Once a week",5,5,4,5,5,2,3,"Yes",2,9,10,8,0,10,4.66666666666667,9.25
"South West","Wave 28 - June 2022","More than twice a week, but not every day",4,4,4,4,4,2,1,"No",1,10,10,10,0,10,4,10
"West Midlands","Wave 28 - June 2022","Twice a week",5,5,5,5,5,5,3,"Yes",2,10,9,10,0,10,5,9.75
"Yorkshire and the Humber","Wave 28 - June 2022","More than twice a week, but not every day",1,1,4,5,5,5,4,"Yes",4,10,10,3,4,6,2,7.25
"South East","Wave 28 - June 2022","More than twice a week, but not every day",4,4,4,5,4,3,3,"Yes",2,7,5,9,2,8,4,7.25
"South East","Wave 28 - June 2022","Every day",1,4,5,5,5,4,1,"Yes",3,3,3,3,3,7,3.33333333333333,4
"South East","Wave 28 - June 2022","Every day",5,5,5,5,5,3,3,"Yes",4,8,9,9,0,10,5,9
"North West","Wave 28 - June 2022","More than twice a week, but not every day",5,5,5,5,5,3,3,"Yes",2,8,5,8,3,7,5,7
"Yorkshire and the Humber","Wave 28 - June 2022","Less often",2,5,5,4,4,3,4,"Yes",2,7,6,8,2,8,4,7.25
"East Midlands","Wave 28 - June 2022","More than twice a week, but not every day",3,4,4,5,5,5,4,"Yes",2,8,9,7,6,4,3.66666666666667,7
"East Midlands","Wave 28 - June 2022","More than twice a week, but not every day",1,1,1,5,5,4,2,"Yes",1,10,10,10,10,0,1,7.5
"East","Wave 28 - June 2022","More than twice a week, but not every day",5,3,3,5,5,3,3,"Yes",5,4,2,4,9,1,3.66666666666667,2.75
"North West","Wave 28 - June 2022","Once a week",5,5,5,5,5,4,1,"No",1,10,10,10,10,0,5,7.5
"Yorkshire and the Humber","Wave 28 - June 2022","More than twice a week, but not every day",5,5,5,5,5,4,5,"Yes",5,9,6,10,10,0,5,6.25
"East Midlands","Wave 28 - June 2022","Once a week",5,4,4,5,4,3,3,"Yes",1,9,9,8,0,10,4.33333333333333,9
"South West","Wave 28 - June 2022","Every day",5,5,5,4,5,2,2,"Yes",4,4,3,4,5,5,5,4
"East Midlands","Wave 28 - June 2022","Once or twice a month",4,4,4,4,3,3,2,"Yes",4,5,5,4,4,6,4,5
"East Midlands","Wave 28 - June 2022","More than twice a week, but not every day",5,5,5,5,5,4,4,"Yes",4,7,7,7,7,3,5,6
"South East","Wave 28 - June 2022","More than twice a week, but not every day",5,5,5,5,5,4,4,"Yes",2,9,10,10,1,9,5,9.5
"South East","Wave 28 - June 2022","Once a week",1,1,1,4,4,3,3,"Yes",2,9,9,9,0,10,1,9.25
"North West","Wave 28 - June 2022","More than twice a week, but not every day",5,5,5,4,4,3,3,"Yes",2,8,7,8,3,7,5,7.5
"East Midlands","Wave 28 - June 2022","Twice a week",4,5,4,4,4,4,4,"Yes",4,5,6,6,7,3,4.33333333333333,5
"South East","Wave 28 - June 2022","Twice a week",3,4,2,4,3,2,4,"Yes",4,5,4,3,7,3,3,3.75
"East Midlands","Wave 28 - June 2022","Twice a week",5,3,2,3,3,3,1,"Yes",2,6,6,4,7,3,3.33333333333333,4.75
"East Midlands","Wave 28 - June 2022","Once a week",1,5,5,5,5,4,4,"Yes",4,5,4,2,1,9,3.66666666666667,5
"London","Wave 28 - June 2022","Twice a week",5,5,5,5,5,3,2,"Yes",4,7,8,8,0,10,5,8.25
"East","Wave 28 - June 2022","More than twice a week, but not every day",5,5,5,4,5,1,5,"Yes",3,4,7,7,3,7,5,6.25
"South East","Wave 28 - June 2022","Twice a week",4,4,4,5,4,3,5,"Yes",2,8,10,7,7,3,4,7
"North East","Wave 28 - June 2022","More than twice a week, but not every day",3,2,4,4,4,2,3,"Yes",4,9,9,9,9,1,3,7
"South West","Wave 28 - June 2022","More than twice a week, but not every day",5,4,5,5,5,4,4,"Yes",4,8,9,9,3,7,4.66666666666667,8.25
"East Midlands","Wave 28 - June 2022","More than twice a week, but not every day",4,5,4,4,4,3,4,"Yes",5,9,9,9,5,5,4.33333333333333,8
"East Midlands","Wave 28 - June 2022","Once or twice a month",1,1,2,4,4,3,1,"Yes",2,7,7,6,3,7,1.33333333333333,6.75
"South East","Wave 28 - June 2022","Once a week",5,5,5,5,5,5,3,"Yes",4,0,2,3,1,9,5,3.5
"North East","Wave 28 - June 2022","Twice a week",4,3,5,5,5,3,3,"Yes",4,8,7,7,5,5,4,6.75
"North West","Wave 28 - June 2022","More than twice a week, but not every day",2,4,5,5,4,4,5,"Yes",5,9,8,9,6,4,3.66666666666667,7.5
"East","Wave 28 - June 2022","Every day",5,4,5,5,5,4,3,"Yes",5,10,10,10,10,0,4.66666666666667,7.5
"East Midlands","Wave 28 - June 2022","Every day",4,5,5,5,4,3,2,"No",1,8,8,7,0,10,4.66666666666667,8.25
"East Midlands","Wave 28 - June 2022","Every day",1,2,2,4,4,5,5,"Yes",2,10,9,10,0,10,1.66666666666667,9.75
"South West","Wave 28 - June 2022","Twice a week",5,5,5,4,4,3,4,"Yes",4,7,8,7,5,5,5,6.75
"Yorkshire and the Humber","Wave 28 - June 2022","More than twice a week, but not every day",5,5,5,5,5,4,4,"Yes",2,7,7,7,5,5,5,6.5
"East Midlands","Wave 28 - June 2022","More than twice a week, but not every day",4,4,4,5,5,3,2,"Yes",3,5,5,6,5,5,4,5.25
"West Midlands","Wave 28 - June 2022","More than twice a week, but not every day",5,5,5,5,5,4,3,"Yes",1,8,8,9,0,10,5,8.75
"West Midlands","Wave 28 - June 2022","Every day",5,4,4,4,4,5,3,"Yes",1,9,9,9,0,10,4.33333333333333,9.25
"South East","Wave 28 - June 2022","Every day",5,5,4,5,5,5,5,"Yes",1,8,8,9,0,10,4.66666666666667,8.75
"South West","Wave 28 - June 2022","More than twice a week, but not every day",5,5,4,5,5,4,5,"No",5,9,9,10,10,0,4.66666666666667,7
"London","Wave 28 - June 2022","More than twice a week, but not every day",4,3,3,4,4,3,3,"Yes",2,7,7,7,2,8,3.33333333333333,7.25
"North West","Wave 28 - June 2022","More than twice a week, but not every day",5,4,3,4,4,3,3,"Yes",3,8,8,8,2,8,4,8
"East","Wave 28 - June 2022","More than twice a week, but not every day",5,5,5,5,5,5,5,"Yes",4,10,10,10,10,0,5,7.5
"Yorkshire and the Humber","Wave 28 - June 2022","More than twice a week, but not every day",4,5,5,5,5,3,2,"Yes",1,8,10,9,1,9,4.66666666666667,9
"North East","Wave 28 - June 2022","Once or twice a month",5,4,4,4,5,4,4,"Yes",3,8,8,8,8,2,4.33333333333333,6.5
"Yorkshire and the Humber","Wave 28 - June 2022","More than twice a week, but not every day",4,4,5,5,5,4,3,"Yes",4,4,5,6,4,6,4.33333333333333,5.25
"West Midlands","Wave 28 - June 2022","More than twice a week, but not every day",1,1,3,5,4,4,4,"Yes",4,7,7,8,4,6,1.66666666666667,7
"East Midlands","Wave 28 - June 2022","Once or twice a month",5,5,4,5,5,4,5,"Yes",2,8,8,8,0,10,4.66666666666667,8.5
"East Midlands","Wave 28 - June 2022","Once a week",5,5,5,4,4,1,1,"No",2,8,1,7,3,7,5,5.75
"South West","Wave 28 - June 2022","More than twice a week, but not every day",4,4,4,4,4,3,2,"Yes",2,9,9,9,0,10,4,9.25
"North West","Wave 28 - June 2022","Twice a week",4,4,4,5,4,3,5,"Yes",1,10,6,10,0,10,4,9
"South East","Wave 28 - June 2022","More than twice a week, but not every day",5,4,4,5,5,5,4,"Yes",2,8,9,8,2,8,4.33333333333333,8.25
"North West","Wave 28 - June 2022","Twice a week",2,5,4,4,4,4,2,"Yes",5,5,8,8,7,3,3.66666666666667,6
"East","Wave 28 - June 2022","Once or twice a month",5,5,5,3,3,2,2,"No",1,8,8,9,0,10,5,8.75
"North East","Wave 29 - July 2022","Once a week",5,5,5,5,5,4,3,"Yes",3,6,6,8,5,5,5,6.25
"North West","Wave 29 - July 2022","Once a week",4,4,4,4,4,5,4,"Yes",3,8,9,8,2,8,4,8.25
"Yorkshire and the Humber","Wave 29 - July 2022","Every day",1,1,1,4,5,5,3,"Yes",4,6,6,7,6,4,1,5.75
"East Midlands","Wave 29 - July 2022","Twice a week",1,1,2,4,5,2,3,"Yes",3,7,6,4,3,7,1.33333333333333,6
"East Midlands","Wave 29 - July 2022","Once or twice a month",5,4,5,5,5,3,3,"Yes",4,8,3,7,7,3,4.66666666666667,5.25
"South East","Wave 29 - July 2022","Less often",4,5,5,4,4,4,2,"Yes",2,7,7,7,5,5,4.66666666666667,6.5
"East","Wave 29 - July 2022","More than twice a week, but not every day",5,5,4,5,4,2,2,"Yes",4,8,8,7,2,8,4.66666666666667,7.75
"West Midlands","Wave 29 - July 2022","Twice a week",5,4,3,4,4,4,4,"Yes",3,7,8,8,4,6,4,7.25
"London","Wave 29 - July 2022","Once or twice a month",4,5,3,4,4,1,3,"Yes",3,9,8,8,2,8,4,8.25
"North West","Wave 29 - July 2022","More than twice a week, but not every day",4,3,4,4,4,3,5,"Yes",4,7,7,6,5,5,3.66666666666667,6.25
"London","Wave 29 - July 2022","More than twice a week, but not every day",2,4,4,5,4,3,3,"Yes",1,7,7,8,0,10,3.33333333333333,8
"North East","Wave 29 - July 2022","More than twice a week, but not every day",4,4,4,4,4,3,3,"Yes",1,8,9,8,0,10,4,8.75
"West Midlands","Wave 29 - July 2022","Twice a week",4,3,2,5,4,4,5,"Yes",4,6,7,6,6,4,3,5.75
"East Midlands","Wave 29 - July 2022","Once or twice a month",4,4,4,5,4,2,4,"Yes",2,9,10,10,0,10,4,9.75
"East","Wave 29 - July 2022","Twice a week",4,5,5,4,5,3,4,"Yes",4,7,6,5,7,3,4.66666666666667,5.25
"South East","Wave 29 - July 2022","Every day",4,4,4,5,5,4,3,"Yes",2,7,8,7,2,8,4,7.5
"South West","Wave 29 - July 2022","Once or twice a month",5,5,5,4,5,4,5,"Yes",1,7,8,7,0,10,5,8
"South East","Wave 29 - July 2022","Every day",5,5,5,5,5,5,4,"Yes",5,6,6,4,6,4,5,5
"Yorkshire and the Humber","Wave 29 - July 2022","More than twice a week, but not every day",5,4,5,5,5,1,3,"Yes",3,7,7,8,5,5,4.66666666666667,6.75
"East","Wave 29 - July 2022","Twice a week",5,5,5,5,5,2,3,"Yes",4,3,5,2,8,2,5,3
"West Midlands","Wave 29 - July 2022","Once a week",2,4,3,4,5,4,3,"Yes",4,2,3,8,0,10,3,5.75
"North West","Wave 29 - July 2022","More than twice a week, but not every day",4,4,4,3,3,4,2,"No",5,2,2,2,4,6,4,3
"West Midlands","Wave 29 - July 2022","Every day",5,5,5,3,4,4,5,"No",1,8,8,8,0,10,5,8.5
"London","Wave 29 - July 2022","More than twice a week, but not every day",4,3,4,4,4,3,3,"Yes",3,7,7,7,3,7,3.66666666666667,7
"Yorkshire and the Humber","Wave 29 - July 2022","More than twice a week, but not every day",5,5,5,5,5,3,4,"Yes",3,8,10,10,0,10,5,9.5
"West Midlands","Wave 29 - July 2022","Every day",4,4,4,4,4,4,3,"Yes",2,8,7,8,4,6,4,7.25
"South West","Wave 29 - July 2022","More than twice a week, but not every day",3,3,5,5,4,4,3,"Yes",1,9,9,10,0,10,3.66666666666667,9.5
"South West","Wave 29 - July 2022","Once or twice a month",5,5,5,5,5,5,4,"Yes",4,7,7,6,8,2,5,5.5
"South West","Wave 29 - July 2022","More than twice a week, but not every day",5,5,4,5,5,4,5,"Yes",1,10,10,10,0,10,4.66666666666667,10
"North West","Wave 29 - July 2022","Every day",5,5,4,5,4,5,3,"Yes",4,10,8,9,2,8,4.66666666666667,8.75
"Yorkshire and the Humber","Wave 29 - July 2022","Once a week",2,4,5,3,4,2,3,"No",4,7,8,9,3,7,3.66666666666667,7.75
"East Midlands","Wave 29 - July 2022","Once or twice a month",4,4,4,4,4,3,3,"Yes",4,8,8,8,3,7,4,7.75
"South West","Wave 29 - July 2022","Every day",5,5,5,5,5,4,5,"Yes",2,9,10,10,0,10,5,9.75
"Yorkshire and the Humber","Wave 29 - July 2022","Once or twice a month",4,4,4,4,4,4,2,"Yes",1,9,9,9,0,10,4,9.25
"East","Wave 29 - July 2022","More than twice a week, but not every day",5,5,5,5,5,3,5,"Yes",5,7,7,8,2,8,5,7.5
"South West","Wave 29 - July 2022","More than twice a week, but not every day",5,4,4,4,4,4,4,"Yes",2,6,8,6,0,10,4.33333333333333,7.5
"South West","Wave 29 - July 2022","More than twice a week, but not every day",4,5,4,4,5,4,3,"Yes",3,8,8,8,0,10,4.33333333333333,8.5
"South West","Wave 29 - July 2022","More than twice a week, but not every day",5,5,5,5,5,5,4,"Yes",1,4,4,3,0,10,5,5.25
"North West","Wave 29 - July 2022","More than twice a week, but not every day",5,5,5,5,4,3,5,"Yes",1,9,9,9,0,10,5,9.25
"Yorkshire and the Humber","Wave 29 - July 2022","Less often",4,5,5,4,4,3,1,"Yes",4,2,3,3,2,8,4.66666666666667,4
"East","Wave 29 - July 2022","Twice a week",1,1,1,5,3,5,5,"No",4,10,7,6,2,8,1,7.75
"South East","Wave 29 - July 2022","Every day",4,4,4,5,5,4,5,"Yes",2,9,9,9,1,9,4,9
"East","Wave 29 - July 2022","More than twice a week, but not every day",5,5,5,5,5,3,5,"Yes",2,8,8,4,9,1,5,5.25
"London","Wave 29 - July 2022","Once every 2-3 months",2,4,3,4,4,1,4,"Yes",4,7,7,7,2,8,3,7.25
"East Midlands","Wave 29 - July 2022","More than twice a week, but not every day",5,5,4,4,5,5,4,"Yes",2,8,8,9,2,8,4.66666666666667,8.25
"West Midlands","Wave 29 - July 2022","Once a week",5,5,5,5,5,4,5,"Yes",3,5,7,8,5,5,5,6.25
"South East","Wave 29 - July 2022","Once a week",4,5,5,5,5,4,3,"Yes",4,5,6,8,2,8,4.66666666666667,6.75
"South East","Wave 29 - July 2022","Every day",4,4,4,4,4,4,3,"Yes",2,7,7,7,7,3,4,6
"London","Wave 29 - July 2022","Every day",1,1,1,5,5,4,4,"Yes",1,1,10,10,0,10,1,7.75
"West Midlands","Wave 29 - July 2022","Once or twice a month",5,4,5,4,4,3,1,"No",2,6,8,7,2,8,4.66666666666667,7.25
"North East","Wave 29 - July 2022","Twice a week",1,3,4,4,5,3,4,"Yes",4,7,8,8,2,8,2.66666666666667,7.75
"South East","Wave 29 - July 2022","Once a week",3,4,3,4,3,2,1,"No",4,8,7,5,6,4,3.33333333333333,6
"West Midlands","Wave 29 - July 2022","More than twice a week, but not every day",5,5,5,5,4,4,4,"Yes",3,8,8,8,1,9,5,8.25
"North West","Wave 29 - July 2022","Every day",1,2,2,5,5,2,2,"Yes",4,9,9,9,9,1,1.66666666666667,7
"South West","Wave 29 - July 2022","Once or twice a month",4,4,4,5,5,3,3,"Yes",1,6,5,3,0,10,4,6
"Yorkshire and the Humber","Wave 29 - July 2022","More than twice a week, but not every day",4,4,4,4,4,3,4,"Yes",4,5,4,6,5,5,4,5
"East","Wave 29 - July 2022","Every day",4,2,2,5,5,5,2,"Yes",2,7,7,7,0,10,2.66666666666667,7.75
"South East","Wave 29 - July 2022","More than twice a week, but not every day",4,4,4,4,4,4,3,"No",2,9,10,9,1,9,4,9.25
"Yorkshire and the Humber","Wave 29 - July 2022","Less often",1,3,3,3,4,4,1,"Yes",1,5,4,5,2,8,2.33333333333333,5.5
"London","Wave 29 - July 2022","Every day",5,5,5,4,4,4,3,"Yes",4,3,6,2,0,10,5,5.25
"South East","Wave 29 - July 2022","More than twice a week, but not every day",5,5,5,5,4,3,2,"Yes",1,9,10,9,0,10,5,9.5
"London","Wave 29 - July 2022","Every day",4,4,4,4,4,3,3,"Yes",2,7,8,9,0,10,4,8.5
"London","Wave 29 - July 2022","Every day",5,5,5,5,5,4,2,"Yes",5,10,10,10,10,0,5,7.5
"London","Wave 29 - July 2022","More than twice a week, but not every day",5,5,4,5,5,5,3,"Yes",5,10,10,10,10,0,4.66666666666667,7.5
"London","Wave 29 - July 2022","Once or twice a month",2,4,4,4,4,3,4,"Yes",4,9,9,8,0,10,3.33333333333333,9
"South East","Wave 29 - July 2022","More than twice a week, but not every day",1,1,5,4,5,2,5,"Yes",5,4,5,4,8,2,2.33333333333333,3.75
"South East","Wave 29 - July 2022","Once every 2-3 months",2,4,4,4,4,2,3,"Yes",4,4,6,4,6,4,3.33333333333333,4.5
"London","Wave 29 - July 2022","Every day",1,1,1,5,5,4,4,"Yes",1,7,6,5,3,7,1,6.25
"South East","Wave 29 - July 2022","More than twice a week, but not every day",5,5,5,5,5,3,4,"Yes",3,7,7,5,7,3,5,5.5
"West Midlands","Wave 29 - July 2022","More than twice a week, but not every day",1,1,4,5,5,4,4,"Yes",3,7,5,3,7,3,2,4.5
"West Midlands","Wave 29 - July 2022","More than twice a week, but not every day",3,3,3,3,3,3,3,"Yes",4,5,5,5,5,5,3,5
"London","Wave 29 - July 2022","More than twice a week, but not every day",5,5,3,4,5,4,2,"Yes",4,4,2,3,5,5,4.33333333333333,3.5
"London","Wave 29 - July 2022","More than twice a week, but not every day",1,1,1,5,5,3,4,"Yes",2,7,8,8,2,8,1,7.75
"East","Wave 29 - July 2022","Once a week",5,5,4,5,4,4,4,"Yes",3,8,8,9,2,8,4.66666666666667,8.25
"North East","Wave 29 - July 2022","More than twice a week, but not every day",2,5,5,5,5,4,2,"Yes",4,6,4,7,6,4,4,5.25
"East","Wave 30 - August 2022","Less often",4,3,4,4,5,4,3,"Yes",4,7,5,7,3,7,3.66666666666667,6.5
"South East","Wave 30 - August 2022","Once every 2-3 months",4,4,3,3,3,1,1,"Yes",1,10,10,10,0,10,3.66666666666667,10
"London","Wave 30 - August 2022","More than twice a week, but not every day",4,4,2,5,4,4,1,"Yes",5,4,4,4,4,6,3.33333333333333,4.5
"London","Wave 30 - August 2022","More than twice a week, but not every day",2,4,2,4,4,4,3,"Yes",4,8,5,6,4,6,2.66666666666667,6.25
"Yorkshire and the Humber","Wave 30 - August 2022","Twice a week",3,3,4,4,4,3,3,"Yes",5,2,3,1,8,2,3.33333333333333,2
"South East","Wave 30 - August 2022","More than twice a week, but not every day",5,5,4,5,5,4,3,"Yes",3,7,8,8,1,9,4.66666666666667,8
"North West","Wave 30 - August 2022","More than twice a week, but not every day",2,4,4,5,4,4,4,"Yes",5,5,6,5,8,2,3.33333333333333,4.5
"East Midlands","Wave 30 - August 2022","More than twice a week, but not every day",4,5,5,5,5,2,4,"Yes",3,6,6,6,7,3,4.66666666666667,5.25
"London","Wave 30 - August 2022","Less often",2,3,4,5,4,3,3,"Yes",1,6,7,7,8,2,3,5.5
"London","Wave 30 - August 2022","Every day",5,4,5,5,4,3,5,"Yes",2,8,6,9,1,9,4.66666666666667,8
"South West","Wave 30 - August 2022","Once a week",4,4,5,5,5,3,4,"Yes",3,8,8,6,2,8,4.33333333333333,7.5
"London","Wave 30 - August 2022","More than twice a week, but not every day",1,1,1,5,5,4,5,"Yes",2,8,8,8,2,8,1,8
"South East","Wave 30 - August 2022","Once or twice a month",5,4,3,5,4,4,4,"Yes",2,8,7,9,0,10,4,8.5
"East","Wave 30 - August 2022","More than twice a week, but not every day",2,3,3,3,4,1,2,"No",5,1,0,1,0,10,2.66666666666667,3
"South East","Wave 30 - August 2022","Once or twice a month",5,4,3,2,3,4,1,"No",2,8,7,8,2,8,4,7.75
"Yorkshire and the Humber","Wave 30 - August 2022","Once every 2-3 months",4,4,4,5,5,3,3,"Yes",4,7,7,7,0,10,4,7.75
"North West","Wave 30 - August 2022","Twice a week",4,4,3,5,4,4,1,"Yes",1,8,9,9,0,10,3.66666666666667,9
"West Midlands","Wave 30 - August 2022","Twice a week",5,4,5,4,4,5,3,"Yes",1,8,8,9,1,9,4.66666666666667,8.5
"West Midlands","Wave 30 - August 2022","Once a week",2,4,3,5,5,4,4,"Yes",3,3,5,6,5,5,3,4.75
"North West","Wave 30 - August 2022","More than twice a week, but not every day",2,3,2,4,4,1,2,"Yes",1,7,4,9,2,8,2.33333333333333,7
"East Midlands","Wave 30 - August 2022","Once a week",4,4,3,3,3,3,3,"Yes",4,6,6,8,2,8,3.66666666666667,7
"East Midlands","Wave 30 - August 2022","Once a week",4,4,5,5,5,3,1,"Yes",1,5,4,5,4,6,4.33333333333333,5
"East Midlands","Wave 30 - August 2022","More than twice a week, but not every day",4,3,3,3,4,3,3,"No",4,6,7,6,5,5,3.33333333333333,6
"West Midlands","Wave 30 - August 2022","Twice a week",2,4,4,5,4,5,4,"Yes",2,10,10,10,10,0,3.33333333333333,7.5
"South West","Wave 30 - August 2022","Every day",5,5,5,5,5,5,5,"Yes",3,0,8,10,0,10,5,7
"East Midlands","Wave 30 - August 2022","Less often",5,5,4,5,5,4,4,"Yes",3,7,6,7,3,7,4.66666666666667,6.75
"Yorkshire and the Humber","Wave 30 - August 2022","More than twice a week, but not every day",5,5,5,5,4,4,3,"Yes",5,5,5,4,4,6,5,5
"North West","Wave 30 - August 2022","Once a week",4,4,4,4,4,3,3,"Yes",1,2,2,3,4,6,4,3.25
"North West","Wave 30 - August 2022","Once a week",3,4,5,4,4,2,3,"Yes",1,7,9,6,0,10,4,8
"East","Wave 30 - August 2022","Twice a week",5,4,5,5,5,5,4,"Yes",1,9,10,10,0,10,4.66666666666667,9.75
"South East","Wave 30 - August 2022","Every day",5,2,3,5,5,3,5,"Yes",1,7,9,9,3,7,3.33333333333333,8
"South West","Wave 30 - August 2022","More than twice a week, but not every day",4,4,4,5,5,3,3,"Yes",5,5,5,4,8,2,4,4
"South West","Wave 30 - August 2022","Once or twice a month",2,5,5,5,5,4,3,"Yes",2,8,8,8,1,9,4,8.25
"South West","Wave 30 - August 2022","Twice a week",4,5,5,5,5,3,4,"Yes",1,10,10,10,0,10,4.66666666666667,10
"North West","Wave 30 - August 2022","More than twice a week, but not every day",4,4,4,5,5,4,4,"Yes",3,8,8,5,7,3,4,6
"South East","Wave 30 - August 2022","Less often",1,5,4,5,5,3,3,"Yes",4,6,6,5,5,5,3.33333333333333,5.5
"South West","Wave 30 - August 2022","Every day",5,5,5,5,5,5,5,"Yes",1,9,10,10,0,10,5,9.75
"East","Wave 30 - August 2022","More than twice a week, but not every day",4,4,3,5,5,4,5,"Yes",2,7,7,6,9,1,3.66666666666667,5.25
"North West","Wave 30 - August 2022","Every day",1,1,1,4,4,4,4,"Yes",3,8,9,7,7,3,1,6.75
"East Midlands","Wave 30 - August 2022","Once or twice a month",4,3,3,4,2,2,1,"No",3,6,6,7,7,3,3.33333333333333,5.5
"East Midlands","Wave 30 - August 2022","Once or twice a month",5,4,4,4,4,3,3,"Yes",2,7,5,7,6,4,4.33333333333333,5.75
"North West","Wave 30 - August 2022","Every day",4,5,4,5,5,3,3,"Yes",2,8,9,8,3,7,4.33333333333333,8
"North East","Wave 30 - August 2022","Every day",1,1,1,5,5,4,3,"Yes",5,5,5,7,4,6,1,5.75
"North West","Wave 30 - August 2022","Every day",4,4,4,4,4,5,3,"Yes",4,7,8,8,6,4,4,6.75
"South West","Wave 30 - August 2022","Once or twice a month",5,5,5,5,5,5,3,"Yes",3,7,8,8,0,10,5,8.25
"South East","Wave 30 - August 2022","More than twice a week, but not every day",5,5,4,4,4,3,3,"No",1,8,8,8,0,10,4.66666666666667,8.5
"London","Wave 30 - August 2022","Once or twice a month",4,4,3,5,5,5,5,"Yes",3,9,10,10,0,10,3.66666666666667,9.75
"South East","Wave 30 - August 2022","More than twice a week, but not every day",3,3,3,4,4,3,1,"Yes",2,8,8,8,0,10,3,8.5
"South West","Wave 30 - August 2022","More than twice a week, but not every day",5,5,5,4,5,3,4,"Yes",3,7,9,8,1,9,5,8.25
"South East","Wave 30 - August 2022","Twice a week",4,4,5,5,5,5,4,"Yes",2,8,7,8,2,8,4.33333333333333,7.75
"London","Wave 30 - August 2022","Every day",5,5,5,4,5,2,4,"Yes",3,8,9,10,0,10,5,9.25
"North East","Wave 30 - August 2022","Every day",1,1,1,5,5,5,5,"Yes",5,5,6,5,8,2,1,4.5
"South West","Wave 30 - August 2022","More than twice a week, but not every day",5,5,5,5,5,4,4,"Yes",1,5,8,6,0,10,5,7.25
"North West","Wave 30 - August 2022","Twice a week",1,5,5,5,5,4,3,"Yes",1,8,8,8,0,10,3.66666666666667,8.5
"Yorkshire and the Humber","Wave 30 - August 2022","Once every 2-3 months",2,3,2,5,5,3,4,"Yes",5,5,4,7,3,7,2.33333333333333,5.75
"London","Wave 30 - August 2022","More than twice a week, but not every day",5,4,5,4,4,4,4,"Yes",3,8,8,7,5,5,4.66666666666667,7
"South West","Wave 30 - August 2022","Every day",5,5,5,5,5,4,5,"Yes",4,5,7,6,4,6,5,6
"North West","Wave 30 - August 2022","Twice a week",4,4,4,4,4,3,4,"Yes",3,7,8,7,2,8,4,7.5
"South West","Wave 30 - August 2022","More than twice a week, but not every day",4,5,5,5,5,4,4,"Yes",4,7,8,8,8,2,4.66666666666667,6.25
"Yorkshire and the Humber","Wave 30 - August 2022","Twice a week",5,5,5,4,4,3,2,"Yes",2,8,8,9,0,10,5,8.75
"London","Wave 30 - August 2022","Twice a week",5,5,5,5,5,3,4,"Yes",4,6,7,7,7,3,5,5.75
"North West","Wave 30 - August 2022","More than twice a week, but not every day",4,4,4,4,4,1,2,"Yes",2,8,10,9,0,10,4,9.25
"North West","Wave 30 - August 2022","Every day",1,1,1,5,5,3,2,"Yes",4,6,8,4,4,6,1,6
"South West","Wave 30 - August 2022","More than twice a week, but not every day",5,5,5,4,4,3,3,"Yes",2,8,9,9,0,10,5,9
"East","Wave 30 - August 2022","More than twice a week, but not every day",5,5,5,4,5,5,3,"Yes",1,8,7,9,0,10,5,8.5
"Yorkshire and the Humber","Wave 30 - August 2022","Once every 2-3 months",4,4,4,4,3,3,2,"No",1,7,7,6,3,7,4,6.75
"North East","Wave 30 - August 2022","Once or twice a month",1,4,2,5,5,1,5,"Yes",4,6,6,4,3,7,2.33333333333333,5.75
"South East","Wave 30 - August 2022","More than twice a week, but not every day",2,5,5,5,4,3,3,"Yes",2,8,7,9,1,9,4,8.25
"Yorkshire and the Humber","Wave 30 - August 2022","More than twice a week, but not every day",5,5,5,5,5,4,5,"Yes",4,5,5,7,6,4,5,5.25
"South East","Wave 30 - August 2022","Every day",3,4,3,4,4,3,3,"Yes",2,5,5,5,5,5,3.33333333333333,5
"South East","Wave 30 - August 2022","Every day",5,5,4,4,3,3,4,"Yes",2,7,7,8,1,9,4.66666666666667,7.75
"East Midlands","Wave 30 - August 2022","Once every 2-3 months",5,5,5,5,5,1,1,"Yes",1,9,9,10,0,10,5,9.5
"London","Wave 30 - August 2022","Once a week",5,4,5,4,4,4,1,"Yes",1,8,8,8,0,10,4.66666666666667,8.5
"South East","Wave 30 - August 2022","Every day",1,1,4,5,4,4,3,"Yes",4,5,5,3,5,5,2,4.5
"Yorkshire and the Humber","Wave 30 - August 2022","Twice a week",5,3,4,4,4,2,1,"Yes",2,8,8,8,2,8,4,8
"East","Wave 30 - August 2022","More than twice a week, but not every day",2,4,4,5,5,3,5,"Yes",4,6,8,8,3,7,3.33333333333333,7.25
"London","Wave 30 - August 2022","More than twice a week, but not every day",4,5,4,5,5,5,4,"Yes",5,10,10,10,10,0,4.33333333333333,7.5
"East Midlands","Wave 30 - August 2022","More than twice a week, but not every day",3,3,5,5,4,5,4,"Yes",4,6,7,5,4,6,3.66666666666667,6
"Yorkshire and the Humber","Wave 30 - August 2022","Every day",4,4,3,5,5,2,5,"Yes",4,5,6,5,0,10,3.66666666666667,6.5
"East","Wave 30 - August 2022","Once or twice a month",4,4,5,4,4,4,3,"Yes",3,8,8,7,5,5,4.33333333333333,7
"South East","Wave 30 - August 2022","Once or twice a month",4,4,5,5,4,4,3,"Yes",2,8,8,10,8,2,4.33333333333333,7
"South East","Wave 30 - August 2022","More than twice a week, but not every day",5,5,4,5,5,5,4,"Yes",4,8,8,8,4,6,4.66666666666667,7.5
"London","Wave 30 - August 2022","More than twice a week, but not every day",4,4,3,4,4,4,3,"Yes",2,8,9,9,2,8,3.66666666666667,8.5
"West Midlands","Wave 30 - August 2022","Every day",1,1,2,5,4,4,4,"Yes",4,10,10,10,9,1,1.33333333333333,7.75
"East","Wave 30 - August 2022","More than twice a week, but not every day",4,4,4,4,2,3,1,"No",2,8,10,8,0,10,4,9
"London","Wave 30 - August 2022","More than twice a week, but not every day",5,4,3,5,5,5,4,"Yes",1,9,9,10,1,9,4,9.25
"South West","Wave 30 - August 2022","Every day",5,4,5,4,4,5,1,"Yes",4,7,7,8,0,10,4.66666666666667,8
"East","Wave 30 - August 2022","Once a week",1,5,5,5,5,5,4,"Yes",3,7,6,3,4,6,3.66666666666667,5.5
"North West","Wave 30 - August 2022","Every day",4,4,4,3,3,2,2,"Yes",3,8,8,8,2,8,4,8
"South East","Wave 30 - August 2022","More than twice a week, but not every day",2,4,2,5,5,3,3,"Yes",5,5,5,3,6,4,2.66666666666667,4.25
"North West","Wave 30 - August 2022","Twice a week",4,4,4,4,5,4,3,"Yes",3,8,8,8,9,1,4,6.25
"South East","Wave 30 - August 2022","Twice a week",5,4,3,4,4,4,3,"Yes",1,8,7,9,1,9,4,8.25
"London","Wave 30 - August 2022","More than twice a week, but not every day",5,2,2,2,2,2,1,"No",4,4,3,6,0,10,3,5.75
"South East","Wave 30 - August 2022","More than twice a week, but not every day",5,4,4,3,3,3,2,"No",1,9,9,9,0,10,4.33333333333333,9.25
"South East","Wave 30 - August 2022","More than twice a week, but not every day",1,1,1,4,4,3,5,"Yes",2,5,5,5,0,10,1,6.25
"North West","Wave 30 - August 2022","Twice a week",4,5,5,5,5,4,3,"Yes",2,9,9,8,4,6,4.66666666666667,8
"East Midlands","Wave 30 - August 2022","More than twice a week, but not every day",4,2,2,3,4,3,5,"Yes",5,7,5,3,7,3,2.66666666666667,4.5
"East Midlands","Wave 30 - August 2022","Once a week",3,2,1,4,5,2,3,"Yes",4,8,8,8,8,2,2,6.5
"Yorkshire and the Humber","Wave 30 - August 2022","More than twice a week, but not every day",5,5,5,5,5,2,4,"Yes",2,9,9,9,0,10,5,9.25
"East Midlands","Wave 30 - August 2022","Twice a week",5,5,4,5,5,4,4,"Yes",1,8,9,8,0,10,4.66666666666667,8.75
"North East","Wave 30 - August 2022","Once every 2-3 months",1,5,5,4,4,3,3,"No",3,7,8,6,6,4,3.66666666666667,6.25
"West Midlands","Wave 30 - August 2022","Twice a week",3,4,4,3,3,3,3,"No",3,5,5,4,4,6,3.66666666666667,5
"West Midlands","Wave 30 - August 2022","Once or twice a month",4,4,4,4,4,3,3,"Yes",2,8,8,9,0,10,4,8.75
"London","Wave 30 - August 2022","Twice a week",4,5,5,5,4,3,4,"Yes",2,9,9,9,0,10,4.66666666666667,9.25
"North East","Wave 30 - August 2022","More than twice a week, but not every day",5,5,5,5,5,3,1,"No",4,3,4,8,7,3,5,4.5
"East Midlands","Wave 30 - August 2022","More than twice a week, but not every day",4,4,3,4,4,3,5,"Yes",5,1,0,4,9,1,3.66666666666667,1.5
"South East","Wave 30 - August 2022","Once or twice a month",5,5,4,4,4,3,2,"Yes",4,6,5,3,9,1,4.66666666666667,3.75
"South East","Wave 30 - August 2022","Twice a week",5,4,4,4,4,3,2,"Yes",4,8,7,8,6,4,4.33333333333333,6.75
"North West","Wave 30 - August 2022","Every day",1,1,1,4,4,3,3,"Yes",2,7,8,8,2,8,1,7.75
"West Midlands","Wave 30 - August 2022","More than twice a week, but not every day",5,4,4,4,5,3,3,"Yes",5,3,3,3,7,3,4.33333333333333,3
"Yorkshire and the Humber","Wave 31 - September 2022","Less often",4,4,4,4,4,3,3,"Don’t know",3,7,5,7,3,7,4,6.5
"East","Wave 31 - September 2022","More than twice a week, but not every day",5,4,4,5,4,3,4,"Yes",3,6,7,8,2,8,4.33333333333333,7.25
"South East","Wave 31 - September 2022","Every day",4,4,2,4,4,3,3,"Yes",5,7,7,4,1,9,3.33333333333333,6.75
"London","Wave 31 - September 2022","More than twice a week, but not every day",5,4,4,3,3,2,2,"No",2,9,9,9,2,8,4.33333333333333,8.75
"North West","Wave 31 - September 2022","Twice a week",3,2,2,4,4,2,1,"Yes",4,6,5,7,3,7,2.33333333333333,6.25
"South East","Wave 31 - September 2022","Twice a week",2,5,1,4,4,5,4,"Yes",4,9,9,9,1,9,2.66666666666667,9
"North West","Wave 31 - September 2022","Twice a week",2,4,2,4,5,3,3,"Yes",2,9,10,10,0,10,2.66666666666667,9.75
"South East","Wave 31 - September 2022","Once every 2-3 months",4,4,5,4,5,1,2,"Yes",1,10,10,9,10,0,4.33333333333333,7.25
"West Midlands","Wave 31 - September 2022","Once every 2-3 months",5,3,2,4,5,2,3,"Yes",5,0,0,0,6,4,3.33333333333333,1
"West Midlands","Wave 31 - September 2022","Once a week",4,4,4,5,4,3,2,"Yes",3,7,7,7,0,10,4,7.75
"South East","Wave 31 - September 2022","More than twice a week, but not every day",1,5,5,5,5,3,4,"Yes",4,4,5,6,6,4,3.66666666666667,4.75
"North East","Wave 31 - September 2022","More than twice a week, but not every day",2,3,3,3,3,3,1,"Yes",4,5,6,5,7,3,2.66666666666667,4.75
"North West","Wave 31 - September 2022","Every day",1,1,1,4,5,3,5,"Yes",1,8,8,7,8,2,1,6.25
"North West","Wave 31 - September 2022","Every day",5,5,4,5,5,4,4,"Yes",3,7,7,7,8,2,4.66666666666667,5.75
"East","Wave 31 - September 2022","Every day",5,4,4,5,5,4,3,"Yes",1,9,8,8,0,10,4.33333333333333,8.75
"London","Wave 31 - September 2022","Once or twice a month",5,3,3,5,5,3,3,"Yes",4,5,5,5,6,4,3.66666666666667,4.75
"London","Wave 31 - September 2022","More than twice a week, but not every day",5,4,4,4,4,3,3,"Yes",1,5,5,5,2,8,4.33333333333333,5.75
"Yorkshire and the Humber","Wave 31 - September 2022","More than twice a week, but not every day",4,4,4,4,4,4,5,"Yes",1,8,8,8,0,10,4,8.5
"London","Wave 31 - September 2022","Once or twice a month",5,5,5,5,4,2,3,"Yes",5,8,8,7,1,9,5,8
"North West","Wave 31 - September 2022","Once a week",4,4,4,5,5,4,3,"Yes",2,8,8,8,5,5,4,7.25
"East Midlands","Wave 31 - September 2022","Every day",1,1,1,5,5,3,3,"Yes",4,9,9,5,7,3,1,6.5
"South East","Wave 31 - September 2022","Every day",3,5,4,4,4,4,4,"Yes",3,5,6,5,7,3,4,4.75
"South East","Wave 31 - September 2022","Once a week",4,4,3,3,2,3,2,"No",3,8,10,9,0,10,3.66666666666667,9.25
"South West","Wave 31 - September 2022","More than twice a week, but not every day",4,4,4,5,5,4,4,"Yes",1,8,8,7,3,7,4,7.5
"London","Wave 31 - September 2022","More than twice a week, but not every day",4,4,4,5,5,3,4,"Yes",1,9,10,9,1,9,4,9.25
"East","Wave 31 - September 2022","More than twice a week, but not every day",5,5,5,5,4,4,4,"Yes",2,9,9,8,2,8,5,8.5
"West Midlands","Wave 31 - September 2022","Every day",4,4,3,2,2,4,1,"No",1,9,8,9,0,10,3.66666666666667,9
"East","Wave 31 - September 2022","Once every 2-3 months",5,5,4,4,4,4,4,"Yes",2,8,9,8,7,3,4.66666666666667,7
"London","Wave 31 - September 2022","Once a week",4,2,4,5,5,3,4,"Yes",4,5,6,8,4,6,3.33333333333333,6.25
"London","Wave 31 - September 2022","More than twice a week, but not every day",5,4,5,5,5,3,3,"Yes",3,6,7,2,3,7,4.66666666666667,5.5
"East Midlands","Wave 31 - September 2022","More than twice a week, but not every day",5,5,4,4,4,4,3,"Yes",4,6,7,6,8,2,4.66666666666667,5.25
"South East","Wave 31 - September 2022","Every day",5,4,4,5,5,3,5,"Yes",4,4,6,6,5,5,4.33333333333333,5.25
"South West","Wave 31 - September 2022","More than twice a week, but not every day",5,5,4,5,4,5,4,"Yes",3,7,9,8,4,6,4.66666666666667,7.5
"South West","Wave 31 - September 2022","Twice a week",4,5,5,5,5,5,5,"Yes",5,4,4,4,10,0,4.66666666666667,3
"North West","Wave 31 - September 2022","More than twice a week, but not every day",5,4,5,4,4,4,3,"Yes",1,8,9,9,0,10,4.66666666666667,9
"East Midlands","Wave 31 - September 2022","Every day",5,5,5,5,4,5,3,"Yes",4,8,8,7,4,6,5,7.25
"South East","Wave 31 - September 2022","More than twice a week, but not every day",5,5,5,4,5,4,3,"Yes",4,7,5,8,2,8,5,7
"South East","Wave 31 - September 2022","More than twice a week, but not every day",2,4,5,5,4,3,3,"Yes",2,8,6,7,0,10,3.66666666666667,7.75
"London","Wave 31 - September 2022","Less often",4,3,3,4,4,2,3,"Yes",1,8,9,8,0,10,3.33333333333333,8.75
"Yorkshire and the Humber","Wave 31 - September 2022","Every day",5,5,4,5,4,4,5,"Yes",4,7,7,8,1,9,4.66666666666667,7.75
"South East","Wave 31 - September 2022","Every day",5,5,5,4,4,3,3,"No",3,8,9,8,0,10,5,8.75
"North East","Wave 31 - September 2022","More than twice a week, but not every day",5,4,4,5,5,3,5,"Yes",4,6,6,6,4,6,4.33333333333333,6
"East Midlands","Wave 31 - September 2022","More than twice a week, but not every day",4,4,5,5,4,4,4,"Yes",4,5,8,5,5,5,4.33333333333333,5.75
"South West","Wave 31 - September 2022","Twice a week",4,4,4,4,4,3,4,"No",1,9,10,9,1,9,4,9.25
"South West","Wave 31 - September 2022","More than twice a week, but not every day",1,1,1,5,4,4,3,"No",4,4,3,2,0,10,1,4.75
"East Midlands","Wave 31 - September 2022","Once or twice a month",3,4,4,4,4,2,3,"Yes",4,3,6,4,8,2,3.66666666666667,3.75
"West Midlands","Wave 31 - September 2022","Twice a week",4,5,4,2,4,3,3,"Yes",4,7,7,5,8,2,4.33333333333333,5.25
"West Midlands","Wave 31 - September 2022","Every day",1,2,2,5,4,1,5,"No",1,10,10,10,0,10,1.66666666666667,10
"South West","Wave 31 - September 2022","Once a week",4,5,4,5,4,3,3,"Yes",4,5,5,6,4,6,4.33333333333333,5.5
"North West","Wave 31 - September 2022","Every day",3,2,2,5,4,2,4,"Yes",5,4,5,4,5,5,2.33333333333333,4.5
"East Midlands","Wave 31 - September 2022","Once or twice a month",2,3,3,4,5,4,5,"Yes",5,6,4,4,8,2,2.66666666666667,4
"East","Wave 31 - September 2022","More than twice a week, but not every day",5,5,5,5,5,4,4,"Yes",2,9,9,10,3,7,5,8.75
"East Midlands","Wave 31 - September 2022","Once every 2-3 months",5,5,5,3,3,2,2,"No",1,9,10,9,0,10,5,9.5
"South East","Wave 31 - September 2022","More than twice a week, but not every day",4,5,4,5,5,3,5,"Yes",4,3,5,2,2,8,4.33333333333333,4.5
"East","Wave 31 - September 2022","Every day",3,1,1,3,3,3,1,"Yes",3,5,5,5,5,5,1.66666666666667,5
"London","Wave 31 - September 2022","More than twice a week, but not every day",5,4,2,5,5,2,5,"Yes",3,5,4,6,2,8,3.66666666666667,5.75
"North East","Wave 31 - September 2022","Every day",5,5,5,5,5,3,3,"Yes",2,8,9,9,4,6,5,8
"West Midlands","Wave 31 - September 2022","Once a week",2,4,3,4,4,3,4,"Yes",4,7,6,4,6,4,3,5.25
"South East","Wave 31 - September 2022","Once a week",5,5,5,5,4,1,3,"Yes",1,8,7,7,1,9,5,7.75
"South East","Wave 31 - September 2022","Once or twice a month",5,5,5,4,3,4,3,"Yes",1,7,10,10,0,10,5,9.25
"South East","Wave 31 - September 2022","More than twice a week, but not every day",5,5,5,5,5,4,3,"Yes",2,7,8,6,4,6,5,6.75
"London","Wave 31 - September 2022","Every day",5,5,5,4,4,3,3,"No",4,2,2,0,2,8,5,3
"South West","Wave 31 - September 2022","Once or twice a month",4,4,5,5,5,4,3,"Yes",5,2,1,2,10,0,4.33333333333333,1.25
"West Midlands","Wave 31 - September 2022","More than twice a week, but not every day",3,4,4,4,4,1,1,"Yes",3,6,9,6,7,3,3.66666666666667,6
"South West","Wave 31 - September 2022","Twice a week",5,4,5,3,2,4,3,"Yes",5,2,2,3,10,0,4.66666666666667,1.75
"North East","Wave 31 - September 2022","Once a week",4,4,4,4,4,2,2,"Yes",2,8,8,8,2,8,4,8
"North East","Wave 31 - September 2022","Twice a week",5,5,5,4,4,3,3,"Yes",4,8,8,8,2,8,5,8
"London","Wave 31 - September 2022","More than twice a week, but not every day",5,4,3,5,5,2,4,"Yes",4,1,3,3,3,7,4,3.5
"London","Wave 31 - September 2022","More than twice a week, but not every day",4,2,2,3,3,1,3,"Yes",3,6,7,6,8,2,2.66666666666667,5.25
"West Midlands","Wave 31 - September 2022","Twice a week",3,4,4,4,4,3,3,"Yes",2,8,6,8,3,7,3.66666666666667,7.25
"South West","Wave 31 - September 2022","Every day",4,4,4,5,4,2,5,"Yes",4,7,7,8,4,6,4,7
"London","Wave 31 - September 2022","More than twice a week, but not every day",1,3,5,5,4,3,4,"Yes",1,9,9,9,0,10,3,9.25
"North East","Wave 31 - September 2022","Once or twice a month",5,5,5,5,5,3,3,"Yes",5,5,5,5,8,2,5,4.25
"East Midlands","Wave 31 - September 2022","More than twice a week, but not every day",4,4,2,5,5,5,5,"Yes",1,7,10,10,0,10,3.33333333333333,9.25
"East Midlands","Wave 31 - September 2022","More than twice a week, but not every day",5,5,5,5,5,4,4,"Yes",2,6,6,7,3,7,5,6.5
"East","Wave 31 - September 2022","Once a week",4,4,4,4,4,3,2,"Yes",4,8,7,8,2,8,4,7.75
"North West","Wave 31 - September 2022","More than twice a week, but not every day",3,4,5,5,5,3,4,"Yes",2,7,8,7,4,6,4,7
"South West","Wave 31 - September 2022","Every day",3,2,3,4,4,3,4,"Yes",2,1,10,10,10,0,2.66666666666667,5.25
"East Midlands","Wave 31 - September 2022","Twice a week",4,5,5,4,4,5,3,"Yes",1,8,8,8,0,10,4.66666666666667,8.5
"West Midlands","Wave 31 - September 2022","Twice a week",4,4,4,5,4,3,3,"No",4,5,7,3,0,10,4,6.25
"North West","Wave 31 - September 2022","Once a week",2,4,2,5,4,3,5,"Yes",4,5,5,7,4,6,2.66666666666667,5.75
"London","Wave 31 - September 2022","Every day",4,3,4,4,4,4,5,"Yes",4,8,7,6,4,6,3.66666666666667,6.75
"South West","Wave 31 - September 2022","Twice a week",5,5,4,4,4,3,5,"Yes",4,5,7,6,4,6,4.66666666666667,6
"London","Wave 31 - September 2022","More than twice a week, but not every day",4,5,3,5,4,3,4,"Yes",2,7,8,8,0,10,4,8.25
"South East","Wave 31 - September 2022","Every day",5,5,4,5,5,5,4,"Yes",4,6,6,2,8,2,4.66666666666667,4
"East","Wave 31 - September 2022","Twice a week",4,4,4,4,3,3,1,"Yes",4,7,7,7,3,7,4,7
"East","Wave 31 - September 2022","Every day",4,5,4,5,4,4,3,"Yes",2,7,8,7,7,3,4.33333333333333,6.25
"North West","Wave 31 - September 2022","Every day",5,5,5,5,4,1,5,"Yes",4,7,7,7,2,8,5,7.25
"London","Wave 31 - September 2022","Once a week",5,4,5,5,5,1,3,"Yes",4,6,7,6,3,7,4.66666666666667,6.5
"East Midlands","Wave 31 - September 2022","Every day",5,4,4,3,3,1,2,"Yes",2,9,8,8,7,3,4.33333333333333,7
"South West","Wave 31 - September 2022","Once or twice a month",4,4,4,4,3,4,1,"No",2,8,7,8,3,7,4,7.5
"North West","Wave 31 - September 2022","Once a week",2,4,3,4,4,2,2,"Yes",2,6,7,7,3,7,3,6.75
"Yorkshire and the Humber","Wave 31 - September 2022","More than twice a week, but not every day",4,4,4,5,4,3,3,"Yes",3,8,8,7,5,5,4,7
"South East","Wave 31 - September 2022","More than twice a week, but not every day",2,3,4,4,4,2,2,"No",2,7,8,7,0,10,3,8
"East Midlands","Wave 32 - October 2022","Every day",5,5,5,5,5,5,3,"Yes",3,8,8,9,4,6,5,7.75
"North West","Wave 32 - October 2022","Once or twice a month",2,5,5,5,5,3,5,"Yes",2,8,7,4,3,7,4,6.5
"Yorkshire and the Humber","Wave 32 - October 2022","More than twice a week, but not every day",5,5,5,5,5,5,5,"Yes",4,7,5,8,0,10,5,7.5
"North West","Wave 32 - October 2022","Twice a week",5,5,5,5,5,4,5,"Yes",2,10,10,10,0,10,5,10
"East","Wave 32 - October 2022","Twice a week",1,2,1,5,5,3,5,"Yes",4,9,8,7,0,10,1.33333333333333,8.5
"North East","Wave 32 - October 2022","Once a week",4,4,4,4,3,1,2,"Yes",1,8,10,9,0,10,4,9.25
"North West","Wave 32 - October 2022","Twice a week",3,2,5,5,4,4,4,"Yes",4,5,5,7,3,7,3.33333333333333,6
"South East","Wave 32 - October 2022","Twice a week",4,5,4,4,5,3,4,"Yes",2,8,8,7,4,6,4.33333333333333,7.25
"East","Wave 32 - October 2022","Every day",5,5,5,5,4,4,3,"Yes",1,9,10,9,0,10,5,9.5
"North West","Wave 32 - October 2022","Twice a week",4,5,5,4,4,2,3,"Yes",4,2,2,3,10,0,4.66666666666667,1.75
"North West","Wave 32 - October 2022","Every day",2,4,5,4,4,4,2,"Yes",4,8,8,8,8,2,3.66666666666667,6.5
"West Midlands","Wave 32 - October 2022","More than twice a week, but not every day",5,4,4,4,4,3,3,"Yes",4,6,6,7,5,5,4.33333333333333,6
"West Midlands","Wave 32 - October 2022","More than twice a week, but not every day",5,4,3,4,5,3,3,"Yes",4,7,8,6,5,5,4,6.5
"West Midlands","Wave 32 - October 2022","More than twice a week, but not every day",5,5,5,4,4,3,2,"Yes",3,7,6,6,6,4,5,5.75
"North West","Wave 32 - October 2022","Every day",5,5,5,5,5,4,4,"Yes",3,8,10,6,4,6,5,7.5
"London","Wave 32 - October 2022","More than twice a week, but not every day",4,4,4,5,4,4,4,"Yes",1,8,8,7,1,9,4,8
"East Midlands","Wave 32 - October 2022","Every day",4,5,5,5,5,5,3,"Yes",5,3,2,2,10,0,4.66666666666667,1.75
"South East","Wave 32 - October 2022","Every day",5,5,4,4,4,3,2,"No",3,8,8,8,1,9,4.66666666666667,8.25
"North West","Wave 32 - October 2022","More than twice a week, but not every day",3,4,4,5,5,4,3,"Yes",4,6,7,8,5,5,3.66666666666667,6.5
"North West","Wave 32 - October 2022","More than twice a week, but not every day",4,5,4,5,4,4,4,"Yes",3,8,7,8,3,7,4.33333333333333,7.5
"North West","Wave 32 - October 2022","More than twice a week, but not every day",5,5,5,4,4,3,3,"Yes",1,8,8,8,0,10,5,8.5
"Yorkshire and the Humber","Wave 32 - October 2022","More than twice a week, but not every day",3,4,4,4,4,3,2,"Yes",2,7,7,7,2,8,3.66666666666667,7.25
"East Midlands","Wave 32 - October 2022","Every day",4,3,3,4,4,5,4,"Yes",1,8,8,9,0,10,3.33333333333333,8.75
"South West","Wave 32 - October 2022","More than twice a week, but not every day",5,4,4,5,5,4,4,"Yes",4,7,8,8,7,3,4.33333333333333,6.5
"Yorkshire and the Humber","Wave 32 - October 2022","Twice a week",1,3,4,5,5,3,3,"Yes",4,7,8,6,2,8,2.66666666666667,7.25
"South East","Wave 32 - October 2022","Once a week",5,5,5,5,5,4,4,"Yes",1,7,8,7,1,9,5,7.75
"South East","Wave 32 - October 2022","Once a week",2,4,4,3,4,2,1,"Yes",2,7,7,7,2,8,3.33333333333333,7.25
"London","Wave 32 - October 2022","More than twice a week, but not every day",5,4,4,4,4,1,3,"Yes",2,9,9,9,0,10,4.33333333333333,9.25
"North West","Wave 32 - October 2022","Every day",5,5,3,5,4,4,5,"No",2,9,9,9,0,10,4.33333333333333,9.25
"East","Wave 32 - October 2022","Every day",1,1,5,5,5,4,4,"Yes",3,8,8,4,10,0,2.33333333333333,5
"North West","Wave 32 - October 2022","Every day",5,5,5,5,5,5,5,"Yes",1,10,10,10,10,0,5,7.5
"East Midlands","Wave 32 - October 2022","Every day",5,4,4,5,4,4,5,"Yes",5,5,4,3,5,5,4.33333333333333,4.25
"East","Wave 32 - October 2022","Every day",5,4,4,4,5,2,2,"Yes",2,8,9,9,0,10,4.33333333333333,9
"East Midlands","Wave 32 - October 2022","More than twice a week, but not every day",5,5,5,5,5,1,3,"Yes",1,8,8,7,0,10,5,8.25
"London","Wave 32 - October 2022","Once or twice a month",4,4,4,5,4,4,3,"Yes",2,8,8,8,5,5,4,7.25
"South East","Wave 32 - October 2022","Twice a week",5,4,4,4,4,3,3,"Yes",4,7,8,6,2,8,4.33333333333333,7.25
"London","Wave 32 - October 2022","Once a week",3,5,4,5,4,2,4,"Yes",2,9,10,9,0,10,4,9.5
"North East","Wave 32 - October 2022","Once a week",5,5,5,5,5,4,5,"Yes",4,7,6,8,7,3,5,6
"East Midlands","Wave 32 - October 2022","Twice a week",2,4,4,4,4,2,2,"Yes",4,6,7,6,4,6,3.33333333333333,6.25
"South East","Wave 32 - October 2022","Every day",1,1,1,4,4,5,5,"No",4,6,6,6,4,6,1,6
"North East","Wave 32 - October 2022","Twice a week",4,5,4,5,4,3,4,"Yes",4,5,4,5,6,4,4.33333333333333,4.5
"Yorkshire and the Humber","Wave 32 - October 2022","Every day",5,5,5,5,5,5,2,"Yes",2,8,9,9,0,10,5,9
"South West","Wave 32 - October 2022","Twice a week",5,4,4,4,4,3,5,"Yes",4,7,8,7,6,4,4.33333333333333,6.5
"Yorkshire and the Humber","Wave 32 - October 2022","Twice a week",4,5,5,4,5,3,2,"Yes",1,8,8,9,1,9,4.66666666666667,8.5
"North West","Wave 32 - October 2022","Once or twice a month",4,3,4,4,4,3,1,"Yes",2,9,9,9,0,10,3.66666666666667,9.25
"Yorkshire and the Humber","Wave 32 - October 2022","Once or twice a month",5,5,5,5,4,3,3,"Yes",1,7,10,10,0,10,5,9.25
"South East","Wave 32 - October 2022","Twice a week",5,5,4,5,5,3,4,"Yes",4,7,8,7,7,3,4.66666666666667,6.25
"London","Wave 32 - October 2022","More than twice a week, but not every day",1,5,4,5,5,4,4,"Yes",1,9,10,7,2,8,3.33333333333333,8.5
"Yorkshire and the Humber","Wave 32 - October 2022","Once or twice a month",2,4,4,5,4,3,3,"Yes",1,10,10,10,0,10,3.33333333333333,10
"South West","Wave 32 - October 2022","Once every 2-3 months",4,4,3,4,4,3,3,"Yes",2,8,8,8,1,9,3.66666666666667,8.25
"South East","Wave 32 - October 2022","Every day",4,4,4,5,4,3,4,"Yes",2,8,9,8,1,9,4,8.5
"South East","Wave 32 - October 2022","Once or twice a month",5,4,3,4,4,5,2,"No",4,5,5,5,5,5,4,5
"South West","Wave 32 - October 2022","More than twice a week, but not every day",5,4,5,4,3,4,2,"No",3,8,8,7,2,8,4.66666666666667,7.75
"West Midlands","Wave 32 - October 2022","Every day",3,4,4,4,4,3,3,"Yes",1,10,7,9,0,10,3.66666666666667,9
"South East","Wave 32 - October 2022","Once a week",4,5,4,5,5,4,4,"Yes",4,4,3,2,3,7,4.33333333333333,4
"East","Wave 32 - October 2022","Once a week",4,4,2,4,4,1,5,"Yes",4,9,9,7,5,5,3.33333333333333,7.5
"East Midlands","Wave 32 - October 2022","Once a week",4,4,3,3,4,3,3,"Yes",4,7,8,7,7,3,3.66666666666667,6.25
"East","Wave 32 - October 2022","Every day",5,5,5,5,5,3,3,"Yes",1,7,9,8,2,8,5,8
"West Midlands","Wave 32 - October 2022","More than twice a week, but not every day",4,4,4,5,5,4,4,"Yes",2,6,6,6,3,7,4,6.25
"East","Wave 32 - October 2022","Every day",5,5,5,5,4,3,5,"Yes",3,8,8,8,0,10,5,8.5
"West Midlands","Wave 32 - October 2022","Twice a week",5,4,5,5,5,5,3,"Yes",1,10,6,10,0,10,4.66666666666667,9
"East","Wave 32 - October 2022","More than twice a week, but not every day",2,2,2,5,5,3,4,"Yes",4,3,2,2,9,1,2,2
"North West","Wave 32 - October 2022","Once a week",3,3,3,3,3,4,4,"Yes",3,4,4,5,4,6,3,4.75
"North West","Wave 32 - October 2022","Twice a week",4,5,5,4,4,5,1,"No",1,8,10,10,0,10,4.66666666666667,9.5
"East","Wave 32 - October 2022","More than twice a week, but not every day",5,5,5,5,5,3,4,"Yes",2,8,8,7,3,7,5,7.5
"London","Wave 32 - October 2022","More than twice a week, but not every day",1,1,1,4,4,2,4,"Yes",3,6,4,7,0,10,1,6.75
"East","Wave 32 - October 2022","Once a week",1,1,1,4,4,3,3,"Yes",3,7,6,9,4,6,1,7
"East","Wave 32 - October 2022","Every day",5,4,4,5,5,5,4,"Yes",1,8,9,7,1,9,4.33333333333333,8.25
"North West","Wave 32 - October 2022","More than twice a week, but not every day",5,5,5,5,5,3,2,"Yes",2,8,7,8,2,8,5,7.75
"North West","Wave 32 - October 2022","Once a week",5,5,5,5,5,3,4,"Yes",1,9,9,10,1,9,5,9.25
"East Midlands","Wave 32 - October 2022","Once or twice a month",5,5,5,4,4,3,3,"Yes",3,9,9,9,0,10,5,9.25
"Yorkshire and the Humber","Wave 32 - October 2022","More than twice a week, but not every day",2,2,2,4,4,3,2,"Yes",3,8,8,8,2,8,2,8
"West Midlands","Wave 32 - October 2022","Once or twice a month",1,4,2,4,4,3,4,"No",3,9,8,8,8,2,2.33333333333333,6.75
"South East","Wave 32 - October 2022","More than twice a week, but not every day",4,3,2,4,4,3,4,"Yes",2,8,8,7,7,3,3,6.5
"London","Wave 32 - October 2022","More than twice a week, but not every day",4,5,3,4,4,3,3,"Yes",3,8,10,9,7,3,4,7.5
"North East","Wave 32 - October 2022","Once every 2-3 months",3,4,4,4,4,3,4,"Yes",5,2,1,2,9,1,3.66666666666667,1.5
"South East","Wave 32 - October 2022","Once a week",1,2,4,5,5,4,3,"Yes",1,8,9,8,0,10,2.33333333333333,8.75
"South West","Wave 32 - October 2022","Twice a week",4,5,4,5,5,4,3,"Yes",3,3,8,6,4,6,4.33333333333333,5.75
"East","Wave 32 - October 2022","Every day",1,1,1,5,5,4,4,"Yes",2,8,10,5,10,0,1,5.75
"East","Wave 32 - October 2022","More than twice a week, but not every day",5,5,5,4,4,2,2,"Yes",2,8,8,8,3,7,5,7.75
"South East","Wave 32 - October 2022","Every day",1,4,3,5,5,5,5,"Yes",2,0,10,0,0,10,2.66666666666667,5
"Yorkshire and the Humber","Wave 32 - October 2022","Once or twice a month",4,4,4,4,5,4,5,"Yes",4,6,7,3,9,1,4,4.25
"London","Wave 32 - October 2022","Once a week",4,4,4,5,5,5,4,"Yes",1,10,10,10,0,10,4,10
"South West","Wave 32 - October 2022","Twice a week",5,5,5,4,5,3,2,"Yes",1,8,8,7,1,9,5,8
"South East","Wave 32 - October 2022","More than twice a week, but not every day",1,1,1,4,4,2,2,"Yes",2,8,7,7,2,8,1,7.5
"London","Wave 32 - October 2022","Once or twice a month",4,4,3,2,1,1,1,"No",5,2,2,1,10,0,3.66666666666667,1.25
"North West","Wave 32 - October 2022","More than twice a week, but not every day",3,4,4,4,4,4,3,"Yes",4,8,8,8,7,3,3.66666666666667,6.75
"North East","Wave 32 - October 2022","Every day",5,5,4,4,4,2,3,"Yes",2,7,10,8,3,7,4.66666666666667,8
"East","Wave 32 - October 2022","More than twice a week, but not every day",4,5,4,4,4,5,5,"Yes",5,4,8,8,0,10,4.33333333333333,7.5
"North West","Wave 32 - October 2022","Once or twice a month",4,3,4,3,2,3,2,"Yes",4,6,5,6,3,7,3.66666666666667,6
"North East","Wave 32 - October 2022","Every day",4,4,5,5,5,4,4,"Yes",4,6,6,5,5,5,4.33333333333333,5.5
"London","Wave 32 - October 2022","Once or twice a month",5,5,5,5,5,3,5,"Yes",2,8,10,10,0,10,5,9.5
"South East","Wave 32 - October 2022","Twice a week",2,5,5,4,4,4,4,"Yes",3,8,9,9,3,7,4,8.25
"North West","Wave 32 - October 2022","Once a week",4,5,3,4,4,4,3,"Yes",2,6,7,7,6,4,4,6
"South East","Wave 32 - October 2022","Every day",5,4,4,5,5,4,4,"Yes",5,0,0,0,7,3,4.33333333333333,0.75
"Yorkshire and the Humber","Wave 32 - October 2022","Once a week",5,5,4,4,4,4,1,"No",1,9,9,10,0,10,4.66666666666667,9.5
"Yorkshire and the Humber","Wave 32 - October 2022","Once a week",2,4,4,5,5,2,1,"Yes",4,7,8,7,0,10,3.33333333333333,8
"South East","Wave 32 - October 2022","Once a week",2,1,1,3,4,3,2,"No",4,8,10,9,0,10,1.33333333333333,9.25
"Yorkshire and the Humber","Wave 32 - October 2022","Once every 2-3 months",1,2,2,4,4,2,2,"Yes",3,6,5,3,8,2,1.66666666666667,4
"North West","Wave 32 - October 2022","Once a week",4,4,4,5,5,3,5,"Yes",3,8,8,7,4,6,4,7.25
"North West","Wave 32 - October 2022","Once or twice a month",4,4,4,4,4,3,3,"Yes",3,8,7,8,0,10,4,8.25
"West Midlands","Wave 32 - October 2022","Once a week",5,5,5,4,4,4,5,"Yes",2,5,5,7,3,7,5,6
"London","Wave 32 - October 2022","Every day",5,5,5,5,5,5,2,"Yes",2,9,9,9,0,10,5,9.25
"East","Wave 32 - October 2022","More than twice a week, but not every day",2,4,5,4,4,4,5,"Yes",4,5,5,6,6,4,3.66666666666667,5
"East Midlands","Wave 32 - October 2022","Twice a week",3,2,1,4,4,4,1,"No",4,7,7,7,6,4,2,6.25
"London","Wave 32 - October 2022","Every day",5,5,5,5,5,3,4,"Yes",4,7,10,7,5,5,5,7.25
"East","Wave 32 - October 2022","Once a week",4,4,4,5,5,4,3,"Yes",2,8,8,7,0,10,4,8.25
"London","Wave 32 - October 2022","More than twice a week, but not every day",5,5,5,5,5,3,3,"Yes",4,7,8,10,2,8,5,8.25
"North West","Wave 33 - November 2022","More than twice a week, but not every day",1,1,5,4,4,3,3,"Yes",4,7,7,6,4,6,2.33333333333333,6.5
"East Midlands","Wave 33 - November 2022","More than twice a week, but not every day",1,1,4,5,5,3,5,"Yes",4,4,5,5,2,8,2,5.5
"Yorkshire and the Humber","Wave 33 - November 2022","More than twice a week, but not every day",2,4,4,4,2,3,2,"Yes",2,7,8,7,0,10,3.33333333333333,8
"North East","Wave 33 - November 2022","Every day",5,5,5,5,5,5,3,"Yes",4,8,8,8,4,6,5,7.5
"South West","Wave 33 - November 2022","More than twice a week, but not every day",5,4,4,4,4,3,1,"Yes",2,6,7,6,3,7,4.33333333333333,6.5
"North East","Wave 33 - November 2022","Every day",5,5,5,4,4,2,3,"Yes",1,10,10,10,0,10,5,10
"Yorkshire and the Humber","Wave 33 - November 2022","Every day",5,5,5,5,5,5,4,"No",3,8,8,8,8,2,5,6.5
"East Midlands","Wave 33 - November 2022","Twice a week",4,4,4,4,3,2,2,"No",2,8,8,8,2,8,4,8
"South East","Wave 33 - November 2022","Twice a week",5,4,4,4,5,4,4,"Yes",3,8,8,8,4,6,4.33333333333333,7.5
"Yorkshire and the Humber","Wave 33 - November 2022","Once or twice a month",5,5,5,4,5,3,4,"Yes",2,7,5,7,1,9,5,7
"South West","Wave 33 - November 2022","More than twice a week, but not every day",5,4,4,4,4,4,3,"Yes",4,7,7,6,7,3,4.33333333333333,5.75
"East Midlands","Wave 33 - November 2022","Every day",5,5,4,5,5,4,4,"Yes",5,7,8,10,6,4,4.66666666666667,7.25
"North West","Wave 33 - November 2022","More than twice a week, but not every day",5,5,5,5,5,4,4,"Yes",2,7,7,6,2,8,5,7
"East","Wave 33 - November 2022","Twice a week",3,2,3,4,4,4,5,"Yes",4,6,6,7,6,4,2.66666666666667,5.75
"East Midlands","Wave 33 - November 2022","More than twice a week, but not every day",2,4,4,5,5,3,5,"Yes",5,3,3,5,7,3,3.33333333333333,3.5
"East Midlands","Wave 33 - November 2022","Every day",5,2,1,4,3,3,3,"Yes",1,7,8,6,0,10,2.66666666666667,7.75
"West Midlands","Wave 33 - November 2022","More than twice a week, but not every day",2,5,4,3,4,2,3,"Yes",5,3,4,1,2,8,3.66666666666667,4
"North East","Wave 33 - November 2022","More than twice a week, but not every day",4,4,5,5,5,3,3,"Yes",3,3,5,7,0,10,4.33333333333333,6.25
"East","Wave 33 - November 2022","More than twice a week, but not every day",1,1,1,5,5,4,4,"Yes",3,8,9,7,7,3,1,6.75
"East Midlands","Wave 33 - November 2022","Twice a week",3,5,3,3,3,4,1,"Yes",4,8,6,8,2,8,3.66666666666667,7.5
"London","Wave 33 - November 2022","More than twice a week, but not every day",5,4,4,5,5,5,5,"Yes",3,6,7,4,1,9,4.33333333333333,6.5
"East Midlands","Wave 33 - November 2022","Once every 2-3 months",5,4,2,5,4,3,4,"Yes",2,8,10,9,0,10,3.66666666666667,9.25
"London","Wave 33 - November 2022","Every day",4,4,4,4,4,4,2,"Yes",4,6,7,7,5,5,4,6.25
"East Midlands","Wave 33 - November 2022","Every day",5,5,4,5,5,4,5,"Yes",3,8,8,8,0,10,4.66666666666667,8.5
"East Midlands","Wave 33 - November 2022","More than twice a week, but not every day",3,3,4,5,5,3,3,"Yes",2,8,8,8,3,7,3.33333333333333,7.75
"North West","Wave 33 - November 2022","Every day",1,1,1,4,4,4,2,"Yes",3,6,8,9,1,9,1,8
"North West","Wave 33 - November 2022","More than twice a week, but not every day",1,1,1,5,5,5,5,"Yes",1,10,10,10,0,10,1,10
"Yorkshire and the Humber","Wave 33 - November 2022","Every day",5,4,4,5,5,3,3,"Yes",1,7,8,4,0,10,4.33333333333333,7.25
"West Midlands","Wave 33 - November 2022","More than twice a week, but not every day",4,5,3,5,5,4,5,"Yes",5,4,4,2,10,0,4,2.5
"Yorkshire and the Humber","Wave 33 - November 2022","Twice a week",4,5,4,3,2,2,2,"No",2,7,7,8,2,8,4.33333333333333,7.5
"South West","Wave 33 - November 2022","Once or twice a month",5,3,3,4,5,3,3,"Yes",3,7,8,6,3,7,3.66666666666667,7
"London","Wave 33 - November 2022","Once a week",3,4,1,5,5,2,4,"Yes",3,5,8,7,0,10,2.66666666666667,7.5
"London","Wave 33 - November 2022","Every day",5,5,5,4,5,5,3,"Yes",4,7,10,7,9,1,5,6.25
"South East","Wave 33 - November 2022","Once or twice a month",4,5,5,5,5,5,3,"Yes",5,7,4,6,8,2,4.66666666666667,4.75
"South East","Wave 33 - November 2022","Once every 2-3 months",3,3,3,5,4,5,5,"No",3,4,6,5,8,2,3,4.25
"East Midlands","Wave 33 - November 2022","Once or twice a month",3,3,3,4,4,3,3,"Yes",4,4,3,4,3,7,3,4.5
"East Midlands","Wave 33 - November 2022","More than twice a week, but not every day",4,4,4,5,5,3,4,"Yes",4,7,3,2,5,5,4,4.25
"London","Wave 33 - November 2022","More than twice a week, but not every day",5,4,5,4,4,3,3,"Yes",4,8,9,8,8,2,4.66666666666667,6.75
"West Midlands","Wave 33 - November 2022","Twice a week",4,3,2,4,4,3,3,"Yes",4,6,6,7,4,6,3,6.25
"East Midlands","Wave 33 - November 2022","More than twice a week, but not every day",5,5,5,5,5,3,3,"Yes",2,8,9,9,1,9,5,8.75
"East Midlands","Wave 33 - November 2022","Twice a week",5,5,5,4,4,2,2,"Yes",5,7,6,1,7,3,5,4.25
"Yorkshire and the Humber","Wave 33 - November 2022","Once a week",4,2,2,4,4,2,3,"Yes",3,5,5,6,3,7,2.66666666666667,5.75
"London","Wave 33 - November 2022","Twice a week",4,4,4,5,4,2,3,"No",5,7,5,9,0,10,4,7.75
"South West","Wave 33 - November 2022","Once a week",4,4,4,4,5,3,3,"Yes",4,2,4,1,8,2,4,2.25
"East","Wave 33 - November 2022","Once or twice a month",5,5,4,4,4,2,3,"Yes",3,7,7,8,3,7,4.66666666666667,7.25
"South West","Wave 33 - November 2022","Every day",3,2,5,5,5,3,3,"No",2,7,8,10,2,8,3.33333333333333,8.25
"East","Wave 33 - November 2022","Every day",4,4,4,4,4,2,1,"No",1,8,8,8,2,8,4,8
"West Midlands","Wave 33 - November 2022","More than twice a week, but not every day",3,5,4,5,5,4,4,"Yes",3,7,7,7,3,7,4,7
"West Midlands","Wave 33 - November 2022","Once a week",4,4,3,4,4,4,4,"Yes",4,6,6,5,5,5,3.66666666666667,5.5
"West Midlands","Wave 33 - November 2022","Every day",5,5,5,5,5,4,4,"Yes",2,9,10,9,1,9,5,9.25
"South East","Wave 33 - November 2022","Once a week",2,1,1,5,4,4,4,"Yes",4,8,8,8,5,5,1.33333333333333,7.25
"East","Wave 33 - November 2022","Once a week",3,4,4,4,4,4,3,"Yes",2,8,9,8,1,9,3.66666666666667,8.5
"South West","Wave 33 - November 2022","More than twice a week, but not every day",4,4,4,4,4,2,1,"Yes",4,6,8,7,1,9,4,7.5
"Yorkshire and the Humber","Wave 33 - November 2022","Once a week",1,1,1,3,3,3,2,"Yes",4,7,7,7,8,2,1,5.75
"East","Wave 33 - November 2022","More than twice a week, but not every day",5,5,5,5,5,5,5,"No",2,8,9,9,6,4,5,7.5
"North East","Wave 33 - November 2022","Once a week",5,5,4,5,5,2,4,"Yes",4,7,8,7,8,2,4.66666666666667,6
"East Midlands","Wave 33 - November 2022","More than twice a week, but not every day",5,5,5,5,5,4,5,"No",3,8,8,8,5,5,5,7.25
"East Midlands","Wave 33 - November 2022","More than twice a week, but not every day",5,5,5,5,5,4,4,"Yes",3,8,8,8,4,6,5,7.5
"West Midlands","Wave 33 - November 2022","Once a week",2,3,3,5,3,3,3,"No",4,7,7,7,7,3,2.66666666666667,6
"London","Wave 33 - November 2022","Once or twice a month",4,3,4,4,4,2,4,"Yes",3,6,6,6,5,5,3.66666666666667,5.75
"South West","Wave 33 - November 2022","Once or twice a month",5,5,4,5,5,4,5,"Yes",2,7,10,9,9,1,4.66666666666667,6.75
"East Midlands","Wave 33 - November 2022","Every day",1,1,1,5,5,4,2,"Yes",2,10,10,10,10,0,1,7.5
"East","Wave 33 - November 2022","Twice a week",5,5,4,5,5,3,2,"Yes",3,7,6,8,0,10,4.66666666666667,7.75
"London","Wave 33 - November 2022","Every day",4,4,4,5,5,4,5,"No",2,8,8,9,0,10,4,8.75
"London","Wave 33 - November 2022","Twice a week",4,4,4,4,4,4,4,"Yes",4,5,10,6,9,1,4,5.5
"North West","Wave 33 - November 2022","Twice a week",4,4,4,4,5,4,3,"Yes",2,8,10,8,0,10,4,9
"South West","Wave 33 - November 2022","Twice a week",4,4,5,4,4,3,2,"Yes",2,8,8,8,2,8,4.33333333333333,8
"South West","Wave 33 - November 2022","Every day",1,1,5,5,5,5,5,"Yes",4,6,8,8,3,7,2.33333333333333,7.25
"North East","Wave 33 - November 2022","Every day",5,5,5,5,5,4,5,"Yes",2,8,10,9,0,10,5,9.25
"London","Wave 33 - November 2022","Once or twice a month",4,4,5,5,5,2,5,"Yes",4,7,6,8,4,6,4.33333333333333,6.75
"Yorkshire and the Humber","Wave 33 - November 2022","Once or twice a month",4,3,4,5,4,1,4,"Yes",4,5,5,0,7,3,3.66666666666667,3.25
"East","Wave 33 - November 2022","More than twice a week, but not every day",1,1,1,5,4,2,1,"Yes",4,6,8,4,9,1,1,4.75
"East Midlands","Wave 33 - November 2022","Twice a week",4,4,4,4,4,3,2,"No",2,8,8,8,3,7,4,7.75
"East","Wave 33 - November 2022","Less often",4,4,4,3,4,1,4,"Yes",1,7,8,8,0,10,4,8.25
"East Midlands","Wave 33 - November 2022","More than twice a week, but not every day",2,4,4,5,5,4,4,"Yes",3,6,6,5,5,5,3.33333333333333,5.5
"East","Wave 33 - November 2022","More than twice a week, but not every day",1,3,3,3,4,3,1,"No",1,7,8,6,5,5,2.33333333333333,6.5
"West Midlands","Wave 33 - November 2022","Once a week",4,5,4,4,4,3,2,"Yes",1,10,10,10,0,10,4.33333333333333,10
"South East","Wave 33 - November 2022","Once or twice a month",5,5,5,5,5,5,5,"Yes",1,7,10,8,3,7,5,8
"Yorkshire and the Humber","Wave 33 - November 2022","Once a week",5,5,4,5,4,3,3,"Yes",2,9,9,9,1,9,4.66666666666667,9
"West Midlands","Wave 33 - November 2022","More than twice a week, but not every day",5,5,5,4,4,2,3,"No",2,8,6,7,1,9,5,7.5
"East","Wave 33 - November 2022","Twice a week",5,5,5,5,5,5,5,"Yes",2,9,10,10,0,10,5,9.75
"South East","Wave 33 - November 2022","Twice a week",4,4,4,3,4,3,5,"Yes",3,5,5,5,5,5,4,5
"North East","Wave 33 - November 2022","Once a week",4,4,3,3,3,1,2,"No",4,4,2,0,10,0,3.66666666666667,1.5
"East","Wave 33 - November 2022","Every day",4,4,4,4,4,1,3,"Yes",3,8,9,8,3,7,4,8
"West Midlands","Wave 33 - November 2022","Once a week",3,3,3,3,3,4,4,"No",4,6,6,4,4,6,3,5.5
"East","Wave 33 - November 2022","More than twice a week, but not every day",2,5,5,5,4,4,3,"Yes",1,8,10,9,0,10,4,9.25
"East Midlands","Wave 33 - November 2022","Twice a week",5,2,3,5,5,3,4,"Yes",4,4,4,4,5,5,3.33333333333333,4.25
"North West","Wave 33 - November 2022","More than twice a week, but not every day",4,4,4,5,4,4,4,"Yes",1,7,10,8,0,10,4,8.75
"South East","Wave 33 - November 2022","Once or twice a month",3,1,1,5,4,4,3,"Yes",4,4,10,5,0,10,1.66666666666667,7.25
"South West","Wave 33 - November 2022","More than twice a week, but not every day",5,4,4,4,4,4,4,"No",2,8,8,9,0,10,4.33333333333333,8.75
"Yorkshire and the Humber","Wave 33 - November 2022","Twice a week",2,2,3,5,4,4,4,"Yes",4,8,8,7,3,7,2.33333333333333,7.5
"London","Wave 33 - November 2022","Once a week",4,5,5,4,4,2,2,"Yes",4,6,6,5,6,4,4.66666666666667,5.25
"Yorkshire and the Humber","Wave 33 - November 2022","Once or twice a month",2,4,4,4,4,4,3,"Yes",4,4,5,5,5,5,3.33333333333333,4.75
"London","Wave 33 - November 2022","Twice a week",5,4,4,4,4,3,3,"Yes",4,5,5,5,7,3,4.33333333333333,4.5
"South East","Wave 33 - November 2022","More than twice a week, but not every day",4,5,4,4,5,5,3,"Yes",3,7,10,6,0,10,4.33333333333333,8.25
"East Midlands","Wave 33 - November 2022","Once a week",2,4,4,4,4,4,3,"Yes",5,5,6,5,6,4,3.33333333333333,5
"London","Wave 33 - November 2022","Twice a week",1,1,1,5,5,5,4,"Yes",4,7,7,7,4,6,1,6.75
"North West","Wave 33 - November 2022","Twice a week",1,4,4,5,5,4,3,"Yes",5,5,5,7,0,10,3,6.75
"South East","Wave 33 - November 2022","Twice a week",4,4,4,4,3,4,3,"Yes",2,8,8,8,0,10,4,8.5
"East","Wave 33 - November 2022","Every day",1,5,5,4,4,4,3,"Yes",4,7,6,5,8,2,3.66666666666667,5
"South East","Wave 33 - November 2022","Twice a week",4,4,3,5,4,3,3,"Yes",2,8,7,8,3,7,3.66666666666667,7.5
"South East","Wave 33 - November 2022","Once a week",3,4,3,3,3,2,2,"No",1,0,0,0,0,10,3.33333333333333,2.5
"East","Wave 33 - November 2022","Once a week",4,5,4,4,4,4,3,"Yes",4,7,7,7,4,6,4.33333333333333,6.75
"East Midlands","Wave 34 - December 2022","Twice a week",4,4,4,5,4,2,4,"Yes",2,9,10,9,0,10,4,9.5
"North West","Wave 34 - December 2022","Twice a week",4,4,4,5,5,4,4,"Yes",3,7,6,6,6,4,4,5.75
"South West","Wave 34 - December 2022","More than twice a week, but not every day",5,5,5,4,4,4,4,"Yes",1,10,10,10,0,10,5,10
"South East","Wave 34 - December 2022","Once or twice a month",5,4,5,4,3,5,2,"Yes",2,7,7,7,0,10,4.66666666666667,7.75
"London","Wave 34 - December 2022","Twice a week",5,4,4,4,4,4,5,"Yes",2,9,9,10,0,10,4.33333333333333,9.5
"London","Wave 34 - December 2022","Once a week",2,1,4,4,4,4,3,"Yes",4,5,0,5,0,10,2.33333333333333,5
"Yorkshire and the Humber","Wave 34 - December 2022","Once a week",1,5,5,4,5,3,3,"No",4,8,8,7,7,3,3.66666666666667,6.5
"South West","Wave 34 - December 2022","Every day",4,4,4,5,4,3,3,"Yes",2,7,8,8,2,8,4,7.75
"London","Wave 34 - December 2022","Every day",5,5,4,5,4,3,2,"Yes",5,1,5,2,10,0,4.66666666666667,2
"West Midlands","Wave 34 - December 2022","Twice a week",4,4,5,4,4,2,3,"Yes",4,5,5,3,2,8,4.33333333333333,5.25
"South West","Wave 34 - December 2022","More than twice a week, but not every day",5,3,5,5,5,3,1,"Yes",2,8,9,9,1,9,4.33333333333333,8.75
"South East","Wave 34 - December 2022","Once a week",4,4,5,4,5,4,2,"Yes",2,5,6,7,3,7,4.33333333333333,6.25
"East","Wave 34 - December 2022","Every day",1,1,1,4,4,5,3,"Yes",1,10,10,10,0,10,1,10
"East","Wave 34 - December 2022","More than twice a week, but not every day",5,5,5,4,4,5,3,"Yes",2,8,7,9,0,10,5,8.5
"Yorkshire and the Humber","Wave 34 - December 2022","Every day",5,5,4,4,4,4,2,"Yes",2,9,10,9,0,10,4.66666666666667,9.5
"Yorkshire and the Humber","Wave 34 - December 2022","Once or twice a month",4,5,4,5,4,5,3,"Yes",2,6,10,7,0,10,4.33333333333333,8.25
"South East","Wave 34 - December 2022","More than twice a week, but not every day",2,5,4,5,5,4,4,"Yes",2,8,8,8,1,9,3.66666666666667,8.25
"London","Wave 34 - December 2022","More than twice a week, but not every day",1,2,4,4,3,1,2,"No",1,8,8,8,6,4,2.33333333333333,7
"London","Wave 34 - December 2022","Every day",4,4,3,4,4,4,3,"Yes",1,4,4,5,5,5,3.66666666666667,4.5
"Yorkshire and the Humber","Wave 34 - December 2022","Every day",1,5,5,3,4,5,4,"Yes",2,9,9,9,9,1,3.66666666666667,7
"North East","Wave 34 - December 2022","Every day",5,5,4,5,5,5,4,"Yes",2,8,10,9,1,9,4.66666666666667,9
"North West","Wave 34 - December 2022","Every day",3,4,4,5,5,3,3,"Yes",2,8,8,8,1,9,3.66666666666667,8.25
"North West","Wave 34 - December 2022","More than twice a week, but not every day",4,5,4,5,5,2,4,"Yes",2,8,7,8,1,9,4.33333333333333,8
"North East","Wave 34 - December 2022","Once or twice a month",4,4,3,3,4,5,3,"Yes",5,5,5,4,4,6,3.66666666666667,5
"London","Wave 34 - December 2022","Once a week",5,5,5,5,5,3,4,"Yes",2,9,9,9,0,10,5,9.25
"London","Wave 34 - December 2022","Once a week",4,4,4,4,4,5,4,"Yes",1,8,8,8,8,2,4,6.5
"South East","Wave 34 - December 2022","Twice a week",3,4,4,5,4,4,4,"Yes",3,8,9,8,3,7,3.66666666666667,8
"London","Wave 34 - December 2022","Once a week",1,2,3,3,4,4,4,"Yes",2,7,7,7,7,3,2,6
"South East","Wave 34 - December 2022","Once a week",4,4,4,4,4,3,3,"Yes",3,7,8,8,3,7,4,7.5
"South West","Wave 34 - December 2022","Once or twice a month",5,5,5,5,5,2,4,"Yes",4,5,7,5,4,6,5,5.75
"North East","Wave 34 - December 2022","Once every 2-3 months",4,4,5,4,4,3,3,"Yes",3,7,7,8,6,4,4.33333333333333,6.5
"South East","Wave 34 - December 2022","Once or twice a month",2,4,3,4,5,3,3,"Yes",4,5,5,7,3,7,3,6
"South East","Wave 34 - December 2022","Every day",5,5,5,5,5,3,4,"Yes",1,7,7,7,3,7,5,7
"East","Wave 34 - December 2022","Every day",3,4,4,5,5,3,4,"Yes",2,7,6,8,3,7,3.66666666666667,7
"North West","Wave 34 - December 2022","More than twice a week, but not every day",1,4,4,5,5,3,5,"Yes",4,7,5,8,6,4,3,6
"South East","Wave 34 - December 2022","More than twice a week, but not every day",4,4,4,4,4,3,4,"Yes",3,7,8,6,6,4,4,6.25
"South East","Wave 34 - December 2022","More than twice a week, but not every day",5,4,4,4,4,3,4,"Yes",4,7,7,7,2,8,4.33333333333333,7.25
"South East","Wave 34 - December 2022","More than twice a week, but not every day",3,3,3,5,5,4,5,"Yes",5,4,4,3,8,2,3,3.25
"South East","Wave 34 - December 2022","More than twice a week, but not every day",5,4,5,4,4,3,1,"No",4,3,2,4,8,2,4.66666666666667,2.75
"South West","Wave 34 - December 2022","More than twice a week, but not every day",5,5,4,4,5,4,3,"Yes",4,5,8,7,2,8,4.66666666666667,7
"South East","Wave 34 - December 2022","More than twice a week, but not every day",5,5,5,4,4,5,5,"Yes",4,4,4,5,7,3,5,4
"South East","Wave 34 - December 2022","Once or twice a month",1,1,1,4,4,3,2,"Yes",2,8,8,8,0,10,1,8.5
"Yorkshire and the Humber","Wave 34 - December 2022","Twice a week",3,4,4,4,4,3,2,"Yes",2,8,8,7,2,8,3.66666666666667,7.75
"North West","Wave 34 - December 2022","Once every 2-3 months",5,4,5,4,4,3,3,"Yes",4,5,4,6,6,4,4.66666666666667,4.75
"East","Wave 34 - December 2022","Once a week",4,2,2,4,4,2,3,"Yes",2,7,7,7,4,6,2.66666666666667,6.75
"West Midlands","Wave 34 - December 2022","Every day",4,4,4,4,5,3,4,"Yes",4,6,6,7,5,5,4,6
"South East","Wave 34 - December 2022","Once a week",5,4,5,4,4,4,4,"Yes",1,8,9,9,0,10,4.66666666666667,9
"South East","Wave 34 - December 2022","Once or twice a month",5,4,5,4,4,3,4,"No",5,7,6,8,0,10,4.66666666666667,7.75
"East","Wave 34 - December 2022","More than twice a week, but not every day",4,5,5,5,5,4,4,"Yes",1,8,9,8,0,10,4.66666666666667,8.75
"East Midlands","Wave 34 - December 2022","More than twice a week, but not every day",5,5,5,5,4,4,4,"Yes",2,10,10,10,0,10,5,10
"South East","Wave 34 - December 2022","Once or twice a month",2,3,1,5,4,3,3,"Yes",3,6,6,7,7,3,2,5.5
"East","Wave 34 - December 2022","Once a week",1,3,2,5,5,3,1,"No",1,8,10,10,0,10,2,9.5
"West Midlands","Wave 34 - December 2022","More than twice a week, but not every day",4,4,4,4,4,3,3,"Yes",2,5,5,3,7,3,4,4
"North East","Wave 34 - December 2022","Once or twice a month",4,4,4,4,4,3,1,"Yes",2,7,6,5,3,7,4,6.25
"North East","Wave 34 - December 2022","More than twice a week, but not every day",5,5,4,5,4,4,2,"No",1,7,9,9,0,10,4.66666666666667,8.75
"Yorkshire and the Humber","Wave 34 - December 2022","More than twice a week, but not every day",2,4,3,4,4,4,5,"Yes",5,2,1,1,1,9,3,3.25
"North West","Wave 34 - December 2022","More than twice a week, but not every day",5,5,5,5,4,4,3,"Yes",5,0,5,0,10,0,5,1.25
"West Midlands","Wave 34 - December 2022","Once or twice a month",4,4,4,4,4,3,2,"No",5,4,2,2,10,0,4,2
"South East","Wave 34 - December 2022","Once a week",3,2,4,5,3,3,2,"Yes",2,7,7,9,8,2,3,6.25
"West Midlands","Wave 34 - December 2022","Once or twice a month",4,5,4,4,3,3,3,"Yes",4,5,5,6,0,10,4.33333333333333,6.5
"South East","Wave 34 - December 2022","Twice a week",3,4,4,5,4,3,3,"No",4,3,7,2,5,5,3.66666666666667,4.25
"East Midlands","Wave 34 - December 2022","Every day",1,1,1,5,5,4,1,"Yes",4,9,10,10,0,10,1,9.75
"London","Wave 34 - December 2022","Once or twice a month",1,3,5,4,4,1,2,"Yes",3,8,10,8,0,10,3,9
"East Midlands","Wave 34 - December 2022","More than twice a week, but not every day",2,3,4,5,5,2,3,"No",2,8,8,7,4,6,3,7.25
"South East","Wave 34 - December 2022","More than twice a week, but not every day",5,2,2,4,4,2,4,"No",3,6,6,5,6,4,3,5.25
"East Midlands","Wave 34 - December 2022","Every day",5,5,5,5,5,5,5,"Yes",3,6,8,7,3,7,5,7
"East","Wave 34 - December 2022","Once or twice a month",5,5,4,4,4,2,1,"Yes",1,9,8,8,1,9,4.66666666666667,8.5
"South West","Wave 34 - December 2022","Every day",1,2,2,5,5,3,5,"Yes",4,7,7,8,6,4,1.66666666666667,6.5
"South East","Wave 34 - December 2022","Once a week",2,4,4,4,3,3,2,"Yes",3,7,7,6,6,4,3.33333333333333,6
"North East","Wave 34 - December 2022","Twice a week",5,4,4,5,5,4,3,"Yes",1,8,7,8,3,7,4.33333333333333,7.5
"Yorkshire and the Humber","Wave 34 - December 2022","Twice a week",4,4,4,4,4,4,4,"Yes",2,8,8,9,1,9,4,8.5
"South East","Wave 34 - December 2022","More than twice a week, but not every day",5,4,4,4,4,3,3,"Yes",2,9,9,7,7,3,4.33333333333333,7
"South East","Wave 34 - December 2022","More than twice a week, but not every day",4,4,4,5,4,3,4,"Yes",1,7,7,10,2,8,4,8
"North West","Wave 34 - December 2022","Every day",5,3,5,5,4,4,5,"Yes",4,4,4,2,0,10,4.33333333333333,5
"South East","Wave 34 - December 2022","More than twice a week, but not every day",4,5,3,4,3,2,3,"Yes",4,7,5,4,6,4,4,5
"East Midlands","Wave 34 - December 2022","More than twice a week, but not every day",5,5,4,4,4,3,3,"No",3,9,9,9,0,10,4.66666666666667,9.25
"South East","Wave 34 - December 2022","Once a week",4,4,4,4,3,1,1,"No",1,5,4,4,0,10,4,5.75
"East","Wave 34 - December 2022","Every day",4,3,4,4,4,3,2,"Yes",4,5,5,5,3,7,3.66666666666667,5.5
"West Midlands","Wave 34 - December 2022","Twice a week",4,3,2,5,5,5,5,"Yes",2,8,8,7,3,7,3,7.5
"East","Wave 34 - December 2022","Every day",4,4,4,5,5,2,4,"Yes",4,6,6,6,6,4,4,5.5
"North East","Wave 34 - December 2022","More than twice a week, but not every day",4,4,4,5,5,3,3,"Yes",1,9,10,6,6,4,4,7.25
"South East","Wave 34 - December 2022","More than twice a week, but not every day",1,2,2,4,4,1,1,"Yes",3,7,7,5,8,2,1.66666666666667,5.25
"South East","Wave 34 - December 2022","Twice a week",4,4,4,4,4,3,3,"Yes",1,9,9,9,0,10,4,9.25
"London","Wave 34 - December 2022","Once every 2-3 months",4,4,4,5,5,3,3,"Yes",5,6,5,5,8,2,4,4.5
"London","Wave 34 - December 2022","More than twice a week, but not every day",5,5,5,5,5,4,4,"Yes",4,7,6,9,4,6,5,7
"North West","Wave 35 - January 2023","Every day",5,5,5,5,5,1,5,"Don’t know",4,2,2,3,9,1,5,2
"South East","Wave 35 - January 2023","Twice a week",3,3,3,4,4,2,3,"Yes",2,7,5,6,5,5,3,5.75
"South East","Wave 35 - January 2023","More than twice a week, but not every day",5,4,4,5,5,3,3,"Yes",3,6,4,7,5,5,4.33333333333333,5.5
"London","Wave 35 - January 2023","Every day",5,5,5,4,4,4,4,"Yes",3,8,8,8,8,2,5,6.5
"North West","Wave 35 - January 2023","Once or twice a month",5,4,5,5,5,3,4,"Yes",4,4,4,4,7,3,4.66666666666667,3.75
"North East","Wave 35 - January 2023","Once a week",5,5,5,5,5,3,5,"Yes",3,8,8,9,0,10,5,8.75
"North West","Wave 35 - January 2023","More than twice a week, but not every day",2,5,4,5,5,4,5,"Yes",3,7,5,8,5,5,3.66666666666667,6.25
"East Midlands","Wave 35 - January 2023","More than twice a week, but not every day",2,5,5,5,5,4,4,"Yes",2,9,9,10,0,10,4,9.5
"South West","Wave 35 - January 2023","More than twice a week, but not every day",4,4,4,3,2,2,2,"No",2,6,5,7,2,8,4,6.5
"North West","Wave 35 - January 2023","Once a week",5,5,5,5,4,2,3,"Yes",2,6,5,5,5,5,5,5.25
"South East","Wave 35 - January 2023","Every day",5,5,5,5,5,3,4,"Yes",3,7,6,9,1,9,5,7.75
"London","Wave 35 - January 2023","More than twice a week, but not every day",5,5,5,5,5,3,5,"Yes",3,7,6,7,2,8,5,7
"South East","Wave 35 - January 2023","More than twice a week, but not every day",5,5,5,5,5,5,3,"Yes",2,8,8,8,1,9,5,8.25
"North East","Wave 35 - January 2023","More than twice a week, but not every day",5,5,5,4,4,4,3,"Yes",2,9,9,8,0,10,5,9
"Yorkshire and the Humber","Wave 35 - January 2023","More than twice a week, but not every day",4,4,3,3,4,4,1,"No",1,0,0,0,0,10,3.66666666666667,2.5
"South East","Wave 35 - January 2023","Every day",5,5,5,4,5,3,3,"Yes",2,9,9,10,0,10,5,9.5
"East","Wave 35 - January 2023","More than twice a week, but not every day",2,4,4,5,5,3,2,"Yes",4,7,8,8,3,7,3.33333333333333,7.5
"South East","Wave 35 - January 2023","More than twice a week, but not every day",4,4,4,4,4,3,4,"Yes",2,8,9,8,8,2,4,6.75
"Yorkshire and the Humber","Wave 35 - January 2023","More than twice a week, but not every day",2,4,3,5,5,5,5,"Yes",1,10,10,10,0,10,3,10
"South East","Wave 35 - January 2023","Every day",5,5,5,5,5,3,4,"Yes",4,5,7,7,8,2,5,5.25
"East","Wave 35 - January 2023","More than twice a week, but not every day",4,3,4,4,4,3,3,"Yes",1,8,8,9,1,9,3.66666666666667,8.5
"Yorkshire and the Humber","Wave 35 - January 2023","Once a week",5,5,4,4,5,3,3,"Yes",2,8,8,8,2,8,4.66666666666667,8
"North West","Wave 35 - January 2023","More than twice a week, but not every day",2,3,3,4,4,2,5,"Yes",4,9,8,8,9,1,2.66666666666667,6.5
"West Midlands","Wave 35 - January 2023","More than twice a week, but not every day",5,5,5,5,5,3,4,"Yes",3,8,7,10,0,10,5,8.75
"East Midlands","Wave 35 - January 2023","Once or twice a month",3,3,3,3,3,2,2,"No",3,7,6,7,5,5,3,6.25
"London","Wave 35 - January 2023","More than twice a week, but not every day",3,3,3,3,3,2,1,"No",3,7,7,7,1,9,3,7.5
"South East","Wave 35 - January 2023","Every day",2,4,4,5,5,4,4,"Yes",2,8,9,7,6,4,3.33333333333333,7
"London","Wave 35 - January 2023","Every day",5,4,4,5,5,3,3,"Yes",3,7,7,5,6,4,4.33333333333333,5.75
"North East","Wave 35 - January 2023","Every day",5,4,4,4,5,2,3,"Yes",5,4,5,5,8,2,4.33333333333333,4
"Yorkshire and the Humber","Wave 35 - January 2023","More than twice a week, but not every day",3,4,5,4,4,3,3,"Yes",3,10,5,10,1,9,4,8.5
"London","Wave 35 - January 2023","More than twice a week, but not every day",1,2,2,5,5,3,5,"Yes",3,10,10,10,10,0,1.66666666666667,7.5
"East","Wave 35 - January 2023","Once a week",5,4,4,5,4,3,1,"Yes",2,6,7,8,9,1,4.33333333333333,5.5
"London","Wave 35 - January 2023","Twice a week",3,2,4,5,4,4,3,"Yes",5,10,5,3,1,9,3,6.75
"North West","Wave 35 - January 2023","Twice a week",4,3,1,5,4,3,5,"No",5,7,8,6,4,6,2.66666666666667,6.75
"West Midlands","Wave 35 - January 2023","Once a week",4,4,4,4,4,3,4,"Yes",4,6,5,5,4,6,4,5.5
"North West","Wave 35 - January 2023","More than twice a week, but not every day",5,4,4,4,4,3,3,"Yes",2,7,7,8,2,8,4.33333333333333,7.5
"East Midlands","Wave 35 - January 2023","Less often",2,3,4,4,4,2,4,"No",5,4,2,4,3,7,3,4.25
"London","Wave 35 - January 2023","More than twice a week, but not every day",2,4,4,5,5,3,4,"Yes",3,7,7,4,4,6,3.33333333333333,6
"East","Wave 35 - January 2023","Every day",5,4,4,5,5,5,2,"Yes",4,5,10,8,0,10,4.33333333333333,8.25
"Yorkshire and the Humber","Wave 35 - January 2023","More than twice a week, but not every day",5,5,5,5,5,4,4,"Yes",2,8,8,8,0,10,5,8.5
"North West","Wave 35 - January 2023","More than twice a week, but not every day",2,3,2,4,4,3,4,"Yes",4,5,6,6,7,3,2.33333333333333,5
"East Midlands","Wave 35 - January 2023","Every day",5,4,4,2,2,3,1,"No",1,9,7,9,2,8,4.33333333333333,8.25
"East Midlands","Wave 35 - January 2023","More than twice a week, but not every day",1,4,4,5,5,5,5,"Yes",4,6,7,5,5,5,3,5.75
"London","Wave 35 - January 2023","Every day",1,3,3,4,4,5,5,"Yes",3,9,9,7,2,8,2.33333333333333,8.25
"Yorkshire and the Humber","Wave 35 - January 2023","Once a week",5,4,4,4,5,3,2,"No",2,7,9,7,4,6,4.33333333333333,7.25
"London","Wave 35 - January 2023","More than twice a week, but not every day",4,4,4,3,4,2,4,"Yes",4,6,8,6,6,4,4,6
"South West","Wave 35 - January 2023","Every day",4,5,4,5,5,4,4,"Yes",4,6,8,5,1,9,4.33333333333333,7
"East Midlands","Wave 35 - January 2023","Once or twice a month",5,4,4,5,4,4,4,"Yes",3,7,7,7,0,10,4.33333333333333,7.75
"Yorkshire and the Humber","Wave 35 - January 2023","More than twice a week, but not every day",5,5,5,5,5,4,3,"Yes",3,7,8,8,2,8,5,7.75
"North West","Wave 35 - January 2023","Every day",5,5,5,5,5,4,4,"Yes",4,6,5,6,4,6,5,5.75
"East Midlands","Wave 35 - January 2023","More than twice a week, but not every day",4,4,4,4,5,2,5,"No",5,1,1,5,6,4,4,2.75
"East Midlands","Wave 35 - January 2023","Once a week",1,1,1,5,5,3,5,"Yes",3,8,9,8,0,10,1,8.75
"East","Wave 35 - January 2023","More than twice a week, but not every day",4,3,3,4,5,4,3,"Yes",1,8,10,9,0,10,3.33333333333333,9.25
"London","Wave 35 - January 2023","More than twice a week, but not every day",1,4,4,5,4,3,4,"Yes",4,8,8,8,1,9,3,8.25
"East","Wave 35 - January 2023","Twice a week",3,4,3,4,4,4,3,"Yes",1,7,9,8,2,8,3.33333333333333,8
"Yorkshire and the Humber","Wave 35 - January 2023","More than twice a week, but not every day",2,4,4,5,5,4,3,"Yes",3,7,8,8,3,7,3.33333333333333,7.5
"East","Wave 35 - January 2023","Once a week",4,4,4,4,4,4,4,"Yes",2,8,8,8,7,3,4,6.75
"London","Wave 35 - January 2023","Once a week",5,5,5,3,4,1,3,"Yes",2,1,2,5,0,10,5,4.5
"South West","Wave 35 - January 2023","More than twice a week, but not every day",1,1,1,5,5,3,3,"Yes",3,5,5,6,4,6,1,5.5
"East","Wave 35 - January 2023","Every day",1,1,1,5,4,2,1,"No",3,8,8,6,9,1,1,5.75
"London","Wave 35 - January 2023","Less often",4,4,4,4,4,3,3,"Yes",4,5,5,5,5,5,4,5
"East","Wave 35 - January 2023","Every day",5,5,4,4,4,4,2,"Yes",3,8,8,8,1,9,4.66666666666667,8.25
"London","Wave 35 - January 2023","Every day",5,4,4,4,5,3,3,"Yes",4,6,7,5,5,5,4.33333333333333,5.75
"London","Wave 35 - January 2023","Twice a week",3,4,4,4,4,3,4,"Yes",2,8,8,9,2,8,3.66666666666667,8.25
"North West","Wave 35 - January 2023","Twice a week",3,4,3,3,3,2,3,"Yes",2,4,5,4,7,3,3.33333333333333,4
"London","Wave 35 - January 2023","Every day",4,4,3,4,4,1,2,"Yes",5,0,0,0,10,0,3.66666666666667,0
"South West","Wave 35 - January 2023","Once a week",5,4,4,4,4,4,4,"Yes",2,8,9,8,2,8,4.33333333333333,8.25
"East Midlands","Wave 35 - January 2023","More than twice a week, but not every day",5,5,5,5,5,4,3,"Yes",2,8,6,8,0,10,5,8
"South West","Wave 35 - January 2023","Once a week",5,4,4,5,5,3,5,"Yes",1,9,9,10,0,10,4.33333333333333,9.5
"South West","Wave 35 - January 2023","Once or twice a month",5,5,5,5,4,3,3,"Yes",5,5,6,6,8,2,5,4.75
"East Midlands","Wave 35 - January 2023","Every day",1,5,5,4,4,5,3,"Yes",5,7,8,6,6,4,3.66666666666667,6.25
"North West","Wave 35 - January 2023","Twice a week",5,5,5,5,5,4,3,"Yes",3,7,7,7,2,8,5,7.25
"North West","Wave 35 - January 2023","Once every 2-3 months",4,3,2,4,5,3,5,"Yes",3,7,6,8,2,8,3,7.25
"London","Wave 36 - February 2023","More than twice a week, but not every day",4,5,4,4,4,3,4,"Yes",4,4,5,5,5,5,4.33333333333333,4.75
"West Midlands","Wave 36 - February 2023","Every day",1,1,4,5,4,3,2,"Yes",4,8,10,6,6,4,2,7
"London","Wave 36 - February 2023","Twice a week",5,3,4,5,5,4,3,"Yes",5,9,8,10,9,1,4,7
"North West","Wave 36 - February 2023","Once a week",2,4,4,5,4,5,4,"Yes",4,8,8,9,1,9,3.33333333333333,8.5
"North West","Wave 36 - February 2023","Once a week",2,3,2,2,2,3,5,"No",5,0,0,2,6,4,2.33333333333333,1.5
"South West","Wave 36 - February 2023","Once a week",5,5,5,4,4,4,5,"Yes",2,9,9,9,1,9,5,9
"West Midlands","Wave 36 - February 2023","More than twice a week, but not every day",4,3,3,4,4,2,2,"Yes",5,5,5,6,7,3,3.33333333333333,4.75
"East Midlands","Wave 36 - February 2023","Every day",5,5,4,4,5,3,3,"Yes",3,6,6,5,6,4,4.66666666666667,5.25
"East Midlands","Wave 36 - February 2023","Twice a week",2,5,4,2,5,3,2,"Yes",4,3,2,5,8,2,3.66666666666667,3
"East Midlands","Wave 36 - February 2023","Once a week",5,5,5,4,4,4,3,"Yes",5,4,5,5,0,10,5,6
"West Midlands","Wave 36 - February 2023","More than twice a week, but not every day",1,5,5,4,4,2,5,"Yes",4,2,3,2,8,2,3.66666666666667,2.25
"West Midlands","Wave 36 - February 2023","Once or twice a month",1,1,1,5,5,4,1,"Yes",2,7,8,7,0,10,1,8
"London","Wave 36 - February 2023","More than twice a week, but not every day",5,5,4,5,5,3,5,"Yes",1,8,10,9,0,10,4.66666666666667,9.25
"East Midlands","Wave 36 - February 2023","Every day",4,3,3,5,5,5,5,"Yes",5,3,4,3,8,2,3.33333333333333,3
"South East","Wave 36 - February 2023","Twice a week",5,5,5,5,5,3,1,"No",1,9,9,9,0,10,5,9.25
"North East","Wave 36 - February 2023","Once a week",4,4,4,5,5,4,4,"Yes",4,5,6,6,10,0,4,4.25
"East Midlands","Wave 36 - February 2023","More than twice a week, but not every day",5,4,3,5,5,3,5,"No",2,10,6,8,4,6,4,7.5
"South West","Wave 36 - February 2023","More than twice a week, but not every day",1,1,1,4,4,3,5,"Yes",1,9,8,9,0,10,1,9
"East","Wave 36 - February 2023","Once every 2-3 months",5,3,4,4,5,3,3,"Yes",2,10,10,10,0,10,4,10
"South East","Wave 36 - February 2023","More than twice a week, but not every day",5,3,4,4,4,2,1,"No",2,10,10,10,0,10,4,10
"Yorkshire and the Humber","Wave 36 - February 2023","Twice a week",4,4,4,5,5,5,5,"Yes",1,9,9,9,0,10,4,9.25
"Yorkshire and the Humber","Wave 36 - February 2023","More than twice a week, but not every day",4,4,5,4,4,3,3,"Yes",2,8,8,9,2,8,4.33333333333333,8.25
"North West","Wave 36 - February 2023","Once or twice a month",2,2,2,4,4,5,4,"No",1,6,6,6,6,4,2,5.5
"South East","Wave 36 - February 2023","Twice a week",4,4,4,5,5,4,5,"Yes",2,8,8,8,1,9,4,8.25
"North West","Wave 36 - February 2023","More than twice a week, but not every day",5,5,5,4,4,3,3,"Yes",2,8,8,9,0,10,5,8.75
"North East","Wave 36 - February 2023","Every day",4,4,4,5,5,3,3,"Yes",4,7,7,6,8,2,4,5.5
"Yorkshire and the Humber","Wave 36 - February 2023","Every day",3,5,5,5,5,2,4,"Yes",3,7,7,8,0,10,4.33333333333333,8
"West Midlands","Wave 36 - February 2023","Every day",1,3,3,3,3,4,3,"Yes",4,7,6,5,5,5,2.33333333333333,5.75
"North West","Wave 36 - February 2023","Twice a week",5,5,5,5,4,3,3,"Yes",1,10,10,10,0,10,5,10
"South West","Wave 36 - February 2023","More than twice a week, but not every day",4,5,5,5,5,3,4,"Yes",2,8,8,8,4,6,4.66666666666667,7.5
"East Midlands","Wave 36 - February 2023","Once a week",1,1,1,5,5,4,3,"Yes",1,9,10,10,0,10,1,9.75
"South West","Wave 36 - February 2023","Once a week",5,4,4,4,4,3,3,"Yes",3,7,8,7,3,7,4.33333333333333,7.25
"South West","Wave 36 - February 2023","Every day",5,5,5,4,4,4,2,"Yes",2,7,7,8,0,10,5,8
"South West","Wave 36 - February 2023","More than twice a week, but not every day",4,4,4,5,4,4,4,"Yes",4,5,5,5,5,5,4,5
"South West","Wave 36 - February 2023","More than twice a week, but not every day",4,4,4,4,3,3,2,"Yes",2,7,7,7,0,10,4,7.75
"Yorkshire and the Humber","Wave 36 - February 2023","More than twice a week, but not every day",1,1,1,4,4,4,4,"Yes",3,7,8,8,2,8,1,7.75
"North West","Wave 36 - February 2023","Twice a week",1,2,2,4,5,4,3,"Yes",1,7,9,7,9,1,1.66666666666667,6
"South East","Wave 36 - February 2023","Every day",5,5,5,4,4,2,3,"Yes",3,8,7,7,5,5,5,6.75
"London","Wave 36 - February 2023","Every day",5,5,5,5,5,3,4,"Yes",4,7,8,7,1,9,5,7.75
"North West","Wave 36 - February 2023","Once a week",5,3,4,4,4,3,5,"Yes",2,7,8,6,7,3,4,6
"North West","Wave 36 - February 2023","Once or twice a month",4,5,5,5,5,3,3,"Yes",2,8,8,8,1,9,4.66666666666667,8.25
"London","Wave 36 - February 2023","Once or twice a month",4,4,4,5,5,4,3,"Yes",2,8,8,9,5,5,4,7.5
"South East","Wave 36 - February 2023","Once every 2-3 months",2,4,3,5,5,4,5,"Yes",2,6,8,6,7,3,3,5.75
"South East","Wave 36 - February 2023","Every day",1,4,4,4,4,3,2,"Yes",5,5,5,2,5,5,3,4.25
"North East","Wave 36 - February 2023","Once a week",5,5,5,4,2,5,4,"Yes",3,7,8,9,0,10,5,8.5
"South East","Wave 36 - February 2023","Every day",3,5,4,5,5,4,5,"Yes",1,7,7,8,6,4,4,6.5
"North West","Wave 36 - February 2023","Twice a week",5,5,5,5,5,3,4,"Yes",2,10,10,10,0,10,5,10
"London","Wave 36 - February 2023","More than twice a week, but not every day",5,4,3,5,5,3,5,"Yes",4,6,7,4,7,3,4,5
"London","Wave 36 - February 2023","More than twice a week, but not every day",5,5,4,5,5,4,4,"Yes",5,8,7,7,7,3,4.66666666666667,6.25
"South West","Wave 36 - February 2023","Twice a week",2,4,5,4,4,3,3,"No",1,6,8,7,1,9,3.66666666666667,7.5
"North West","Wave 36 - February 2023","Every day",4,4,4,5,5,4,4,"Yes",5,0,0,0,0,10,4,2.5
"Yorkshire and the Humber","Wave 36 - February 2023","Twice a week",4,5,5,5,4,2,5,"No",5,4,4,3,5,5,4.66666666666667,4
"North West","Wave 36 - February 2023","Every day",5,4,4,4,4,3,4,"Yes",4,10,1,1,1,9,4.33333333333333,5.25
"West Midlands","Wave 36 - February 2023","Once or twice a month",5,5,5,5,4,4,4,"Yes",3,8,8,8,8,2,5,6.5
"London","Wave 36 - February 2023","More than twice a week, but not every day",5,5,4,3,4,1,2,"Yes",1,8,9,7,0,10,4.66666666666667,8.5
"London","Wave 36 - February 2023","Less often",5,5,3,5,5,2,3,"Yes",4,7,10,8,1,9,4.33333333333333,8.5
"West Midlands","Wave 36 - February 2023","More than twice a week, but not every day",4,4,4,3,4,3,3,"Yes",4,5,4,5,6,4,4,4.5
"South East","Wave 36 - February 2023","Once a week",4,3,3,4,4,4,5,"Yes",4,5,2,5,6,4,3.33333333333333,4
"South West","Wave 36 - February 2023","Twice a week",5,5,4,5,5,4,4,"Yes",3,5,5,6,7,3,4.66666666666667,4.75
"South West","Wave 36 - February 2023","More than twice a week, but not every day",5,5,5,4,4,5,1,"No",1,8,9,9,1,9,5,8.75
"South East","Wave 36 - February 2023","Twice a week",4,5,5,5,5,3,4,"Yes",4,7,7,5,0,10,4.66666666666667,7.25
"East Midlands","Wave 36 - February 2023","Every day",5,4,4,5,5,4,4,"Yes",3,5,5,5,8,2,4.33333333333333,4.25
"Yorkshire and the Humber","Wave 36 - February 2023","More than twice a week, but not every day",4,4,4,4,4,3,3,"Yes",4,7,7,8,6,4,4,6.5
"South East","Wave 36 - February 2023","More than twice a week, but not every day",5,5,4,5,4,4,4,"Yes",2,8,7,8,6,4,4.66666666666667,6.75
"North West","Wave 36 - February 2023","Every day",4,5,5,4,4,4,5,"Yes",1,7,9,9,8,2,4.66666666666667,6.75
"North East","Wave 36 - February 2023","More than twice a week, but not every day",4,4,4,5,4,5,5,"Yes",2,9,9,9,0,10,4,9.25
"East","Wave 36 - February 2023","Twice a week",2,4,4,3,3,1,1,"No",2,6,5,5,3,7,3.33333333333333,5.75
"London","Wave 36 - February 2023","Once a week",5,5,5,5,5,4,3,"Yes",1,8,7,7,4,6,5,7
"East","Wave 36 - February 2023","Once a week",4,5,5,5,5,2,2,"Yes",4,6,3,7,5,5,4.66666666666667,5.25
"Yorkshire and the Humber","Wave 36 - February 2023","Every day",1,5,5,5,4,4,3,"Yes",3,7,7,7,7,3,3.66666666666667,6
"East","Wave 36 - February 2023","More than twice a week, but not every day",4,4,4,5,5,5,5,"Yes",1,8,9,8,7,3,4,7
"North East","Wave 36 - February 2023","More than twice a week, but not every day",2,3,4,4,4,3,3,"Yes",5,6,6,6,7,3,3,5.25
"London","Wave 36 - February 2023","Every day",5,4,5,5,4,3,4,"Yes",3,9,9,9,9,1,4.66666666666667,7
"South East","Wave 36 - February 2023","More than twice a week, but not every day",5,4,4,5,4,5,4,"Yes",4,7,7,8,7,3,4.33333333333333,6.25
"West Midlands","Wave 36 - February 2023","Twice a week",5,4,5,4,4,4,5,"Yes",1,9,10,10,0,10,4.66666666666667,9.75
"Yorkshire and the Humber","Wave 36 - February 2023","Every day",4,4,4,5,4,5,5,"Yes",1,10,10,10,10,0,4,7.5
"East Midlands","Wave 36 - February 2023","Every day",1,1,1,5,5,4,4,"Yes",2,7,8,8,2,8,1,7.75
"Yorkshire and the Humber","Wave 36 - February 2023","Once or twice a month",2,4,4,4,4,3,2,"No",4,6,6,7,3,7,3.33333333333333,6.5
"Yorkshire and the Humber","Wave 36 - February 2023","Twice a week",5,5,4,5,5,4,4,"No",1,10,10,4,0,10,4.66666666666667,8.5
"South East","Wave 36 - February 2023","Twice a week",5,5,5,5,5,3,4,"Yes",1,7,7,8,0,10,5,8
"East Midlands","Wave 36 - February 2023","Every day",5,5,5,4,4,2,2,"No",1,8,8,9,0,10,5,8.75
"South West","Wave 36 - February 2023","Every day",2,3,2,4,4,3,3,"Yes",5,5,5,6,6,4,2.33333333333333,5
"North West","Wave 36 - February 2023","Twice a week",5,5,5,4,4,4,3,"Yes",3,7,8,8,8,2,5,6.25
"East Midlands","Wave 36 - February 2023","More than twice a week, but not every day",1,1,5,4,4,5,4,"Yes",3,9,9,8,7,3,2.33333333333333,7.25
"West Midlands","Wave 36 - February 2023","Every day",2,2,3,5,5,4,3,"Yes",1,7,10,8,7,3,2.33333333333333,7
"West Midlands","Wave 36 - February 2023","Once a week",4,5,5,4,4,3,3,"No",2,9,6,7,7,3,4.66666666666667,6.25
"East","Wave 36 - February 2023","Twice a week",5,5,5,4,3,3,2,"Yes",1,10,10,10,0,10,5,10
"West Midlands","Wave 36 - February 2023","Twice a week",2,4,5,5,4,2,4,"Yes",4,4,5,5,3,7,3.66666666666667,5.25
"East","Wave 36 - February 2023","Twice a week",5,5,4,5,5,3,1,"No",4,8,8,7,3,7,4.66666666666667,7.5
"West Midlands","Wave 36 - February 2023","Once or twice a month",1,4,3,5,5,4,3,"Yes",3,6,6,5,2,8,2.66666666666667,6.25
"South West","Wave 36 - February 2023","Every day",5,5,5,5,5,4,5,"Yes",1,8,9,9,0,10,5,9
"South West","Wave 36 - February 2023","Once or twice a month",5,4,4,5,5,2,5,"Yes",1,9,9,9,0,10,4.33333333333333,9.25
"South East","Wave 36 - February 2023","More than twice a week, but not every day",4,5,5,5,5,3,2,"Yes",5,10,9,8,10,0,4.66666666666667,6.75
"South East","Wave 36 - February 2023","Once or twice a month",4,4,4,4,5,3,5,"Yes",4,8,8,7,5,5,4,7
"Yorkshire and the Humber","Wave 36 - February 2023","Once a week",2,3,2,3,3,3,3,"Yes",4,8,7,8,8,2,2.33333333333333,6.25
"East Midlands","Wave 37 - March 2023","Less often",5,4,4,4,4,2,2,"Yes",2,7,5,8,1,9,4.33333333333333,7.25
"East Midlands","Wave 37 - March 2023","Twice a week",3,5,3,4,4,4,4,"Yes",4,7,6,7,6,4,3.66666666666667,6
"East","Wave 37 - March 2023","Every day",5,5,4,5,5,4,5,"Yes",3,7,7,7,6,4,4.66666666666667,6.25
"South West","Wave 37 - March 2023","Once or twice a month",2,2,2,4,4,3,3,"Yes",1,7,9,7,0,10,2,8.25
"Yorkshire and the Humber","Wave 37 - March 2023","Every day",5,5,5,5,5,5,5,"Yes",2,8,8,8,3,7,5,7.75
"London","Wave 37 - March 2023","Twice a week",5,5,5,5,5,3,4,"Yes",4,5,6,4,2,8,5,5.75
"Yorkshire and the Humber","Wave 37 - March 2023","More than twice a week, but not every day",1,1,1,5,5,5,5,"Yes",4,8,7,6,5,5,1,6.5
"East Midlands","Wave 37 - March 2023","Twice a week",1,5,5,3,3,4,5,"No",4,5,5,5,5,5,3.66666666666667,5
"South East","Wave 37 - March 2023","Every day",1,4,2,5,5,4,4,"Yes",4,6,4,4,8,2,2.33333333333333,4
"London","Wave 37 - March 2023","Once or twice a month",5,4,5,4,5,2,4,"Yes",4,4,2,7,5,5,4.66666666666667,4.5
"North East","Wave 37 - March 2023","More than twice a week, but not every day",5,4,5,5,4,4,1,"Yes",1,9,10,6,6,4,4.66666666666667,7.25
"South West","Wave 37 - March 2023","More than twice a week, but not every day",4,3,4,4,4,4,1,"Yes",3,7,7,7,6,4,3.66666666666667,6.25
"West Midlands","Wave 37 - March 2023","More than twice a week, but not every day",4,4,4,4,4,3,1,"Yes",4,7,7,8,4,6,4,7
"East Midlands","Wave 37 - March 2023","Every day",5,4,4,4,4,1,1,"No",1,7,8,8,0,10,4.33333333333333,8.25
"North West","Wave 37 - March 2023","More than twice a week, but not every day",5,4,4,5,4,3,4,"Yes",2,7,8,7,4,6,4.33333333333333,7
"Yorkshire and the Humber","Wave 37 - March 2023","Once a week",5,5,4,5,5,3,5,"Yes",3,9,9,8,0,10,4.66666666666667,9
"North West","Wave 37 - March 2023","Every day",5,5,5,5,5,4,5,"Yes",4,8,8,7,0,10,5,8.25
"West Midlands","Wave 37 - March 2023","Every day",4,4,3,4,4,4,3,"Yes",2,7,8,7,3,7,3.66666666666667,7.25
"East","Wave 37 - March 2023","More than twice a week, but not every day",5,5,5,5,5,3,3,"Yes",4,8,8,8,5,5,5,7.25
"South West","Wave 37 - March 2023","More than twice a week, but not every day",1,3,4,4,4,4,4,"Yes",2,8,6,8,0,10,2.66666666666667,8
"North East","Wave 37 - March 2023","Once or twice a month",4,4,4,4,4,3,3,"Yes",2,10,9,9,0,10,4,9.5
"South East","Wave 37 - March 2023","Twice a week",4,5,4,4,4,3,3,"Yes",2,7,6,7,2,8,4.33333333333333,7
"North East","Wave 37 - March 2023","More than twice a week, but not every day",4,4,4,5,4,3,3,"Yes",5,4,8,5,5,5,4,5.5
"London","Wave 37 - March 2023","More than twice a week, but not every day",4,4,4,4,4,4,3,"Yes",4,5,5,5,5,5,4,5
"South East","Wave 37 - March 2023","More than twice a week, but not every day",4,4,4,4,4,3,4,"Yes",3,8,8,7,7,3,4,6.5
"North West","Wave 37 - March 2023","Every day",1,1,1,5,2,3,2,"Yes",4,8,9,8,6,4,1,7.25
"East","Wave 37 - March 2023","Every day",5,4,4,5,4,3,3,"Yes",3,8,8,9,9,1,4.33333333333333,6.5
"North West","Wave 37 - March 2023","Once or twice a month",2,2,2,4,4,4,3,"Yes",4,5,6,3,8,2,2,4
"South East","Wave 37 - March 2023","Twice a week",4,4,4,4,4,4,2,"Yes",3,8,8,6,6,4,4,6.5
"South East","Wave 37 - March 2023","More than twice a week, but not every day",5,5,4,5,5,3,5,"Yes",4,5,6,5,0,10,4.66666666666667,6.5
"London","Wave 37 - March 2023","Once a week",3,3,4,5,5,4,5,"Yes",4,7,4,7,3,7,3.33333333333333,6.25
"South East","Wave 37 - March 2023","More than twice a week, but not every day",3,4,4,4,4,3,2,"Yes",4,0,1,1,9,1,3.66666666666667,0.75
"North West","Wave 37 - March 2023","Twice a week",4,5,4,4,4,3,4,"Yes",4,0,0,6,10,0,4.33333333333333,1.5
"South East","Wave 37 - March 2023","Once or twice a month",4,2,5,5,5,5,5,"Yes",3,6,7,8,7,3,3.66666666666667,6
"South West","Wave 37 - March 2023","Once or twice a month",4,4,3,2,3,3,1,"Yes",4,8,6,8,0,10,3.66666666666667,8
"South West","Wave 37 - March 2023","More than twice a week, but not every day",5,5,4,4,5,4,5,"Yes",3,7,7,7,4,6,4.66666666666667,6.75
"East Midlands","Wave 37 - March 2023","More than twice a week, but not every day",4,4,4,4,4,3,5,"Yes",2,9,9,10,0,10,4,9.5
"Yorkshire and the Humber","Wave 37 - March 2023","Once or twice a month",3,3,1,4,5,4,4,"Yes",4,7,7,6,5,5,2.33333333333333,6.25
"London","Wave 37 - March 2023","Twice a week",5,5,5,4,4,2,2,"Yes",4,6,5,6,0,10,5,6.75
"London","Wave 37 - March 2023","Every day",5,5,5,5,5,3,5,"Yes",3,8,9,8,0,10,5,8.75
"Yorkshire and the Humber","Wave 37 - March 2023","Every day",1,3,4,4,4,4,3,"Yes",4,5,7,7,3,7,2.66666666666667,6.5
"East Midlands","Wave 37 - March 2023","Every day",5,5,5,4,4,1,4,"Yes",5,2,1,0,10,0,5,0.75
"South East","Wave 37 - March 2023","Once or twice a month",2,2,2,5,4,5,4,"Yes",4,4,5,5,7,3,2,4.25
"North West","Wave 37 - March 2023","Every day",5,5,5,4,4,4,2,"Yes",2,8,8,6,8,2,5,6
"North West","Wave 37 - March 2023","Once or twice a month",4,5,4,5,5,5,3,"Yes",5,2,2,3,5,5,4.33333333333333,3
"Yorkshire and the Humber","Wave 37 - March 2023","Once a week",1,5,5,5,5,4,4,"Yes",2,9,9,10,0,10,3.66666666666667,9.5
"North West","Wave 37 - March 2023","Twice a week",4,4,4,5,5,3,2,"Yes",2,7,9,8,4,6,4,7.5
"South West","Wave 37 - March 2023","More than twice a week, but not every day",4,4,4,4,4,5,4,"Yes",2,7,6,6,8,2,4,5.25
"South East","Wave 37 - March 2023","Every day",5,5,5,5,4,3,4,"Yes",4,7,6,7,3,7,5,6.75
"North West","Wave 37 - March 2023","Every day",2,1,1,5,5,3,3,"Yes",1,9,8,9,2,8,1.33333333333333,8.5
"London","Wave 37 - March 2023","More than twice a week, but not every day",2,4,4,4,4,4,3,"Yes",3,7,7,6,8,2,3.33333333333333,5.5
"Yorkshire and the Humber","Wave 37 - March 2023","Once a week",5,4,5,3,4,3,1,"Yes",1,8,8,8,0,10,4.66666666666667,8.5
"East","Wave 37 - March 2023","Every day",4,4,4,4,4,4,4,"Yes",5,3,3,2,2,8,4,4
"East Midlands","Wave 37 - March 2023","Every day",4,3,2,4,5,5,5,"Yes",4,8,9,4,9,1,3,5.5
"North East","Wave 37 - March 2023","Once or twice a month",2,4,4,5,5,1,4,"Yes",3,8,8,8,2,8,3.33333333333333,8
"West Midlands","Wave 37 - March 2023","Once a week",4,4,4,5,5,4,3,"Yes",2,8,9,6,2,8,4,7.75
"London","Wave 37 - March 2023","Every day",1,1,1,5,5,4,4,"Yes",5,8,4,10,1,9,1,7.75
"Yorkshire and the Humber","Wave 37 - March 2023","More than twice a week, but not every day",4,5,5,5,5,5,5,"Yes",5,3,3,5,2,8,4.66666666666667,4.75
"Yorkshire and the Humber","Wave 37 - March 2023","Every day",5,5,5,4,4,4,3,"Yes",4,7,9,9,0,10,5,8.75
"East","Wave 37 - March 2023","Twice a week",5,5,5,5,5,3,5,"Yes",4,5,2,3,8,2,5,3
"East Midlands","Wave 37 - March 2023","Once a week",1,1,1,5,5,5,5,"Yes",3,5,6,4,8,2,1,4.25
"North West","Wave 37 - March 2023","Once a week",1,5,2,5,4,4,5,"Yes",4,10,10,8,0,10,2.66666666666667,9.5
"South East","Wave 37 - March 2023","More than twice a week, but not every day",4,4,3,4,4,2,1,"Yes",2,7,8,8,7,3,3.66666666666667,6.5
"East","Wave 37 - March 2023","More than twice a week, but not every day",2,4,5,5,4,3,2,"Yes",3,8,9,6,0,10,3.66666666666667,8.25
"East","Wave 37 - March 2023","Every day",5,2,2,5,5,3,3,"Yes",4,1,1,1,0,10,3,3.25
"Yorkshire and the Humber","Wave 37 - March 2023","More than twice a week, but not every day",4,4,4,4,4,5,5,"Yes",2,6,6,6,3,7,4,6.25
"North East","Wave 37 - March 2023","Once a week",4,5,5,4,5,2,4,"Yes",3,1,2,2,10,0,4.66666666666667,1.25
"West Midlands","Wave 37 - March 2023","Once a week",4,2,1,4,4,2,5,"Yes",4,6,8,5,5,5,2.33333333333333,6
"East","Wave 37 - March 2023","Every day",5,5,5,5,4,3,3,"Yes",2,9,9,10,1,9,5,9.25
"West Midlands","Wave 37 - March 2023","Once every 2-3 months",5,4,3,4,4,4,2,"Yes",3,6,7,6,5,5,4,6
"South West","Wave 37 - March 2023","More than twice a week, but not every day",4,4,4,4,4,2,1,"Yes",4,6,6,4,6,4,4,5
"South East","Wave 37 - March 2023","Twice a week",5,5,5,4,5,4,4,"Yes",1,8,9,8,2,8,5,8.25
"London","Wave 37 - March 2023","More than twice a week, but not every day",4,4,4,1,4,4,4,"Yes",5,3,3,3,5,5,4,3.5
"West Midlands","Wave 37 - March 2023","More than twice a week, but not every day",5,4,4,4,4,1,2,"Yes",2,6,8,7,2,8,4.33333333333333,7.25
"West Midlands","Wave 37 - March 2023","Once every 2-3 months",4,4,4,4,4,3,4,"Yes",3,6,5,6,3,7,4,6
"East","Wave 37 - March 2023","Every day",2,1,1,4,4,4,4,"Yes",2,7,7,8,3,7,1.33333333333333,7.25
"South West","Wave 37 - March 2023","Every day",3,1,1,5,5,5,3,"Yes",1,9,8,10,0,10,1.66666666666667,9.25
"West Midlands","Wave 37 - March 2023","Once a week",4,5,5,5,5,1,3,"Yes",1,8,8,8,0,10,4.66666666666667,8.5
"London","Wave 37 - March 2023","Twice a week",5,4,4,5,5,3,3,"Yes",1,7,8,7,3,7,4.33333333333333,7.25
"South East","Wave 37 - March 2023","Once a week",4,4,4,4,4,4,3,"Yes",2,8,7,8,3,7,4,7.5
"South East","Wave 37 - March 2023","Every day",5,5,5,5,3,1,1,"No",1,5,5,9,1,9,5,7
"London","Wave 37 - March 2023","Once or twice a month",5,5,2,4,4,3,1,"Yes",4,4,5,5,7,3,4,4.25
"Yorkshire and the Humber","Wave 37 - March 2023","Once a week",5,5,4,5,5,5,2,"Yes",4,7,7,8,0,10,4.66666666666667,8
"South West","Wave 37 - March 2023","More than twice a week, but not every day",4,4,4,3,3,3,1,"No",2,5,8,8,1,9,4,7.5
"North East","Wave 37 - March 2023","More than twice a week, but not every day",4,5,5,5,5,2,3,"No",3,5,5,10,3,7,4.66666666666667,6.75
"London","Wave 37 - March 2023","Twice a week",2,2,1,3,4,1,1,"No",4,1,1,5,0,10,1.66666666666667,4.25
"South East","Wave 37 - March 2023","Every day",4,2,1,4,4,3,3,"Yes",4,5,5,5,5,5,2.33333333333333,5
"North East","Wave 37 - March 2023","Twice a week",5,4,4,4,4,3,2,"Yes",5,4,8,2,3,7,4.33333333333333,5.25
"London","Wave 37 - March 2023","More than twice a week, but not every day",5,4,4,3,3,2,1,"No",2,8,10,8,0,10,4.33333333333333,9
"North East","Wave 37 - March 2023","More than twice a week, but not every day",2,4,4,4,4,2,2,"Yes",5,4,5,5,7,3,3.33333333333333,4.25
"South East","Wave 37 - March 2023","Once or twice a month",3,3,3,4,4,2,4,"No",5,3,5,3,8,2,3,3.25
"East","Wave 37 - March 2023","Twice a week",2,4,4,4,5,3,2,"Yes",3,4,5,4,5,5,3.33333333333333,4.5
"Yorkshire and the Humber","Wave 37 - March 2023","More than twice a week, but not every day",4,4,4,4,4,2,2,"Yes",4,9,10,9,1,9,4,9.25
"London","Wave 37 - March 2023","Twice a week",5,4,4,5,5,3,4,"Yes",2,8,10,8,2,8,4.33333333333333,8.5
"Yorkshire and the Humber","Wave 37 - March 2023","More than twice a week, but not every day",4,3,3,4,4,3,3,"Yes",2,8,8,8,0,10,3.33333333333333,8.5
"Yorkshire and the Humber","Wave 37 - March 2023","Twice a week",4,4,3,4,4,2,2,"Yes",3,6,4,4,3,7,3.66666666666667,5.25
"West Midlands","Wave 37 - March 2023","More than twice a week, but not every day",4,5,3,5,5,2,3,"Yes",2,8,8,9,2,8,4,8.25
"South East","Wave 38 - April 2023","More than twice a week, but not every day",5,4,5,4,5,3,4,"Yes",2,8,8,8,2,8,4.66666666666667,8
"South West","Wave 38 - April 2023","More than twice a week, but not every day",5,5,5,4,4,3,2,"Yes",3,7,6,7,2,8,5,7
"Yorkshire and the Humber","Wave 38 - April 2023","More than twice a week, but not every day",1,3,4,4,4,3,3,"Yes",1,10,9,10,0,10,2.66666666666667,9.75
"North West","Wave 38 - April 2023","Every day",5,3,4,3,4,3,1,"Yes",1,2,2,2,7,3,4,2.25
"Yorkshire and the Humber","Wave 38 - April 2023","More than twice a week, but not every day",4,4,4,4,4,2,3,"Yes",2,5,7,5,3,7,4,6
"North West","Wave 38 - April 2023","Every day",5,3,3,3,3,1,1,"No",5,1,2,2,2,8,3.66666666666667,3.25
"North West","Wave 38 - April 2023","More than twice a week, but not every day",5,5,4,5,4,3,3,"Yes",3,8,8,9,8,2,4.66666666666667,6.75
"London","Wave 38 - April 2023","Once or twice a month",2,3,3,5,5,3,5,"Yes",2,3,3,5,0,10,2.66666666666667,5.25
"South East","Wave 38 - April 2023","More than twice a week, but not every day",4,4,4,4,4,3,3,"No",1,9,9,10,0,10,4,9.5
"North East","Wave 38 - April 2023","Twice a week",2,5,5,4,4,2,2,"Yes",2,8,8,7,3,7,4,7.5
"North West","Wave 38 - April 2023","Every day",5,4,4,4,4,2,3,"Yes",2,8,7,7,4,6,4.33333333333333,7
"South East","Wave 38 - April 2023","Every day",5,5,5,4,4,3,3,"Yes",2,8,10,8,0,10,5,9
"North West","Wave 38 - April 2023","Every day",1,3,2,4,5,4,3,"Yes",4,6,6,4,8,2,2,4.5
"London","Wave 38 - April 2023","More than twice a week, but not every day",2,5,4,5,4,4,3,"Yes",3,7,8,8,4,6,3.66666666666667,7.25
"London","Wave 38 - April 2023","Twice a week",5,4,5,5,5,3,4,"Yes",4,8,7,7,9,1,4.66666666666667,5.75
"London","Wave 38 - April 2023","Twice a week",4,3,3,4,4,1,3,"Yes",1,7,8,8,0,10,3.33333333333333,8.25
"West Midlands","Wave 38 - April 2023","Once a week",5,5,5,5,5,4,4,"Yes",1,10,10,8,0,10,5,9.5
"North West","Wave 38 - April 2023","More than twice a week, but not every day",4,4,4,5,5,3,3,"Yes",2,8,10,9,0,10,4,9.25
"London","Wave 38 - April 2023","Every day",5,5,4,5,5,3,5,"Yes",2,8,5,9,0,10,4.66666666666667,8
"Yorkshire and the Humber","Wave 38 - April 2023","More than twice a week, but not every day",4,4,3,5,4,4,1,"Yes",3,7,8,8,5,5,3.66666666666667,7
"North West","Wave 38 - April 2023","Once or twice a month",2,4,4,4,4,3,4,"Yes",4,6,5,4,7,3,3.33333333333333,4.5
"South East","Wave 38 - April 2023","Once a week",3,3,3,3,3,4,3,"No",3,7,7,7,7,3,3,6
"London","Wave 38 - April 2023","Once a week",2,2,2,5,5,4,4,"Yes",3,5,5,7,2,8,2,6.25
"Yorkshire and the Humber","Wave 38 - April 2023","Once a week",4,4,4,4,4,4,1,"Yes",3,7,6,5,5,5,4,5.75
"West Midlands","Wave 38 - April 2023","Twice a week",2,5,4,4,5,3,3,"Yes",2,7,7,6,7,3,3.66666666666667,5.75
"Yorkshire and the Humber","Wave 38 - April 2023","Twice a week",5,4,4,4,4,2,3,"Yes",4,6,6,7,4,6,4.33333333333333,6.25
"East","Wave 38 - April 2023","More than twice a week, but not every day",1,1,2,4,4,2,1,"Yes",2,7,6,8,3,7,1.33333333333333,7
"West Midlands","Wave 38 - April 2023","Once or twice a month",4,4,4,4,4,3,3,"Yes",2,8,6,7,5,5,4,6.5
"East Midlands","Wave 38 - April 2023","Once a week",1,1,1,5,5,3,4,"Yes",3,7,7,8,3,7,1,7.25
"East","Wave 38 - April 2023","More than twice a week, but not every day",3,4,4,4,4,3,3,"Yes",4,3,3,4,5,5,3.66666666666667,3.75
"South East","Wave 38 - April 2023","Once or twice a month",5,4,5,4,4,3,3,"Yes",1,9,6,8,0,10,4.66666666666667,8.25
"South West","Wave 38 - April 2023","Once or twice a month",4,5,5,5,4,3,3,"Yes",4,6,6,7,5,5,4.66666666666667,6
"South East","Wave 38 - April 2023","More than twice a week, but not every day",5,5,5,4,4,5,3,"Yes",2,8,8,8,2,8,5,8
"South West","Wave 38 - April 2023","Once or twice a month",4,4,4,4,4,3,4,"Yes",3,7,5,7,0,10,4,7.25
"Yorkshire and the Humber","Wave 38 - April 2023","Once a week",5,5,5,4,4,2,3,"Yes",2,7,7,7,1,9,5,7.5
"South East","Wave 38 - April 2023","Every day",4,3,3,3,4,4,3,"Yes",5,10,9,9,8,2,3.33333333333333,7.5
"London","Wave 38 - April 2023","Every day",1,1,1,5,5,1,2,"Yes",5,10,10,10,10,0,1,7.5
"North East","Wave 38 - April 2023","More than twice a week, but not every day",4,4,4,3,4,4,2,"Yes",2,9,9,8,5,5,4,7.75
"London","Wave 38 - April 2023","Once a week",1,1,1,5,5,4,5,"Yes",4,8,8,8,0,10,1,8.5
"West Midlands","Wave 38 - April 2023","Once a week",4,4,4,2,3,3,5,"No",4,5,5,5,5,5,4,5
"South West","Wave 38 - April 2023","Once a week",5,3,4,4,5,1,4,"Yes",5,2,4,4,1,9,4,4.75
"East Midlands","Wave 38 - April 2023","More than twice a week, but not every day",4,3,4,5,5,2,3,"Yes",3,8,9,6,8,2,3.66666666666667,6.25
"Yorkshire and the Humber","Wave 38 - April 2023","Once every 2-3 months",3,4,4,4,4,2,2,"Yes",1,8,9,8,1,9,3.66666666666667,8.5
"London","Wave 38 - April 2023","More than twice a week, but not every day",5,4,4,4,4,4,2,"Yes",2,7,8,6,3,7,4.33333333333333,7
"South East","Wave 38 - April 2023","Twice a week",4,4,4,4,3,2,1,"Yes",2,8,8,8,0,10,4,8.5
"East Midlands","Wave 38 - April 2023","Every day",4,4,4,5,5,2,5,"Yes",5,10,3,9,6,4,4,6.5
"East Midlands","Wave 38 - April 2023","More than twice a week, but not every day",1,1,5,5,5,5,3,"Yes",2,5,7,7,5,5,2.33333333333333,6
"West Midlands","Wave 38 - April 2023","More than twice a week, but not every day",5,5,5,5,5,3,2,"Yes",2,8,8,9,4,6,5,7.75
"South East","Wave 38 - April 2023","Every day",4,3,4,5,5,5,5,"Yes",1,8,9,8,3,7,3.66666666666667,8
"South East","Wave 38 - April 2023","Every day",4,4,4,5,4,4,5,"Yes",4,6,7,5,6,4,4,5.5
"Yorkshire and the Humber","Wave 38 - April 2023","Twice a week",4,4,3,4,4,4,4,"Yes",4,8,8,8,5,5,3.66666666666667,7.25
"West Midlands","Wave 38 - April 2023","Once a week",1,3,4,4,4,3,2,"No",2,7,6,6,4,6,2.66666666666667,6.25
"North West","Wave 38 - April 2023","Every day",4,4,4,5,5,4,4,"Yes",4,6,8,6,5,5,4,6.25
"North West","Wave 38 - April 2023","Twice a week",4,4,4,4,5,3,3,"Yes",5,2,2,5,5,5,4,3.5
"East","Wave 38 - April 2023","Every day",5,3,2,5,5,3,4,"Yes",1,3,7,4,2,8,3.33333333333333,5.5
"North East","Wave 38 - April 2023","Every day",5,5,4,5,5,3,5,"Yes",2,6,3,6,5,5,4.66666666666667,5
"North West","Wave 38 - April 2023","More than twice a week, but not every day",3,3,4,2,2,1,1,"No",1,9,9,9,0,10,3.33333333333333,9.25
"London","Wave 38 - April 2023","Once a week",5,5,5,5,4,4,5,"Yes",2,8,7,9,6,4,5,7
"West Midlands","Wave 38 - April 2023","More than twice a week, but not every day",4,5,5,4,4,4,3,"Yes",4,7,9,8,2,8,4.66666666666667,8
"South West","Wave 38 - April 2023","Twice a week",5,5,5,3,3,2,2,"No",1,10,10,10,0,10,5,10
"East","Wave 38 - April 2023","More than twice a week, but not every day",2,3,4,4,4,3,2,"Yes",3,8,8,7,7,3,3,6.5
"North East","Wave 38 - April 2023","Every day",4,4,4,4,4,3,2,"No",2,8,8,9,0,10,4,8.75
"London","Wave 38 - April 2023","Once every 2-3 months",3,4,4,5,4,3,5,"Yes",3,7,6,5,6,4,3.66666666666667,5.5
"North West","Wave 38 - April 2023","Once or twice a month",4,4,4,4,4,3,1,"Yes",4,5,6,7,0,10,4,7
"West Midlands","Wave 38 - April 2023","Every day",5,5,5,5,5,3,4,"Yes",4,7,8,7,4,6,5,7
"North East","Wave 38 - April 2023","More than twice a week, but not every day",4,5,5,5,4,4,4,"Yes",2,8,9,8,8,2,4.66666666666667,6.75
"North West","Wave 38 - April 2023","Twice a week",5,5,5,4,5,3,3,"Yes",2,8,7,8,3,7,5,7.5
"North West","Wave 38 - April 2023","Twice a week",4,4,3,5,4,4,3,"Yes",4,6,6,7,3,7,3.66666666666667,6.5
"East Midlands","Wave 38 - April 2023","Every day",5,5,5,4,4,4,4,"Yes",3,8,9,9,0,10,5,9
"London","Wave 38 - April 2023","More than twice a week, but not every day",5,5,5,5,4,5,1,"Yes",4,6,7,8,7,3,5,6
"East Midlands","Wave 38 - April 2023","More than twice a week, but not every day",5,5,4,5,5,4,4,"Yes",4,2,4,4,9,1,4.66666666666667,2.75
"South East","Wave 38 - April 2023","Once or twice a month",5,4,4,5,5,3,3,"Yes",4,4,5,3,2,8,4.33333333333333,5
"West Midlands","Wave 38 - April 2023","Once or twice a month",5,4,4,4,4,3,2,"Yes",3,5,10,6,4,6,4.33333333333333,6.75
"London","Wave 38 - April 2023","Twice a week",2,4,4,5,5,3,5,"Yes",4,6,7,8,8,2,3.33333333333333,5.75
"North West","Wave 38 - April 2023","Every day",4,4,5,5,5,4,4,"Yes",3,8,8,7,3,7,4.33333333333333,7.5
"South East","Wave 38 - April 2023","Twice a week",1,1,1,5,4,2,3,"Yes",4,5,5,6,2,8,1,6
"London","Wave 38 - April 2023","Twice a week",4,4,4,5,4,5,5,"Yes",4,7,7,5,8,2,4,5.25
"London","Wave 38 - April 2023","Once a week",4,4,4,5,4,3,3,"Yes",4,6,7,5,7,3,4,5.25
"North West","Wave 38 - April 2023","Every day",1,2,3,4,4,4,5,"Yes",3,10,10,10,10,0,2,7.5
"Yorkshire and the Humber","Wave 38 - April 2023","Every day",5,5,4,4,4,3,3,"Yes",2,8,9,9,1,9,4.66666666666667,8.75
"London","Wave 38 - April 2023","Once or twice a month",3,4,4,4,4,3,3,"Yes",4,7,7,6,5,5,3.66666666666667,6.25
"North East","Wave 38 - April 2023","Every day",4,4,4,4,4,4,3,"Yes",2,8,8,9,0,10,4,8.75
"South East","Wave 38 - April 2023","More than twice a week, but not every day",5,4,4,4,4,2,3,"Yes",4,3,4,2,2,8,4.33333333333333,4.25
"West Midlands","Wave 38 - April 2023","Every day",5,4,4,5,5,3,3,"Yes",2,8,8,9,0,10,4.33333333333333,8.75
"South East","Wave 38 - April 2023","More than twice a week, but not every day",5,5,5,5,5,5,5,"Yes",4,0,0,3,7,3,5,1.5
"South East","Wave 38 - April 2023","Every day",4,4,3,5,4,3,3,"Yes",5,3,3,3,7,3,3.66666666666667,3
"North East","Wave 38 - April 2023","Once a week",5,2,3,5,5,5,4,"Yes",2,7,9,9,0,10,3.33333333333333,8.75
"North East","Wave 38 - April 2023","Once or twice a month",4,4,4,4,4,2,4,"Yes",1,8,9,9,0,10,4,9
"North East","Wave 38 - April 2023","More than twice a week, but not every day",4,4,4,4,4,3,3,"Yes",1,8,10,10,0,10,4,9.5
"West Midlands","Wave 38 - April 2023","Twice a week",5,4,5,4,4,3,3,"Yes",2,7,7,8,1,9,4.66666666666667,7.75
"East","Wave 38 - April 2023","Once a week",5,2,2,5,5,3,5,"Yes",2,9,9,8,0,10,3,9
"East Midlands","Wave 38 - April 2023","Once a week",4,5,5,5,4,5,2,"Yes",3,7,8,7,5,5,4.66666666666667,6.75
"East Midlands","Wave 38 - April 2023","Twice a week",4,5,5,4,5,5,5,"Yes",2,9,5,3,2,8,4.66666666666667,6.25
"North West","Wave 38 - April 2023","More than twice a week, but not every day",1,2,3,5,4,4,2,"Yes",2,7,5,6,0,10,2,7
"East Midlands","Wave 38 - April 2023","More than twice a week, but not every day",3,2,2,4,4,2,2,"No",2,4,5,6,0,10,2.33333333333333,6.25
"West Midlands","Wave 38 - April 2023","Once a week",4,4,5,5,5,4,4,"Yes",2,8,8,8,0,10,4.33333333333333,8.5
"East Midlands","Wave 38 - April 2023","More than twice a week, but not every day",4,4,4,4,4,2,3,"Yes",2,8,8,9,0,10,4,8.75
"North East","Wave 38 - April 2023","More than twice a week, but not every day",1,3,4,3,4,3,2,"Yes",4,6,7,6,2,8,2.66666666666667,6.75
"London","Wave 38 - April 2023","More than twice a week, but not every day",1,1,1,5,4,5,4,"No",5,4,4,2,3,7,1,4.25
"West Midlands","Wave 38 - April 2023","Every day",5,5,4,4,4,4,3,"Yes",3,5,6,8,4,6,4.66666666666667,6.25
"East Midlands","Wave 38 - April 2023","Once a week",5,4,3,3,3,4,1,"No",4,8,8,9,1,9,4,8.5
"North West","Wave 38 - April 2023","Once or twice a month",4,4,4,3,3,1,1,"No",4,7,7,6,4,6,4,6.5
"South East","Wave 38 - April 2023","Once a week",1,3,4,4,4,2,4,"No",2,3,4,4,4,6,2.66666666666667,4.25
"West Midlands","Wave 38 - April 2023","More than twice a week, but not every day",4,4,4,5,4,5,4,"Yes",4,7,8,10,4,6,4,7.75
"South East","Wave 38 - April 2023","More than twice a week, but not every day",5,5,5,5,5,2,1,"Yes",2,9,8,7,3,7,5,7.75
"London","Wave 39 - May 2023","Once or twice a month",4,4,4,5,5,5,3,"Yes",4,8,7,8,2,8,4,7.75
"West Midlands","Wave 39 - May 2023","More than twice a week, but not every day",1,4,5,4,2,3,3,"Yes",5,4,4,5,2,8,3.33333333333333,5.25
"South West","Wave 39 - May 2023","Twice a week",4,4,4,5,4,3,3,"Yes",2,8,8,9,3,7,4,8
"North West","Wave 39 - May 2023","Every day",5,5,3,5,5,5,2,"Yes",4,6,8,8,3,7,4.33333333333333,7.25
"North West","Wave 39 - May 2023","Every day",1,1,1,4,4,4,1,"Yes",2,8,9,4,4,6,1,6.75
"London","Wave 39 - May 2023","More than twice a week, but not every day",5,5,5,5,5,5,5,"Yes",1,10,10,10,5,5,5,8.75
"West Midlands","Wave 39 - May 2023","Once or twice a month",4,4,4,5,5,2,4,"No",5,7,5,6,5,5,4,5.75
"South East","Wave 39 - May 2023","Every day",5,5,5,3,4,2,2,"Yes",4,3,3,3,0,10,5,4.75
"South East","Wave 39 - May 2023","Once or twice a month",4,4,4,4,4,3,3,"Yes",1,8,9,9,0,10,4,9
"North West","Wave 39 - May 2023","Once every 2-3 months",1,3,5,4,5,4,3,"Yes",3,7,7,7,4,6,3,6.75
"East Midlands","Wave 39 - May 2023","More than twice a week, but not every day",5,4,5,3,4,4,3,"Yes",4,8,9,9,2,8,4.66666666666667,8.5
"London","Wave 39 - May 2023","Once or twice a month",5,4,4,4,4,2,4,"Don’t know",4,8,9,10,0,10,4.33333333333333,9.25
"Yorkshire and the Humber","Wave 39 - May 2023","Twice a week",5,5,5,5,4,2,2,"Yes",3,5,6,7,6,4,5,5.5
"London","Wave 39 - May 2023","More than twice a week, but not every day",5,5,5,5,4,1,3,"Yes",2,8,9,8,6,4,5,7.25
"South East","Wave 39 - May 2023","More than twice a week, but not every day",5,5,5,4,4,4,5,"No",2,8,5,7,7,3,5,5.75
"East","Wave 39 - May 2023","Every day",4,4,4,5,5,4,5,"Yes",5,10,5,0,10,0,4,3.75
"South West","Wave 39 - May 2023","Once a week",5,4,4,4,4,3,3,"Yes",4,5,5,5,6,4,4.33333333333333,4.75
"West Midlands","Wave 39 - May 2023","More than twice a week, but not every day",4,4,4,5,5,1,4,"Yes",1,8,7,9,2,8,4,8
"West Midlands","Wave 39 - May 2023","Every day",1,1,1,5,5,4,4,"Yes",3,8,8,8,8,2,1,6.5
"East Midlands","Wave 39 - May 2023","Once a week",5,3,2,5,5,3,3,"Yes",2,6,6,6,4,6,3.33333333333333,6
"Yorkshire and the Humber","Wave 39 - May 2023","Every day",1,5,5,5,4,3,2,"Yes",3,5,4,5,4,6,3.66666666666667,5
"East Midlands","Wave 39 - May 2023","Once a week",4,2,5,4,4,4,4,"Yes",2,8,8,7,9,1,3.66666666666667,6
"West Midlands","Wave 39 - May 2023","Twice a week",4,4,4,4,4,4,5,"Yes",2,6,6,6,0,10,4,7
"Yorkshire and the Humber","Wave 39 - May 2023","Once a week",4,3,4,4,3,3,5,"Yes",1,9,9,9,2,8,3.66666666666667,8.75
"South East","Wave 39 - May 2023","Twice a week",5,4,4,4,4,5,3,"Yes",3,6,6,7,2,8,4.33333333333333,6.75
"South East","Wave 39 - May 2023","Twice a week",4,4,4,5,4,3,5,"Yes",2,8,9,9,3,7,4,8.25
"West Midlands","Wave 39 - May 2023","More than twice a week, but not every day",5,4,4,5,5,5,3,"Yes",1,9,10,10,0,10,4.33333333333333,9.75
"North West","Wave 39 - May 2023","Once a week",5,5,5,4,5,4,3,"Yes",5,4,4,5,6,4,5,4.25
"North East","Wave 39 - May 2023","More than twice a week, but not every day",3,2,4,4,4,4,3,"Yes",3,2,1,2,5,5,3,2.5
"West Midlands","Wave 39 - May 2023","Every day",3,1,1,5,5,5,4,"Yes",2,6,7,0,4,6,1.66666666666667,4.75
"South West","Wave 39 - May 2023","More than twice a week, but not every day",1,1,1,5,5,4,3,"No",1,7,7,6,1,9,1,7.25
"East Midlands","Wave 39 - May 2023","More than twice a week, but not every day",3,5,5,4,4,3,5,"Yes",2,8,8,7,5,5,4.33333333333333,7
"East Midlands","Wave 39 - May 2023","More than twice a week, but not every day",5,4,4,5,5,3,3,"Yes",4,4,6,6,6,4,4.33333333333333,5
"East Midlands","Wave 39 - May 2023","Every day",2,4,4,4,4,3,3,"Yes",5,5,3,4,8,2,3.33333333333333,3.5
"London","Wave 39 - May 2023","Every day",4,4,5,5,4,3,4,"Yes",5,6,5,5,5,5,4.33333333333333,5.25
"West Midlands","Wave 39 - May 2023","More than twice a week, but not every day",1,1,1,5,5,3,1,"Yes",3,8,8,9,10,0,1,6.25
"Yorkshire and the Humber","Wave 39 - May 2023","More than twice a week, but not every day",3,4,4,3,3,4,3,"No",1,9,8,9,8,2,3.66666666666667,7
"East Midlands","Wave 39 - May 2023","Once every 2-3 months",5,5,5,4,4,3,3,"Yes",1,8,8,8,0,10,5,8.5
"South West","Wave 39 - May 2023","Every day",1,5,5,5,5,3,3,"Yes",4,6,10,9,0,10,3.66666666666667,8.75
"South East","Wave 39 - May 2023","Once a week",4,4,2,3,4,3,2,"Yes",4,7,7,8,0,10,3.33333333333333,8
"South West","Wave 39 - May 2023","Once a week",1,1,4,5,4,4,2,"Yes",5,3,4,4,5,5,2,4
"East","Wave 39 - May 2023","More than twice a week, but not every day",5,5,5,5,5,3,4,"Yes",2,7,7,8,1,9,5,7.75
"South East","Wave 39 - May 2023","Twice a week",3,4,4,3,3,2,2,"Yes",4,4,5,3,3,7,3.66666666666667,4.75
"East Midlands","Wave 39 - May 2023","Every day",1,1,1,5,5,4,5,"Yes",4,6,6,5,2,8,1,6.25
"North West","Wave 39 - May 2023","Once a week",4,4,3,4,3,3,2,"Yes",2,8,8,8,4,6,3.66666666666667,7.5
"East Midlands","Wave 39 - May 2023","More than twice a week, but not every day",5,5,4,5,5,3,4,"Yes",5,4,4,3,3,7,4.66666666666667,4.5
"East","Wave 39 - May 2023","Twice a week",4,4,4,4,4,3,3,"Yes",4,6,5,8,3,7,4,6.5
"Yorkshire and the Humber","Wave 39 - May 2023","Twice a week",4,4,4,4,4,4,1,"Yes",4,5,8,8,2,8,4,7.25
"North West","Wave 39 - May 2023","Once a week",4,4,4,5,5,3,3,"Yes",1,8,8,8,0,10,4,8.5
"East","Wave 39 - May 2023","Once a week",5,4,4,5,4,3,3,"Yes",3,9,10,10,0,10,4.33333333333333,9.75
"North West","Wave 39 - May 2023","Once or twice a month",5,5,5,5,5,2,3,"Yes",4,8,8,8,8,2,5,6.5
"West Midlands","Wave 39 - May 2023","Once a week",4,4,4,4,4,4,2,"Yes",4,6,5,9,1,9,4,7.25
"Yorkshire and the Humber","Wave 39 - May 2023","More than twice a week, but not every day",5,4,4,3,3,3,3,"No",3,8,9,9,0,10,4.33333333333333,9
"North East","Wave 39 - May 2023","Once or twice a month",5,5,4,5,5,4,5,"Yes",4,3,3,2,6,4,4.66666666666667,3
"West Midlands","Wave 39 - May 2023","More than twice a week, but not every day",5,5,5,5,5,4,3,"Yes",4,9,10,9,2,8,5,9
"North East","Wave 39 - May 2023","Twice a week",5,5,5,4,4,5,4,"Yes",5,5,6,5,7,3,5,4.75
"East Midlands","Wave 39 - May 2023","Every day",4,4,4,5,5,5,4,"No",2,10,10,10,0,10,4,10
"East","Wave 39 - May 2023","More than twice a week, but not every day",4,3,3,4,4,3,3,"Yes",2,8,7,7,5,5,3.33333333333333,6.75
"West Midlands","Wave 39 - May 2023","Twice a week",4,5,5,5,5,3,5,"Yes",3,8,7,9,3,7,4.66666666666667,7.75
"Yorkshire and the Humber","Wave 39 - May 2023","Once every 2-3 months",4,4,4,4,4,4,3,"Yes",4,6,9,3,10,0,4,4.5
"West Midlands","Wave 39 - May 2023","Once a week",4,4,4,4,4,2,2,"Yes",4,4,4,3,9,1,4,3
"West Midlands","Wave 39 - May 2023","More than twice a week, but not every day",4,5,4,4,4,4,3,"Yes",5,3,5,7,9,1,4.33333333333333,4
"North West","Wave 39 - May 2023","Every day",4,4,4,5,5,5,1,"Yes",4,9,7,7,9,1,4,6
"London","Wave 39 - May 2023","Every day",3,3,4,5,5,4,5,"Yes",3,9,9,5,7,3,3.33333333333333,6.5
"West Midlands","Wave 39 - May 2023","Twice a week",1,1,1,5,5,4,4,"Yes",4,5,5,5,5,5,1,5
"North West","Wave 39 - May 2023","Once a week",4,4,4,4,4,4,3,"Yes",2,9,9,8,3,7,4,8.25
"North East","Wave 39 - May 2023","More than twice a week, but not every day",1,1,4,5,5,5,5,"Yes",3,6,7,2,3,7,2,5.5
"South East","Wave 39 - May 2023","Once a week",5,3,3,2,2,3,2,"Yes",2,7,5,7,0,10,3.66666666666667,7.25
"South East","Wave 39 - May 2023","Once a week",3,2,2,4,5,3,4,"Yes",4,6,4,7,4,6,2.33333333333333,5.75
"East","Wave 39 - May 2023","Once every 2-3 months",3,4,4,4,3,3,2,"No",2,8,7,7,2,8,3.66666666666667,7.5
"North East","Wave 39 - May 2023","Once a week",3,3,3,5,5,3,4,"Yes",1,7,7,7,7,3,3,6
"South East","Wave 39 - May 2023","Once or twice a month",5,5,5,5,5,4,4,"Yes",2,10,10,10,0,10,5,10
"South East","Wave 39 - May 2023","More than twice a week, but not every day",5,5,5,4,4,4,3,"Yes",2,8,7,8,3,7,5,7.5
"South West","Wave 39 - May 2023","Twice a week",4,4,5,3,4,3,1,"Yes",3,8,10,8,0,10,4.33333333333333,9
"London","Wave 39 - May 2023","More than twice a week, but not every day",5,5,4,4,4,3,5,"Yes",4,10,9,9,9,1,4.66666666666667,7.25
"Yorkshire and the Humber","Wave 39 - May 2023","Twice a week",1,5,5,5,5,4,3,"Yes",4,2,2,4,7,3,3.66666666666667,2.75
"London","Wave 39 - May 2023","More than twice a week, but not every day",4,4,5,4,5,4,5,"Yes",2,8,9,9,0,10,4.33333333333333,9
"London","Wave 39 - May 2023","Every day",5,5,5,4,4,4,4,"Yes",3,9,8,9,1,9,5,8.75
"South West","Wave 39 - May 2023","Every day",5,5,4,4,5,4,4,"Yes",4,6,6,6,6,4,4.66666666666667,5.5
"Yorkshire and the Humber","Wave 39 - May 2023","Every day",4,4,4,4,4,3,3,"Yes",4,5,5,5,4,6,4,5.25
"East Midlands","Wave 39 - May 2023","Once or twice a month",3,4,4,4,4,1,5,"Yes",3,7,7,8,0,10,3.66666666666667,8
"North West","Wave 39 - May 2023","Twice a week",4,4,4,4,4,5,1,"Yes",4,4,3,5,2,8,4,5
"East","Wave 39 - May 2023","Every day",4,2,2,4,4,1,5,"No",5,6,5,3,7,3,2.66666666666667,4.25
"East Midlands","Wave 39 - May 2023","Every day",5,5,5,4,4,2,1,"Yes",3,7,7,5,9,1,5,5
"South East","Wave 39 - May 2023","More than twice a week, but not every day",5,5,5,5,5,4,4,"Yes",3,10,9,10,3,7,5,9
"West Midlands","Wave 39 - May 2023","More than twice a week, but not every day",4,4,4,5,5,4,4,"Yes",5,6,5,4,10,0,4,3.75
"North West","Wave 39 - May 2023","Once or twice a month",3,4,2,5,5,3,5,"Yes",3,7,7,7,0,10,3,7.75
"North West","Wave 39 - May 2023","More than twice a week, but not every day",4,4,4,4,4,3,3,"Yes",4,7,7,8,0,10,4,8
"Yorkshire and the Humber","Wave 39 - May 2023","Once a week",4,3,3,4,4,1,3,"Yes",1,10,10,8,0,10,3.33333333333333,9.5
"London","Wave 39 - May 2023","Once a week",4,5,4,4,4,4,3,"Yes",4,10,10,10,10,0,4.33333333333333,7.5
"London","Wave 39 - May 2023","Once a week",4,4,4,5,4,3,5,"Yes",4,8,7,7,7,3,4,6.25
"East","Wave 39 - May 2023","Every day",1,2,2,5,5,4,5,"No",1,9,10,9,0,10,1.66666666666667,9.5
"West Midlands","Wave 39 - May 2023","More than twice a week, but not every day",5,5,5,5,5,4,5,"Yes",5,6,5,6,2,8,5,6.25
"North East","Wave 39 - May 2023","Twice a week",4,4,3,5,5,4,4,"Yes",5,1,1,2,8,2,3.66666666666667,1.5
"North West","Wave 39 - May 2023","Once or twice a month",4,4,4,4,4,5,3,"Yes",4,7,8,8,6,4,4,6.75
"South East","Wave 39 - May 2023","Twice a week",1,4,4,5,5,4,4,"Yes",3,7,5,8,5,5,3,6.25
"London","Wave 39 - May 2023","Once a week",5,5,4,4,5,4,3,"Yes",3,8,8,8,2,8,4.66666666666667,8
"South East","Wave 39 - May 2023","Once or twice a month",4,4,4,4,4,2,2,"Yes",3,5,5,5,4,6,4,5.25
"East","Wave 39 - May 2023","Every day",1,1,5,5,5,5,2,"Yes",1,9,10,10,0,10,2.33333333333333,9.75
"South West","Wave 39 - May 2023","More than twice a week, but not every day",4,3,3,5,5,4,5,"Yes",2,8,9,9,1,9,3.33333333333333,8.75
"North West","Wave 39 - May 2023","Once or twice a month",4,4,4,5,5,5,5,"Yes",2,8,10,9,0,10,4,9.25
"North West","Wave 40 - June 2023","Twice a week",2,5,4,5,5,5,4,"Yes",1,8,8,9,0,10,3.66666666666667,8.75
"South East","Wave 40 - June 2023","Every day",1,4,4,2,4,1,2,"Yes",3,6,6,6,5,5,3,5.75
"London","Wave 40 - June 2023","Once a week",5,5,5,4,5,3,3,"Yes",1,8,8,8,0,10,5,8.5
"North West","Wave 40 - June 2023","More than twice a week, but not every day",5,4,4,5,3,3,3,"Yes",4,7,7,7,7,3,4.33333333333333,6
"South East","Wave 40 - June 2023","More than twice a week, but not every day",5,3,4,4,4,2,5,"No",1,8,6,9,0,10,4,8.25
"North West","Wave 40 - June 2023","Every day",4,4,5,5,5,5,4,"Yes",5,9,10,9,9,1,4.33333333333333,7.25
"East Midlands","Wave 40 - June 2023","More than twice a week, but not every day",4,4,3,5,4,2,4,"Yes",2,8,7,8,1,9,3.66666666666667,8
"Yorkshire and the Humber","Wave 40 - June 2023","Once a week",3,5,5,5,5,4,3,"Yes",1,9,9,10,5,5,4.33333333333333,8.25
"Yorkshire and the Humber","Wave 40 - June 2023","More than twice a week, but not every day",4,4,4,5,4,4,4,"Yes",4,4,4,5,3,7,4,5
"London","Wave 40 - June 2023","Once every 2-3 months",5,2,2,4,4,3,3,"Yes",2,3,4,5,0,10,3,5.5
"Yorkshire and the Humber","Wave 40 - June 2023","More than twice a week, but not every day",4,5,2,3,4,3,5,"No",4,7,8,7,7,3,3.66666666666667,6.25
"Yorkshire and the Humber","Wave 40 - June 2023","Once or twice a month",2,2,2,4,5,1,2,"Yes",3,6,7,8,6,4,2,6.25
"East Midlands","Wave 40 - June 2023","Every day",5,3,4,4,3,4,3,"No",1,8,8,9,0,10,4,8.75
"South East","Wave 40 - June 2023","Once every 2-3 months",5,3,4,5,4,4,3,"Yes",4,7,4,5,2,8,4,6
"London","Wave 40 - June 2023","More than twice a week, but not every day",5,3,2,5,5,4,2,"Yes",2,6,10,6,6,4,3.33333333333333,6.5
"Yorkshire and the Humber","Wave 40 - June 2023","Once or twice a month",5,2,2,4,4,2,1,"Yes",3,8,8,8,0,10,3,8.5
"North West","Wave 40 - June 2023","Twice a week",1,1,1,4,5,4,4,"Yes",2,9,9,10,10,0,1,7
"West Midlands","Wave 40 - June 2023","Once a week",1,1,1,5,5,3,4,"Yes",2,7,7,8,2,8,1,7.5
"North West","Wave 40 - June 2023","Twice a week",5,5,4,5,5,3,5,"Yes",4,8,8,7,8,2,4.66666666666667,6.25
"South East","Wave 40 - June 2023","Twice a week",5,4,4,4,4,5,3,"No",1,6,9,7,8,2,4.33333333333333,6
"Yorkshire and the Humber","Wave 40 - June 2023","Once a week",5,5,5,5,4,3,3,"Yes",2,7,5,7,3,7,5,6.5
"Yorkshire and the Humber","Wave 40 - June 2023","More than twice a week, but not every day",3,3,3,5,4,3,2,"Yes",5,4,4,4,5,5,3,4.25
"North East","Wave 40 - June 2023","More than twice a week, but not every day",2,4,2,4,4,4,4,"Yes",4,6,7,5,3,7,2.66666666666667,6.25
"London","Wave 40 - June 2023","More than twice a week, but not every day",1,4,5,5,5,2,3,"No",4,0,3,2,0,10,3.33333333333333,3.75
"South East","Wave 40 - June 2023","Once every 2-3 months",4,4,4,2,2,3,1,"No",3,6,6,7,4,6,4,6.25
"South East","Wave 40 - June 2023","More than twice a week, but not every day",5,4,4,4,4,3,4,"Yes",5,7,7,5,5,5,4.33333333333333,6
"North West","Wave 40 - June 2023","Twice a week",1,2,2,4,5,2,2,"No",5,2,1,2,4,6,1.66666666666667,2.75
"North West","Wave 40 - June 2023","Twice a week",1,3,3,5,4,2,2,"Yes",5,3,0,3,0,10,2.33333333333333,4
"East Midlands","Wave 40 - June 2023","Once or twice a month",1,3,1,1,2,1,1,"Yes",1,0,0,2,10,0,1.66666666666667,0.5
"South West","Wave 40 - June 2023","Once or twice a month",4,4,4,1,1,1,1,"No",5,6,6,4,8,2,4,4.5
"South East","Wave 40 - June 2023","Once a week",4,4,4,5,4,4,5,"Yes",4,8,10,10,7,3,4,7.75
"London","Wave 40 - June 2023","More than twice a week, but not every day",4,4,4,4,4,3,4,"Yes",2,8,6,8,3,7,4,7.25
"North East","Wave 40 - June 2023","Every day",5,4,3,2,2,1,1,"No",2,9,9,10,0,10,4,9.5
"South East","Wave 40 - June 2023","Twice a week",4,4,4,4,4,4,3,"Yes",4,8,7,8,2,8,4,7.75
"West Midlands","Wave 40 - June 2023","Every day",1,4,5,4,5,4,4,"Yes",3,10,10,8,0,10,3.33333333333333,9.5
"North West","Wave 40 - June 2023","Less often",5,4,4,4,4,3,3,"No",5,3,3,3,6,4,4.33333333333333,3.25
"Yorkshire and the Humber","Wave 40 - June 2023","Every day",2,5,5,5,5,3,5,"Yes",1,8,10,9,0,10,4,9.25
"Yorkshire and the Humber","Wave 40 - June 2023","Once every 2-3 months",5,4,4,4,5,3,3,"Yes",5,0,0,3,5,5,4.33333333333333,2
"North East","Wave 40 - June 2023","Twice a week",4,4,4,4,4,2,4,"Yes",2,3,6,6,3,7,4,5.5
"South West","Wave 40 - June 2023","More than twice a week, but not every day",5,4,4,4,4,2,5,"Yes",4,6,8,4,0,10,4.33333333333333,7
"South West","Wave 40 - June 2023","Twice a week",4,4,3,3,4,2,2,"No",5,5,5,5,5,5,3.66666666666667,5
"South East","Wave 40 - June 2023","Once a week",1,1,1,4,4,1,3,"No",1,10,10,10,0,10,1,10
"North East","Wave 40 - June 2023","More than twice a week, but not every day",4,4,4,4,4,2,4,"Yes",3,7,7,8,5,5,4,6.75
"South East","Wave 40 - June 2023","Twice a week",2,1,1,5,5,2,1,"No",1,10,10,10,10,0,1.33333333333333,7.5
"East","Wave 40 - June 2023","Every day",5,4,3,5,5,5,4,"Yes",5,8,7,9,8,2,4,6.5
"London","Wave 40 - June 2023","More than twice a week, but not every day",2,2,5,4,4,1,3,"No",4,6,8,6,3,7,3,6.75
"South West","Wave 40 - June 2023","Twice a week",5,5,4,5,5,4,4,"Yes",1,8,10,9,0,10,4.66666666666667,9.25
"South East","Wave 40 - June 2023","Every day",4,4,4,4,4,4,4,"Yes",4,8,8,8,6,4,4,7
"East Midlands","Wave 40 - June 2023","More than twice a week, but not every day",4,4,4,4,4,3,4,"Yes",2,8,8,8,4,6,4,7.5
"North East","Wave 40 - June 2023","Once a week",1,4,3,5,5,3,4,"Yes",2,7,9,6,3,7,2.66666666666667,7.25
"East Midlands","Wave 40 - June 2023","Twice a week",1,1,1,5,5,4,4,"Yes",3,8,9,8,9,1,1,6.5
"South East","Wave 40 - June 2023","Every day",5,5,5,5,5,5,5,"Yes",2,10,8,9,0,10,5,9.25
"North West","Wave 40 - June 2023","Once every 2-3 months",4,3,3,4,5,2,3,"Yes",1,5,5,7,2,8,3.33333333333333,6.25
"London","Wave 40 - June 2023","Twice a week",1,1,1,5,5,5,5,"Yes",2,10,10,10,10,0,1,7.5
"North West","Wave 40 - June 2023","Twice a week",3,4,4,4,4,3,3,"Yes",2,7,7,7,4,6,3.66666666666667,6.75
"East","Wave 40 - June 2023","More than twice a week, but not every day",3,4,4,4,4,5,3,"Yes",4,8,8,6,7,3,3.66666666666667,6.25
"London","Wave 40 - June 2023","Every day",5,5,5,5,5,4,4,"Yes",5,8,6,9,8,2,5,6.25
"East","Wave 40 - June 2023","Twice a week",4,4,4,4,4,3,2,"No",5,4,4,3,7,3,4,3.5
"South East","Wave 40 - June 2023","More than twice a week, but not every day",5,4,4,4,4,3,2,"Yes",2,7,9,7,8,2,4.33333333333333,6.25
"South East","Wave 40 - June 2023","Twice a week",5,5,5,5,5,4,3,"Yes",5,9,10,8,9,1,5,7
"East Midlands","Wave 40 - June 2023","More than twice a week, but not every day",4,5,4,5,5,4,5,"Yes",4,8,9,7,1,9,4.33333333333333,8.25
"East Midlands","Wave 40 - June 2023","Every day",3,5,4,3,4,2,3,"Yes",3,9,8,8,8,2,4,6.75
"North West","Wave 40 - June 2023","More than twice a week, but not every day",5,5,5,4,5,3,3,"Yes",2,8,8,7,3,7,5,7.5
"North West","Wave 40 - June 2023","More than twice a week, but not every day",5,5,5,5,5,3,3,"Yes",1,8,6,8,2,8,5,7.5
"North West","Wave 40 - June 2023","Every day",4,4,4,3,4,4,2,"Yes",2,8,8,8,3,7,4,7.75
"North West","Wave 40 - June 2023","Every day",5,5,5,5,5,5,5,"Yes",4,10,10,10,10,0,5,7.5
"Yorkshire and the Humber","Wave 40 - June 2023","More than twice a week, but not every day",5,5,5,4,4,4,2,"Yes",2,9,9,5,0,10,5,8.25
"North West","Wave 40 - June 2023","More than twice a week, but not every day",5,5,5,5,5,1,4,"Yes",3,7,8,8,5,5,5,7
"North East","Wave 40 - June 2023","Every day",2,2,2,5,4,4,4,"No",3,5,5,6,7,3,2,4.75
"North West","Wave 40 - June 2023","Every day",4,4,4,5,5,4,3,"Yes",5,5,5,5,7,3,4,4.5
"South West","Wave 40 - June 2023","Every day",5,5,5,5,5,4,5,"Yes",5,10,10,10,10,0,5,7.5
"Yorkshire and the Humber","Wave 40 - June 2023","Once or twice a month",5,5,5,5,5,2,4,"Yes",5,3,3,3,10,0,5,2.25
"South East","Wave 40 - June 2023","More than twice a week, but not every day",2,4,4,5,5,4,4,"Yes",3,7,8,8,7,3,3.33333333333333,6.5
"South East","Wave 40 - June 2023","Every day",5,4,4,4,4,5,5,"Yes",4,7,7,6,7,3,4.33333333333333,5.75
"London","Wave 40 - June 2023","Every day",4,4,4,5,5,3,5,"Yes",5,3,3,4,5,5,4,3.75
"North West","Wave 40 - June 2023","More than twice a week, but not every day",1,1,5,4,4,3,4,"Yes",2,7,9,10,2,8,2.33333333333333,8.5
"London","Wave 40 - June 2023","Twice a week",5,5,4,3,4,4,1,"Yes",2,8,8,9,0,10,4.66666666666667,8.75
"South West","Wave 40 - June 2023","More than twice a week, but not every day",4,5,5,4,4,3,3,"Yes",5,4,3,4,7,3,4.66666666666667,3.5
"South West","Wave 40 - June 2023","More than twice a week, but not every day",4,4,3,4,4,3,5,"Yes",4,3,3,4,9,1,3.66666666666667,2.75
"London","Wave 40 - June 2023","Once a week",4,1,4,4,4,1,1,"Yes",5,10,6,8,3,7,3,7.75
"South West","Wave 40 - June 2023","More than twice a week, but not every day",5,4,5,3,3,1,2,"No",2,0,10,4,0,10,4.66666666666667,6
"East","Wave 40 - June 2023","Once or twice a month",4,4,4,4,5,5,3,"Yes",1,8,8,8,0,10,4,8.5
"West Midlands","Wave 40 - June 2023","Every day",1,5,5,5,5,3,4,"Yes",4,8,10,10,3,7,3.66666666666667,8.75
"South East","Wave 40 - June 2023","Once or twice a month",4,4,4,5,5,4,5,"Yes",1,10,10,10,0,10,4,10
"East","Wave 40 - June 2023","Once or twice a month",4,4,4,5,4,3,3,"Yes",1,9,10,10,0,10,4,9.75
"North West","Wave 40 - June 2023","More than twice a week, but not every day",5,5,4,5,4,3,4,"Yes",2,8,8,8,4,6,4.66666666666667,7.5
"East Midlands","Wave 40 - June 2023","Twice a week",4,5,5,4,3,4,3,"Yes",1,7,9,9,0,10,4.66666666666667,8.75
"West Midlands","Wave 40 - June 2023","More than twice a week, but not every day",4,4,4,5,5,3,3,"Yes",2,6,6,6,7,3,4,5.25
"South East","Wave 40 - June 2023","More than twice a week, but not every day",4,4,4,4,4,3,4,"Yes",5,0,0,0,8,2,4,0.5
"London","Wave 40 - June 2023","Every day",5,5,5,5,5,4,4,"Yes",5,10,10,10,10,0,5,7.5
"East","Wave 40 - June 2023","Every day",1,5,5,4,4,4,2,"Yes",4,9,10,8,7,3,3.66666666666667,7.5
"South East","Wave 40 - June 2023","Twice a week",2,4,4,4,4,2,5,"Yes",2,6,6,8,1,9,3.33333333333333,7.25
"South East","Wave 40 - June 2023","Every day",1,2,1,5,4,1,1,"No",3,5,7,9,8,2,1.33333333333333,5.75
"London","Wave 40 - June 2023","Every day",5,5,5,5,5,4,4,"Yes",5,10,10,10,10,0,5,7.5
"London","Wave 40 - June 2023","Every day",5,5,5,4,4,3,3,"Yes",4,9,9,9,9,1,5,7
"West Midlands","Wave 40 - June 2023","Every day",4,5,4,5,4,4,4,"Yes",4,6,6,7,4,6,4.33333333333333,6.25
"West Midlands","Wave 40 - June 2023","More than twice a week, but not every day",5,5,5,5,4,4,4,"Yes",2,8,9,9,9,1,5,6.75
"South East","Wave 40 - June 2023","More than twice a week, but not every day",4,3,4,5,5,3,2,"Yes",3,8,7,10,6,4,3.66666666666667,7.25
"South West","Wave 40 - June 2023","Once a week",1,1,1,5,5,1,3,"Yes",3,4,4,4,4,6,1,4.5
"South East","Wave 40 - June 2023","Twice a week",4,4,4,4,4,2,2,"Yes",3,8,7,7,2,8,4,7.5
"West Midlands","Wave 40 - June 2023","Once or twice a month",4,2,2,4,4,3,3,"Yes",3,7,6,7,4,6,2.66666666666667,6.5
"Yorkshire and the Humber","Wave 40 - June 2023","Less often",4,4,3,2,2,3,2,"No",4,3,3,5,0,10,3.66666666666667,5.25
"East Midlands","Wave 40 - June 2023","Every day",3,4,3,5,4,5,2,"Yes",4,2,4,3,3,7,3.33333333333333,4
"East Midlands","Wave 40 - June 2023","Once every 2-3 months",4,4,4,4,4,4,4,"Yes",2,8,8,9,0,10,4,8.75
"South East","Wave 40 - June 2023","Once a week",5,5,4,4,4,1,2,"Yes",4,5,5,5,5,5,4.66666666666667,5
"London","Wave 40 - June 2023","More than twice a week, but not every day",4,4,4,4,4,3,3,"Yes",1,8,8,9,0,10,4,8.75
"South East","Wave 40 - June 2023","More than twice a week, but not every day",4,4,4,4,4,3,3,"Yes",3,6,5,5,8,2,4,4.5
"South East","Wave 40 - June 2023","Once or twice a month",5,4,3,4,3,5,4,"Yes",4,7,8,6,9,1,4,5.5
"Yorkshire and the Humber","Wave 40 - June 2023","Twice a week",5,4,4,5,4,2,5,"Yes",3,8,8,8,5,5,4.33333333333333,7.25
"North West","Wave 40 - June 2023","Once a week",1,1,1,5,5,3,3,"Yes",4,7,7,5,0,10,1,7.25
"London","Wave 40 - June 2023","More than twice a week, but not every day",1,1,1,5,4,4,1,"Yes",4,6,6,6,0,10,1,7
"North West","Wave 40 - June 2023","More than twice a week, but not every day",1,1,1,5,5,4,4,"Yes",2,8,8,7,1,9,1,8
"South West","Wave 40 - June 2023","Twice a week",2,1,1,5,5,4,2,"Yes",1,9,9,9,7,3,1.33333333333333,7.5
"South East","Wave 40 - June 2023","Once or twice a month",1,1,1,5,5,4,4,"Yes",4,9,7,4,0,10,1,7.5
"South West","Wave 40 - June 2023","Every day",5,5,5,5,4,3,3,"Yes",3,7,9,6,8,2,5,6
"East","Wave 40 - June 2023","More than twice a week, but not every day",5,4,3,4,5,3,3,"Yes",1,9,10,9,8,2,4,7.5
"South West","Wave 40 - June 2023","Every day",5,5,4,4,2,2,3,"Yes",5,2,4,2,3,7,4.66666666666667,3.75
"South East","Wave 40 - June 2023","More than twice a week, but not every day",4,4,4,4,4,3,4,"Yes",4,8,8,7,10,0,4,5.75
"West Midlands","Wave 40 - June 2023","Every day",4,4,4,5,4,4,4,"Yes",5,8,7,5,9,1,4,5.25
"East","Wave 40 - June 2023","Once or twice a month",4,4,4,4,4,3,3,"Yes",3,8,9,7,6,4,4,7
