"Participant ID","Country name","Gender","Age","relationship_status","Freedom.of.Choice","Satisfaction-with-life"
68070001,"Bolivia, Plurinational State of",0,60,"married",7,5
68070002,"Bolivia, Plurinational State of",0,40,"married",8,7
68070003,"Bolivia, Plurinational State of",0,25,"single",10,8
68070004,"Bolivia, Plurinational State of",1,71,"widowed",5,5
68070005,"Bolivia, Plurinational State of",1,38,"married",5,7
68070006,"Bolivia, Plurinational State of",1,20,"separated",5,3
68070007,"Bolivia, Plurinational State of",0,39,"single",5,3
68070008,"Bolivia, Plurinational State of",1,19,"single",10,8
68070009,"Bolivia, Plurinational State of",0,20,"single",6,7
68070010,"Bolivia, Plurinational State of",1,37,"married",9,8
68070011,"Bolivia, Plurinational State of",1,42,"living together as married",5,9
68070012,"Bolivia, Plurinational State of",1,73,"widowed",8,6
68070013,"Bolivia, Plurinational State of",1,32,"single",8,7
68070014,"Bolivia, Plurinational State of",0,54,"living together as married",7,7
68070015,"Bolivia, Plurinational State of",1,26,"living together as married",5,4
68070016,"Bolivia, Plurinational State of",1,26,"married",10,8
68070017,"Bolivia, Plurinational State of",1,56,"married",NA,5
68070018,"Bolivia, Plurinational State of",1,22,"living together as married",6,10
68070019,"Bolivia, Plurinational State of",0,40,"married",5,10
68070020,"Bolivia, Plurinational State of",1,50,"divorced",9,9
68070021,"Bolivia, Plurinational State of",0,80,"married",8,8
68070022,"Bolivia, Plurinational State of",1,25,"single",6,6
68070023,"Bolivia, Plurinational State of",0,85,"married",10,2
68070024,"Bolivia, Plurinational State of",1,36,"living together as married",10,8
68070025,"Bolivia, Plurinational State of",0,23,"single",10,10
68070026,"Bolivia, Plurinational State of",0,35,"married",10,10
68070027,"Bolivia, Plurinational State of",1,18,"single",10,8
68070028,"Bolivia, Plurinational State of",0,51,"married",7,8
68070029,"Bolivia, Plurinational State of",0,29,"single",8,8
68070030,"Bolivia, Plurinational State of",0,25,"single",8,8
68070031,"Bolivia, Plurinational State of",1,30,"living together as married",5,9
68070032,"Bolivia, Plurinational State of",0,27,"living together as married",8,9
68070033,"Bolivia, Plurinational State of",0,39,"living together as married",3,7
68070034,"Bolivia, Plurinational State of",0,19,"single",7,10
68070035,"Bolivia, Plurinational State of",0,42,"married",9,8
68070036,"Bolivia, Plurinational State of",1,41,"married",10,8
68070037,"Bolivia, Plurinational State of",1,47,"married",5,4
68070038,"Bolivia, Plurinational State of",1,65,"married",10,5
68070039,"Bolivia, Plurinational State of",0,37,"married",5,8
68070040,"Bolivia, Plurinational State of",0,60,"married",7,8
68070041,"Bolivia, Plurinational State of",1,37,"living together as married",10,1
68070042,"Bolivia, Plurinational State of",1,22,"single",1,4
68070043,"Bolivia, Plurinational State of",0,43,"married",7,9
68070044,"Bolivia, Plurinational State of",0,71,"married",8,5
68070045,"Bolivia, Plurinational State of",1,30,"single",8,8
68070046,"Bolivia, Plurinational State of",1,18,"single",3,6
68070047,"Bolivia, Plurinational State of",0,46,"married",5,5
68070048,"Bolivia, Plurinational State of",0,27,"single",10,10
68070049,"Bolivia, Plurinational State of",1,39,"married",8,9
68070050,"Bolivia, Plurinational State of",1,67,"widowed",5,5
68070051,"Bolivia, Plurinational State of",1,35,"single",5,7
68070052,"Bolivia, Plurinational State of",0,34,"married",8,5
68070053,"Bolivia, Plurinational State of",0,19,"single",7,8
68070054,"Bolivia, Plurinational State of",0,38,"single",9,7
68070055,"Bolivia, Plurinational State of",1,27,"married",8,8
68070056,"Bolivia, Plurinational State of",1,71,"divorced",9,7
68070057,"Bolivia, Plurinational State of",1,44,"married",10,10
68070058,"Bolivia, Plurinational State of",0,20,"single",8,8
68070059,"Bolivia, Plurinational State of",1,24,"living together as married",NA,10
68070060,"Bolivia, Plurinational State of",0,56,"married",5,6
68070061,"Bolivia, Plurinational State of",0,21,"living together as married",10,8
68070062,"Bolivia, Plurinational State of",1,20,"single",8,8
68070063,"Bolivia, Plurinational State of",0,20,"single",8,7
68070064,"Bolivia, Plurinational State of",0,58,"married",5,7
68070065,"Bolivia, Plurinational State of",1,29,"married",10,10
68070066,"Bolivia, Plurinational State of",0,22,"married",10,10
68070067,"Bolivia, Plurinational State of",1,18,"single",6,8
68070068,"Bolivia, Plurinational State of",0,51,"married",10,10
68070069,"Bolivia, Plurinational State of",1,25,"single",10,10
68070070,"Bolivia, Plurinational State of",1,20,"single",8,10
68070071,"Bolivia, Plurinational State of",0,37,"married",5,4
68070072,"Bolivia, Plurinational State of",0,23,"married",6,5
68070073,"Bolivia, Plurinational State of",1,40,"married",5,5
68070074,"Bolivia, Plurinational State of",0,69,"married",6,5
68070075,"Bolivia, Plurinational State of",1,21,"living together as married",6,10
68070076,"Bolivia, Plurinational State of",0,22,"living together as married",10,9
68070077,"Bolivia, Plurinational State of",0,24,"living together as married",8,7
68070078,"Bolivia, Plurinational State of",0,28,"married",9,7
68070079,"Bolivia, Plurinational State of",1,35,"married",6,7
68070080,"Bolivia, Plurinational State of",1,26,"married",7,5
68070081,"Bolivia, Plurinational State of",1,35,"living together as married",7,8
68070082,"Bolivia, Plurinational State of",1,18,"single",9,9
68070083,"Bolivia, Plurinational State of",0,20,"single",9,9
68070084,"Bolivia, Plurinational State of",1,75,"widowed",10,5
68070085,"Bolivia, Plurinational State of",0,49,"living together as married",10,10
68070086,"Bolivia, Plurinational State of",1,58,"married",1,10
68070087,"Bolivia, Plurinational State of",1,32,"married",5,9
68070088,"Bolivia, Plurinational State of",1,34,"single",6,5
68070089,"Bolivia, Plurinational State of",1,45,"married",6,3
68070090,"Bolivia, Plurinational State of",0,26,"single",8,9
68070091,"Bolivia, Plurinational State of",0,34,"married",9,8
68070092,"Bolivia, Plurinational State of",0,57,"separated",8,6
68070093,"Bolivia, Plurinational State of",0,26,"single",8,7
68070094,"Bolivia, Plurinational State of",0,40,"separated",8,5
68070095,"Bolivia, Plurinational State of",1,55,"widowed",8,9
68070096,"Bolivia, Plurinational State of",1,33,"separated",10,3
68070097,"Bolivia, Plurinational State of",1,46,"married",10,8
68070098,"Bolivia, Plurinational State of",1,67,"widowed",5,6
68070099,"Bolivia, Plurinational State of",0,60,"married",5,7
68070100,"Bolivia, Plurinational State of",0,55,"married",8,7
68070101,"Bolivia, Plurinational State of",0,36,"living together as married",8,7
68070102,"Bolivia, Plurinational State of",0,67,"married",5,6
68070103,"Bolivia, Plurinational State of",0,33,"living together as married",9,7
68070104,"Bolivia, Plurinational State of",0,35,"married",7,6
68070105,"Bolivia, Plurinational State of",1,59,"living together as married",10,5
68070106,"Bolivia, Plurinational State of",1,27,"living together as married",6,5
68070107,"Bolivia, Plurinational State of",0,18,"single",8,10
68070108,"Bolivia, Plurinational State of",1,28,"single",8,5
68070109,"Bolivia, Plurinational State of",0,19,"single",8,8
68070110,"Bolivia, Plurinational State of",1,25,"living together as married",5,8
68070111,"Bolivia, Plurinational State of",0,26,"single",4,7
68070112,"Bolivia, Plurinational State of",0,54,"married",5,6
68070113,"Bolivia, Plurinational State of",0,32,"single",10,5
68070114,"Bolivia, Plurinational State of",1,21,"living together as married",8,9
68070115,"Bolivia, Plurinational State of",1,65,"married",10,10
68070116,"Bolivia, Plurinational State of",0,22,"single",9,8
68070117,"Bolivia, Plurinational State of",1,22,"single",3,5
68070118,"Bolivia, Plurinational State of",0,47,"married",6,6
68070119,"Bolivia, Plurinational State of",1,19,"single",5,10
68070120,"Bolivia, Plurinational State of",0,22,"single",8,7
68070121,"Bolivia, Plurinational State of",1,32,"married",9,8
68070122,"Bolivia, Plurinational State of",1,20,"living together as married",4,7
68070123,"Bolivia, Plurinational State of",1,30,"married",9,8
68070124,"Bolivia, Plurinational State of",0,18,"single",9,10
68070125,"Bolivia, Plurinational State of",0,36,"married",7,5
68070126,"Bolivia, Plurinational State of",1,21,"living together as married",10,9
68070127,"Bolivia, Plurinational State of",1,44,"single",6,5
68070128,"Bolivia, Plurinational State of",1,40,"married",8,8
68070129,"Bolivia, Plurinational State of",1,49,"married",5,4
68070130,"Bolivia, Plurinational State of",0,48,"single",8,6
68070131,"Bolivia, Plurinational State of",1,43,"married",8,9
68070132,"Bolivia, Plurinational State of",1,21,"single",6,8
68070133,"Bolivia, Plurinational State of",1,48,"widowed",8,9
68070134,"Bolivia, Plurinational State of",1,49,"married",7,5
68070135,"Bolivia, Plurinational State of",0,70,"married",7,8
68070136,"Bolivia, Plurinational State of",1,26,"married",6,8
68070137,"Bolivia, Plurinational State of",0,30,"living together as married",8,9
68070138,"Bolivia, Plurinational State of",0,27,"living together as married",7,9
68070139,"Bolivia, Plurinational State of",0,40,"married",6,8
68070140,"Bolivia, Plurinational State of",0,37,"married",8,8
68070141,"Bolivia, Plurinational State of",1,37,"living together as married",9,8
68070142,"Bolivia, Plurinational State of",1,22,"living together as married",5,4
68070143,"Bolivia, Plurinational State of",0,24,"single",7,8
68070144,"Bolivia, Plurinational State of",1,37,"married",7,8
68070145,"Bolivia, Plurinational State of",0,38,"living together as married",6,8
68070146,"Bolivia, Plurinational State of",1,43,"widowed",5,5
68070147,"Bolivia, Plurinational State of",1,32,"living together as married",9,9
68070148,"Bolivia, Plurinational State of",0,22,"single",9,5
68070149,"Bolivia, Plurinational State of",0,18,"single",7,9
68070150,"Bolivia, Plurinational State of",0,58,"married",8,8
68070151,"Bolivia, Plurinational State of",1,32,"living together as married",10,6
68070152,"Bolivia, Plurinational State of",0,37,"living together as married",10,8
68070153,"Bolivia, Plurinational State of",0,21,"single",8,8
68070154,"Bolivia, Plurinational State of",1,56,"separated",10,4
68070155,"Bolivia, Plurinational State of",0,45,"living together as married",6,7
68070156,"Bolivia, Plurinational State of",0,32,"living together as married",9,9
68070157,"Bolivia, Plurinational State of",1,27,"single",3,6
68070158,"Bolivia, Plurinational State of",1,18,"single",6,8
68070159,"Bolivia, Plurinational State of",1,56,"married",9,10
68070160,"Bolivia, Plurinational State of",0,48,"living together as married",6,9
68070161,"Bolivia, Plurinational State of",0,62,"married",10,10
68070162,"Bolivia, Plurinational State of",1,18,"living together as married",9,9
68070163,"Bolivia, Plurinational State of",0,47,"married",7,7
68070164,"Bolivia, Plurinational State of",1,30,"living together as married",9,8
68070165,"Bolivia, Plurinational State of",1,71,"living together as married",4,4
68070166,"Bolivia, Plurinational State of",1,60,"single",8,8
68070167,"Bolivia, Plurinational State of",1,53,"divorced",5,5
68070168,"Bolivia, Plurinational State of",0,56,"widowed",7,10
68070169,"Bolivia, Plurinational State of",1,40,"separated",9,7
68070170,"Bolivia, Plurinational State of",1,55,"separated",8,9
68070171,"Bolivia, Plurinational State of",1,37,"married",10,10
68070172,"Bolivia, Plurinational State of",0,28,"single",8,9
68070173,"Bolivia, Plurinational State of",1,30,"single",10,6
68070174,"Bolivia, Plurinational State of",0,70,"married",10,10
68070175,"Bolivia, Plurinational State of",0,53,"divorced",5,5
68070176,"Bolivia, Plurinational State of",0,60,"married",6,5
68070177,"Bolivia, Plurinational State of",0,37,"single",9,9
68070178,"Bolivia, Plurinational State of",0,18,"single",5,4
68070179,"Bolivia, Plurinational State of",1,45,"living together as married",10,6
68070180,"Bolivia, Plurinational State of",1,32,"single",9,8
68070181,"Bolivia, Plurinational State of",0,46,"married",8,6
68070182,"Bolivia, Plurinational State of",0,37,"separated",4,5
68070183,"Bolivia, Plurinational State of",0,39,"married",7,7
68070184,"Bolivia, Plurinational State of",1,23,"single",6,7
68070185,"Bolivia, Plurinational State of",0,41,"single",6,7
68070186,"Bolivia, Plurinational State of",1,45,"married",8,8
68070187,"Bolivia, Plurinational State of",0,20,"single",6,8
68070188,"Bolivia, Plurinational State of",0,27,"single",8,8
68070189,"Bolivia, Plurinational State of",0,21,"single",7,10
68070190,"Bolivia, Plurinational State of",1,41,"living together as married",8,9
68070191,"Bolivia, Plurinational State of",1,20,"single",9,7
68070192,"Bolivia, Plurinational State of",1,76,"widowed",NA,10
68070193,"Bolivia, Plurinational State of",0,46,"living together as married",7,8
68070194,"Bolivia, Plurinational State of",1,33,"separated",6,5
68070195,"Bolivia, Plurinational State of",1,43,"separated",5,8
68070196,"Bolivia, Plurinational State of",1,47,"married",9,4
68070197,"Bolivia, Plurinational State of",1,20,"single",10,10
68070198,"Bolivia, Plurinational State of",0,18,"single",10,7
68070199,"Bolivia, Plurinational State of",0,49,"married",5,5
68070200,"Bolivia, Plurinational State of",0,40,"living together as married",NA,9
68070201,"Bolivia, Plurinational State of",0,30,"married",10,10
68070202,"Bolivia, Plurinational State of",0,24,"single",10,10
68070203,"Bolivia, Plurinational State of",1,74,"widowed",6,6
68070204,"Bolivia, Plurinational State of",0,28,"married",7,9
68070205,"Bolivia, Plurinational State of",1,18,"single",5,4
68070206,"Bolivia, Plurinational State of",1,33,"married",10,9
68070207,"Bolivia, Plurinational State of",0,28,"living together as married",8,9
68070208,"Bolivia, Plurinational State of",0,20,"single",6,7
68070209,"Bolivia, Plurinational State of",0,54,"married",7,9
68070210,"Bolivia, Plurinational State of",0,62,"married",8,9
68070211,"Bolivia, Plurinational State of",0,28,"single",10,8
68070212,"Bolivia, Plurinational State of",0,43,"single",8,3
68070213,"Bolivia, Plurinational State of",0,59,"married",8,8
68070214,"Bolivia, Plurinational State of",1,61,"divorced",8,6
68070215,"Bolivia, Plurinational State of",0,50,"divorced",5,5
68070216,"Bolivia, Plurinational State of",1,18,"single",6,7
68070217,"Bolivia, Plurinational State of",0,19,"single",10,9
68070218,"Bolivia, Plurinational State of",0,38,"married",1,10
68070219,"Bolivia, Plurinational State of",0,52,"divorced",4,2
68070220,"Bolivia, Plurinational State of",1,60,"single",10,10
68070221,"Bolivia, Plurinational State of",1,25,"married",9,9
68070222,"Bolivia, Plurinational State of",1,50,"married",5,5
68070223,"Bolivia, Plurinational State of",1,29,"married",9,9
68070224,"Bolivia, Plurinational State of",0,66,"married",7,5
68070225,"Bolivia, Plurinational State of",0,38,"married",9,7
68070226,"Bolivia, Plurinational State of",0,29,"living together as married",7,9
68070227,"Bolivia, Plurinational State of",1,26,"married",9,9
68070228,"Bolivia, Plurinational State of",1,58,"single",9,8
68070229,"Bolivia, Plurinational State of",1,63,"married",4,10
68070230,"Bolivia, Plurinational State of",0,29,"single",7,5
68070231,"Bolivia, Plurinational State of",1,18,"single",7,5
68070232,"Bolivia, Plurinational State of",0,24,"married",7,8
68070233,"Bolivia, Plurinational State of",1,52,"separated",1,1
68070234,"Bolivia, Plurinational State of",0,54,"married",8,8
68070235,"Bolivia, Plurinational State of",1,27,"single",10,8
68070236,"Bolivia, Plurinational State of",1,41,"married",9,10
68070237,"Bolivia, Plurinational State of",1,21,"living together as married",10,10
68070238,"Bolivia, Plurinational State of",1,22,"living together as married",5,8
68070239,"Bolivia, Plurinational State of",0,29,"single",10,8
68070240,"Bolivia, Plurinational State of",1,35,"living together as married",7,10
68070241,"Bolivia, Plurinational State of",1,83,"widowed",9,4
68070242,"Bolivia, Plurinational State of",1,30,"married",NA,10
68070243,"Bolivia, Plurinational State of",1,57,"married",7,6
68070244,"Bolivia, Plurinational State of",0,41,"living together as married",9,9
68070245,"Bolivia, Plurinational State of",0,20,"living together as married",8,10
68070246,"Bolivia, Plurinational State of",0,21,"single",10,10
68070247,"Bolivia, Plurinational State of",0,62,"divorced",3,5
68070248,"Bolivia, Plurinational State of",0,46,"married",8,7
68070249,"Bolivia, Plurinational State of",0,25,"living together as married",6,8
68070250,"Bolivia, Plurinational State of",1,47,"married",7,7
68070251,"Bolivia, Plurinational State of",0,30,"divorced",5,6
68070252,"Bolivia, Plurinational State of",0,24,"separated",8,8
68070253,"Bolivia, Plurinational State of",0,26,"living together as married",8,5
68070254,"Bolivia, Plurinational State of",1,45,"married",8,8
68070255,"Bolivia, Plurinational State of",1,47,"widowed",6,NA
68070256,"Bolivia, Plurinational State of",1,41,"married",10,8
68070257,"Bolivia, Plurinational State of",0,29,"single",10,10
68070258,"Bolivia, Plurinational State of",0,60,"married",8,6
68070259,"Bolivia, Plurinational State of",0,55,"married",5,8
68070260,"Bolivia, Plurinational State of",1,76,"widowed",NA,5
68070261,"Bolivia, Plurinational State of",0,34,"married",10,7
68070262,"Bolivia, Plurinational State of",1,65,"widowed",7,9
68070263,"Bolivia, Plurinational State of",1,20,"single",9,9
68070264,"Bolivia, Plurinational State of",1,61,"married",4,8
68070265,"Bolivia, Plurinational State of",1,80,"single",8,5
68070266,"Bolivia, Plurinational State of",0,19,"single",9,8
68070267,"Bolivia, Plurinational State of",0,40,"separated",7,7
68070268,"Bolivia, Plurinational State of",1,62,"divorced",10,10
68070269,"Bolivia, Plurinational State of",1,40,"married",8,9
68070270,"Bolivia, Plurinational State of",1,79,"married",8,8
68070271,"Bolivia, Plurinational State of",1,42,"married",5,4
68070272,"Bolivia, Plurinational State of",1,82,"widowed",8,8
68070273,"Bolivia, Plurinational State of",1,20,"single",5,5
68070274,"Bolivia, Plurinational State of",1,49,"widowed",8,3
68070275,"Bolivia, Plurinational State of",1,30,"divorced",7,9
68070276,"Bolivia, Plurinational State of",1,30,"separated",10,9
68070277,"Bolivia, Plurinational State of",0,46,"separated",8,7
68070278,"Bolivia, Plurinational State of",1,26,"single",3,7
68070279,"Bolivia, Plurinational State of",0,56,"living together as married",5,7
68070280,"Bolivia, Plurinational State of",1,33,"living together as married",10,4
68070281,"Bolivia, Plurinational State of",1,47,"living together as married",8,7
68070282,"Bolivia, Plurinational State of",1,19,"separated",8,9
68070283,"Bolivia, Plurinational State of",0,38,"separated",7,10
68070284,"Bolivia, Plurinational State of",1,36,"single",4,4
68070285,"Bolivia, Plurinational State of",0,48,"married",8,8
68070286,"Bolivia, Plurinational State of",0,31,"single",2,8
68070287,"Bolivia, Plurinational State of",0,23,"living together as married",8,9
68070288,"Bolivia, Plurinational State of",1,31,"living together as married",8,10
68070289,"Bolivia, Plurinational State of",0,62,"living together as married",10,5
68070290,"Bolivia, Plurinational State of",0,76,"married",8,7
68070291,"Bolivia, Plurinational State of",0,35,"married",6,6
68070292,"Bolivia, Plurinational State of",1,26,"living together as married",6,8
68070293,"Bolivia, Plurinational State of",1,42,"married",9,10
68070294,"Bolivia, Plurinational State of",1,79,"widowed",4,6
68070295,"Bolivia, Plurinational State of",1,29,"married",8,9
68070296,"Bolivia, Plurinational State of",1,32,"single",5,6
68070297,"Bolivia, Plurinational State of",0,31,"living together as married",10,8
68070298,"Bolivia, Plurinational State of",0,52,"widowed",10,3
68070299,"Bolivia, Plurinational State of",1,57,"widowed",9,8
68070300,"Bolivia, Plurinational State of",0,30,"living together as married",8,8
68070301,"Bolivia, Plurinational State of",1,27,"single",8,9
68070302,"Bolivia, Plurinational State of",1,32,"separated",10,7
68070303,"Bolivia, Plurinational State of",1,29,"divorced",9,7
68070304,"Bolivia, Plurinational State of",1,25,"married",9,10
68070305,"Bolivia, Plurinational State of",1,31,NA,NA,NA
68070306,"Bolivia, Plurinational State of",1,28,"married",8,8
68070307,"Bolivia, Plurinational State of",1,18,"single",4,7
68070308,"Bolivia, Plurinational State of",1,22,"single",8,10
68070309,"Bolivia, Plurinational State of",0,25,"single",8,10
68070310,"Bolivia, Plurinational State of",1,28,"married",8,8
68070311,"Bolivia, Plurinational State of",0,18,"single",7,8
68070312,"Bolivia, Plurinational State of",1,32,"separated",10,10
68070313,"Bolivia, Plurinational State of",1,36,"married",9,1
68070314,"Bolivia, Plurinational State of",1,28,"living together as married",9,10
68070315,"Bolivia, Plurinational State of",1,54,"living together as married",5,5
68070316,"Bolivia, Plurinational State of",0,36,"single",8,5
68070317,"Bolivia, Plurinational State of",0,40,"married",10,10
68070318,"Bolivia, Plurinational State of",1,38,"married",10,10
68070319,"Bolivia, Plurinational State of",1,31,"married",8,9
68070320,"Bolivia, Plurinational State of",1,46,"living together as married",7,8
68070321,"Bolivia, Plurinational State of",1,42,"married",7,5
68070322,"Bolivia, Plurinational State of",1,26,"single",7,5
68070323,"Bolivia, Plurinational State of",1,19,"single",10,3
68070324,"Bolivia, Plurinational State of",0,28,"living together as married",6,10
68070325,"Bolivia, Plurinational State of",1,21,"living together as married",5,7
68070326,"Bolivia, Plurinational State of",0,64,"married",7,9
68070327,"Bolivia, Plurinational State of",1,40,"married",9,9
68070328,"Bolivia, Plurinational State of",0,29,"living together as married",8,10
68070329,"Bolivia, Plurinational State of",0,36,"living together as married",6,5
68070330,"Bolivia, Plurinational State of",1,32,"single",8,8
68070331,"Bolivia, Plurinational State of",1,74,"single",7,9
68070332,"Bolivia, Plurinational State of",0,51,"married",6,8
68070333,"Bolivia, Plurinational State of",0,49,"married",8,7
68070334,"Bolivia, Plurinational State of",1,43,"living together as married",5,5
68070335,"Bolivia, Plurinational State of",0,67,"married",6,10
68070336,"Bolivia, Plurinational State of",1,61,"married",8,4
68070337,"Bolivia, Plurinational State of",0,23,"single",10,10
68070338,"Bolivia, Plurinational State of",0,54,"married",NA,6
68070339,"Bolivia, Plurinational State of",1,66,"separated",7,7
68070340,"Bolivia, Plurinational State of",1,23,"single",8,9
68070341,"Bolivia, Plurinational State of",0,19,"single",6,9
68070342,"Bolivia, Plurinational State of",0,44,"single",8,6
68070343,"Bolivia, Plurinational State of",1,29,"living together as married",10,10
68070344,"Bolivia, Plurinational State of",1,50,"married",5,7
68070345,"Bolivia, Plurinational State of",0,52,"married",10,9
68070346,"Bolivia, Plurinational State of",1,34,"married",7,8
68070347,"Bolivia, Plurinational State of",1,35,"single",7,8
68070348,"Bolivia, Plurinational State of",1,47,"married",6,10
68070349,"Bolivia, Plurinational State of",0,58,"married",6,6
68070350,"Bolivia, Plurinational State of",0,65,"widowed",5,7
68070351,"Bolivia, Plurinational State of",0,62,"married",5,8
68070352,"Bolivia, Plurinational State of",1,24,"single",5,4
68070353,"Bolivia, Plurinational State of",0,25,"married",8,8
68070354,"Bolivia, Plurinational State of",1,60,"married",8,8
68070355,"Bolivia, Plurinational State of",0,19,"living together as married",8,6
68070356,"Bolivia, Plurinational State of",1,40,"widowed",6,9
68070357,"Bolivia, Plurinational State of",0,20,"single",10,9
68070358,"Bolivia, Plurinational State of",0,24,"single",5,6
68070359,"Bolivia, Plurinational State of",0,54,"separated",4,4
68070360,"Bolivia, Plurinational State of",0,50,"single",6,10
68070361,"Bolivia, Plurinational State of",1,60,"married",NA,5
68070362,"Bolivia, Plurinational State of",0,22,"single",10,7
68070363,"Bolivia, Plurinational State of",0,60,"married",8,8
68070364,"Bolivia, Plurinational State of",1,30,"single",9,8
68070365,"Bolivia, Plurinational State of",0,57,"married",8,7
68070366,"Bolivia, Plurinational State of",0,39,"married",8,9
68070367,"Bolivia, Plurinational State of",1,27,"single",9,7
68070368,"Bolivia, Plurinational State of",1,41,"living together as married",7,6
68070369,"Bolivia, Plurinational State of",0,62,"married",8,6
68070370,"Bolivia, Plurinational State of",0,26,"single",10,10
68070371,"Bolivia, Plurinational State of",0,37,"living together as married",10,10
68070372,"Bolivia, Plurinational State of",0,18,"single",7,9
68070373,"Bolivia, Plurinational State of",1,18,"single",9,10
68070374,"Bolivia, Plurinational State of",0,32,"living together as married",8,8
68070375,"Bolivia, Plurinational State of",0,46,"married",10,10
68070376,"Bolivia, Plurinational State of",0,31,"single",2,5
68070377,"Bolivia, Plurinational State of",0,22,"married",8,8
68070378,"Bolivia, Plurinational State of",1,65,"widowed",2,10
68070379,"Bolivia, Plurinational State of",1,22,"living together as married",10,10
68070380,"Bolivia, Plurinational State of",1,20,"single",7,6
68070381,"Bolivia, Plurinational State of",0,33,"living together as married",8,8
68070382,"Bolivia, Plurinational State of",0,52,"divorced",1,1
68070383,"Bolivia, Plurinational State of",0,25,"single",6,5
68070384,"Bolivia, Plurinational State of",1,19,"single",5,6
68070385,"Bolivia, Plurinational State of",1,53,"married",NA,5
68070386,"Bolivia, Plurinational State of",1,29,"living together as married",6,5
68070387,"Bolivia, Plurinational State of",0,27,"single",5,6
68070388,"Bolivia, Plurinational State of",1,29,"married",7,7
68070389,"Bolivia, Plurinational State of",0,25,"living together as married",7,7
68070390,"Bolivia, Plurinational State of",0,75,"widowed",5,6
68070391,"Bolivia, Plurinational State of",1,48,"married",NA,8
68070392,"Bolivia, Plurinational State of",0,62,"married",8,8
68070393,"Bolivia, Plurinational State of",1,27,"living together as married",8,8
68070394,"Bolivia, Plurinational State of",0,19,"single",8,9
68070395,"Bolivia, Plurinational State of",0,22,"single",6,9
68070396,"Bolivia, Plurinational State of",1,30,"married",5,10
68070397,"Bolivia, Plurinational State of",0,40,"married",5,9
68070398,"Bolivia, Plurinational State of",0,34,"single",9,6
68070399,"Bolivia, Plurinational State of",0,59,"married",10,10
68070400,"Bolivia, Plurinational State of",0,67,"married",5,10
68070401,"Bolivia, Plurinational State of",1,27,"single",5,7
68070402,"Bolivia, Plurinational State of",0,33,"divorced",10,6
68070403,"Bolivia, Plurinational State of",0,50,"separated",5,5
68070404,"Bolivia, Plurinational State of",0,35,"single",7,8
68070405,"Bolivia, Plurinational State of",0,45,"married",6,7
68070406,"Bolivia, Plurinational State of",0,29,"single",8,10
68070407,"Bolivia, Plurinational State of",1,23,"single",10,9
68070408,"Bolivia, Plurinational State of",1,30,"single",10,10
68070409,"Bolivia, Plurinational State of",1,40,"single",10,10
68070410,"Bolivia, Plurinational State of",1,47,"married",6,8
68070411,"Bolivia, Plurinational State of",1,67,"widowed",8,9
68070412,"Bolivia, Plurinational State of",1,27,"living together as married",6,7
68070413,"Bolivia, Plurinational State of",1,31,"living together as married",7,2
68070414,"Bolivia, Plurinational State of",1,33,"living together as married",10,10
68070415,"Bolivia, Plurinational State of",1,40,"married",1,1
68070416,"Bolivia, Plurinational State of",1,55,"single",10,7
68070417,"Bolivia, Plurinational State of",0,18,"single",5,7
68070418,"Bolivia, Plurinational State of",0,20,"single",8,9
68070419,"Bolivia, Plurinational State of",0,37,"married",8,9
68070420,"Bolivia, Plurinational State of",0,22,"single",5,8
68070421,"Bolivia, Plurinational State of",1,27,"single",8,8
68070422,"Bolivia, Plurinational State of",1,33,"married",10,10
68070423,"Bolivia, Plurinational State of",0,25,"single",8,8
68070424,"Bolivia, Plurinational State of",1,21,"married",8,6
68070425,"Bolivia, Plurinational State of",1,65,"living together as married",4,4
68070426,"Bolivia, Plurinational State of",1,46,"divorced",5,3
68070427,"Bolivia, Plurinational State of",0,61,"single",10,10
68070428,"Bolivia, Plurinational State of",1,55,"divorced",10,10
68070429,"Bolivia, Plurinational State of",0,18,"single",8,9
68070430,"Bolivia, Plurinational State of",1,38,"married",6,7
68070431,"Bolivia, Plurinational State of",0,36,"living together as married",8,2
68070432,"Bolivia, Plurinational State of",0,47,"married",8,7
68070433,"Bolivia, Plurinational State of",0,42,"married",10,10
68070434,"Bolivia, Plurinational State of",0,48,"living together as married",10,9
68070435,"Bolivia, Plurinational State of",0,43,"living together as married",7,8
68070436,"Bolivia, Plurinational State of",1,34,"married",8,5
68070437,"Bolivia, Plurinational State of",0,28,"living together as married",8,8
68070438,"Bolivia, Plurinational State of",1,28,"living together as married",6,6
68070439,"Bolivia, Plurinational State of",0,51,"married",7,7
68070440,"Bolivia, Plurinational State of",1,24,"single",7,7
68070441,"Bolivia, Plurinational State of",0,68,"married",10,6
68070442,"Bolivia, Plurinational State of",0,58,"married",9,9
68070443,"Bolivia, Plurinational State of",0,18,"single",6,7
68070444,"Bolivia, Plurinational State of",1,29,"married",10,10
68070445,"Bolivia, Plurinational State of",1,21,"living together as married",7,9
68070446,"Bolivia, Plurinational State of",1,52,"living together as married",5,5
68070447,"Bolivia, Plurinational State of",0,36,"married",8,8
68070448,"Bolivia, Plurinational State of",0,45,"separated",10,7
68070449,"Bolivia, Plurinational State of",1,28,"married",10,8
68070450,"Bolivia, Plurinational State of",1,63,"widowed",10,10
68070451,"Bolivia, Plurinational State of",0,33,"single",7,8
68070452,"Bolivia, Plurinational State of",0,20,"single",6,10
68070453,"Bolivia, Plurinational State of",0,40,"married",9,7
68070454,"Bolivia, Plurinational State of",1,23,"living together as married",5,10
68070455,"Bolivia, Plurinational State of",1,29,"living together as married",4,5
68070456,"Bolivia, Plurinational State of",1,20,"single",7,9
68070457,"Bolivia, Plurinational State of",0,39,"married",6,8
68070458,"Bolivia, Plurinational State of",1,38,"single",7,8
68070459,"Bolivia, Plurinational State of",1,31,"single",5,3
68070460,"Bolivia, Plurinational State of",0,19,"living together as married",2,6
68070461,"Bolivia, Plurinational State of",1,54,"separated",8,6
68070462,"Bolivia, Plurinational State of",1,43,"married",5,4
68070463,"Bolivia, Plurinational State of",0,27,"living together as married",5,5
68070464,"Bolivia, Plurinational State of",1,23,"single",5,10
68070465,"Bolivia, Plurinational State of",1,26,"married",7,5
68070466,"Bolivia, Plurinational State of",0,36,"living together as married",9,2
68070467,"Bolivia, Plurinational State of",0,21,"single",8,10
68070468,"Bolivia, Plurinational State of",0,72,"married",3,8
68070469,"Bolivia, Plurinational State of",1,66,"married",NA,4
68070470,"Bolivia, Plurinational State of",0,27,"single",9,9
68070471,"Bolivia, Plurinational State of",1,72,"widowed",7,6
68070472,"Bolivia, Plurinational State of",1,44,"married",4,8
68070473,"Bolivia, Plurinational State of",1,38,"separated",10,7
68070474,"Bolivia, Plurinational State of",0,25,"single",1,2
68070475,"Bolivia, Plurinational State of",1,43,"living together as married",5,7
68070476,"Bolivia, Plurinational State of",1,28,"married",5,8
68070477,"Bolivia, Plurinational State of",1,38,"married",NA,5
68070478,"Bolivia, Plurinational State of",1,38,"married",5,7
68070479,"Bolivia, Plurinational State of",0,45,"married",10,10
68070480,"Bolivia, Plurinational State of",1,66,"living together as married",5,4
68070481,"Bolivia, Plurinational State of",1,55,"widowed",5,5
68070482,"Bolivia, Plurinational State of",0,44,"married",10,8
68070483,"Bolivia, Plurinational State of",1,42,"married",9,9
68070484,"Bolivia, Plurinational State of",0,35,"married",10,5
68070485,"Bolivia, Plurinational State of",1,24,"single",8,7
68070486,"Bolivia, Plurinational State of",1,49,"separated",6,4
68070487,"Bolivia, Plurinational State of",1,28,"married",8,10
68070488,"Bolivia, Plurinational State of",0,68,"single",5,4
68070489,"Bolivia, Plurinational State of",0,18,"single",5,8
68070490,"Bolivia, Plurinational State of",0,30,"single",8,7
68070491,"Bolivia, Plurinational State of",0,28,"living together as married",7,7
68070492,"Bolivia, Plurinational State of",0,31,"single",9,7
68070493,"Bolivia, Plurinational State of",1,28,"married",NA,NA
68070494,"Bolivia, Plurinational State of",1,45,"widowed",8,6
68070495,"Bolivia, Plurinational State of",1,18,"single",10,6
68070496,"Bolivia, Plurinational State of",0,22,"single",8,7
68070497,"Bolivia, Plurinational State of",0,21,"single",7,8
68070498,"Bolivia, Plurinational State of",0,74,"married",7,9
68070499,"Bolivia, Plurinational State of",1,22,"married",6,4
68070500,"Bolivia, Plurinational State of",0,18,"single",10,10
68070501,"Bolivia, Plurinational State of",0,72,"married",10,2
68070502,"Bolivia, Plurinational State of",1,35,"married",10,10
68070503,"Bolivia, Plurinational State of",0,18,"single",8,9
68070504,"Bolivia, Plurinational State of",1,32,"separated",10,8
68070505,"Bolivia, Plurinational State of",1,20,"living together as married",6,8
68070506,"Bolivia, Plurinational State of",1,29,"married",10,7
68070507,"Bolivia, Plurinational State of",1,28,"single",9,7
68070508,"Bolivia, Plurinational State of",0,52,"separated",5,10
68070509,"Bolivia, Plurinational State of",0,63,"married",10,10
68070510,"Bolivia, Plurinational State of",0,27,"single",7,8
68070511,"Bolivia, Plurinational State of",1,28,"married",8,7
68070512,"Bolivia, Plurinational State of",0,51,"separated",6,6
68070513,"Bolivia, Plurinational State of",0,69,"married",7,5
68070514,"Bolivia, Plurinational State of",0,45,"married",8,10
68070515,"Bolivia, Plurinational State of",0,45,"divorced",10,10
68070516,"Bolivia, Plurinational State of",0,25,"single",10,6
68070517,"Bolivia, Plurinational State of",0,25,"single",7,7
68070518,"Bolivia, Plurinational State of",1,31,"living together as married",7,9
68070519,"Bolivia, Plurinational State of",1,53,"married",5,9
68070520,"Bolivia, Plurinational State of",1,57,"married",10,10
68070521,"Bolivia, Plurinational State of",1,49,"married",10,8
68070522,"Bolivia, Plurinational State of",1,33,"living together as married",8,9
68070523,"Bolivia, Plurinational State of",1,49,"living together as married",4,5
68070524,"Bolivia, Plurinational State of",1,76,"widowed",9,9
68070525,"Bolivia, Plurinational State of",0,26,"single",6,7
68070526,"Bolivia, Plurinational State of",0,57,"married",8,7
68070527,"Bolivia, Plurinational State of",1,67,"divorced",8,9
68070528,"Bolivia, Plurinational State of",0,23,"living together as married",10,8
68070529,"Bolivia, Plurinational State of",1,20,"single",9,10
68070530,"Bolivia, Plurinational State of",1,25,"single",10,7
68070531,"Bolivia, Plurinational State of",0,82,"married",6,7
68070532,"Bolivia, Plurinational State of",0,68,"married",10,5
68070533,"Bolivia, Plurinational State of",1,46,"married",7,9
68070534,"Bolivia, Plurinational State of",0,21,"single",8,7
68070535,"Bolivia, Plurinational State of",1,20,"single",9,8
68070536,"Bolivia, Plurinational State of",1,20,"single",7,4
68070537,"Bolivia, Plurinational State of",1,57,"widowed",9,9
68070538,"Bolivia, Plurinational State of",1,44,"married",6,5
68070539,"Bolivia, Plurinational State of",1,60,"divorced",7,7
68070540,"Bolivia, Plurinational State of",0,45,"married",10,10
68070541,"Bolivia, Plurinational State of",1,39,"married",10,9
68070542,"Bolivia, Plurinational State of",0,18,"single",10,4
68070543,"Bolivia, Plurinational State of",0,48,"married",10,9
68070544,"Bolivia, Plurinational State of",0,44,"single",8,8
68070545,"Bolivia, Plurinational State of",1,36,"widowed",9,9
68070546,"Bolivia, Plurinational State of",1,30,"married",10,10
68070547,"Bolivia, Plurinational State of",0,50,"married",7,7
68070548,"Bolivia, Plurinational State of",1,41,"married",10,10
68070549,"Bolivia, Plurinational State of",1,56,"widowed",10,10
68070550,"Bolivia, Plurinational State of",0,56,"married",10,1
68070551,"Bolivia, Plurinational State of",0,24,"living together as married",8,8
68070552,"Bolivia, Plurinational State of",0,24,"single",10,10
68070553,"Bolivia, Plurinational State of",0,42,"married",10,10
68070554,"Bolivia, Plurinational State of",1,28,"single",9,5
68070555,"Bolivia, Plurinational State of",0,44,"married",6,7
68070556,"Bolivia, Plurinational State of",0,62,"living together as married",6,6
68070557,"Bolivia, Plurinational State of",0,46,"married",6,6
68070558,"Bolivia, Plurinational State of",0,18,"single",8,6
68070559,"Bolivia, Plurinational State of",1,48,"married",8,10
68070560,"Bolivia, Plurinational State of",1,32,"living together as married",7,4
68070561,"Bolivia, Plurinational State of",0,32,"married",9,6
68070562,"Bolivia, Plurinational State of",1,25,"single",6,10
68070563,"Bolivia, Plurinational State of",0,46,"married",8,7
68070564,"Bolivia, Plurinational State of",0,45,"living together as married",6,7
68070565,"Bolivia, Plurinational State of",0,22,"single",8,8
68070566,"Bolivia, Plurinational State of",1,20,"single",5,5
68070567,"Bolivia, Plurinational State of",0,65,"married",8,9
68070568,"Bolivia, Plurinational State of",0,28,"single",9,8
68070569,"Bolivia, Plurinational State of",1,27,"living together as married",6,9
68070570,"Bolivia, Plurinational State of",0,27,"married",6,7
68070571,"Bolivia, Plurinational State of",0,50,"single",7,10
68070572,"Bolivia, Plurinational State of",1,54,"married",5,10
68070573,"Bolivia, Plurinational State of",1,67,"widowed",10,9
68070574,"Bolivia, Plurinational State of",1,25,"single",8,8
68070575,"Bolivia, Plurinational State of",1,21,"living together as married",7,9
68070576,"Bolivia, Plurinational State of",1,52,"married",6,4
68070577,"Bolivia, Plurinational State of",1,44,"married",7,9
68070578,"Bolivia, Plurinational State of",1,65,"widowed",7,7
68070579,"Bolivia, Plurinational State of",1,19,"single",6,4
68070580,"Bolivia, Plurinational State of",1,34,"married",5,6
68070581,"Bolivia, Plurinational State of",1,38,"widowed",9,5
68070582,"Bolivia, Plurinational State of",0,36,"married",8,8
68070583,"Bolivia, Plurinational State of",1,21,"married",3,10
68070584,"Bolivia, Plurinational State of",0,30,"single",6,7
68070585,"Bolivia, Plurinational State of",1,23,"single",6,4
68070586,"Bolivia, Plurinational State of",0,36,"single",1,6
68070587,"Bolivia, Plurinational State of",0,50,"living together as married",8,8
68070588,"Bolivia, Plurinational State of",0,19,"single",10,10
68070589,"Bolivia, Plurinational State of",0,79,"living together as married",6,4
68070590,"Bolivia, Plurinational State of",1,18,"single",10,10
68070591,"Bolivia, Plurinational State of",0,20,"single",5,7
68070592,"Bolivia, Plurinational State of",0,27,"single",7,8
68070593,"Bolivia, Plurinational State of",0,18,"single",8,10
68070594,"Bolivia, Plurinational State of",1,20,"single",10,8
68070595,"Bolivia, Plurinational State of",1,40,"married",7,6
68070596,"Bolivia, Plurinational State of",1,24,"living together as married",4,9
68070597,"Bolivia, Plurinational State of",1,19,"single",5,2
68070598,"Bolivia, Plurinational State of",0,37,"married",6,7
68070599,"Bolivia, Plurinational State of",1,19,"living together as married",1,10
68070600,"Bolivia, Plurinational State of",1,26,"living together as married",6,7
68070601,"Bolivia, Plurinational State of",0,29,"living together as married",10,7
68070602,"Bolivia, Plurinational State of",0,41,"living together as married",5,6
68070603,"Bolivia, Plurinational State of",0,23,"living together as married",7,7
68070604,"Bolivia, Plurinational State of",0,19,"single",8,9
68070605,"Bolivia, Plurinational State of",1,18,"living together as married",5,7
68070606,"Bolivia, Plurinational State of",0,26,"living together as married",4,5
68070607,"Bolivia, Plurinational State of",0,34,"single",8,8
68070608,"Bolivia, Plurinational State of",0,26,"single",5,8
68070609,"Bolivia, Plurinational State of",0,21,"single",7,8
68070610,"Bolivia, Plurinational State of",1,43,"married",6,8
68070611,"Bolivia, Plurinational State of",1,59,"married",6,10
68070612,"Bolivia, Plurinational State of",1,18,"living together as married",10,9
68070613,"Bolivia, Plurinational State of",1,20,"single",6,10
68070614,"Bolivia, Plurinational State of",0,20,"single",6,6
68070615,"Bolivia, Plurinational State of",1,45,"living together as married",4,5
68070616,"Bolivia, Plurinational State of",1,63,"married",8,5
68070617,"Bolivia, Plurinational State of",1,21,"living together as married",10,7
68070618,"Bolivia, Plurinational State of",0,47,"living together as married",8,9
68070619,"Bolivia, Plurinational State of",0,45,"married",6,9
68070620,"Bolivia, Plurinational State of",0,46,"married",5,4
68070621,"Bolivia, Plurinational State of",0,36,"married",8,10
68070622,"Bolivia, Plurinational State of",1,32,"living together as married",5,5
68070623,"Bolivia, Plurinational State of",1,29,"single",6,8
68070624,"Bolivia, Plurinational State of",1,35,"single",10,7
68070625,"Bolivia, Plurinational State of",0,60,"married",7,6
68070626,"Bolivia, Plurinational State of",1,18,"single",7,8
68070627,"Bolivia, Plurinational State of",1,33,"married",10,9
68070628,"Bolivia, Plurinational State of",0,64,"living together as married",3,6
68070629,"Bolivia, Plurinational State of",1,48,"living together as married",9,9
68070630,"Bolivia, Plurinational State of",1,35,"living together as married",6,1
68070631,"Bolivia, Plurinational State of",1,56,"married",10,NA
68070632,"Bolivia, Plurinational State of",0,20,"single",8,8
68070633,"Bolivia, Plurinational State of",0,59,"married",6,6
68070634,"Bolivia, Plurinational State of",0,34,"living together as married",6,8
68070635,"Bolivia, Plurinational State of",1,28,"living together as married",6,9
68070636,"Bolivia, Plurinational State of",1,18,"single",9,8
68070637,"Bolivia, Plurinational State of",1,55,"married",8,9
68070638,"Bolivia, Plurinational State of",0,20,"single",8,10
68070639,"Bolivia, Plurinational State of",1,40,"married",8,5
68070640,"Bolivia, Plurinational State of",1,19,"single",8,9
68070641,"Bolivia, Plurinational State of",1,31,"married",9,8
68070642,"Bolivia, Plurinational State of",1,34,"divorced",7,8
68070643,"Bolivia, Plurinational State of",0,74,"widowed",5,8
68070644,"Bolivia, Plurinational State of",1,34,"separated",10,10
68070645,"Bolivia, Plurinational State of",1,78,"widowed",5,10
68070646,"Bolivia, Plurinational State of",0,31,"married",8,3
68070647,"Bolivia, Plurinational State of",0,39,"living together as married",8,8
68070648,"Bolivia, Plurinational State of",0,34,"living together as married",5,7
68070649,"Bolivia, Plurinational State of",0,22,"single",10,9
68070650,"Bolivia, Plurinational State of",1,30,"single",9,10
68070651,"Bolivia, Plurinational State of",1,52,"widowed",10,10
68070652,"Bolivia, Plurinational State of",1,38,"married",10,10
68070653,"Bolivia, Plurinational State of",1,34,"married",5,6
68070654,"Bolivia, Plurinational State of",1,35,"living together as married",10,10
68070655,"Bolivia, Plurinational State of",1,38,"living together as married",8,6
68070656,"Bolivia, Plurinational State of",0,38,"living together as married",8,6
68070657,"Bolivia, Plurinational State of",0,51,"married",5,6
68070658,"Bolivia, Plurinational State of",0,25,"single",9,10
68070659,"Bolivia, Plurinational State of",0,41,"living together as married",8,5
68070660,"Bolivia, Plurinational State of",0,27,"single",7,7
68070661,"Bolivia, Plurinational State of",0,20,"single",10,6
68070662,"Bolivia, Plurinational State of",0,62,"married",9,10
68070663,"Bolivia, Plurinational State of",0,49,"married",7,6
68070664,"Bolivia, Plurinational State of",0,56,"married",10,10
68070665,"Bolivia, Plurinational State of",1,60,"married",5,5
68070666,"Bolivia, Plurinational State of",0,23,"single",3,10
68070667,"Bolivia, Plurinational State of",1,29,"living together as married",8,9
68070668,"Bolivia, Plurinational State of",1,26,"living together as married",5,10
68070669,"Bolivia, Plurinational State of",1,38,"married",10,10
68070670,"Bolivia, Plurinational State of",0,22,"single",8,8
68070671,"Bolivia, Plurinational State of",0,28,"living together as married",5,5
68070672,"Bolivia, Plurinational State of",1,71,"widowed",7,7
68070673,"Bolivia, Plurinational State of",0,47,"single",6,3
68070674,"Bolivia, Plurinational State of",1,59,"living together as married",7,7
68070675,"Bolivia, Plurinational State of",1,62,"married",10,6
68070676,"Bolivia, Plurinational State of",0,25,"single",10,9
68070677,"Bolivia, Plurinational State of",1,22,"married",7,7
68070678,"Bolivia, Plurinational State of",0,44,"living together as married",8,9
68070679,"Bolivia, Plurinational State of",1,34,"living together as married",6,5
68070680,"Bolivia, Plurinational State of",0,34,"married",8,8
68070681,"Bolivia, Plurinational State of",1,20,"single",7,8
68070682,"Bolivia, Plurinational State of",0,19,"single",8,7
68070683,"Bolivia, Plurinational State of",1,64,"married",6,7
68070684,"Bolivia, Plurinational State of",1,18,"single",8,8
68070685,"Bolivia, Plurinational State of",0,77,"separated",7,7
68070686,"Bolivia, Plurinational State of",0,42,"married",8,6
68070687,"Bolivia, Plurinational State of",0,42,"married",10,10
68070688,"Bolivia, Plurinational State of",0,55,"married",10,9
68070689,"Bolivia, Plurinational State of",1,33,"married",8,9
68070690,"Bolivia, Plurinational State of",1,69,"single",10,10
68070691,"Bolivia, Plurinational State of",1,32,"separated",8,7
68070692,"Bolivia, Plurinational State of",1,40,"single",5,5
68070693,"Bolivia, Plurinational State of",1,27,"single",8,10
68070694,"Bolivia, Plurinational State of",0,22,"single",8,7
68070695,"Bolivia, Plurinational State of",0,65,"married",5,6
68070696,"Bolivia, Plurinational State of",1,19,"single",9,9
68070697,"Bolivia, Plurinational State of",1,32,"married",6,6
68070698,"Bolivia, Plurinational State of",0,42,"married",7,8
68070699,"Bolivia, Plurinational State of",0,48,"married",6,5
68070700,"Bolivia, Plurinational State of",0,22,"single",8,7
68070701,"Bolivia, Plurinational State of",0,21,"living together as married",3,5
68070702,"Bolivia, Plurinational State of",1,45,"married",10,8
68070703,"Bolivia, Plurinational State of",0,18,"single",5,5
68070704,"Bolivia, Plurinational State of",1,23,"single",8,8
68070705,"Bolivia, Plurinational State of",1,18,"living together as married",7,8
68070706,"Bolivia, Plurinational State of",0,60,"married",10,10
68070707,"Bolivia, Plurinational State of",0,31,"married",7,8
68070708,"Bolivia, Plurinational State of",1,30,"married",8,10
68070709,"Bolivia, Plurinational State of",0,60,"married",7,7
68070710,"Bolivia, Plurinational State of",0,67,"married",4,5
68070711,"Bolivia, Plurinational State of",0,25,"single",9,8
68070712,"Bolivia, Plurinational State of",1,33,"living together as married",NA,NA
68070713,"Bolivia, Plurinational State of",1,55,"married",10,10
68070714,"Bolivia, Plurinational State of",1,26,"married",10,10
68070715,"Bolivia, Plurinational State of",1,37,"married",8,9
68070716,"Bolivia, Plurinational State of",0,63,"living together as married",10,5
68070717,"Bolivia, Plurinational State of",1,38,"living together as married",8,8
68070718,"Bolivia, Plurinational State of",1,25,"single",8,8
68070719,"Bolivia, Plurinational State of",1,42,"married",7,8
68070720,"Bolivia, Plurinational State of",1,55,"single",5,8
68070721,"Bolivia, Plurinational State of",1,36,"married",6,5
68070722,"Bolivia, Plurinational State of",1,48,"married",9,8
68070723,"Bolivia, Plurinational State of",1,36,"married",7,8
68070724,"Bolivia, Plurinational State of",0,22,"single",10,8
68070725,"Bolivia, Plurinational State of",0,34,"single",6,3
68070726,"Bolivia, Plurinational State of",0,55,"married",8,7
68070727,"Bolivia, Plurinational State of",1,19,"single",6,8
68070728,"Bolivia, Plurinational State of",0,25,"single",9,8
68070729,"Bolivia, Plurinational State of",0,19,"single",7,9
68070730,"Bolivia, Plurinational State of",1,39,"living together as married",6,7
68070731,"Bolivia, Plurinational State of",0,59,"married",8,8
68070732,"Bolivia, Plurinational State of",0,23,"living together as married",10,8
68070733,"Bolivia, Plurinational State of",1,44,"married",5,5
68070734,"Bolivia, Plurinational State of",1,45,"married",8,5
68070735,"Bolivia, Plurinational State of",1,41,"married",9,10
68070736,"Bolivia, Plurinational State of",0,73,"married",4,5
68070737,"Bolivia, Plurinational State of",1,25,"married",9,8
68070738,"Bolivia, Plurinational State of",0,32,"living together as married",8,8
68070739,"Bolivia, Plurinational State of",0,78,"married",NA,10
68070740,"Bolivia, Plurinational State of",1,19,"single",5,8
68070741,"Bolivia, Plurinational State of",0,18,"single",5,8
68070742,"Bolivia, Plurinational State of",1,28,"living together as married",5,7
68070743,"Bolivia, Plurinational State of",0,51,"living together as married",6,6
68070744,"Bolivia, Plurinational State of",1,24,"married",7,8
68070745,"Bolivia, Plurinational State of",1,49,"living together as married",10,10
68070746,"Bolivia, Plurinational State of",1,51,"married",10,5
68070747,"Bolivia, Plurinational State of",0,21,"single",6,5
68070748,"Bolivia, Plurinational State of",0,30,"married",8,6
68070749,"Bolivia, Plurinational State of",0,18,"single",8,9
68070750,"Bolivia, Plurinational State of",0,53,"married",7,8
68070751,"Bolivia, Plurinational State of",0,28,"single",9,7
68070752,"Bolivia, Plurinational State of",1,18,"separated",8,10
68070753,"Bolivia, Plurinational State of",1,31,"living together as married",10,10
68070754,"Bolivia, Plurinational State of",0,52,"living together as married",5,5
68070755,"Bolivia, Plurinational State of",0,37,"living together as married",7,6
68070756,"Bolivia, Plurinational State of",1,19,"living together as married",10,10
68070757,"Bolivia, Plurinational State of",0,24,"single",10,10
68070758,"Bolivia, Plurinational State of",1,68,"married",7,5
68070759,"Bolivia, Plurinational State of",0,22,"single",8,9
68070760,"Bolivia, Plurinational State of",1,78,"married",7,8
68070761,"Bolivia, Plurinational State of",0,30,"living together as married",5,10
68070762,"Bolivia, Plurinational State of",0,35,"single",10,10
68070763,"Bolivia, Plurinational State of",0,62,"married",7,9
68070764,"Bolivia, Plurinational State of",0,31,"living together as married",7,7
68070765,"Bolivia, Plurinational State of",0,22,"single",7,9
68070766,"Bolivia, Plurinational State of",1,20,"married",10,8
68070767,"Bolivia, Plurinational State of",0,53,"married",10,10
68070768,"Bolivia, Plurinational State of",0,45,"married",5,4
68070769,"Bolivia, Plurinational State of",0,31,"single",7,10
68070770,"Bolivia, Plurinational State of",1,68,"married",10,5
68070771,"Bolivia, Plurinational State of",0,67,"living together as married",8,8
68070772,"Bolivia, Plurinational State of",0,47,"married",7,7
68070773,"Bolivia, Plurinational State of",1,20,"married",6,6
68070774,"Bolivia, Plurinational State of",0,29,"living together as married",8,7
68070775,"Bolivia, Plurinational State of",1,43,"married",9,9
68070776,"Bolivia, Plurinational State of",0,37,"single",9,9
68070777,"Bolivia, Plurinational State of",1,37,"single",10,8
68070778,"Bolivia, Plurinational State of",0,31,"single",10,10
68070779,"Bolivia, Plurinational State of",1,28,"living together as married",10,10
68070780,"Bolivia, Plurinational State of",1,55,"married",6,6
68070781,"Bolivia, Plurinational State of",1,63,"married",6,9
68070782,"Bolivia, Plurinational State of",1,21,NA,7,5
68070783,"Bolivia, Plurinational State of",1,18,"single",3,10
68070784,"Bolivia, Plurinational State of",1,33,"living together as married",8,10
68070785,"Bolivia, Plurinational State of",0,46,"living together as married",7,10
68070786,"Bolivia, Plurinational State of",1,46,"separated",8,7
68070787,"Bolivia, Plurinational State of",1,22,"living together as married",10,9
68070788,"Bolivia, Plurinational State of",1,29,"married",5,7
68070789,"Bolivia, Plurinational State of",1,75,"widowed",10,9
68070790,"Bolivia, Plurinational State of",1,24,"single",4,5
68070791,"Bolivia, Plurinational State of",1,42,"living together as married",4,9
68070792,"Bolivia, Plurinational State of",0,67,"married",5,3
68070793,"Bolivia, Plurinational State of",1,52,"married",8,8
68070794,"Bolivia, Plurinational State of",0,45,"married",9,10
68070795,"Bolivia, Plurinational State of",1,20,"single",9,9
68070796,"Bolivia, Plurinational State of",1,43,"married",8,7
68070797,"Bolivia, Plurinational State of",0,42,"married",10,10
68070798,"Bolivia, Plurinational State of",0,20,"single",8,10
68070799,"Bolivia, Plurinational State of",0,42,"living together as married",2,8
68070800,"Bolivia, Plurinational State of",1,35,"living together as married",10,10
68070801,"Bolivia, Plurinational State of",1,37,"living together as married",8,8
68070802,"Bolivia, Plurinational State of",1,31,"married",8,10
68070803,"Bolivia, Plurinational State of",1,69,"single",9,5
68070804,"Bolivia, Plurinational State of",1,18,"single",3,4
68070805,"Bolivia, Plurinational State of",1,20,"single",8,6
68070806,"Bolivia, Plurinational State of",1,20,"single",10,10
68070807,"Bolivia, Plurinational State of",0,60,"divorced",4,4
68070808,"Bolivia, Plurinational State of",1,18,"single",5,9
68070809,"Bolivia, Plurinational State of",0,63,"married",6,3
68070810,"Bolivia, Plurinational State of",1,41,"married",6,8
68070811,"Bolivia, Plurinational State of",1,28,"single",8,8
68070812,"Bolivia, Plurinational State of",0,65,"married",5,6
68070813,"Bolivia, Plurinational State of",1,44,"married",5,5
68070814,"Bolivia, Plurinational State of",1,38,"living together as married",7,8
68070815,"Bolivia, Plurinational State of",0,23,"living together as married",8,10
68070816,"Bolivia, Plurinational State of",1,22,"single",5,5
68070817,"Bolivia, Plurinational State of",0,40,"married",7,8
68070818,"Bolivia, Plurinational State of",0,25,"married",6,7
68070819,"Bolivia, Plurinational State of",1,40,"married",10,8
68070820,"Bolivia, Plurinational State of",0,30,"single",8,10
68070821,"Bolivia, Plurinational State of",0,40,"separated",7,6
68070822,"Bolivia, Plurinational State of",1,25,"divorced",5,7
68070823,"Bolivia, Plurinational State of",1,30,"single",7,9
68070824,"Bolivia, Plurinational State of",1,57,"separated",9,9
68070825,"Bolivia, Plurinational State of",1,60,"widowed",10,4
68070826,"Bolivia, Plurinational State of",0,35,"single",7,8
68070827,"Bolivia, Plurinational State of",0,38,"living together as married",6,7
68070828,"Bolivia, Plurinational State of",0,29,"single",9,6
68070829,"Bolivia, Plurinational State of",0,55,"separated",5,9
68070830,"Bolivia, Plurinational State of",0,31,"single",6,9
68070831,"Bolivia, Plurinational State of",0,38,"married",7,8
68070832,"Bolivia, Plurinational State of",0,28,"single",7,8
68070833,"Bolivia, Plurinational State of",1,18,"single",5,9
68070834,"Bolivia, Plurinational State of",1,59,"married",10,10
68070835,"Bolivia, Plurinational State of",0,76,"widowed",5,8
68070836,"Bolivia, Plurinational State of",1,43,"married",10,10
68070837,"Bolivia, Plurinational State of",0,57,"living together as married",4,3
68070838,"Bolivia, Plurinational State of",0,41,"married",7,8
68070839,"Bolivia, Plurinational State of",0,24,"single",8,10
68070840,"Bolivia, Plurinational State of",0,40,"married",10,10
68070841,"Bolivia, Plurinational State of",0,23,"living together as married",9,10
68070842,"Bolivia, Plurinational State of",1,21,"living together as married",6,8
68070843,"Bolivia, Plurinational State of",1,22,"single",6,8
68070844,"Bolivia, Plurinational State of",1,20,"single",8,8
68070845,"Bolivia, Plurinational State of",1,23,"married",8,8
68070846,"Bolivia, Plurinational State of",1,65,"widowed",8,2
68070847,"Bolivia, Plurinational State of",0,19,"single",6,8
68070848,"Bolivia, Plurinational State of",0,20,"single",10,8
68070849,"Bolivia, Plurinational State of",1,51,"divorced",6,10
68070850,"Bolivia, Plurinational State of",1,20,"single",7,4
68070851,"Bolivia, Plurinational State of",1,18,"living together as married",10,1
68070852,"Bolivia, Plurinational State of",1,31,"single",10,10
68070853,"Bolivia, Plurinational State of",1,44,"married",6,6
68070854,"Bolivia, Plurinational State of",0,27,"single",5,9
68070855,"Bolivia, Plurinational State of",1,31,"married",3,2
68070856,"Bolivia, Plurinational State of",0,29,"married",10,10
68070857,"Bolivia, Plurinational State of",0,68,"married",8,5
68070858,"Bolivia, Plurinational State of",0,46,"married",6,7
68070859,"Bolivia, Plurinational State of",0,20,"single",8,9
68070860,"Bolivia, Plurinational State of",0,18,"single",8,9
68070861,"Bolivia, Plurinational State of",1,52,"married",5,6
68070862,"Bolivia, Plurinational State of",0,27,"married",9,8
68070863,"Bolivia, Plurinational State of",1,49,"living together as married",5,5
68070864,"Bolivia, Plurinational State of",0,58,"married",8,4
68070865,"Bolivia, Plurinational State of",1,60,"single",7,6
68070866,"Bolivia, Plurinational State of",1,18,"single",5,7
68070867,"Bolivia, Plurinational State of",0,19,"single",8,8
68070868,"Bolivia, Plurinational State of",1,34,"living together as married",5,10
68070869,"Bolivia, Plurinational State of",1,64,"widowed",10,6
68070870,"Bolivia, Plurinational State of",0,27,"married",4,4
68070871,"Bolivia, Plurinational State of",1,23,"living together as married",7,8
68070872,"Bolivia, Plurinational State of",0,24,"living together as married",8,8
68070873,"Bolivia, Plurinational State of",1,32,"married",5,6
68070874,"Bolivia, Plurinational State of",0,45,"married",10,10
68070875,"Bolivia, Plurinational State of",1,24,"living together as married",10,10
68070876,"Bolivia, Plurinational State of",0,26,"married",9,9
68070877,"Bolivia, Plurinational State of",0,60,"married",5,5
68070878,"Bolivia, Plurinational State of",1,36,"married",9,10
68070879,"Bolivia, Plurinational State of",0,56,"divorced",10,7
68070880,"Bolivia, Plurinational State of",1,31,"living together as married",6,4
68070881,"Bolivia, Plurinational State of",1,26,"living together as married",7,10
68070882,"Bolivia, Plurinational State of",0,22,"living together as married",8,8
68070883,"Bolivia, Plurinational State of",0,48,"separated",5,NA
68070884,"Bolivia, Plurinational State of",1,35,"living together as married",NA,8
68070885,"Bolivia, Plurinational State of",0,32,"married",8,8
68070886,"Bolivia, Plurinational State of",0,22,"single",10,10
68070887,"Bolivia, Plurinational State of",0,19,"single",5,4
68070888,"Bolivia, Plurinational State of",1,34,"living together as married",9,9
68070889,"Bolivia, Plurinational State of",0,48,"married",7,6
68070890,"Bolivia, Plurinational State of",1,26,"married",10,8
68070891,"Bolivia, Plurinational State of",0,18,"single",8,6
68070892,"Bolivia, Plurinational State of",0,40,"single",5,5
68070893,"Bolivia, Plurinational State of",0,43,"married",6,5
68070894,"Bolivia, Plurinational State of",1,24,"single",5,9
68070895,"Bolivia, Plurinational State of",0,67,"married",6,1
68070896,"Bolivia, Plurinational State of",1,31,"married",2,6
68070897,"Bolivia, Plurinational State of",1,30,"married",NA,10
68070898,"Bolivia, Plurinational State of",1,22,"living together as married",8,9
68070899,"Bolivia, Plurinational State of",1,39,"living together as married",8,8
68070900,"Bolivia, Plurinational State of",1,37,"married",7,7
68070901,"Bolivia, Plurinational State of",1,42,"married",10,10
68070902,"Bolivia, Plurinational State of",1,24,"living together as married",6,10
68070903,"Bolivia, Plurinational State of",1,56,"married",10,10
68070904,"Bolivia, Plurinational State of",0,25,"married",5,10
68070905,"Bolivia, Plurinational State of",1,45,"living together as married",10,6
68070906,"Bolivia, Plurinational State of",1,25,"living together as married",7,8
68070907,"Bolivia, Plurinational State of",0,57,"married",5,10
68070908,"Bolivia, Plurinational State of",0,21,"single",8,10
68070909,"Bolivia, Plurinational State of",1,38,"separated",6,5
68070910,"Bolivia, Plurinational State of",0,19,"single",7,5
68070911,"Bolivia, Plurinational State of",1,40,"single",10,9
68070912,"Bolivia, Plurinational State of",1,24,"married",8,10
68070913,"Bolivia, Plurinational State of",0,31,"living together as married",8,9
68070914,"Bolivia, Plurinational State of",0,33,"married",8,9
68070915,"Bolivia, Plurinational State of",0,35,"living together as married",8,8
68070916,"Bolivia, Plurinational State of",1,28,"married",3,6
68070917,"Bolivia, Plurinational State of",1,46,"living together as married",5,10
68070918,"Bolivia, Plurinational State of",0,34,"single",6,7
68070919,"Bolivia, Plurinational State of",0,18,"single",5,6
68070920,"Bolivia, Plurinational State of",0,57,"married",4,8
68070921,"Bolivia, Plurinational State of",0,70,"separated",8,10
68070922,"Bolivia, Plurinational State of",0,37,"living together as married",7,8
68070923,"Bolivia, Plurinational State of",1,26,"married",5,8
68070924,"Bolivia, Plurinational State of",1,26,"married",7,7
68070925,"Bolivia, Plurinational State of",1,33,"married",6,8
68070926,"Bolivia, Plurinational State of",0,66,"married",10,10
68070927,"Bolivia, Plurinational State of",1,80,"widowed",8,5
68070928,"Bolivia, Plurinational State of",1,34,"married",8,8
68070929,"Bolivia, Plurinational State of",1,27,"single",5,8
68070930,"Bolivia, Plurinational State of",1,58,"separated",8,9
68070931,"Bolivia, Plurinational State of",1,29,"married",9,6
68070932,"Bolivia, Plurinational State of",1,69,"living together as married",1,9
68070933,"Bolivia, Plurinational State of",1,30,"living together as married",7,4
68070934,"Bolivia, Plurinational State of",0,32,"single",7,6
68070935,"Bolivia, Plurinational State of",0,58,"married",6,8
68070936,"Bolivia, Plurinational State of",1,58,"married",4,4
68070937,"Bolivia, Plurinational State of",0,67,"widowed",8,9
68070938,"Bolivia, Plurinational State of",0,71,"divorced",10,10
68070939,"Bolivia, Plurinational State of",0,69,"married",10,10
68070940,"Bolivia, Plurinational State of",1,22,"single",8,8
68070941,"Bolivia, Plurinational State of",1,34,"married",7,8
68070942,"Bolivia, Plurinational State of",0,18,"single",7,6
68070943,"Bolivia, Plurinational State of",0,48,"married",8,9
68070944,"Bolivia, Plurinational State of",1,27,"living together as married",6,5
68070945,"Bolivia, Plurinational State of",0,53,"married",6,8
68070946,"Bolivia, Plurinational State of",0,20,"single",4,5
68070947,"Bolivia, Plurinational State of",1,24,"living together as married",7,7
68070948,"Bolivia, Plurinational State of",1,62,"married",NA,4
68070949,"Bolivia, Plurinational State of",0,20,"living together as married",8,10
68070950,"Bolivia, Plurinational State of",0,34,"married",6,8
68070951,"Bolivia, Plurinational State of",0,20,"single",8,8
68070952,"Bolivia, Plurinational State of",1,18,"single",6,8
68070953,"Bolivia, Plurinational State of",1,75,"married",4,3
68070954,"Bolivia, Plurinational State of",0,23,"single",7,8
68070955,"Bolivia, Plurinational State of",0,22,"single",9,6
68070956,"Bolivia, Plurinational State of",1,58,"married",10,10
68070957,"Bolivia, Plurinational State of",0,23,"single",8,7
68070958,"Bolivia, Plurinational State of",0,24,"single",7,8
68070959,"Bolivia, Plurinational State of",0,42,"single",10,6
68070960,"Bolivia, Plurinational State of",1,25,"married",10,10
68070961,"Bolivia, Plurinational State of",0,42,"separated",7,8
68070962,"Bolivia, Plurinational State of",0,54,"married",10,10
68070963,"Bolivia, Plurinational State of",1,56,"married",8,6
68070964,"Bolivia, Plurinational State of",0,39,"living together as married",5,6
68070965,"Bolivia, Plurinational State of",1,19,"living together as married",8,10
68070966,"Bolivia, Plurinational State of",0,26,"single",8,7
68070967,"Bolivia, Plurinational State of",0,50,"married",5,7
68070968,"Bolivia, Plurinational State of",1,33,"living together as married",7,8
68070969,"Bolivia, Plurinational State of",0,75,"separated",5,7
68070970,"Bolivia, Plurinational State of",0,84,"widowed",10,9
68070971,"Bolivia, Plurinational State of",0,52,"divorced",7,5
68070972,"Bolivia, Plurinational State of",0,24,"living together as married",9,10
68070973,"Bolivia, Plurinational State of",0,18,"single",8,9
68070974,"Bolivia, Plurinational State of",1,38,"living together as married",8,5
68070975,"Bolivia, Plurinational State of",1,48,"married",6,10
68070976,"Bolivia, Plurinational State of",0,44,"married",7,6
68070977,"Bolivia, Plurinational State of",1,29,"married",8,10
68070978,"Bolivia, Plurinational State of",1,30,"married",10,10
68070979,"Bolivia, Plurinational State of",0,55,"living together as married",10,10
68070980,"Bolivia, Plurinational State of",0,53,"living together as married",8,8
68070981,"Bolivia, Plurinational State of",0,22,"single",4,10
68070982,"Bolivia, Plurinational State of",1,59,"single",NA,5
68070983,"Bolivia, Plurinational State of",1,20,"separated",10,10
68070984,"Bolivia, Plurinational State of",1,40,"separated",10,6
68070985,"Bolivia, Plurinational State of",1,58,"separated",10,10
68070986,"Bolivia, Plurinational State of",1,22,"single",8,8
68070987,"Bolivia, Plurinational State of",0,50,"married",10,8
68070988,"Bolivia, Plurinational State of",0,21,"single",8,9
68070989,"Bolivia, Plurinational State of",1,35,"living together as married",10,10
68070990,"Bolivia, Plurinational State of",1,59,"married",8,9
68070991,"Bolivia, Plurinational State of",1,50,"living together as married",8,7
68070992,"Bolivia, Plurinational State of",0,39,"living together as married",8,8
68070993,"Bolivia, Plurinational State of",0,30,"living together as married",10,5
68070994,"Bolivia, Plurinational State of",1,67,"married",6,5
68070995,"Bolivia, Plurinational State of",1,30,"living together as married",8,4
68070996,"Bolivia, Plurinational State of",1,45,"married",5,9
68070997,"Bolivia, Plurinational State of",1,30,"single",9,4
68070998,"Bolivia, Plurinational State of",0,25,"living together as married",7,9
68070999,"Bolivia, Plurinational State of",0,18,"single",8,8
68071000,"Bolivia, Plurinational State of",0,19,"single",5,8
68071001,"Bolivia, Plurinational State of",1,45,"married",10,10
68071002,"Bolivia, Plurinational State of",1,35,"married",10,8
68071003,"Bolivia, Plurinational State of",0,40,"married",8,6
68071004,"Bolivia, Plurinational State of",1,46,"living together as married",10,1
68071005,"Bolivia, Plurinational State of",0,32,"single",10,10
68071006,"Bolivia, Plurinational State of",0,21,"single",8,10
68071007,"Bolivia, Plurinational State of",1,42,"married",10,10
68071008,"Bolivia, Plurinational State of",0,69,"married",10,5
68071009,"Bolivia, Plurinational State of",1,45,"living together as married",8,7
68071010,"Bolivia, Plurinational State of",0,45,"widowed",8,6
68071011,"Bolivia, Plurinational State of",0,44,"married",10,8
68071012,"Bolivia, Plurinational State of",0,45,"married",5,7
68071013,"Bolivia, Plurinational State of",0,31,"living together as married",8,9
68071014,"Bolivia, Plurinational State of",0,43,"married",10,10
68071015,"Bolivia, Plurinational State of",1,63,"widowed",7,8
68071016,"Bolivia, Plurinational State of",0,19,"single",6,2
68071017,"Bolivia, Plurinational State of",0,28,"living together as married",10,9
68071018,"Bolivia, Plurinational State of",1,28,"married",8,8
68071019,"Bolivia, Plurinational State of",1,46,"separated",10,5
68071020,"Bolivia, Plurinational State of",0,42,"married",8,7
68071021,"Bolivia, Plurinational State of",1,27,"living together as married",6,7
68071022,"Bolivia, Plurinational State of",0,19,"single",5,8
68071023,"Bolivia, Plurinational State of",1,34,"married",10,2
68071024,"Bolivia, Plurinational State of",0,73,"married",6,8
68071025,"Bolivia, Plurinational State of",0,28,"single",5,8
68071026,"Bolivia, Plurinational State of",1,59,"married",10,8
68071027,"Bolivia, Plurinational State of",1,32,"living together as married",7,8
68071028,"Bolivia, Plurinational State of",0,18,"single",7,5
68071029,"Bolivia, Plurinational State of",1,22,"married",9,6
68071030,"Bolivia, Plurinational State of",0,65,"married",10,10
68071031,"Bolivia, Plurinational State of",1,31,"living together as married",5,5
68071032,"Bolivia, Plurinational State of",0,30,"single",10,8
68071033,"Bolivia, Plurinational State of",1,38,"married",8,8
68071034,"Bolivia, Plurinational State of",1,23,"single",NA,8
68071035,"Bolivia, Plurinational State of",1,42,"single",5,7
68071036,"Bolivia, Plurinational State of",1,27,"single",6,3
68071037,"Bolivia, Plurinational State of",1,47,"living together as married",2,2
68071038,"Bolivia, Plurinational State of",0,18,"single",7,8
68071039,"Bolivia, Plurinational State of",1,29,"married",9,8
68071040,"Bolivia, Plurinational State of",0,42,"living together as married",10,10
68071041,"Bolivia, Plurinational State of",1,27,"living together as married",10,10
68071042,"Bolivia, Plurinational State of",1,19,"single",6,5
68071043,"Bolivia, Plurinational State of",1,60,"married",6,5
68071044,"Bolivia, Plurinational State of",1,46,"living together as married",10,10
68071045,"Bolivia, Plurinational State of",0,51,"married",5,6
68071046,"Bolivia, Plurinational State of",0,29,"living together as married",9,10
68071047,"Bolivia, Plurinational State of",1,26,"living together as married",10,5
68071048,"Bolivia, Plurinational State of",0,50,"divorced",3,5
68071049,"Bolivia, Plurinational State of",1,44,"separated",9,9
68071050,"Bolivia, Plurinational State of",1,64,"single",8,10
68071051,"Bolivia, Plurinational State of",0,32,"living together as married",10,7
68071052,"Bolivia, Plurinational State of",0,53,"married",10,10
68071053,"Bolivia, Plurinational State of",0,36,"married",10,8
68071054,"Bolivia, Plurinational State of",1,45,"married",5,5
68071055,"Bolivia, Plurinational State of",1,66,"married",4,10
68071056,"Bolivia, Plurinational State of",0,39,"married",5,8
68071057,"Bolivia, Plurinational State of",1,29,"living together as married",7,7
68071058,"Bolivia, Plurinational State of",0,63,"divorced",10,10
68071059,"Bolivia, Plurinational State of",1,34,"single",9,9
68071060,"Bolivia, Plurinational State of",1,69,"separated",10,10
68071061,"Bolivia, Plurinational State of",0,56,"married",10,9
68071062,"Bolivia, Plurinational State of",0,33,"married",8,8
68071063,"Bolivia, Plurinational State of",1,20,"living together as married",7,10
68071064,"Bolivia, Plurinational State of",1,46,"single",10,10
68071065,"Bolivia, Plurinational State of",0,40,"living together as married",5,10
68071066,"Bolivia, Plurinational State of",1,61,"widowed",9,9
68071067,"Bolivia, Plurinational State of",0,55,"widowed",10,8
68071068,"Bolivia, Plurinational State of",1,26,"single",7,5
68071069,"Bolivia, Plurinational State of",0,53,"married",9,9
68071070,"Bolivia, Plurinational State of",0,49,"married",7,8
68071071,"Bolivia, Plurinational State of",1,20,"single",5,8
68071072,"Bolivia, Plurinational State of",1,19,"single",6,8
68071073,"Bolivia, Plurinational State of",0,43,"living together as married",6,7
68071074,"Bolivia, Plurinational State of",1,21,"single",8,10
68071075,"Bolivia, Plurinational State of",0,19,"single",7,10
68071076,"Bolivia, Plurinational State of",1,56,"separated",NA,2
68071077,"Bolivia, Plurinational State of",0,24,"single",9,10
68071078,"Bolivia, Plurinational State of",1,26,"living together as married",9,10
68071079,"Bolivia, Plurinational State of",1,44,"married",8,7
68071080,"Bolivia, Plurinational State of",0,22,"living together as married",8,8
68071081,"Bolivia, Plurinational State of",0,22,"single",10,10
68071082,"Bolivia, Plurinational State of",0,57,"living together as married",5,6
68071083,"Bolivia, Plurinational State of",0,21,"single",8,8
68071084,"Bolivia, Plurinational State of",0,25,"single",7,5
68071085,"Bolivia, Plurinational State of",1,61,"separated",9,9
68071086,"Bolivia, Plurinational State of",1,26,"married",10,10
68071087,"Bolivia, Plurinational State of",1,21,"single",6,9
68071088,"Bolivia, Plurinational State of",1,22,"married",5,8
68071089,"Bolivia, Plurinational State of",0,33,"divorced",7,7
68071090,"Bolivia, Plurinational State of",0,38,"single",8,10
68071091,"Bolivia, Plurinational State of",0,52,"single",4,5
68071092,"Bolivia, Plurinational State of",1,44,"married",5,6
68071093,"Bolivia, Plurinational State of",0,27,"married",10,10
68071094,"Bolivia, Plurinational State of",1,39,"living together as married",2,7
68071095,"Bolivia, Plurinational State of",1,50,"widowed",8,8
68071096,"Bolivia, Plurinational State of",1,31,"single",6,6
68071097,"Bolivia, Plurinational State of",1,65,"married",10,6
68071098,"Bolivia, Plurinational State of",1,35,"married",9,8
68071099,"Bolivia, Plurinational State of",1,22,"single",10,10
68071100,"Bolivia, Plurinational State of",1,57,"widowed",6,7
68071101,"Bolivia, Plurinational State of",0,32,"single",9,9
68071102,"Bolivia, Plurinational State of",1,32,"married",8,7
68071103,"Bolivia, Plurinational State of",0,23,"single",7,7
68071104,"Bolivia, Plurinational State of",0,32,"living together as married",10,9
68071105,"Bolivia, Plurinational State of",0,30,"living together as married",5,6
68071106,"Bolivia, Plurinational State of",0,27,"single",10,10
68071107,"Bolivia, Plurinational State of",0,54,"married",7,7
68071108,"Bolivia, Plurinational State of",1,36,"living together as married",5,8
68071109,"Bolivia, Plurinational State of",0,25,"single",7,5
68071110,"Bolivia, Plurinational State of",0,24,"living together as married",8,10
68071111,"Bolivia, Plurinational State of",1,20,"married",9,7
68071112,"Bolivia, Plurinational State of",0,31,"single",7,7
68071113,"Bolivia, Plurinational State of",0,32,"single",8,10
68071114,"Bolivia, Plurinational State of",1,18,"single",7,6
68071115,"Bolivia, Plurinational State of",0,20,"single",7,8
68071116,"Bolivia, Plurinational State of",0,56,"married",9,8
68071117,"Bolivia, Plurinational State of",1,68,"divorced",10,4
68071118,"Bolivia, Plurinational State of",0,18,"single",10,8
68071119,"Bolivia, Plurinational State of",1,38,"married",8,9
68071120,"Bolivia, Plurinational State of",0,24,"single",10,10
68071121,"Bolivia, Plurinational State of",1,54,"single",10,10
68071122,"Bolivia, Plurinational State of",0,23,"single",8,10
68071123,"Bolivia, Plurinational State of",0,47,"married",10,10
68071124,"Bolivia, Plurinational State of",1,19,"single",6,6
68071125,"Bolivia, Plurinational State of",0,58,"married",6,6
68071126,"Bolivia, Plurinational State of",1,25,"living together as married",7,7
68071127,"Bolivia, Plurinational State of",0,65,"living together as married",6,1
68071128,"Bolivia, Plurinational State of",1,23,"married",5,7
68071129,"Bolivia, Plurinational State of",1,60,"married",10,10
68071130,"Bolivia, Plurinational State of",0,23,"single",5,8
68071131,"Bolivia, Plurinational State of",0,27,"living together as married",7,10
68071132,"Bolivia, Plurinational State of",0,63,"married",6,8
68071133,"Bolivia, Plurinational State of",0,53,"living together as married",6,9
68071134,"Bolivia, Plurinational State of",0,23,"single",8,8
68071135,"Bolivia, Plurinational State of",0,25,"single",10,8
68071136,"Bolivia, Plurinational State of",1,40,"living together as married",8,10
68071137,"Bolivia, Plurinational State of",0,19,"single",6,4
68071138,"Bolivia, Plurinational State of",1,41,"living together as married",6,10
68071139,"Bolivia, Plurinational State of",0,75,"married",10,8
68071140,"Bolivia, Plurinational State of",0,28,"single",6,6
68071141,"Bolivia, Plurinational State of",1,48,"married",8,8
68071142,"Bolivia, Plurinational State of",1,40,"single",7,8
68071143,"Bolivia, Plurinational State of",0,22,"single",8,4
68071144,"Bolivia, Plurinational State of",0,41,"married",9,9
68071145,"Bolivia, Plurinational State of",0,18,"single",8,9
68071146,"Bolivia, Plurinational State of",1,60,"divorced",8,5
68071147,"Bolivia, Plurinational State of",1,38,"married",8,6
68071148,"Bolivia, Plurinational State of",0,27,"single",7,8
68071149,"Bolivia, Plurinational State of",1,52,"married",6,6
68071150,"Bolivia, Plurinational State of",0,58,"widowed",6,7
68071151,"Bolivia, Plurinational State of",1,28,"married",5,8
68071152,"Bolivia, Plurinational State of",0,28,"single",10,7
68071153,"Bolivia, Plurinational State of",1,36,"living together as married",8,8
68071154,"Bolivia, Plurinational State of",0,45,"married",8,10
68071155,"Bolivia, Plurinational State of",1,33,"living together as married",8,10
68071156,"Bolivia, Plurinational State of",1,47,"married",6,5
68071157,"Bolivia, Plurinational State of",1,47,"widowed",4,5
68071158,"Bolivia, Plurinational State of",1,23,"single",7,9
68071159,"Bolivia, Plurinational State of",1,22,"single",6,7
68071160,"Bolivia, Plurinational State of",1,62,"married",10,9
68071161,"Bolivia, Plurinational State of",1,74,"widowed",10,10
68071162,"Bolivia, Plurinational State of",0,37,"separated",8,9
68071163,"Bolivia, Plurinational State of",0,48,"married",10,7
68071164,"Bolivia, Plurinational State of",1,25,"single",10,9
68071165,"Bolivia, Plurinational State of",0,24,"single",6,10
68071166,"Bolivia, Plurinational State of",0,34,"married",7,8
68071167,"Bolivia, Plurinational State of",1,66,"single",8,5
68071168,"Bolivia, Plurinational State of",1,67,NA,9,6
68071169,"Bolivia, Plurinational State of",0,70,"married",10,8
68071170,"Bolivia, Plurinational State of",1,23,"divorced",6,5
68071171,"Bolivia, Plurinational State of",0,59,"married",NA,5
68071172,"Bolivia, Plurinational State of",0,23,"single",6,5
68071173,"Bolivia, Plurinational State of",0,25,"single",8,7
68071174,"Bolivia, Plurinational State of",1,24,"single",6,8
68071175,"Bolivia, Plurinational State of",1,18,"single",8,9
68071176,"Bolivia, Plurinational State of",1,27,"single",7,5
68071177,"Bolivia, Plurinational State of",1,22,"married",10,10
68071178,"Bolivia, Plurinational State of",1,40,"married",7,8
68071179,"Bolivia, Plurinational State of",1,20,"single",8,9
68071180,"Bolivia, Plurinational State of",1,38,"married",8,9
68071181,"Bolivia, Plurinational State of",1,45,"married",10,8
68071182,"Bolivia, Plurinational State of",0,63,"living together as married",7,8
68071183,"Bolivia, Plurinational State of",0,35,"married",8,7
68071184,"Bolivia, Plurinational State of",1,53,"separated",8,8
68071185,"Bolivia, Plurinational State of",0,31,"single",10,5
68071186,"Bolivia, Plurinational State of",0,28,"single",8,5
68071187,"Bolivia, Plurinational State of",1,73,"married",7,8
68071188,"Bolivia, Plurinational State of",0,42,"divorced",8,10
68071189,"Bolivia, Plurinational State of",1,29,"single",7,8
68071190,"Bolivia, Plurinational State of",1,31,"married",10,7
68071191,"Bolivia, Plurinational State of",0,74,"married",10,10
68071192,"Bolivia, Plurinational State of",1,80,"married",10,10
68071193,"Bolivia, Plurinational State of",0,41,"married",6,8
68071194,"Bolivia, Plurinational State of",1,42,"married",7,7
68071195,"Bolivia, Plurinational State of",1,22,"living together as married",7,8
68071196,"Bolivia, Plurinational State of",1,30,"single",8,9
68071197,"Bolivia, Plurinational State of",1,24,"married",8,9
68071198,"Bolivia, Plurinational State of",0,29,"living together as married",8,8
68071199,"Bolivia, Plurinational State of",1,66,"living together as married",4,10
68071200,"Bolivia, Plurinational State of",0,28,"single",8,8
68071201,"Bolivia, Plurinational State of",1,41,"married",10,8
68071202,"Bolivia, Plurinational State of",0,40,"married",8,8
68071203,"Bolivia, Plurinational State of",1,25,"single",7,6
68071204,"Bolivia, Plurinational State of",0,19,"single",10,10
68071205,"Bolivia, Plurinational State of",0,33,"married",5,8
68071206,"Bolivia, Plurinational State of",0,36,"living together as married",6,5
68071207,"Bolivia, Plurinational State of",1,42,"separated",10,10
68071208,"Bolivia, Plurinational State of",0,36,"divorced",10,9
68071209,"Bolivia, Plurinational State of",0,34,"widowed",4,5
68071210,"Bolivia, Plurinational State of",0,27,"living together as married",10,10
68071211,"Bolivia, Plurinational State of",1,22,"single",10,10
68071212,"Bolivia, Plurinational State of",1,37,"divorced",10,6
68071213,"Bolivia, Plurinational State of",1,55,"separated",10,8
68071214,"Bolivia, Plurinational State of",0,21,"single",8,9
68071215,"Bolivia, Plurinational State of",1,32,"separated",8,6
68071216,"Bolivia, Plurinational State of",1,34,"widowed",6,6
68071217,"Bolivia, Plurinational State of",0,45,"married",4,5
68071218,"Bolivia, Plurinational State of",0,72,"married",7,5
68071219,"Bolivia, Plurinational State of",1,25,"single",1,10
68071220,"Bolivia, Plurinational State of",1,18,"single",6,10
68071221,"Bolivia, Plurinational State of",1,28,"living together as married",10,8
68071222,"Bolivia, Plurinational State of",0,18,"single",9,7
68071223,"Bolivia, Plurinational State of",0,20,"single",7,7
68071224,"Bolivia, Plurinational State of",1,25,"living together as married",7,5
68071225,"Bolivia, Plurinational State of",1,32,"married",8,10
68071226,"Bolivia, Plurinational State of",1,18,"living together as married",10,8
68071227,"Bolivia, Plurinational State of",0,55,"married",8,8
68071228,"Bolivia, Plurinational State of",1,30,"married",6,5
68071229,"Bolivia, Plurinational State of",1,32,"married",10,8
68071230,"Bolivia, Plurinational State of",1,47,"married",8,6
68071231,"Bolivia, Plurinational State of",1,19,"single",7,8
68071232,"Bolivia, Plurinational State of",1,18,"single",8,9
68071233,"Bolivia, Plurinational State of",1,22,"single",8,9
68071234,"Bolivia, Plurinational State of",1,41,"married",10,10
68071235,"Bolivia, Plurinational State of",1,59,"married",10,1
68071236,"Bolivia, Plurinational State of",0,55,"married",7,9
68071237,"Bolivia, Plurinational State of",1,56,"widowed",5,9
68071238,"Bolivia, Plurinational State of",0,30,"single",8,6
68071239,"Bolivia, Plurinational State of",0,54,"widowed",8,5
68071240,"Bolivia, Plurinational State of",0,25,"single",9,10
68071241,"Bolivia, Plurinational State of",1,28,"married",9,10
68071242,"Bolivia, Plurinational State of",1,63,"married",10,5
68071243,"Bolivia, Plurinational State of",1,40,"married",6,7
68071244,"Bolivia, Plurinational State of",0,54,"single",9,10
68071245,"Bolivia, Plurinational State of",0,23,"single",10,10
68071246,"Bolivia, Plurinational State of",1,40,"divorced",10,5
68071247,"Bolivia, Plurinational State of",0,24,"single",7,8
68071248,"Bolivia, Plurinational State of",1,45,"divorced",10,10
68071249,"Bolivia, Plurinational State of",0,42,"single",10,10
68071250,"Bolivia, Plurinational State of",1,23,"married",9,10
68071251,"Bolivia, Plurinational State of",1,36,"living together as married",7,6
68071252,"Bolivia, Plurinational State of",1,29,"married",7,7
68071253,"Bolivia, Plurinational State of",0,59,"married",6,9
68071254,"Bolivia, Plurinational State of",1,18,"single",5,8
68071255,"Bolivia, Plurinational State of",1,23,"married",10,10
68071256,"Bolivia, Plurinational State of",1,19,"single",6,5
68071257,"Bolivia, Plurinational State of",0,56,"widowed",5,5
68071258,"Bolivia, Plurinational State of",0,56,"married",10,9
68071259,"Bolivia, Plurinational State of",0,46,"single",7,7
68071260,"Bolivia, Plurinational State of",0,21,"single",8,9
68071261,"Bolivia, Plurinational State of",0,18,"single",7,10
68071262,"Bolivia, Plurinational State of",0,31,"single",10,9
68071263,"Bolivia, Plurinational State of",0,31,"single",7,7
68071264,"Bolivia, Plurinational State of",1,66,"widowed",10,5
68071265,"Bolivia, Plurinational State of",1,19,"single",10,10
68071266,"Bolivia, Plurinational State of",0,19,"living together as married",8,10
68071267,"Bolivia, Plurinational State of",0,29,"single",8,7
68071268,"Bolivia, Plurinational State of",1,36,"married",10,10
68071269,"Bolivia, Plurinational State of",1,48,"separated",10,8
68071270,"Bolivia, Plurinational State of",0,19,"single",5,5
68071271,"Bolivia, Plurinational State of",0,26,"living together as married",10,10
68071272,"Bolivia, Plurinational State of",1,60,"married",3,4
68071273,"Bolivia, Plurinational State of",0,44,"married",8,8
68071274,"Bolivia, Plurinational State of",0,65,"married",10,10
68071275,"Bolivia, Plurinational State of",1,25,"married",5,7
68071276,"Bolivia, Plurinational State of",0,77,"married",5,6
68071277,"Bolivia, Plurinational State of",0,44,"married",5,4
68071278,"Bolivia, Plurinational State of",0,48,"married",8,6
68071279,"Bolivia, Plurinational State of",0,35,"married",10,10
68071280,"Bolivia, Plurinational State of",0,31,"married",10,10
68071281,"Bolivia, Plurinational State of",1,59,"married",10,10
68071282,"Bolivia, Plurinational State of",0,40,"living together as married",7,8
68071283,"Bolivia, Plurinational State of",1,64,"married",8,9
68071284,"Bolivia, Plurinational State of",0,55,"married",5,4
68071285,"Bolivia, Plurinational State of",1,66,"widowed",10,10
68071286,"Bolivia, Plurinational State of",1,29,"married",8,9
68071287,"Bolivia, Plurinational State of",1,30,"single",8,8
68071288,"Bolivia, Plurinational State of",1,24,"living together as married",10,8
68071289,"Bolivia, Plurinational State of",1,50,"married",10,NA
68071290,"Bolivia, Plurinational State of",1,32,"married",8,6
68071291,"Bolivia, Plurinational State of",1,40,"married",10,8
68071292,"Bolivia, Plurinational State of",0,59,"married",5,7
68071293,"Bolivia, Plurinational State of",0,46,"divorced",8,8
68071294,"Bolivia, Plurinational State of",0,31,"married",7,7
68071295,"Bolivia, Plurinational State of",1,50,"living together as married",7,8
68071296,"Bolivia, Plurinational State of",0,21,"single",9,5
68071297,"Bolivia, Plurinational State of",1,64,"single",8,7
68071298,"Bolivia, Plurinational State of",1,49,"married",5,6
68071299,"Bolivia, Plurinational State of",1,34,"separated",8,6
68071300,"Bolivia, Plurinational State of",1,36,"married",7,6
68071301,"Bolivia, Plurinational State of",0,46,"married",10,10
68071302,"Bolivia, Plurinational State of",0,23,"living together as married",8,10
68071303,"Bolivia, Plurinational State of",0,37,"separated",7,5
68071304,"Bolivia, Plurinational State of",1,27,"living together as married",6,4
68071305,"Bolivia, Plurinational State of",0,40,"widowed",8,7
68071306,"Bolivia, Plurinational State of",0,57,"living together as married",8,5
68071307,"Bolivia, Plurinational State of",1,24,"married",7,7
68071308,"Bolivia, Plurinational State of",0,68,"married",10,10
68071309,"Bolivia, Plurinational State of",1,33,"married",6,5
68071310,"Bolivia, Plurinational State of",1,26,"single",7,8
68071311,"Bolivia, Plurinational State of",0,42,"married",5,9
68071312,"Bolivia, Plurinational State of",1,49,"married",5,5
68071313,"Bolivia, Plurinational State of",1,47,"married",4,6
68071314,"Bolivia, Plurinational State of",0,40,"married",4,5
68071315,"Bolivia, Plurinational State of",0,28,"married",NA,10
68071316,"Bolivia, Plurinational State of",1,22,"single",9,4
68071317,"Bolivia, Plurinational State of",1,24,"living together as married",9,9
68071318,"Bolivia, Plurinational State of",0,60,"married",6,4
68071319,"Bolivia, Plurinational State of",1,25,"living together as married",6,6
68071320,"Bolivia, Plurinational State of",1,19,"single",9,7
68071321,"Bolivia, Plurinational State of",1,19,"single",9,6
68071322,"Bolivia, Plurinational State of",1,48,"married",9,9
68071323,"Bolivia, Plurinational State of",0,31,"married",10,10
68071324,"Bolivia, Plurinational State of",1,33,"living together as married",8,10
68071325,"Bolivia, Plurinational State of",0,40,"living together as married",6,5
68071326,"Bolivia, Plurinational State of",0,47,"married",9,5
68071327,"Bolivia, Plurinational State of",1,22,"living together as married",7,10
68071328,"Bolivia, Plurinational State of",0,20,"single",8,6
68071329,"Bolivia, Plurinational State of",0,18,"single",1,10
68071330,"Bolivia, Plurinational State of",0,35,"married",5,6
68071331,"Bolivia, Plurinational State of",0,24,"living together as married",10,10
68071332,"Bolivia, Plurinational State of",1,38,"married",5,6
68071333,"Bolivia, Plurinational State of",1,35,"widowed",10,10
68071334,"Bolivia, Plurinational State of",1,23,"single",7,7
68071335,"Bolivia, Plurinational State of",0,47,"living together as married",7,5
68071336,"Bolivia, Plurinational State of",1,49,"married",7,10
68071337,"Bolivia, Plurinational State of",0,41,"single",9,5
68071338,"Bolivia, Plurinational State of",1,19,"single",2,3
68071339,"Bolivia, Plurinational State of",1,31,"married",5,8
68071340,"Bolivia, Plurinational State of",1,33,"married",4,2
68071341,"Bolivia, Plurinational State of",1,25,"single",10,7
68071342,"Bolivia, Plurinational State of",0,53,"widowed",8,6
68071343,"Bolivia, Plurinational State of",0,21,"single",9,7
68071344,"Bolivia, Plurinational State of",0,18,"single",6,5
68071345,"Bolivia, Plurinational State of",1,69,"married",NA,10
68071346,"Bolivia, Plurinational State of",1,49,"separated",6,5
68071347,"Bolivia, Plurinational State of",1,36,"living together as married",10,5
68071348,"Bolivia, Plurinational State of",1,54,"single",9,8
68071349,"Bolivia, Plurinational State of",0,30,"living together as married",10,6
68071350,"Bolivia, Plurinational State of",0,55,"married",6,5
68071351,"Bolivia, Plurinational State of",1,60,"widowed",10,5
68071352,"Bolivia, Plurinational State of",1,53,"single",NA,7
68071353,"Bolivia, Plurinational State of",0,31,"living together as married",7,6
68071354,"Bolivia, Plurinational State of",0,29,"living together as married",10,10
68071355,"Bolivia, Plurinational State of",1,26,"married",10,10
68071356,"Bolivia, Plurinational State of",0,68,"widowed",10,10
68071357,"Bolivia, Plurinational State of",0,49,"single",5,5
68071358,"Bolivia, Plurinational State of",0,37,"married",5,10
68071359,"Bolivia, Plurinational State of",1,39,"married",7,8
68071360,"Bolivia, Plurinational State of",0,19,"single",8,7
68071361,"Bolivia, Plurinational State of",0,19,"single",7,8
68071362,"Bolivia, Plurinational State of",1,58,"married",5,6
68071363,"Bolivia, Plurinational State of",0,58,"married",6,5
68071364,"Bolivia, Plurinational State of",0,27,"living together as married",5,7
68071365,"Bolivia, Plurinational State of",1,45,"living together as married",7,8
68071366,"Bolivia, Plurinational State of",0,36,"living together as married",5,7
68071367,"Bolivia, Plurinational State of",0,36,"married",6,8
68071368,"Bolivia, Plurinational State of",0,23,"living together as married",10,10
68071369,"Bolivia, Plurinational State of",0,61,"married",8,8
68071370,"Bolivia, Plurinational State of",0,25,"married",10,10
68071371,"Bolivia, Plurinational State of",0,70,"widowed",10,10
68071372,"Bolivia, Plurinational State of",0,21,"living together as married",8,10
68071373,"Bolivia, Plurinational State of",1,26,"living together as married",7,8
68071374,"Bolivia, Plurinational State of",0,53,"widowed",5,5
68071375,"Bolivia, Plurinational State of",1,28,"living together as married",7,9
68071376,"Bolivia, Plurinational State of",0,70,"married",8,7
68071377,"Bolivia, Plurinational State of",1,30,"living together as married",9,6
68071378,"Bolivia, Plurinational State of",1,43,"married",8,8
68071379,"Bolivia, Plurinational State of",0,23,"single",8,5
68071380,"Bolivia, Plurinational State of",1,37,"living together as married",10,6
68071381,"Bolivia, Plurinational State of",1,28,"living together as married",7,7
68071382,"Bolivia, Plurinational State of",1,33,"single",6,6
68071383,"Bolivia, Plurinational State of",1,20,"living together as married",4,4
68071384,"Bolivia, Plurinational State of",0,22,"living together as married",5,10
68071385,"Bolivia, Plurinational State of",1,45,"married",8,6
68071386,"Bolivia, Plurinational State of",0,43,"married",2,5
68071387,"Bolivia, Plurinational State of",0,28,"single",10,9
68071388,"Bolivia, Plurinational State of",1,51,"married",2,3
68071389,"Bolivia, Plurinational State of",1,25,"married",8,8
68071390,"Bolivia, Plurinational State of",0,32,"single",8,10
68071391,"Bolivia, Plurinational State of",1,43,"widowed",4,4
68071392,"Bolivia, Plurinational State of",0,24,"single",6,8
68071393,"Bolivia, Plurinational State of",1,18,"single",8,7
68071394,"Bolivia, Plurinational State of",1,67,"separated",10,5
68071395,"Bolivia, Plurinational State of",0,40,"married",8,7
68071396,"Bolivia, Plurinational State of",1,50,"married",8,8
68071397,"Bolivia, Plurinational State of",0,63,"widowed",8,7
68071398,"Bolivia, Plurinational State of",1,43,"separated",5,10
68071399,"Bolivia, Plurinational State of",0,62,"married",6,7
68071400,"Bolivia, Plurinational State of",1,25,"single",6,5
68071401,"Bolivia, Plurinational State of",0,31,"single",10,5
68071402,"Bolivia, Plurinational State of",1,33,"married",9,9
68071403,"Bolivia, Plurinational State of",0,43,"married",7,8
68071404,"Bolivia, Plurinational State of",0,42,"living together as married",8,7
68071405,"Bolivia, Plurinational State of",0,21,"single",9,10
68071406,"Bolivia, Plurinational State of",1,64,"married",6,9
68071407,"Bolivia, Plurinational State of",0,38,"married",NA,8
68071408,"Bolivia, Plurinational State of",1,60,"married",8,7
68071409,"Bolivia, Plurinational State of",1,37,"married",5,5
68071410,"Bolivia, Plurinational State of",0,48,"married",7,8
68071411,"Bolivia, Plurinational State of",1,18,"single",6,8
68071412,"Bolivia, Plurinational State of",0,70,"widowed",7,8
68071413,"Bolivia, Plurinational State of",0,33,"living together as married",5,6
68071414,"Bolivia, Plurinational State of",1,22,"living together as married",10,5
68071415,"Bolivia, Plurinational State of",0,40,"living together as married",5,6
68071416,"Bolivia, Plurinational State of",1,29,"married",10,10
68071417,"Bolivia, Plurinational State of",0,53,"married",4,6
68071418,"Bolivia, Plurinational State of",0,40,"married",5,7
68071419,"Bolivia, Plurinational State of",1,44,"separated",10,5
68071420,"Bolivia, Plurinational State of",0,20,"single",6,7
68071421,"Bolivia, Plurinational State of",1,55,"single",5,2
68071422,"Bolivia, Plurinational State of",0,52,"single",1,1
68071423,"Bolivia, Plurinational State of",0,25,"single",5,10
68071424,"Bolivia, Plurinational State of",1,60,"married",8,5
68071425,"Bolivia, Plurinational State of",0,74,"single",7,7
68071426,"Bolivia, Plurinational State of",1,52,"married",10,9
68071427,"Bolivia, Plurinational State of",1,30,"married",6,5
68071428,"Bolivia, Plurinational State of",1,50,"married",9,8
68071429,"Bolivia, Plurinational State of",0,40,"married",7,5
68071430,"Bolivia, Plurinational State of",0,51,"married",10,8
68071431,"Bolivia, Plurinational State of",0,39,"single",8,10
68071432,"Bolivia, Plurinational State of",1,29,"single",8,8
68071433,"Bolivia, Plurinational State of",1,56,"living together as married",5,10
68071434,"Bolivia, Plurinational State of",1,25,"married",8,10
68071435,"Bolivia, Plurinational State of",1,38,"married",8,8
68071436,"Bolivia, Plurinational State of",0,35,"single",10,8
68071437,"Bolivia, Plurinational State of",0,50,"single",9,8
68071438,"Bolivia, Plurinational State of",1,21,"single",8,6
68071439,"Bolivia, Plurinational State of",1,44,"married",8,3
68071440,"Bolivia, Plurinational State of",0,42,"married",5,10
68071441,"Bolivia, Plurinational State of",0,28,"single",8,8
68071442,"Bolivia, Plurinational State of",0,55,"married",10,8
68071443,"Bolivia, Plurinational State of",1,38,"living together as married",8,7
68071444,"Bolivia, Plurinational State of",0,30,"living together as married",9,5
68071445,"Bolivia, Plurinational State of",0,20,"living together as married",10,10
68071446,"Bolivia, Plurinational State of",0,35,"married",5,7
68071447,"Bolivia, Plurinational State of",1,23,"single",7,10
68071448,"Bolivia, Plurinational State of",1,28,"married",5,8
68071449,"Bolivia, Plurinational State of",1,43,"married",9,9
68071450,"Bolivia, Plurinational State of",0,18,"single",7,5
68071451,"Bolivia, Plurinational State of",0,56,"living together as married",10,6
68071452,"Bolivia, Plurinational State of",0,26,"single",5,8
68071453,"Bolivia, Plurinational State of",1,31,"living together as married",8,5
68071454,"Bolivia, Plurinational State of",1,25,"living together as married",6,6
68071455,"Bolivia, Plurinational State of",1,65,"married",6,6
68071456,"Bolivia, Plurinational State of",1,20,"single",5,4
68071457,"Bolivia, Plurinational State of",0,30,"living together as married",5,5
68071458,"Bolivia, Plurinational State of",0,74,"married",3,5
68071459,"Bolivia, Plurinational State of",1,24,"living together as married",7,8
68071460,"Bolivia, Plurinational State of",0,49,"married",2,1
68071461,"Bolivia, Plurinational State of",1,55,"married",7,6
68071462,"Bolivia, Plurinational State of",1,29,"married",6,6
68071463,"Bolivia, Plurinational State of",0,39,"living together as married",7,7
68071464,"Bolivia, Plurinational State of",0,45,"married",10,9
68071465,"Bolivia, Plurinational State of",0,47,"married",7,6
68071466,"Bolivia, Plurinational State of",1,30,"living together as married",7,6
68071467,"Bolivia, Plurinational State of",1,24,"living together as married",8,9
68071468,"Bolivia, Plurinational State of",0,53,"married",5,8
68071469,"Bolivia, Plurinational State of",0,27,"single",8,5
68071470,"Bolivia, Plurinational State of",0,33,"living together as married",9,9
68071471,"Bolivia, Plurinational State of",0,31,"living together as married",5,8
68071472,"Bolivia, Plurinational State of",0,32,"married",7,8
68071473,"Bolivia, Plurinational State of",0,25,"married",7,8
68071474,"Bolivia, Plurinational State of",0,65,"widowed",8,10
68071475,"Bolivia, Plurinational State of",1,46,"single",9,10
68071476,"Bolivia, Plurinational State of",1,42,"married",8,9
68071477,"Bolivia, Plurinational State of",0,56,"married",7,8
68071478,"Bolivia, Plurinational State of",1,69,"separated",8,6
68071479,"Bolivia, Plurinational State of",1,20,"living together as married",10,10
68071480,"Bolivia, Plurinational State of",1,56,"married",NA,8
68071481,"Bolivia, Plurinational State of",1,56,"married",8,5
68071482,"Bolivia, Plurinational State of",1,23,"living together as married",5,8
68071483,"Bolivia, Plurinational State of",1,22,"married",7,8
68071484,"Bolivia, Plurinational State of",0,60,"separated",10,8
68071485,"Bolivia, Plurinational State of",1,78,"widowed",10,1
68071486,"Bolivia, Plurinational State of",1,26,"single",10,10
68071487,"Bolivia, Plurinational State of",1,23,"living together as married",10,5
68071488,"Bolivia, Plurinational State of",1,25,"living together as married",10,10
68071489,"Bolivia, Plurinational State of",0,22,"single",8,8
68071490,"Bolivia, Plurinational State of",1,23,"single",10,10
68071491,"Bolivia, Plurinational State of",0,61,"married",NA,8
68071492,"Bolivia, Plurinational State of",1,26,"married",8,8
68071493,"Bolivia, Plurinational State of",1,50,"single",7,8
68071494,"Bolivia, Plurinational State of",0,62,"married",10,10
68071495,"Bolivia, Plurinational State of",1,33,"divorced",10,10
68071496,"Bolivia, Plurinational State of",1,55,"widowed",NA,5
68071497,"Bolivia, Plurinational State of",0,64,"widowed",10,4
68071498,"Bolivia, Plurinational State of",0,62,"married",10,9
68071499,"Bolivia, Plurinational State of",0,20,"single",10,7
68071500,"Bolivia, Plurinational State of",0,44,"living together as married",10,3
68071501,"Bolivia, Plurinational State of",0,60,"married",8,7
68071502,"Bolivia, Plurinational State of",0,26,"married",9,6
68071503,"Bolivia, Plurinational State of",0,21,"single",10,8
68071504,"Bolivia, Plurinational State of",0,53,"married",5,3
68071505,"Bolivia, Plurinational State of",1,20,"living together as married",7,6
68071506,"Bolivia, Plurinational State of",0,45,"married",7,7
68071507,"Bolivia, Plurinational State of",1,33,"living together as married",5,5
68071508,"Bolivia, Plurinational State of",1,24,"single",7,9
68071509,"Bolivia, Plurinational State of",1,21,"single",5,8
68071510,"Bolivia, Plurinational State of",1,21,"single",7,7
68071511,"Bolivia, Plurinational State of",0,43,"married",8,8
68071512,"Bolivia, Plurinational State of",1,18,"living together as married",10,10
68071513,"Bolivia, Plurinational State of",1,81,"married",10,8
68071514,"Bolivia, Plurinational State of",0,21,"living together as married",8,9
68071515,"Bolivia, Plurinational State of",0,30,"living together as married",8,10
68071516,"Bolivia, Plurinational State of",0,20,"single",3,9
68071517,"Bolivia, Plurinational State of",1,38,"married",9,10
68071518,"Bolivia, Plurinational State of",0,20,"single",7,9
68071519,"Bolivia, Plurinational State of",0,70,"married",10,10
68071520,"Bolivia, Plurinational State of",0,45,"single",10,10
68071521,"Bolivia, Plurinational State of",1,24,"living together as married",10,10
68071522,"Bolivia, Plurinational State of",1,34,"living together as married",9,8
68071523,"Bolivia, Plurinational State of",0,50,"living together as married",7,5
68071524,"Bolivia, Plurinational State of",1,47,"married",10,5
68071525,"Bolivia, Plurinational State of",1,72,"married",10,7
68071526,"Bolivia, Plurinational State of",1,24,"single",7,6
68071527,"Bolivia, Plurinational State of",1,46,"married",6,5
68071528,"Bolivia, Plurinational State of",0,20,"single",7,9
68071529,"Bolivia, Plurinational State of",1,63,"widowed",6,8
68071530,"Bolivia, Plurinational State of",1,22,"married",6,8
68071531,"Bolivia, Plurinational State of",1,56,"married",4,8
68071532,"Bolivia, Plurinational State of",0,35,"living together as married",6,8
68071533,"Bolivia, Plurinational State of",0,55,"widowed",9,9
68071534,"Bolivia, Plurinational State of",1,26,"living together as married",5,10
68071535,"Bolivia, Plurinational State of",1,34,"separated",9,5
68071536,"Bolivia, Plurinational State of",0,50,"married",1,10
68071537,"Bolivia, Plurinational State of",1,29,"married",8,10
68071538,"Bolivia, Plurinational State of",1,31,"single",5,6
68071539,"Bolivia, Plurinational State of",1,23,"single",10,8
68071540,"Bolivia, Plurinational State of",1,38,"married",8,8
68071541,"Bolivia, Plurinational State of",1,58,"living together as married",8,10
68071542,"Bolivia, Plurinational State of",0,18,"single",8,7
68071543,"Bolivia, Plurinational State of",0,57,"living together as married",8,10
68071544,"Bolivia, Plurinational State of",0,56,"married",8,5
68071545,"Bolivia, Plurinational State of",1,56,"married",5,6
68071546,"Bolivia, Plurinational State of",0,31,"living together as married",9,7
68071547,"Bolivia, Plurinational State of",0,47,"married",5,8
68071548,"Bolivia, Plurinational State of",0,56,"married",9,8
68071549,"Bolivia, Plurinational State of",0,62,"divorced",10,7
68071550,"Bolivia, Plurinational State of",1,35,"married",8,6
68071551,"Bolivia, Plurinational State of",0,67,"widowed",8,9
68071552,"Bolivia, Plurinational State of",0,41,"married",6,8
68071553,"Bolivia, Plurinational State of",0,25,"living together as married",3,9
68071554,"Bolivia, Plurinational State of",0,51,"married",5,8
68071555,"Bolivia, Plurinational State of",1,38,"married",10,8
68071556,"Bolivia, Plurinational State of",1,41,"married",4,5
68071557,"Bolivia, Plurinational State of",1,40,"married",10,10
68071558,"Bolivia, Plurinational State of",0,40,"married",10,10
68071559,"Bolivia, Plurinational State of",1,18,"single",10,8
68071560,"Bolivia, Plurinational State of",0,24,"living together as married",8,8
68071561,"Bolivia, Plurinational State of",0,27,"single",10,7
68071562,"Bolivia, Plurinational State of",0,26,"single",4,8
68071563,"Bolivia, Plurinational State of",1,40,"married",8,10
68071564,"Bolivia, Plurinational State of",0,54,"widowed",6,10
68071565,"Bolivia, Plurinational State of",0,56,"widowed",8,7
68071566,"Bolivia, Plurinational State of",1,61,"married",5,8
68071567,"Bolivia, Plurinational State of",0,20,"single",9,9
68071568,"Bolivia, Plurinational State of",0,84,"widowed",10,3
68071569,"Bolivia, Plurinational State of",1,22,"living together as married",4,6
68071570,"Bolivia, Plurinational State of",1,21,"single",7,8
68071571,"Bolivia, Plurinational State of",0,33,"living together as married",1,10
68071572,"Bolivia, Plurinational State of",1,32,"married",5,8
68071573,"Bolivia, Plurinational State of",0,18,"single",9,9
68071574,"Bolivia, Plurinational State of",1,29,"married",5,5
68071575,"Bolivia, Plurinational State of",1,31,"separated",10,1
68071576,"Bolivia, Plurinational State of",0,25,"living together as married",5,10
68071577,"Bolivia, Plurinational State of",0,35,"living together as married",5,9
68071578,"Bolivia, Plurinational State of",0,55,"single",8,9
68071579,"Bolivia, Plurinational State of",1,43,"married",8,10
68071580,"Bolivia, Plurinational State of",1,32,"married",6,8
68071581,"Bolivia, Plurinational State of",0,21,"single",8,9
68071582,"Bolivia, Plurinational State of",0,33,"living together as married",1,10
68071583,"Bolivia, Plurinational State of",0,61,"living together as married",10,10
68071584,"Bolivia, Plurinational State of",0,41,"single",10,9
68071585,"Bolivia, Plurinational State of",0,29,"single",10,7
68071586,"Bolivia, Plurinational State of",0,46,"married",4,6
68071587,"Bolivia, Plurinational State of",1,25,"single",8,10
68071588,"Bolivia, Plurinational State of",1,20,"single",10,10
68071589,"Bolivia, Plurinational State of",1,58,"separated",9,7
68071590,"Bolivia, Plurinational State of",0,46,"living together as married",7,7
68071591,"Bolivia, Plurinational State of",1,25,"living together as married",8,8
68071592,"Bolivia, Plurinational State of",0,31,"married",8,6
68071593,"Bolivia, Plurinational State of",0,57,"separated",9,8
68071594,"Bolivia, Plurinational State of",1,45,"married",5,5
68071595,"Bolivia, Plurinational State of",0,50,"married",10,8
68071596,"Bolivia, Plurinational State of",1,59,"separated",8,8
68071597,"Bolivia, Plurinational State of",1,19,"living together as married",6,8
68071598,"Bolivia, Plurinational State of",1,47,"married",10,8
68071599,"Bolivia, Plurinational State of",0,24,"single",7,8
68071600,"Bolivia, Plurinational State of",0,19,"single",7,5
68071601,"Bolivia, Plurinational State of",0,23,"single",8,7
68071602,"Bolivia, Plurinational State of",1,35,"married",4,10
68071603,"Bolivia, Plurinational State of",0,36,"married",5,7
68071604,"Bolivia, Plurinational State of",0,37,"divorced",9,8
68071605,"Bolivia, Plurinational State of",1,70,"divorced",8,7
68071606,"Bolivia, Plurinational State of",0,66,"married",10,10
68071607,"Bolivia, Plurinational State of",0,18,"single",8,10
68071608,"Bolivia, Plurinational State of",0,34,"single",7,9
68071609,"Bolivia, Plurinational State of",1,56,"married",1,8
68071610,"Bolivia, Plurinational State of",0,71,"married",7,5
68071611,"Bolivia, Plurinational State of",1,18,"single",7,8
68071612,"Bolivia, Plurinational State of",0,41,"married",7,5
68071613,"Bolivia, Plurinational State of",0,47,"single",5,8
68071614,"Bolivia, Plurinational State of",0,59,"separated",7,7
68071615,"Bolivia, Plurinational State of",0,19,"single",6,3
68071616,"Bolivia, Plurinational State of",0,18,"single",5,6
68071617,"Bolivia, Plurinational State of",1,48,"living together as married",10,8
68071618,"Bolivia, Plurinational State of",1,20,"single",6,8
68071619,"Bolivia, Plurinational State of",1,20,"single",10,9
68071620,"Bolivia, Plurinational State of",1,21,"single",4,8
68071621,"Bolivia, Plurinational State of",0,30,"married",10,7
68071622,"Bolivia, Plurinational State of",1,59,"married",8,5
68071623,"Bolivia, Plurinational State of",0,27,"single",5,4
68071624,"Bolivia, Plurinational State of",1,31,"living together as married",NA,5
68071625,"Bolivia, Plurinational State of",0,33,"living together as married",10,9
68071626,"Bolivia, Plurinational State of",1,21,"living together as married",10,10
68071627,"Bolivia, Plurinational State of",1,40,"married",5,6
68071628,"Bolivia, Plurinational State of",0,36,"separated",7,7
68071629,"Bolivia, Plurinational State of",0,22,"living together as married",8,10
68071630,"Bolivia, Plurinational State of",1,57,"widowed",3,6
68071631,"Bolivia, Plurinational State of",0,18,"single",7,6
68071632,"Bolivia, Plurinational State of",0,32,"living together as married",8,9
68071633,"Bolivia, Plurinational State of",1,19,"single",8,10
68071634,"Bolivia, Plurinational State of",1,65,"widowed",10,10
68071635,"Bolivia, Plurinational State of",0,60,"married",7,8
68071636,"Bolivia, Plurinational State of",1,25,"living together as married",7,7
68071637,"Bolivia, Plurinational State of",1,27,"single",10,8
68071638,"Bolivia, Plurinational State of",1,45,"widowed",4,5
68071639,"Bolivia, Plurinational State of",0,21,"living together as married",5,7
68071640,"Bolivia, Plurinational State of",0,36,"living together as married",7,8
68071641,"Bolivia, Plurinational State of",1,43,"separated",5,1
68071642,"Bolivia, Plurinational State of",0,21,"single",10,10
68071643,"Bolivia, Plurinational State of",0,20,"single",9,9
68071644,"Bolivia, Plurinational State of",1,19,"single",5,10
68071645,"Bolivia, Plurinational State of",1,20,"living together as married",9,8
68071646,"Bolivia, Plurinational State of",1,39,"single",5,5
68071647,"Bolivia, Plurinational State of",1,20,"single",9,9
68071648,"Bolivia, Plurinational State of",1,70,"married",8,9
68071649,"Bolivia, Plurinational State of",0,45,"married",8,9
68071650,"Bolivia, Plurinational State of",0,63,"single",10,6
68071651,"Bolivia, Plurinational State of",1,36,"married",6,6
68071652,"Bolivia, Plurinational State of",0,34,"married",10,8
68071653,"Bolivia, Plurinational State of",1,20,"single",9,9
68071654,"Bolivia, Plurinational State of",0,65,"married",6,4
68071655,"Bolivia, Plurinational State of",1,20,"single",5,8
68071656,"Bolivia, Plurinational State of",1,56,"married",7,5
68071657,"Bolivia, Plurinational State of",0,32,"married",8,9
68071658,"Bolivia, Plurinational State of",0,61,"married",10,10
68071659,"Bolivia, Plurinational State of",1,32,"separated",6,6
68071660,"Bolivia, Plurinational State of",1,29,"living together as married",9,6
68071661,"Bolivia, Plurinational State of",1,26,"single",8,8
68071662,"Bolivia, Plurinational State of",1,59,"living together as married",NA,7
68071663,"Bolivia, Plurinational State of",1,52,"married",10,10
68071664,"Bolivia, Plurinational State of",0,60,"married",6,9
68071665,"Bolivia, Plurinational State of",0,54,"living together as married",4,8
68071666,"Bolivia, Plurinational State of",0,33,"married",9,6
68071667,"Bolivia, Plurinational State of",0,34,"living together as married",5,8
68071668,"Bolivia, Plurinational State of",0,39,"married",9,9
68071669,"Bolivia, Plurinational State of",0,40,"married",6,6
68071670,"Bolivia, Plurinational State of",0,67,"married",10,6
68071671,"Bolivia, Plurinational State of",0,67,"married",6,9
68071672,"Bolivia, Plurinational State of",1,35,"married",5,5
68071673,"Bolivia, Plurinational State of",1,58,"married",5,5
68071674,"Bolivia, Plurinational State of",1,21,"separated",10,6
68071675,"Bolivia, Plurinational State of",0,24,"single",8,9
68071676,"Bolivia, Plurinational State of",1,34,"single",8,9
68071677,"Bolivia, Plurinational State of",1,42,"married",8,7
68071678,"Bolivia, Plurinational State of",0,61,"living together as married",2,3
68071679,"Bolivia, Plurinational State of",1,44,"married",10,10
68071680,"Bolivia, Plurinational State of",1,54,"widowed",6,4
68071681,"Bolivia, Plurinational State of",0,67,"married",6,8
68071682,"Bolivia, Plurinational State of",1,40,"married",9,5
68071683,"Bolivia, Plurinational State of",1,18,"living together as married",5,3
68071684,"Bolivia, Plurinational State of",0,21,"single",9,9
68071685,"Bolivia, Plurinational State of",1,29,"married",9,8
68071686,"Bolivia, Plurinational State of",1,21,"single",9,5
68071687,"Bolivia, Plurinational State of",1,18,"single",8,10
68071688,"Bolivia, Plurinational State of",1,18,"living together as married",7,9
68071689,"Bolivia, Plurinational State of",0,30,"single",10,5
68071690,"Bolivia, Plurinational State of",1,76,"widowed",10,5
68071691,"Bolivia, Plurinational State of",0,18,"single",6,10
68071692,"Bolivia, Plurinational State of",0,52,"separated",8,7
68071693,"Bolivia, Plurinational State of",1,21,"single",6,10
68071694,"Bolivia, Plurinational State of",0,20,"single",10,8
68071695,"Bolivia, Plurinational State of",0,21,"single",8,10
68071696,"Bolivia, Plurinational State of",1,34,"living together as married",7,8
68071697,"Bolivia, Plurinational State of",0,26,"living together as married",5,5
68071698,"Bolivia, Plurinational State of",1,22,"single",10,10
68071699,"Bolivia, Plurinational State of",0,49,"married",8,9
68071700,"Bolivia, Plurinational State of",1,35,"separated",10,6
68071701,"Bolivia, Plurinational State of",1,67,"widowed",9,5
68071702,"Bolivia, Plurinational State of",0,59,"widowed",8,10
68071703,"Bolivia, Plurinational State of",0,35,"divorced",7,7
68071704,"Bolivia, Plurinational State of",1,42,"married",10,10
68071705,"Bolivia, Plurinational State of",0,23,"living together as married",9,10
68071706,"Bolivia, Plurinational State of",0,22,"single",10,10
68071707,"Bolivia, Plurinational State of",0,58,"married",8,6
68071708,"Bolivia, Plurinational State of",1,28,"living together as married",2,1
68071709,"Bolivia, Plurinational State of",1,34,"married",10,10
68071710,"Bolivia, Plurinational State of",0,26,"single",5,8
68071711,"Bolivia, Plurinational State of",1,44,"living together as married",10,5
68071712,"Bolivia, Plurinational State of",1,41,"living together as married",4,5
68071713,"Bolivia, Plurinational State of",1,82,"widowed",2,3
68071714,"Bolivia, Plurinational State of",0,20,"single",10,10
68071715,"Bolivia, Plurinational State of",1,18,"living together as married",8,3
68071716,"Bolivia, Plurinational State of",1,40,"married",8,10
68071717,"Bolivia, Plurinational State of",1,27,"married",6,8
68071718,"Bolivia, Plurinational State of",1,56,"married",6,5
68071719,"Bolivia, Plurinational State of",1,23,"single",10,5
68071720,"Bolivia, Plurinational State of",1,60,"married",9,10
68071721,"Bolivia, Plurinational State of",1,23,"single",10,10
68071722,"Bolivia, Plurinational State of",0,39,"married",10,10
68071723,"Bolivia, Plurinational State of",1,38,"separated",4,3
68071724,"Bolivia, Plurinational State of",0,34,"living together as married",7,5
68071725,"Bolivia, Plurinational State of",0,35,"single",8,8
68071726,"Bolivia, Plurinational State of",1,44,"married",10,10
68071727,"Bolivia, Plurinational State of",1,27,"single",10,10
68071728,"Bolivia, Plurinational State of",0,19,"single",10,10
68071729,"Bolivia, Plurinational State of",0,70,"married",8,9
68071730,"Bolivia, Plurinational State of",1,70,"married",5,5
68071731,"Bolivia, Plurinational State of",0,18,"single",8,9
68071732,"Bolivia, Plurinational State of",1,71,"single",10,5
68071733,"Bolivia, Plurinational State of",1,23,"married",7,5
68071734,"Bolivia, Plurinational State of",0,19,"single",7,8
68071735,"Bolivia, Plurinational State of",0,33,NA,10,10
68071736,"Bolivia, Plurinational State of",1,35,"single",7,7
68071737,"Bolivia, Plurinational State of",0,62,"married",NA,6
68071738,"Bolivia, Plurinational State of",1,64,"separated",NA,10
68071739,"Bolivia, Plurinational State of",1,36,"living together as married",8,10
68071740,"Bolivia, Plurinational State of",0,22,"single",7,8
68071741,"Bolivia, Plurinational State of",0,49,"married",10,5
68071742,"Bolivia, Plurinational State of",1,18,"single",6,8
68071743,"Bolivia, Plurinational State of",0,18,"living together as married",7,5
68071744,"Bolivia, Plurinational State of",0,18,"single",9,10
68071745,"Bolivia, Plurinational State of",1,19,"single",8,9
68071746,"Bolivia, Plurinational State of",0,64,"living together as married",10,5
68071747,"Bolivia, Plurinational State of",0,19,"single",6,7
68071748,"Bolivia, Plurinational State of",0,45,"married",3,8
68071749,"Bolivia, Plurinational State of",0,24,"single",8,6
68071750,"Bolivia, Plurinational State of",0,54,"married",5,10
68071751,"Bolivia, Plurinational State of",0,40,"married",6,8
68071752,"Bolivia, Plurinational State of",0,35,"married",10,10
68071753,"Bolivia, Plurinational State of",1,28,"single",8,10
68071754,"Bolivia, Plurinational State of",1,23,"living together as married",5,10
68071755,"Bolivia, Plurinational State of",1,31,"single",6,8
68071756,"Bolivia, Plurinational State of",0,50,"single",10,6
68071757,"Bolivia, Plurinational State of",0,19,"living together as married",10,10
68071758,"Bolivia, Plurinational State of",0,22,"single",8,10
68071759,"Bolivia, Plurinational State of",0,26,"living together as married",8,10
68071760,"Bolivia, Plurinational State of",1,47,"married",6,8
68071761,"Bolivia, Plurinational State of",1,40,"married",6,6
68071762,"Bolivia, Plurinational State of",0,21,"single",7,8
68071763,"Bolivia, Plurinational State of",1,20,"single",NA,NA
68071764,"Bolivia, Plurinational State of",0,23,"single",6,7
68071765,"Bolivia, Plurinational State of",1,62,"married",10,10
68071766,"Bolivia, Plurinational State of",0,38,"living together as married",4,5
68071767,"Bolivia, Plurinational State of",0,20,"single",4,3
68071768,"Bolivia, Plurinational State of",1,51,"married",10,5
68071769,"Bolivia, Plurinational State of",1,31,"single",9,9
68071770,"Bolivia, Plurinational State of",0,37,"married",10,9
68071771,"Bolivia, Plurinational State of",0,40,"married",10,10
68071772,"Bolivia, Plurinational State of",0,36,"married",9,9
68071773,"Bolivia, Plurinational State of",0,42,"married",10,6
68071774,"Bolivia, Plurinational State of",1,53,"married",NA,5
68071775,"Bolivia, Plurinational State of",1,57,"widowed",10,3
68071776,"Bolivia, Plurinational State of",1,40,"living together as married",4,5
68071777,"Bolivia, Plurinational State of",1,71,"widowed",4,6
68071778,"Bolivia, Plurinational State of",1,54,"widowed",5,6
68071779,"Bolivia, Plurinational State of",1,28,"living together as married",8,8
68071780,"Bolivia, Plurinational State of",1,31,"single",NA,NA
68071781,"Bolivia, Plurinational State of",0,18,"single",5,6
68071782,"Bolivia, Plurinational State of",0,23,"single",8,9
68071783,"Bolivia, Plurinational State of",0,31,"living together as married",8,9
68071784,"Bolivia, Plurinational State of",1,30,"living together as married",10,10
68071785,"Bolivia, Plurinational State of",1,30,"living together as married",9,9
68071786,"Bolivia, Plurinational State of",1,37,"living together as married",6,8
68071787,"Bolivia, Plurinational State of",0,58,"married",5,3
68071788,"Bolivia, Plurinational State of",0,19,"single",8,9
68071789,"Bolivia, Plurinational State of",0,32,"single",5,5
68071790,"Bolivia, Plurinational State of",1,22,"married",9,10
68071791,"Bolivia, Plurinational State of",0,46,"married",5,9
68071792,"Bolivia, Plurinational State of",0,43,"living together as married",8,6
68071793,"Bolivia, Plurinational State of",1,31,"divorced",7,10
68071794,"Bolivia, Plurinational State of",0,34,"married",10,10
68071795,"Bolivia, Plurinational State of",0,76,"widowed",2,3
68071796,"Bolivia, Plurinational State of",0,79,"divorced",NA,10
68071797,"Bolivia, Plurinational State of",1,23,"married",5,5
68071798,"Bolivia, Plurinational State of",0,32,"married",9,10
68071799,"Bolivia, Plurinational State of",0,18,"single",7,8
68071800,"Bolivia, Plurinational State of",0,30,"single",10,10
68071801,"Bolivia, Plurinational State of",0,34,"single",9,5
68071802,"Bolivia, Plurinational State of",0,20,"single",6,5
68071803,"Bolivia, Plurinational State of",1,55,"divorced",8,7
68071804,"Bolivia, Plurinational State of",0,54,"married",7,7
68071805,"Bolivia, Plurinational State of",0,43,"living together as married",9,10
68071806,"Bolivia, Plurinational State of",1,58,"separated",6,8
68071807,"Bolivia, Plurinational State of",0,58,"married",9,9
68071808,"Bolivia, Plurinational State of",1,31,"married",7,6
68071809,"Bolivia, Plurinational State of",1,40,"married",5,6
68071810,"Bolivia, Plurinational State of",0,43,"married",6,7
68071811,"Bolivia, Plurinational State of",1,42,"single",5,4
68071812,"Bolivia, Plurinational State of",1,39,"single",10,6
68071813,"Bolivia, Plurinational State of",1,49,"married",8,8
68071814,"Bolivia, Plurinational State of",1,60,"living together as married",5,6
68071815,"Bolivia, Plurinational State of",0,20,"single",6,7
68071816,"Bolivia, Plurinational State of",1,32,"married",8,9
68071817,"Bolivia, Plurinational State of",1,43,"married",7,8
68071818,"Bolivia, Plurinational State of",1,25,"single",10,10
68071819,"Bolivia, Plurinational State of",0,45,"married",8,8
68071820,"Bolivia, Plurinational State of",1,34,"single",8,8
68071821,"Bolivia, Plurinational State of",1,34,"married",6,7
68071822,"Bolivia, Plurinational State of",0,30,"married",8,7
68071823,"Bolivia, Plurinational State of",1,31,"married",7,5
68071824,"Bolivia, Plurinational State of",0,21,"single",8,7
68071825,"Bolivia, Plurinational State of",0,52,"married",8,6
68071826,"Bolivia, Plurinational State of",1,22,"living together as married",7,8
68071827,"Bolivia, Plurinational State of",1,20,"single",8,6
68071828,"Bolivia, Plurinational State of",0,40,"married",8,8
68071829,"Bolivia, Plurinational State of",0,66,"married",9,9
68071830,"Bolivia, Plurinational State of",0,50,"married",7,8
68071831,"Bolivia, Plurinational State of",1,46,"living together as married",8,7
68071832,"Bolivia, Plurinational State of",1,62,"married",9,10
68071833,"Bolivia, Plurinational State of",0,37,"married",7,8
68071834,"Bolivia, Plurinational State of",1,50,"married",10,10
68071835,"Bolivia, Plurinational State of",0,23,"single",5,9
68071836,"Bolivia, Plurinational State of",0,57,"married",10,10
68071837,"Bolivia, Plurinational State of",1,30,"living together as married",5,6
68071838,"Bolivia, Plurinational State of",1,20,"living together as married",8,10
68071839,"Bolivia, Plurinational State of",1,35,"married",10,10
68071840,"Bolivia, Plurinational State of",1,42,"married",10,6
68071841,"Bolivia, Plurinational State of",0,26,"single",7,6
68071842,"Bolivia, Plurinational State of",0,20,"single",8,7
68071843,"Bolivia, Plurinational State of",1,26,"living together as married",7,7
68071844,"Bolivia, Plurinational State of",0,54,"living together as married",7,8
68071845,"Bolivia, Plurinational State of",0,20,"single",9,10
68071846,"Bolivia, Plurinational State of",1,20,"single",8,7
68071847,"Bolivia, Plurinational State of",0,49,"living together as married",8,7
68071848,"Bolivia, Plurinational State of",0,19,"single",8,9
68071849,"Bolivia, Plurinational State of",1,32,"living together as married",10,10
68071850,"Bolivia, Plurinational State of",0,22,"single",9,10
68071851,"Bolivia, Plurinational State of",1,33,"single",10,10
68071852,"Bolivia, Plurinational State of",0,24,"single",9,9
68071853,"Bolivia, Plurinational State of",1,69,"widowed",10,6
68071854,"Bolivia, Plurinational State of",1,60,"married",9,8
68071855,"Bolivia, Plurinational State of",1,26,"living together as married",10,8
68071856,"Bolivia, Plurinational State of",0,20,"single",10,9
68071857,"Bolivia, Plurinational State of",1,52,"divorced",4,5
68071858,"Bolivia, Plurinational State of",1,25,"married",8,7
68071859,"Bolivia, Plurinational State of",1,48,"separated",10,7
68071860,"Bolivia, Plurinational State of",1,55,"married",7,5
68071861,"Bolivia, Plurinational State of",1,34,"married",NA,10
68071862,"Bolivia, Plurinational State of",1,28,"living together as married",8,8
68071863,"Bolivia, Plurinational State of",0,61,"single",10,10
68071864,"Bolivia, Plurinational State of",0,32,"single",10,8
68071865,"Bolivia, Plurinational State of",0,23,"single",9,9
68071866,"Bolivia, Plurinational State of",1,33,"separated",7,8
68071867,"Bolivia, Plurinational State of",1,26,"separated",10,10
68071868,"Bolivia, Plurinational State of",1,30,"living together as married",9,9
68071869,"Bolivia, Plurinational State of",1,56,"single",8,8
68071870,"Bolivia, Plurinational State of",0,76,"married",9,8
68071871,"Bolivia, Plurinational State of",0,33,"married",10,10
68071872,"Bolivia, Plurinational State of",1,49,"married",6,8
68071873,"Bolivia, Plurinational State of",1,64,"single",4,5
68071874,"Bolivia, Plurinational State of",0,38,"married",3,5
68071875,"Bolivia, Plurinational State of",0,22,"single",5,10
68071876,"Bolivia, Plurinational State of",0,35,"separated",7,4
68071877,"Bolivia, Plurinational State of",0,32,"married",8,7
68071878,"Bolivia, Plurinational State of",0,74,"married",10,10
68071879,"Bolivia, Plurinational State of",1,27,"living together as married",7,7
68071880,"Bolivia, Plurinational State of",0,50,"separated",8,10
68071881,"Bolivia, Plurinational State of",0,21,"single",7,6
68071882,"Bolivia, Plurinational State of",0,72,"married",8,8
68071883,"Bolivia, Plurinational State of",0,22,"married",10,9
68071884,"Bolivia, Plurinational State of",0,21,"living together as married",6,7
68071885,"Bolivia, Plurinational State of",1,46,"separated",10,5
68071886,"Bolivia, Plurinational State of",1,30,"married",10,10
68071887,"Bolivia, Plurinational State of",1,32,"married",7,7
68071888,"Bolivia, Plurinational State of",1,39,"single",8,10
68071889,"Bolivia, Plurinational State of",1,44,"married",9,10
68071890,"Bolivia, Plurinational State of",1,22,"living together as married",5,4
68071891,"Bolivia, Plurinational State of",1,77,"living together as married",7,4
68071892,"Bolivia, Plurinational State of",1,31,"married",8,10
68071893,"Bolivia, Plurinational State of",0,23,"single",9,10
68071894,"Bolivia, Plurinational State of",0,31,"single",7,5
68071895,"Bolivia, Plurinational State of",0,61,"living together as married",8,7
68071896,"Bolivia, Plurinational State of",0,70,"married",8,2
68071897,"Bolivia, Plurinational State of",0,41,"married",6,5
68071898,"Bolivia, Plurinational State of",1,27,"single",7,8
68071899,"Bolivia, Plurinational State of",0,46,"married",10,8
68071900,"Bolivia, Plurinational State of",0,23,"single",8,8
68071901,"Bolivia, Plurinational State of",1,62,"single",5,9
68071902,"Bolivia, Plurinational State of",0,53,"married",6,3
68071903,"Bolivia, Plurinational State of",0,20,"single",7,7
68071904,"Bolivia, Plurinational State of",1,28,"married",8,6
68071905,"Bolivia, Plurinational State of",0,28,"living together as married",8,5
68071906,"Bolivia, Plurinational State of",1,50,"living together as married",10,10
68071907,"Bolivia, Plurinational State of",1,50,"living together as married",5,8
68071908,"Bolivia, Plurinational State of",0,70,"married",8,7
68071909,"Bolivia, Plurinational State of",0,43,"married",10,10
68071910,"Bolivia, Plurinational State of",0,48,"married",6,6
68071911,"Bolivia, Plurinational State of",1,18,"single",7,4
68071912,"Bolivia, Plurinational State of",0,37,"married",8,7
68071913,"Bolivia, Plurinational State of",0,30,"single",10,9
68071914,"Bolivia, Plurinational State of",0,56,"divorced",8,7
68071915,"Bolivia, Plurinational State of",1,68,"widowed",5,8
68071916,"Bolivia, Plurinational State of",0,33,"living together as married",9,7
68071917,"Bolivia, Plurinational State of",0,63,"married",10,8
68071918,"Bolivia, Plurinational State of",0,22,"single",10,10
68071919,"Bolivia, Plurinational State of",0,18,"single",8,9
68071920,"Bolivia, Plurinational State of",1,43,"married",5,5
68071921,"Bolivia, Plurinational State of",0,24,"single",6,7
68071922,"Bolivia, Plurinational State of",0,35,"separated",9,7
68071923,"Bolivia, Plurinational State of",1,30,"married",6,6
68071924,"Bolivia, Plurinational State of",0,44,"married",8,9
68071925,"Bolivia, Plurinational State of",0,32,"married",10,9
68071926,"Bolivia, Plurinational State of",0,19,"single",8,7
68071927,"Bolivia, Plurinational State of",1,43,"married",10,9
68071928,"Bolivia, Plurinational State of",1,70,"widowed",1,5
68071929,"Bolivia, Plurinational State of",1,22,"living together as married",10,5
68071930,"Bolivia, Plurinational State of",1,27,"living together as married",6,9
68071931,"Bolivia, Plurinational State of",1,21,"single",6,8
68071932,"Bolivia, Plurinational State of",1,35,"living together as married",10,10
68071933,"Bolivia, Plurinational State of",0,54,"separated",9,8
68071934,"Bolivia, Plurinational State of",0,44,"living together as married",7,7
68071935,"Bolivia, Plurinational State of",1,55,"living together as married",7,6
68071936,"Bolivia, Plurinational State of",1,54,"divorced",5,1
68071937,"Bolivia, Plurinational State of",1,38,"living together as married",4,8
68071938,"Bolivia, Plurinational State of",1,19,"single",8,7
68071939,"Bolivia, Plurinational State of",0,33,"single",6,5
68071940,"Bolivia, Plurinational State of",0,27,"single",6,7
68071941,"Bolivia, Plurinational State of",0,33,"single",5,10
68071942,"Bolivia, Plurinational State of",0,58,"separated",8,8
68071943,"Bolivia, Plurinational State of",1,37,"separated",10,10
68071944,"Bolivia, Plurinational State of",1,37,"living together as married",5,8
68071945,"Bolivia, Plurinational State of",0,45,"married",8,8
68071946,"Bolivia, Plurinational State of",0,29,"living together as married",8,8
68071947,"Bolivia, Plurinational State of",1,57,"married",5,6
68071948,"Bolivia, Plurinational State of",0,19,"single",7,8
68071949,"Bolivia, Plurinational State of",0,26,"married",6,7
68071950,"Bolivia, Plurinational State of",0,57,"married",9,7
68071951,"Bolivia, Plurinational State of",0,26,"married",9,10
68071952,"Bolivia, Plurinational State of",0,40,"married",10,10
68071953,"Bolivia, Plurinational State of",0,19,"single",10,7
68071954,"Bolivia, Plurinational State of",1,26,"living together as married",7,9
68071955,"Bolivia, Plurinational State of",1,32,"single",10,7
68071956,"Bolivia, Plurinational State of",0,57,"married",10,7
68071957,"Bolivia, Plurinational State of",0,43,"single",6,6
68071958,"Bolivia, Plurinational State of",1,31,"single",10,10
68071959,"Bolivia, Plurinational State of",0,55,"divorced",10,5
68071960,"Bolivia, Plurinational State of",1,24,"living together as married",10,10
68071961,"Bolivia, Plurinational State of",1,29,"living together as married",5,5
68071962,"Bolivia, Plurinational State of",1,76,"divorced",3,10
68071963,"Bolivia, Plurinational State of",1,20,"single",10,10
68071964,"Bolivia, Plurinational State of",0,23,"single",7,8
68071965,"Bolivia, Plurinational State of",0,28,"single",8,10
68071966,"Bolivia, Plurinational State of",1,41,"married",10,8
68071967,"Bolivia, Plurinational State of",1,50,"married",9,7
68071968,"Bolivia, Plurinational State of",1,20,"single",5,10
68071969,"Bolivia, Plurinational State of",1,28,"living together as married",5,5
68071970,"Bolivia, Plurinational State of",0,33,"living together as married",8,9
68071971,"Bolivia, Plurinational State of",1,60,"separated",10,8
68071972,"Bolivia, Plurinational State of",1,69,"married",8,3
68071973,"Bolivia, Plurinational State of",1,25,"living together as married",10,9
68071974,"Bolivia, Plurinational State of",0,19,"single",8,10
68071975,"Bolivia, Plurinational State of",1,73,"widowed",5,8
68071976,"Bolivia, Plurinational State of",0,41,"living together as married",5,7
68071977,"Bolivia, Plurinational State of",1,57,"single",8,3
68071978,"Bolivia, Plurinational State of",1,25,"married",7,7
68071979,"Bolivia, Plurinational State of",1,36,"married",8,8
68071980,"Bolivia, Plurinational State of",0,19,"single",6,7
68071981,"Bolivia, Plurinational State of",1,26,"single",9,8
68071982,"Bolivia, Plurinational State of",1,20,"single",10,10
68071983,"Bolivia, Plurinational State of",0,74,"married",8,9
68071984,"Bolivia, Plurinational State of",0,47,"living together as married",6,8
68071985,"Bolivia, Plurinational State of",1,40,"married",7,10
68071986,"Bolivia, Plurinational State of",0,20,"single",8,8
68071987,"Bolivia, Plurinational State of",0,69,"living together as married",7,10
68071988,"Bolivia, Plurinational State of",0,24,"single",6,7
68071989,"Bolivia, Plurinational State of",1,40,"separated",10,7
68071990,"Bolivia, Plurinational State of",0,53,"living together as married",4,1
68071991,"Bolivia, Plurinational State of",0,24,"single",8,8
68071992,"Bolivia, Plurinational State of",0,18,"single",8,8
68071993,"Bolivia, Plurinational State of",0,31,"single",9,10
68071994,"Bolivia, Plurinational State of",1,53,"married",10,6
68071995,"Bolivia, Plurinational State of",1,25,"single",8,7
68071996,"Bolivia, Plurinational State of",1,56,"married",8,5
68071997,"Bolivia, Plurinational State of",0,55,"widowed",8,8
68071998,"Bolivia, Plurinational State of",1,72,"living together as married",10,10
68071999,"Bolivia, Plurinational State of",0,82,"married",8,8
68072000,"Bolivia, Plurinational State of",1,24,"married",8,8
68072001,"Bolivia, Plurinational State of",1,39,"married",4,1
68072002,"Bolivia, Plurinational State of",1,31,"married",4,8
68072003,"Bolivia, Plurinational State of",1,34,"living together as married",6,8
68072004,"Bolivia, Plurinational State of",0,33,"married",8,9
68072005,"Bolivia, Plurinational State of",0,32,"married",10,10
68072006,"Bolivia, Plurinational State of",1,30,"separated",5,6
68072007,"Bolivia, Plurinational State of",0,30,"married",10,10
68072008,"Bolivia, Plurinational State of",1,80,"widowed",10,2
68072009,"Bolivia, Plurinational State of",1,20,"single",5,10
68072010,"Bolivia, Plurinational State of",0,40,"married",10,9
68072011,"Bolivia, Plurinational State of",0,24,"living together as married",10,10
68072012,"Bolivia, Plurinational State of",0,64,"married",NA,10
68072013,"Bolivia, Plurinational State of",1,45,"married",8,7
68072014,"Bolivia, Plurinational State of",1,20,"living together as married",10,9
68072015,"Bolivia, Plurinational State of",0,21,"single",8,10
68072016,"Bolivia, Plurinational State of",0,28,"living together as married",8,9
68072017,"Bolivia, Plurinational State of",1,57,"living together as married",10,10
68072018,"Bolivia, Plurinational State of",0,53,"married",10,7
68072019,"Bolivia, Plurinational State of",0,30,"living together as married",6,5
68072020,"Bolivia, Plurinational State of",0,65,"married",6,10
68072021,"Bolivia, Plurinational State of",0,34,"married",10,8
68072022,"Bolivia, Plurinational State of",1,23,"single",2,4
68072023,"Bolivia, Plurinational State of",0,33,"married",10,8
68072024,"Bolivia, Plurinational State of",1,50,"single",6,6
68072025,"Bolivia, Plurinational State of",0,38,"separated",6,8
68072026,"Bolivia, Plurinational State of",0,39,"single",8,7
68072027,"Bolivia, Plurinational State of",1,24,"single",8,6
68072028,"Bolivia, Plurinational State of",1,56,"married",8,8
68072029,"Bolivia, Plurinational State of",0,26,"single",5,7
68072030,"Bolivia, Plurinational State of",0,57,"married",4,5
68072031,"Bolivia, Plurinational State of",1,18,"single",7,6
68072032,"Bolivia, Plurinational State of",1,30,"living together as married",7,7
68072033,"Bolivia, Plurinational State of",1,31,"single",7,8
68072034,"Bolivia, Plurinational State of",1,40,"living together as married",3,4
68072035,"Bolivia, Plurinational State of",0,45,"married",10,8
68072036,"Bolivia, Plurinational State of",0,24,"single",10,6
68072037,"Bolivia, Plurinational State of",0,56,"married",7,7
68072038,"Bolivia, Plurinational State of",1,59,"widowed",5,5
68072039,"Bolivia, Plurinational State of",0,55,"separated",8,4
68072040,"Bolivia, Plurinational State of",0,19,"single",5,4
68072041,"Bolivia, Plurinational State of",1,19,"single",5,7
68072042,"Bolivia, Plurinational State of",1,27,"married",10,8
68072043,"Bolivia, Plurinational State of",0,60,"married",8,10
68072044,"Bolivia, Plurinational State of",0,21,"single",7,7
68072045,"Bolivia, Plurinational State of",1,34,"single",10,8
68072046,"Bolivia, Plurinational State of",1,20,"living together as married",6,5
68072047,"Bolivia, Plurinational State of",1,33,"married",4,5
68072048,"Bolivia, Plurinational State of",0,24,"single",5,5
68072049,"Bolivia, Plurinational State of",1,24,"single",7,8
68072050,"Bolivia, Plurinational State of",0,42,"living together as married",7,7
68072051,"Bolivia, Plurinational State of",1,44,"living together as married",5,1
68072052,"Bolivia, Plurinational State of",1,47,"married",10,10
68072053,"Bolivia, Plurinational State of",1,58,"married",5,10
68072054,"Bolivia, Plurinational State of",0,20,"single",7,7
68072055,"Bolivia, Plurinational State of",0,40,"married",10,9
68072056,"Bolivia, Plurinational State of",0,25,"single",5,8
68072057,"Bolivia, Plurinational State of",0,31,"single",10,8
68072058,"Bolivia, Plurinational State of",1,56,"widowed",7,8
68072059,"Bolivia, Plurinational State of",0,58,"married",4,7
68072060,"Bolivia, Plurinational State of",1,58,"widowed",10,5
68072061,"Bolivia, Plurinational State of",1,31,"living together as married",10,1
68072062,"Bolivia, Plurinational State of",0,56,"separated",8,8
68072063,"Bolivia, Plurinational State of",1,30,"single",8,9
68072064,"Bolivia, Plurinational State of",1,61,"married",6,4
68072065,"Bolivia, Plurinational State of",0,36,"married",7,7
68072066,"Bolivia, Plurinational State of",0,18,"single",10,5
68072067,"Bolivia, Plurinational State of",0,20,"single",7,4
364071001,"Iran, Islamic Republic of",0,32,"single",10,5
364071003,"Iran, Islamic Republic of",0,62,"married",5,3
364071004,"Iran, Islamic Republic of",1,34,"married",2,8
364071005,"Iran, Islamic Republic of",1,18,"single",6,6
364071006,"Iran, Islamic Republic of",0,45,"married",1,5
364071007,"Iran, Islamic Republic of",0,38,"married",5,5
364071008,"Iran, Islamic Republic of",0,18,"single",6,10
364071009,"Iran, Islamic Republic of",0,48,"married",8,6
364071011,"Iran, Islamic Republic of",1,19,"single",5,5
364071012,"Iran, Islamic Republic of",0,38,"married",8,6
364071013,"Iran, Islamic Republic of",1,51,"married",4,6
364071014,"Iran, Islamic Republic of",1,31,"single",7,5
364071015,"Iran, Islamic Republic of",1,47,"married",5,5
364071017,"Iran, Islamic Republic of",0,69,"married",10,10
364071018,"Iran, Islamic Republic of",0,19,"single",4,7
364071019,"Iran, Islamic Republic of",0,41,"married",10,8
364071020,"Iran, Islamic Republic of",0,40,"married",8,8
364071022,"Iran, Islamic Republic of",0,58,"married",5,6
364071023,"Iran, Islamic Republic of",1,55,"married",5,5
364071024,"Iran, Islamic Republic of",0,47,"married",10,10
364071025,"Iran, Islamic Republic of",1,24,"married",8,5
364071026,"Iran, Islamic Republic of",1,70,"married",10,10
364071027,"Iran, Islamic Republic of",1,46,"married",10,5
364071028,"Iran, Islamic Republic of",0,19,"single",1,10
364071029,"Iran, Islamic Republic of",0,25,"single",10,1
364071030,"Iran, Islamic Republic of",1,46,"married",5,3
364071031,"Iran, Islamic Republic of",0,43,"married",1,1
364071032,"Iran, Islamic Republic of",0,41,"married",1,1
364071033,"Iran, Islamic Republic of",0,68,"married",6,2
364071034,"Iran, Islamic Republic of",0,18,"single",10,9
364071036,"Iran, Islamic Republic of",1,51,"married",6,5
364071037,"Iran, Islamic Republic of",0,46,"married",2,1
364071038,"Iran, Islamic Republic of",0,70,"married",10,10
364071039,"Iran, Islamic Republic of",0,67,"married",10,8
364071040,"Iran, Islamic Republic of",1,46,"married",10,5
364071041,"Iran, Islamic Republic of",1,19,"single",6,8
364071042,"Iran, Islamic Republic of",1,40,"married",5,2
364071043,"Iran, Islamic Republic of",1,58,"married",5,6
364071044,"Iran, Islamic Republic of",0,67,"married",9,8
364071045,"Iran, Islamic Republic of",0,18,"single",5,7
364071046,"Iran, Islamic Republic of",1,54,"married",8,9
364071047,"Iran, Islamic Republic of",0,21,"single",5,3
364071048,"Iran, Islamic Republic of",0,54,"married",10,1
364071050,"Iran, Islamic Republic of",1,47,"widowed",5,3
364071051,"Iran, Islamic Republic of",1,58,"married",8,7
364071052,"Iran, Islamic Republic of",1,40,"married",7,6
364071053,"Iran, Islamic Republic of",0,48,"married",6,10
364071054,"Iran, Islamic Republic of",0,45,"married",10,7
364071055,"Iran, Islamic Republic of",1,36,"divorced",9,9
364071056,"Iran, Islamic Republic of",1,48,"married",7,8
364071057,"Iran, Islamic Republic of",0,20,"single",8,5
364071058,"Iran, Islamic Republic of",1,37,"married",10,8
364071059,"Iran, Islamic Republic of",0,44,"married",5,8
364071060,"Iran, Islamic Republic of",1,19,"married",10,10
364071061,"Iran, Islamic Republic of",1,49,"single",7,6
364071062,"Iran, Islamic Republic of",1,39,"married",1,1
364071063,"Iran, Islamic Republic of",1,34,"divorced",5,7
364071064,"Iran, Islamic Republic of",1,70,"divorced",10,5
364071065,"Iran, Islamic Republic of",0,45,"married",5,2
364071066,"Iran, Islamic Republic of",1,36,"married",5,6
364071067,"Iran, Islamic Republic of",0,63,"married",8,8
364071069,"Iran, Islamic Republic of",0,61,"married",10,7
364071073,"Iran, Islamic Republic of",0,48,"married",5,6
364071074,"Iran, Islamic Republic of",0,52,"married",6,3
364071075,"Iran, Islamic Republic of",1,19,"single",5,7
364071076,"Iran, Islamic Republic of",0,26,"single",8,5
364071077,"Iran, Islamic Republic of",1,36,"married",8,9
364071078,"Iran, Islamic Republic of",0,35,"married",6,7
364071079,"Iran, Islamic Republic of",0,67,"married",5,5
364071080,"Iran, Islamic Republic of",0,18,"single",8,7
364071081,"Iran, Islamic Republic of",0,40,"married",8,8
364071084,"Iran, Islamic Republic of",0,27,"single",2,10
364071085,"Iran, Islamic Republic of",1,51,"married",10,4
364071086,"Iran, Islamic Republic of",0,40,"married",10,8
364071087,"Iran, Islamic Republic of",0,42,"married",10,5
364071090,"Iran, Islamic Republic of",1,58,"married",10,6
364071091,"Iran, Islamic Republic of",0,53,"married",8,6
364071093,"Iran, Islamic Republic of",1,43,"married",1,5
364071094,"Iran, Islamic Republic of",1,39,"married",9,8
364071095,"Iran, Islamic Republic of",0,22,"single",9,8
364071096,"Iran, Islamic Republic of",0,61,"married",5,5
364071097,"Iran, Islamic Republic of",1,31,"married",10,10
364071098,"Iran, Islamic Republic of",0,35,"living together as married",1,1
364071099,"Iran, Islamic Republic of",0,56,"married",5,6
364071100,"Iran, Islamic Republic of",1,19,"single",8,5
364071101,"Iran, Islamic Republic of",1,63,"married",9,5
364071102,"Iran, Islamic Republic of",1,39,"married",10,5
364071103,"Iran, Islamic Republic of",1,36,"single",7,5
364071104,"Iran, Islamic Republic of",1,37,"married",2,8
364071105,"Iran, Islamic Republic of",0,33,"married",10,1
364071106,"Iran, Islamic Republic of",1,33,"married",10,6
364071107,"Iran, Islamic Republic of",1,60,"widowed",10,1
364071110,"Iran, Islamic Republic of",1,51,"divorced",2,1
364071111,"Iran, Islamic Republic of",0,48,"married",6,7
364071112,"Iran, Islamic Republic of",1,28,"married",8,7
364071113,"Iran, Islamic Republic of",1,28,"single",9,10
364071114,"Iran, Islamic Republic of",1,26,"divorced",1,2
364071115,"Iran, Islamic Republic of",1,40,"married",8,5
364071118,"Iran, Islamic Republic of",0,26,"single",5,6
364071119,"Iran, Islamic Republic of",0,46,"married",7,7
364071120,"Iran, Islamic Republic of",1,41,"married",8,6
364071121,"Iran, Islamic Republic of",0,21,"single",5,10
364071122,"Iran, Islamic Republic of",0,49,"married",6,5
364071123,"Iran, Islamic Republic of",1,41,"married",6,5
364071124,"Iran, Islamic Republic of",1,38,"married",4,1
364071126,"Iran, Islamic Republic of",0,44,"married",10,3
364071127,"Iran, Islamic Republic of",0,41,"married",1,1
364071128,"Iran, Islamic Republic of",0,41,"married",9,9
364071129,"Iran, Islamic Republic of",0,54,"married",5,5
364071131,"Iran, Islamic Republic of",0,24,"single",7,10
364071132,"Iran, Islamic Republic of",0,69,"married",10,10
364071133,"Iran, Islamic Republic of",0,47,"married",8,5
364071134,"Iran, Islamic Republic of",1,34,"married",5,2
364071135,"Iran, Islamic Republic of",0,60,"married",5,8
364071137,"Iran, Islamic Republic of",0,23,"single",8,10
364071138,"Iran, Islamic Republic of",0,52,"married",5,6
364071139,"Iran, Islamic Republic of",1,68,"widowed",5,8
364071141,"Iran, Islamic Republic of",1,27,"married",8,6
364071142,"Iran, Islamic Republic of",0,67,"married",10,4
364071143,"Iran, Islamic Republic of",1,60,"married",5,5
364071144,"Iran, Islamic Republic of",0,30,"married",7,6
364071145,"Iran, Islamic Republic of",1,55,"widowed",5,6
364071146,"Iran, Islamic Republic of",0,22,"single",5,8
364071147,"Iran, Islamic Republic of",0,36,"married",8,7
364071148,"Iran, Islamic Republic of",1,58,"married",5,7
364071149,"Iran, Islamic Republic of",1,38,"single",5,6
364071150,"Iran, Islamic Republic of",1,33,"married",8,9
364071151,"Iran, Islamic Republic of",1,37,"married",8,9
364071152,"Iran, Islamic Republic of",1,49,"married",5,3
364071153,"Iran, Islamic Republic of",0,39,"married",9,8
364071154,"Iran, Islamic Republic of",0,50,"married",2,4
364071155,"Iran, Islamic Republic of",1,39,"married",5,5
364071156,"Iran, Islamic Republic of",1,41,"married",5,2
364071157,"Iran, Islamic Republic of",0,23,"single",5,5
364071158,"Iran, Islamic Republic of",0,41,"married",5,4
364071159,"Iran, Islamic Republic of",1,33,"single",8,7
364071160,"Iran, Islamic Republic of",1,23,"married",10,6
364071161,"Iran, Islamic Republic of",0,64,"married",8,5
364071162,"Iran, Islamic Republic of",1,53,"married",3,1
364071163,"Iran, Islamic Republic of",0,41,"married",8,5
364071164,"Iran, Islamic Republic of",0,36,"married",10,8
364071165,"Iran, Islamic Republic of",0,70,"married",5,1
364071167,"Iran, Islamic Republic of",0,50,"married",9,6
364071168,"Iran, Islamic Republic of",0,40,"married",10,5
364071169,"Iran, Islamic Republic of",0,70,"married",8,7
364071171,"Iran, Islamic Republic of",0,37,"married",8,9
364071172,"Iran, Islamic Republic of",0,46,"married",10,10
364071174,"Iran, Islamic Republic of",0,37,"married",10,4
364071175,"Iran, Islamic Republic of",1,36,"married",7,5
364071176,"Iran, Islamic Republic of",1,67,"married",10,9
364071177,"Iran, Islamic Republic of",1,32,"single",8,7
364071178,"Iran, Islamic Republic of",0,28,"single",4,3
364071179,"Iran, Islamic Republic of",1,56,"widowed",7,5
364071182,"Iran, Islamic Republic of",0,46,"married",5,6
364071183,"Iran, Islamic Republic of",1,49,"married",7,7
364071184,"Iran, Islamic Republic of",1,33,"married",5,7
364071185,"Iran, Islamic Republic of",1,51,"widowed",8,1
364071186,"Iran, Islamic Republic of",1,20,"single",4,1
364071187,"Iran, Islamic Republic of",1,35,"single",7,9
364071189,"Iran, Islamic Republic of",0,20,"single",8,8
364071191,"Iran, Islamic Republic of",0,44,"married",5,8
364071192,"Iran, Islamic Republic of",0,39,"married",10,10
364071193,"Iran, Islamic Republic of",1,20,"single",7,8
364071194,"Iran, Islamic Republic of",0,55,"married",10,6
364071195,"Iran, Islamic Republic of",0,48,"married",10,9
364071198,"Iran, Islamic Republic of",1,27,"married",5,7
364071199,"Iran, Islamic Republic of",1,28,"single",9,8
364071202,"Iran, Islamic Republic of",1,54,"married",2,9
364071203,"Iran, Islamic Republic of",0,37,"married",10,10
364071204,"Iran, Islamic Republic of",0,39,"married",1,6
364071209,"Iran, Islamic Republic of",0,23,"single",8,7
364071210,"Iran, Islamic Republic of",0,26,"single",5,5
364071211,"Iran, Islamic Republic of",1,63,"married",1,10
364071212,"Iran, Islamic Republic of",1,41,"married",8,9
364071213,"Iran, Islamic Republic of",0,30,"married",8,10
364071214,"Iran, Islamic Republic of",0,50,"married",6,5
364071215,"Iran, Islamic Republic of",1,34,"married",8,5
364071217,"Iran, Islamic Republic of",0,52,"married",8,10
364071218,"Iran, Islamic Republic of",0,18,"single",8,5
364071219,"Iran, Islamic Republic of",0,18,"single",5,5
364071220,"Iran, Islamic Republic of",1,20,"single",8,10
364071221,"Iran, Islamic Republic of",0,45,"married",8,5
364071222,"Iran, Islamic Republic of",1,19,"single",6,7
364071223,"Iran, Islamic Republic of",1,57,"married",10,8
364071224,"Iran, Islamic Republic of",1,45,"married",10,5
364071225,"Iran, Islamic Republic of",0,32,"separated",5,6
364071226,"Iran, Islamic Republic of",0,24,"single",10,4
364071227,"Iran, Islamic Republic of",0,21,"single",7,10
364071228,"Iran, Islamic Republic of",1,46,"married",8,9
364071229,"Iran, Islamic Republic of",1,65,"married",8,7
364071230,"Iran, Islamic Republic of",1,25,"single",10,1
364071231,"Iran, Islamic Republic of",1,23,"married",5,7
364071232,"Iran, Islamic Republic of",0,80,"married",10,1
364071233,"Iran, Islamic Republic of",1,19,"single",5,10
364071234,"Iran, Islamic Republic of",0,43,"single",3,1
364071235,"Iran, Islamic Republic of",1,38,"married",8,4
364071236,"Iran, Islamic Republic of",1,33,"married",10,8
364071237,"Iran, Islamic Republic of",0,25,"single",3,7
364071238,"Iran, Islamic Republic of",0,40,"married",4,1
364071239,"Iran, Islamic Republic of",0,32,"single",4,5
364071240,"Iran, Islamic Republic of",0,26,"single",5,8
364071241,"Iran, Islamic Republic of",0,28,"single",10,10
364071242,"Iran, Islamic Republic of",1,33,"married",8,7
364071243,"Iran, Islamic Republic of",1,49,"married",5,8
364071244,"Iran, Islamic Republic of",1,35,"married",9,3
364071245,"Iran, Islamic Republic of",0,21,"single",8,1
364071246,"Iran, Islamic Republic of",0,18,"single",10,10
364071247,"Iran, Islamic Republic of",1,34,"married",10,8
364071248,"Iran, Islamic Republic of",0,40,"married",8,6
364071249,"Iran, Islamic Republic of",1,48,"single",5,5
364071251,"Iran, Islamic Republic of",1,41,"married",8,10
364071252,"Iran, Islamic Republic of",1,73,"widowed",5,6
364071253,"Iran, Islamic Republic of",0,65,"married",10,8
364071255,"Iran, Islamic Republic of",0,18,"single",6,1
364071256,"Iran, Islamic Republic of",1,21,"married",4,3
364071259,"Iran, Islamic Republic of",1,38,"married",10,6
364071262,"Iran, Islamic Republic of",0,43,"married",8,8
364071263,"Iran, Islamic Republic of",0,28,"single",8,7
364071264,"Iran, Islamic Republic of",0,40,"married",10,5
364071266,"Iran, Islamic Republic of",1,35,"married",5,7
364071267,"Iran, Islamic Republic of",1,27,"married",5,4
364071268,"Iran, Islamic Republic of",0,43,"married",1,1
364071270,"Iran, Islamic Republic of",0,31,"married",10,6
364071272,"Iran, Islamic Republic of",0,25,"single",7,6
364071273,"Iran, Islamic Republic of",0,38,"married",8,1
364071274,"Iran, Islamic Republic of",1,18,"single",5,6
364071275,"Iran, Islamic Republic of",1,29,"married",7,9
364071277,"Iran, Islamic Republic of",0,35,"married",8,7
364071280,"Iran, Islamic Republic of",1,32,"married",5,10
364071281,"Iran, Islamic Republic of",0,56,"married",10,9
364071282,"Iran, Islamic Republic of",1,18,"single",5,5
364071286,"Iran, Islamic Republic of",1,34,"married",8,6
364071287,"Iran, Islamic Republic of",1,49,"married",8,6
364071288,"Iran, Islamic Republic of",0,75,"married",8,1
364071290,"Iran, Islamic Republic of",1,39,"married",5,7
364071291,"Iran, Islamic Republic of",1,41,"single",5,5
364071292,"Iran, Islamic Republic of",1,35,"divorced",10,4
364071293,"Iran, Islamic Republic of",0,21,"married",1,7
364071294,"Iran, Islamic Republic of",0,18,"single",5,5
364071295,"Iran, Islamic Republic of",1,53,"married",5,10
364071296,"Iran, Islamic Republic of",0,20,"single",10,5
364071297,"Iran, Islamic Republic of",0,42,"married",8,7
364071298,"Iran, Islamic Republic of",1,19,"married",10,10
364071299,"Iran, Islamic Republic of",1,63,"widowed",10,6
364071300,"Iran, Islamic Republic of",1,27,"married",8,8
364071301,"Iran, Islamic Republic of",0,55,"married",4,3
364071305,"Iran, Islamic Republic of",1,18,"married",6,3
364071306,"Iran, Islamic Republic of",0,34,"single",8,8
364071307,"Iran, Islamic Republic of",0,32,"married",8,9
364071308,"Iran, Islamic Republic of",0,67,"married",10,10
364071309,"Iran, Islamic Republic of",1,29,"single",10,8
364071311,"Iran, Islamic Republic of",1,40,"married",8,10
364071312,"Iran, Islamic Republic of",0,43,"married",5,10
364071313,"Iran, Islamic Republic of",1,60,"single",7,5
364071314,"Iran, Islamic Republic of",1,39,"married",6,1
364071315,"Iran, Islamic Republic of",0,34,"married",1,3
364071316,"Iran, Islamic Republic of",1,37,"married",5,8
364071317,"Iran, Islamic Republic of",1,48,"married",8,5
364071318,"Iran, Islamic Republic of",0,36,"married",10,7
364071319,"Iran, Islamic Republic of",0,64,"married",NA,7
364071320,"Iran, Islamic Republic of",1,35,"married",10,6
364071321,"Iran, Islamic Republic of",1,18,"single",8,6
364071322,"Iran, Islamic Republic of",1,20,"married",5,5
364071323,"Iran, Islamic Republic of",0,28,"single",8,1
364071324,"Iran, Islamic Republic of",1,41,"married",5,7
364071328,"Iran, Islamic Republic of",0,23,"single",8,8
364071329,"Iran, Islamic Republic of",0,48,"married",8,10
364071330,"Iran, Islamic Republic of",0,33,"married",3,4
364071331,"Iran, Islamic Republic of",1,27,"single",10,8
364071332,"Iran, Islamic Republic of",0,73,"married",7,8
364071334,"Iran, Islamic Republic of",0,58,"married",8,8
364071336,"Iran, Islamic Republic of",1,23,"married",6,6
364071337,"Iran, Islamic Republic of",1,19,"single",10,5
364071339,"Iran, Islamic Republic of",1,34,"married",5,8
364071340,"Iran, Islamic Republic of",1,78,"widowed",9,9
364071341,"Iran, Islamic Republic of",1,34,"married",7,6
364071342,"Iran, Islamic Republic of",1,37,"married",7,7
364071343,"Iran, Islamic Republic of",0,34,"divorced",10,5
364071345,"Iran, Islamic Republic of",1,47,"widowed",10,6
364071346,"Iran, Islamic Republic of",1,34,"married",10,8
364071347,"Iran, Islamic Republic of",1,49,"married",10,10
364071348,"Iran, Islamic Republic of",0,19,"single",8,9
364071349,"Iran, Islamic Republic of",1,34,"married",5,9
364071350,"Iran, Islamic Republic of",1,23,"married",7,2
364071351,"Iran, Islamic Republic of",1,99,"single",8,6
364071352,"Iran, Islamic Republic of",1,52,"married",10,10
364071354,"Iran, Islamic Republic of",0,32,"single",5,7
364071355,"Iran, Islamic Republic of",0,60,"single",5,10
364071356,"Iran, Islamic Republic of",0,63,"married",1,7
364071357,"Iran, Islamic Republic of",1,18,"single",7,10
364071358,"Iran, Islamic Republic of",1,20,"single",7,8
364071360,"Iran, Islamic Republic of",1,39,"separated",10,10
364071361,"Iran, Islamic Republic of",0,63,"married",7,4
364071362,"Iran, Islamic Republic of",1,39,"married",7,5
364071363,"Iran, Islamic Republic of",1,18,"single",5,10
364071366,"Iran, Islamic Republic of",0,32,"married",5,3
364071367,"Iran, Islamic Republic of",1,20,"single",9,8
364071368,"Iran, Islamic Republic of",1,39,"married",10,3
364071369,"Iran, Islamic Republic of",0,67,"married",10,4
364071370,"Iran, Islamic Republic of",0,38,"married",5,3
364071371,"Iran, Islamic Republic of",0,45,"married",8,7
364071372,"Iran, Islamic Republic of",0,25,"single",4,1
364071373,"Iran, Islamic Republic of",1,29,"married",5,5
364071374,"Iran, Islamic Republic of",0,70,"married",4,2
364071375,"Iran, Islamic Republic of",1,49,"married",7,10
364071376,"Iran, Islamic Republic of",0,27,"single",1,3
364071377,"Iran, Islamic Republic of",1,37,"married",10,5
364071378,"Iran, Islamic Republic of",1,56,"married",5,9
364071379,"Iran, Islamic Republic of",0,49,"married",7,8
364071380,"Iran, Islamic Republic of",1,18,"single",8,8
364071381,"Iran, Islamic Republic of",1,21,"single",8,5
364071382,"Iran, Islamic Republic of",1,42,"married",5,6
364071383,"Iran, Islamic Republic of",0,53,"married",8,1
364071384,"Iran, Islamic Republic of",0,40,"married",10,7
364071385,"Iran, Islamic Republic of",0,66,"married",10,7
364071386,"Iran, Islamic Republic of",1,30,"single",4,8
364071387,"Iran, Islamic Republic of",1,45,"married",5,5
364071388,"Iran, Islamic Republic of",0,50,"married",5,5
364071390,"Iran, Islamic Republic of",0,39,"married",5,9
364071391,"Iran, Islamic Republic of",0,51,"married",6,8
364071392,"Iran, Islamic Republic of",1,38,"married",9,6
364071393,"Iran, Islamic Republic of",0,19,"single",10,8
364071394,"Iran, Islamic Republic of",0,21,"single",8,5
364071395,"Iran, Islamic Republic of",1,18,"single",8,8
364071397,"Iran, Islamic Republic of",0,18,"single",5,9
364071398,"Iran, Islamic Republic of",0,24,"separated",10,1
364071399,"Iran, Islamic Republic of",1,24,"single",3,9
364071400,"Iran, Islamic Republic of",1,33,"single",5,9
364071401,"Iran, Islamic Republic of",0,48,"married",3,5
364071402,"Iran, Islamic Republic of",1,38,"married",7,9
364071403,"Iran, Islamic Republic of",1,19,"single",6,8
364071404,"Iran, Islamic Republic of",0,45,"married",10,5
364071405,"Iran, Islamic Republic of",0,37,"married",7,9
364071406,"Iran, Islamic Republic of",1,22,"single",8,10
364071410,"Iran, Islamic Republic of",1,28,"single",8,8
364071411,"Iran, Islamic Republic of",1,21,"single",8,7
364071412,"Iran, Islamic Republic of",1,36,"married",10,10
364071414,"Iran, Islamic Republic of",1,35,"married",8,5
364071415,"Iran, Islamic Republic of",1,19,"single",5,5
364071416,"Iran, Islamic Republic of",1,37,"married",6,7
364071417,"Iran, Islamic Republic of",0,50,"married",4,8
364071418,"Iran, Islamic Republic of",0,49,"married",6,6
364071421,"Iran, Islamic Republic of",1,46,"married",8,8
364071422,"Iran, Islamic Republic of",1,22,"single",5,8
364071423,"Iran, Islamic Republic of",0,26,"married",8,5
364071425,"Iran, Islamic Republic of",1,30,"married",7,8
364071427,"Iran, Islamic Republic of",0,59,"married",7,5
364071429,"Iran, Islamic Republic of",1,47,"married",6,8
364071430,"Iran, Islamic Republic of",0,33,"married",10,6
364071431,"Iran, Islamic Republic of",1,73,"widowed",10,6
364071432,"Iran, Islamic Republic of",1,35,"single",8,8
364071433,"Iran, Islamic Republic of",0,19,"single",10,10
364071435,"Iran, Islamic Republic of",1,18,"single",1,7
364071436,"Iran, Islamic Republic of",1,99,"widowed",8,8
364071438,"Iran, Islamic Republic of",0,46,"married",8,9
364071439,"Iran, Islamic Republic of",1,37,"married",5,8
364071440,"Iran, Islamic Republic of",0,20,"single",10,7
364071441,"Iran, Islamic Republic of",1,33,"married",7,7
364071442,"Iran, Islamic Republic of",1,31,"single",5,7
364071443,"Iran, Islamic Republic of",0,38,"married",8,7
364071444,"Iran, Islamic Republic of",0,33,"married",8,8
364071445,"Iran, Islamic Republic of",1,52,"married",8,10
364071447,"Iran, Islamic Republic of",1,27,"married",7,7
364071450,"Iran, Islamic Republic of",0,32,"married",10,8
364071452,"Iran, Islamic Republic of",0,39,"married",5,7
364071454,"Iran, Islamic Republic of",1,67,"married",10,5
364071455,"Iran, Islamic Republic of",1,36,"single",10,10
364071456,"Iran, Islamic Republic of",1,99,"single",9,10
364071457,"Iran, Islamic Republic of",0,47,"married",5,6
364071458,"Iran, Islamic Republic of",1,18,"single",5,9
364071459,"Iran, Islamic Republic of",0,65,"married",10,10
364071460,"Iran, Islamic Republic of",0,39,"married",8,3
364071462,"Iran, Islamic Republic of",0,44,"married",8,5
364071465,"Iran, Islamic Republic of",1,19,"single",8,7
364071466,"Iran, Islamic Republic of",0,56,"married",5,3
364071467,"Iran, Islamic Republic of",1,57,"married",10,6
364071468,"Iran, Islamic Republic of",1,41,"married",9,8
364071469,"Iran, Islamic Republic of",1,55,"married",8,3
364071470,"Iran, Islamic Republic of",1,59,"single",8,7
364071471,"Iran, Islamic Republic of",0,22,"single",8,7
364071472,"Iran, Islamic Republic of",1,22,"married",1,1
364071473,"Iran, Islamic Republic of",0,63,"married",10,10
364071474,"Iran, Islamic Republic of",0,18,"single",7,6
364071475,"Iran, Islamic Republic of",1,19,"single",6,1
364071476,"Iran, Islamic Republic of",0,20,"single",7,10
364071477,"Iran, Islamic Republic of",1,34,"divorced",10,8
364071478,"Iran, Islamic Republic of",0,53,"married",10,6
364071479,"Iran, Islamic Republic of",0,56,"married",8,7
364071480,"Iran, Islamic Republic of",0,35,"married",5,8
364071481,"Iran, Islamic Republic of",0,70,"married",5,6
364071482,"Iran, Islamic Republic of",1,74,"widowed",10,6
364071484,"Iran, Islamic Republic of",1,74,"widowed",10,4
364071485,"Iran, Islamic Republic of",1,36,"married",8,6
364071486,"Iran, Islamic Republic of",0,34,"married",7,3
364071487,"Iran, Islamic Republic of",1,31,"married",9,7
364071488,"Iran, Islamic Republic of",1,63,"widowed",10,10
364071489,"Iran, Islamic Republic of",1,48,"married",5,7
364071491,"Iran, Islamic Republic of",0,75,"married",6,6
364071492,"Iran, Islamic Republic of",0,29,"married",5,8
364071493,"Iran, Islamic Republic of",0,40,"married",5,1
364071494,"Iran, Islamic Republic of",1,33,"married",5,9
364071495,"Iran, Islamic Republic of",1,19,"single",1,5
364071496,"Iran, Islamic Republic of",1,26,"single",8,6
364071497,"Iran, Islamic Republic of",1,29,"married",3,5
364071498,"Iran, Islamic Republic of",1,19,"single",9,10
364071499,"Iran, Islamic Republic of",1,38,"married",5,6
364071500,"Iran, Islamic Republic of",0,18,"single",5,10
364071501,"Iran, Islamic Republic of",0,42,"married",8,1
364071502,"Iran, Islamic Republic of",1,48,"divorced",10,3
364071503,"Iran, Islamic Republic of",0,20,"single",5,10
364071505,"Iran, Islamic Republic of",0,30,"single",6,6
364071506,"Iran, Islamic Republic of",0,46,"married",2,5
364071508,"Iran, Islamic Republic of",0,25,"single",8,8
364071510,"Iran, Islamic Republic of",0,81,"married",1,1
364071511,"Iran, Islamic Republic of",0,53,"married",5,1
364071512,"Iran, Islamic Republic of",0,33,"married",10,6
364071513,"Iran, Islamic Republic of",0,20,"single",10,5
364071514,"Iran, Islamic Republic of",0,47,"married",1,7
364071516,"Iran, Islamic Republic of",1,32,"married",6,8
364071517,"Iran, Islamic Republic of",0,51,"married",8,8
364071518,"Iran, Islamic Republic of",1,59,"married",10,5
364071519,"Iran, Islamic Republic of",1,48,"married",5,1
364071520,"Iran, Islamic Republic of",1,19,"single",9,8
364071522,"Iran, Islamic Republic of",0,52,"married",5,7
364071526,"Iran, Islamic Republic of",1,38,"married",5,8
364071527,"Iran, Islamic Republic of",0,41,"married",6,1
364071528,"Iran, Islamic Republic of",0,41,"married",7,4
364071529,"Iran, Islamic Republic of",1,39,"married",10,7
364071530,"Iran, Islamic Republic of",1,32,"married",10,5
364071532,"Iran, Islamic Republic of",1,39,"married",9,10
364071534,"Iran, Islamic Republic of",0,40,"married",5,10
364071535,"Iran, Islamic Republic of",0,20,"single",10,8
364071536,"Iran, Islamic Republic of",0,28,"single",10,5
364071537,"Iran, Islamic Republic of",0,44,"married",1,5
364071538,"Iran, Islamic Republic of",0,38,"single",5,2
364071539,"Iran, Islamic Republic of",1,24,"married",8,6
364071540,"Iran, Islamic Republic of",1,37,"married",6,3
364071541,"Iran, Islamic Republic of",0,32,"married",7,10
364071542,"Iran, Islamic Republic of",0,18,"single",7,7
364071544,"Iran, Islamic Republic of",1,18,"single",10,5
364071546,"Iran, Islamic Republic of",0,33,"married",1,5
364071548,"Iran, Islamic Republic of",1,39,"married",8,6
364071549,"Iran, Islamic Republic of",0,35,"married",4,7
364071550,"Iran, Islamic Republic of",1,46,"married",10,6
364071552,"Iran, Islamic Republic of",0,21,"single",5,3
364071556,"Iran, Islamic Republic of",0,28,"single",10,9
364071557,"Iran, Islamic Republic of",1,26,"single",8,5
364071558,"Iran, Islamic Republic of",0,40,"married",5,7
364071560,"Iran, Islamic Republic of",1,19,"single",10,8
364071561,"Iran, Islamic Republic of",0,39,"married",10,10
364071562,"Iran, Islamic Republic of",1,30,"single",10,6
364071563,"Iran, Islamic Republic of",0,34,"single",5,8
364071564,"Iran, Islamic Republic of",0,40,"married",10,8
364071565,"Iran, Islamic Republic of",0,29,"single",10,10
364071566,"Iran, Islamic Republic of",0,45,"married",5,3
364071569,"Iran, Islamic Republic of",1,39,"married",5,5
364071570,"Iran, Islamic Republic of",0,42,"married",7,7
364071571,"Iran, Islamic Republic of",0,39,"married",7,1
364071572,"Iran, Islamic Republic of",1,39,"married",5,1
364071573,"Iran, Islamic Republic of",1,24,"married",9,7
364071574,"Iran, Islamic Republic of",1,20,"single",10,7
364071575,"Iran, Islamic Republic of",1,72,"widowed",8,8
364071578,"Iran, Islamic Republic of",0,39,"divorced",6,3
364071579,"Iran, Islamic Republic of",1,21,"single",7,3
364071580,"Iran, Islamic Republic of",1,20,"single",8,9
364071581,"Iran, Islamic Republic of",0,60,"married",7,6
364071582,"Iran, Islamic Republic of",1,21,"married",8,8
364071583,"Iran, Islamic Republic of",1,39,"divorced",7,7
364071585,"Iran, Islamic Republic of",0,27,"single",7,6
364071587,"Iran, Islamic Republic of",1,40,"married",5,1
364071588,"Iran, Islamic Republic of",1,46,"married",7,10
364071589,"Iran, Islamic Republic of",0,40,"married",1,2
364071590,"Iran, Islamic Republic of",1,67,"widowed",8,5
364071592,"Iran, Islamic Republic of",1,59,"widowed",10,1
364071593,"Iran, Islamic Republic of",1,27,"single",5,1
364071594,"Iran, Islamic Republic of",1,36,"single",5,5
364071595,"Iran, Islamic Republic of",0,29,"single",5,9
364071596,"Iran, Islamic Republic of",0,19,"single",1,10
364071597,"Iran, Islamic Republic of",0,19,"single",8,8
364071599,"Iran, Islamic Republic of",0,42,"married",10,5
364071600,"Iran, Islamic Republic of",0,60,"married",6,6
364071601,"Iran, Islamic Republic of",0,65,"married",10,6
364071603,"Iran, Islamic Republic of",0,35,"married",10,8
364071605,"Iran, Islamic Republic of",1,49,"widowed",1,1
364071606,"Iran, Islamic Republic of",1,72,"married",1,1
364071607,"Iran, Islamic Republic of",1,19,"single",5,1
364071608,"Iran, Islamic Republic of",1,38,"married",8,6
364071610,"Iran, Islamic Republic of",1,23,"single",10,9
364071611,"Iran, Islamic Republic of",0,18,"single",7,5
364071613,"Iran, Islamic Republic of",1,31,"single",10,4
364071614,"Iran, Islamic Republic of",1,38,"married",10,9
364071615,"Iran, Islamic Republic of",1,50,"married",10,1
364071616,"Iran, Islamic Republic of",0,55,"married",8,10
364071617,"Iran, Islamic Republic of",0,48,"single",10,8
364071619,"Iran, Islamic Republic of",1,22,"single",7,6
364071621,"Iran, Islamic Republic of",0,44,"married",5,6
364071622,"Iran, Islamic Republic of",0,18,"single",8,10
364071623,"Iran, Islamic Republic of",1,34,"married",5,5
364071624,"Iran, Islamic Republic of",1,36,"married",5,5
364071625,"Iran, Islamic Republic of",1,26,"single",6,1
364071626,"Iran, Islamic Republic of",1,38,"married",1,8
364071627,"Iran, Islamic Republic of",1,51,"married",5,7
364071628,"Iran, Islamic Republic of",0,59,"single",10,10
364071630,"Iran, Islamic Republic of",0,54,"married",10,1
364071632,"Iran, Islamic Republic of",1,18,"single",7,8
364071633,"Iran, Islamic Republic of",1,21,"single",9,10
364071634,"Iran, Islamic Republic of",0,21,"single",8,5
364071635,"Iran, Islamic Republic of",1,27,"single",1,10
364071636,"Iran, Islamic Republic of",0,61,"married",8,8
364071637,"Iran, Islamic Republic of",1,40,"married",7,6
364071638,"Iran, Islamic Republic of",0,50,"married",10,6
364071639,"Iran, Islamic Republic of",1,63,"single",10,5
364071640,"Iran, Islamic Republic of",1,20,"single",8,8
364071641,"Iran, Islamic Republic of",0,57,"married",7,3
364071642,"Iran, Islamic Republic of",0,39,"married",5,8
364071643,"Iran, Islamic Republic of",0,48,"married",10,8
364071644,"Iran, Islamic Republic of",0,19,"single",8,5
364071646,"Iran, Islamic Republic of",0,35,"married",10,6
364071647,"Iran, Islamic Republic of",1,57,"married",5,6
364071648,"Iran, Islamic Republic of",1,38,"married",10,8
364071650,"Iran, Islamic Republic of",1,57,"single",5,6
364071652,"Iran, Islamic Republic of",0,45,"married",5,5
364071653,"Iran, Islamic Republic of",0,31,"single",7,6
364071654,"Iran, Islamic Republic of",0,46,"married",5,9
364071655,"Iran, Islamic Republic of",1,53,"married",10,10
364071656,"Iran, Islamic Republic of",0,27,"single",2,3
364071657,"Iran, Islamic Republic of",0,38,"married",5,7
364071658,"Iran, Islamic Republic of",0,19,"single",6,4
364071659,"Iran, Islamic Republic of",1,38,"married",10,10
364071660,"Iran, Islamic Republic of",0,43,"married",10,4
364071661,"Iran, Islamic Republic of",0,52,"married",10,10
364071662,"Iran, Islamic Republic of",1,30,"married",5,2
364071664,"Iran, Islamic Republic of",0,21,"single",5,5
364071665,"Iran, Islamic Republic of",0,28,"single",10,10
364071666,"Iran, Islamic Republic of",1,18,"single",6,5
364071668,"Iran, Islamic Republic of",1,56,"widowed",10,10
364071669,"Iran, Islamic Republic of",1,18,"single",7,5
364071670,"Iran, Islamic Republic of",0,41,"married",10,8
364071671,"Iran, Islamic Republic of",0,35,"married",5,8
364071672,"Iran, Islamic Republic of",1,40,"married",7,7
364071673,"Iran, Islamic Republic of",1,27,"married",8,9
364071674,"Iran, Islamic Republic of",0,30,"single",10,5
364071675,"Iran, Islamic Republic of",1,43,"separated",1,5
364071676,"Iran, Islamic Republic of",1,99,"single",5,1
364071677,"Iran, Islamic Republic of",1,34,"single",7,7
364071678,"Iran, Islamic Republic of",1,48,"married",10,7
364071680,"Iran, Islamic Republic of",0,63,"married",8,5
364071681,"Iran, Islamic Republic of",1,20,"single",7,5
364071682,"Iran, Islamic Republic of",0,62,"married",10,1
364071683,"Iran, Islamic Republic of",1,18,"married",5,8
364071685,"Iran, Islamic Republic of",1,62,"married",7,3
364071686,"Iran, Islamic Republic of",0,22,"single",8,10
364071687,"Iran, Islamic Republic of",1,31,"single",10,5
364071689,"Iran, Islamic Republic of",1,39,"married",7,5
364071690,"Iran, Islamic Republic of",0,47,"married",10,5
364071691,"Iran, Islamic Republic of",1,29,"married",9,5
364071692,"Iran, Islamic Republic of",1,52,"married",5,5
364071693,"Iran, Islamic Republic of",1,30,"married",10,5
364071694,"Iran, Islamic Republic of",1,35,"married",5,7
364071695,"Iran, Islamic Republic of",0,25,"single",5,10
364071696,"Iran, Islamic Republic of",1,19,"married",6,7
364071697,"Iran, Islamic Republic of",1,29,"single",6,8
364071698,"Iran, Islamic Republic of",0,56,"married",10,8
364071699,"Iran, Islamic Republic of",0,35,"married",5,3
364071700,"Iran, Islamic Republic of",0,63,"married",4,8
364071701,"Iran, Islamic Republic of",0,39,"married",5,5
364071703,"Iran, Islamic Republic of",1,47,"married",5,8
364071704,"Iran, Islamic Republic of",0,55,"married",4,1
364071705,"Iran, Islamic Republic of",1,59,"widowed",10,7
364071706,"Iran, Islamic Republic of",0,23,"single",7,10
364071707,"Iran, Islamic Republic of",0,20,"single",10,7
364071708,"Iran, Islamic Republic of",0,26,"single",10,9
364071709,"Iran, Islamic Republic of",1,37,"married",1,10
364071710,"Iran, Islamic Republic of",1,75,"married",5,7
364071711,"Iran, Islamic Republic of",0,28,"single",5,6
364071712,"Iran, Islamic Republic of",0,55,"married",10,8
364071713,"Iran, Islamic Republic of",1,34,"married",5,6
364071714,"Iran, Islamic Republic of",1,18,"single",10,10
364071715,"Iran, Islamic Republic of",0,34,"married",8,5
364071716,"Iran, Islamic Republic of",0,21,"single",7,9
364071717,"Iran, Islamic Republic of",1,47,"widowed",1,5
364071718,"Iran, Islamic Republic of",1,30,"married",10,8
364071719,"Iran, Islamic Republic of",1,43,"single",10,8
364071720,"Iran, Islamic Republic of",1,55,"married",5,10
364071721,"Iran, Islamic Republic of",0,46,"married",1,5
364071722,"Iran, Islamic Republic of",1,41,"married",4,1
364071723,"Iran, Islamic Republic of",0,42,"married",10,10
364071725,"Iran, Islamic Republic of",1,32,"single",8,8
364071726,"Iran, Islamic Republic of",1,18,"single",4,8
364071727,"Iran, Islamic Republic of",0,64,"married",8,1
364071728,"Iran, Islamic Republic of",1,43,"married",5,7
364071729,"Iran, Islamic Republic of",1,39,"married",6,2
364071730,"Iran, Islamic Republic of",1,29,"married",8,8
364071731,"Iran, Islamic Republic of",1,62,"married",7,5
364071732,"Iran, Islamic Republic of",0,36,"married",3,7
364071733,"Iran, Islamic Republic of",0,63,"married",8,8
364071734,"Iran, Islamic Republic of",1,35,"married",10,5
364071735,"Iran, Islamic Republic of",0,56,"married",6,3
364071736,"Iran, Islamic Republic of",1,48,"married",3,3
364071737,"Iran, Islamic Republic of",0,46,"married",10,6
364071739,"Iran, Islamic Republic of",1,38,"married",5,10
364071740,"Iran, Islamic Republic of",1,48,"married",10,10
364071741,"Iran, Islamic Republic of",0,58,"married",3,4
364071742,"Iran, Islamic Republic of",1,35,"married",1,4
364071743,"Iran, Islamic Republic of",1,54,"married",10,10
364071744,"Iran, Islamic Republic of",0,29,"married",5,5
364071745,"Iran, Islamic Republic of",0,57,"married",7,5
364071746,"Iran, Islamic Republic of",1,28,"single",2,6
364071747,"Iran, Islamic Republic of",0,54,"married",8,7
364071748,"Iran, Islamic Republic of",0,30,"single",5,6
364071750,"Iran, Islamic Republic of",0,36,"married",7,5
364071751,"Iran, Islamic Republic of",1,42,"married",9,5
364071753,"Iran, Islamic Republic of",0,34,"divorced",10,1
364071754,"Iran, Islamic Republic of",0,43,"married",10,8
364071755,"Iran, Islamic Republic of",0,18,"single",10,7
364071757,"Iran, Islamic Republic of",1,50,"married",10,6
364071758,"Iran, Islamic Republic of",0,32,"married",8,1
364071759,"Iran, Islamic Republic of",1,56,"married",6,7
364071760,"Iran, Islamic Republic of",1,46,"married",9,6
364071761,"Iran, Islamic Republic of",1,55,"married",5,6
364071762,"Iran, Islamic Republic of",0,18,"single",7,9
364071763,"Iran, Islamic Republic of",1,30,"married",10,7
364071764,"Iran, Islamic Republic of",1,49,"married",10,8
364071765,"Iran, Islamic Republic of",0,36,"married",8,5
364071766,"Iran, Islamic Republic of",0,29,"married",7,7
364071767,"Iran, Islamic Republic of",1,59,"widowed",NA,2
364071768,"Iran, Islamic Republic of",1,32,"married",8,3
364071769,"Iran, Islamic Republic of",1,45,"married",7,5
364071770,"Iran, Islamic Republic of",1,35,"married",8,9
364071771,"Iran, Islamic Republic of",1,20,"single",8,1
364071772,"Iran, Islamic Republic of",1,34,"single",7,7
364071773,"Iran, Islamic Republic of",1,35,"married",5,7
364071774,"Iran, Islamic Republic of",1,26,"married",10,6
364071776,"Iran, Islamic Republic of",1,36,"married",6,9
364071777,"Iran, Islamic Republic of",1,18,"single",10,10
364071778,"Iran, Islamic Republic of",0,52,"married",10,10
364071779,"Iran, Islamic Republic of",0,60,"married",10,5
364071781,"Iran, Islamic Republic of",0,26,"single",8,4
364071782,"Iran, Islamic Republic of",0,37,"married",5,1
364071783,"Iran, Islamic Republic of",0,36,"single",6,7
364071784,"Iran, Islamic Republic of",1,43,"single",6,1
364071785,"Iran, Islamic Republic of",1,23,"single",8,9
364071786,"Iran, Islamic Republic of",1,52,"married",9,8
364071787,"Iran, Islamic Republic of",1,40,"married",1,4
364071788,"Iran, Islamic Republic of",1,31,"widowed",5,5
364071789,"Iran, Islamic Republic of",1,37,"married",7,7
364071790,"Iran, Islamic Republic of",0,38,"married",9,5
364071792,"Iran, Islamic Republic of",0,46,"married",5,5
364071794,"Iran, Islamic Republic of",0,35,"married",8,9
364071795,"Iran, Islamic Republic of",1,25,"married",7,7
364071796,"Iran, Islamic Republic of",1,70,"divorced",8,3
364071797,"Iran, Islamic Republic of",0,31,"married",7,7
364071798,"Iran, Islamic Republic of",0,42,"married",5,5
364071799,"Iran, Islamic Republic of",0,56,"married",1,3
364071800,"Iran, Islamic Republic of",0,20,"single",7,7
364071801,"Iran, Islamic Republic of",1,35,"married",2,3
364071803,"Iran, Islamic Republic of",0,53,"married",5,5
364071805,"Iran, Islamic Republic of",1,27,"married",9,6
364071806,"Iran, Islamic Republic of",1,29,"married",8,5
364071807,"Iran, Islamic Republic of",1,34,"divorced",9,6
364071809,"Iran, Islamic Republic of",1,20,"single",8,7
364071810,"Iran, Islamic Republic of",1,41,"married",6,6
364071811,"Iran, Islamic Republic of",1,35,"married",1,5
364071813,"Iran, Islamic Republic of",0,21,"single",10,6
364071814,"Iran, Islamic Republic of",1,39,"married",7,8
364071815,"Iran, Islamic Republic of",1,40,"married",9,9
364071817,"Iran, Islamic Republic of",0,45,"married",10,7
364071818,"Iran, Islamic Republic of",1,37,"married",10,5
364071819,"Iran, Islamic Republic of",0,46,"married",8,6
364071820,"Iran, Islamic Republic of",0,54,"married",5,6
364071822,"Iran, Islamic Republic of",0,18,"single",8,9
364071825,"Iran, Islamic Republic of",1,42,"divorced",10,1
364071827,"Iran, Islamic Republic of",0,43,"married",1,5
364071831,"Iran, Islamic Republic of",1,39,"married",10,10
364071834,"Iran, Islamic Republic of",1,53,"married",8,6
364071835,"Iran, Islamic Republic of",1,30,"married",7,4
364071837,"Iran, Islamic Republic of",0,29,"single",5,6
364071838,"Iran, Islamic Republic of",0,50,"married",8,8
364071839,"Iran, Islamic Republic of",0,18,"single",10,10
364071841,"Iran, Islamic Republic of",1,43,"married",8,7
364071842,"Iran, Islamic Republic of",1,41,"single",5,9
364071843,"Iran, Islamic Republic of",0,19,"single",7,9
364071844,"Iran, Islamic Republic of",1,58,"widowed",10,6
364071845,"Iran, Islamic Republic of",0,58,"single",5,5
364071846,"Iran, Islamic Republic of",0,20,"single",8,6
364071847,"Iran, Islamic Republic of",1,24,"single",10,6
364071848,"Iran, Islamic Republic of",1,42,"married",6,8
364071849,"Iran, Islamic Republic of",0,18,"single",6,6
364071851,"Iran, Islamic Republic of",0,36,"married",7,5
364071853,"Iran, Islamic Republic of",0,35,"separated",8,5
364071854,"Iran, Islamic Republic of",1,22,"single",5,7
364071855,"Iran, Islamic Republic of",1,51,"married",10,5
364071856,"Iran, Islamic Republic of",1,25,"married",9,7
364071857,"Iran, Islamic Republic of",1,19,"single",8,8
364071858,"Iran, Islamic Republic of",1,38,"married",4,4
364071860,"Iran, Islamic Republic of",1,42,"married",8,7
364071861,"Iran, Islamic Republic of",0,56,"married",7,3
364071862,"Iran, Islamic Republic of",0,66,"married",6,7
364071863,"Iran, Islamic Republic of",1,57,"widowed",8,6
364071865,"Iran, Islamic Republic of",1,19,"single",8,6
364071867,"Iran, Islamic Republic of",1,48,"married",6,1
364071868,"Iran, Islamic Republic of",0,47,"married",9,1
364071870,"Iran, Islamic Republic of",0,41,"married",8,9
364071871,"Iran, Islamic Republic of",1,38,"married",1,1
364071872,"Iran, Islamic Republic of",0,26,"separated",5,5
364071874,"Iran, Islamic Republic of",1,36,"married",5,8
364071876,"Iran, Islamic Republic of",1,41,"married",10,3
364071877,"Iran, Islamic Republic of",1,38,"married",1,1
364071878,"Iran, Islamic Republic of",0,36,"married",10,7
364071879,"Iran, Islamic Republic of",0,35,"married",8,5
364071880,"Iran, Islamic Republic of",1,41,"married",8,7
364071881,"Iran, Islamic Republic of",0,28,"single",8,10
364071882,"Iran, Islamic Republic of",1,30,"married",6,5
364071883,"Iran, Islamic Republic of",0,26,"married",8,1
364071886,"Iran, Islamic Republic of",1,26,"single",7,5
364071887,"Iran, Islamic Republic of",0,45,"married",9,5
364071890,"Iran, Islamic Republic of",0,72,NA,5,8
364071891,"Iran, Islamic Republic of",0,32,"single",7,8
364071892,"Iran, Islamic Republic of",1,31,"married",5,10
364071893,"Iran, Islamic Republic of",1,36,"married",8,9
364071894,"Iran, Islamic Republic of",0,27,"single",7,7
364071895,"Iran, Islamic Republic of",0,31,"married",10,10
364071896,"Iran, Islamic Republic of",1,31,"married",10,10
364071897,"Iran, Islamic Republic of",1,39,"married",3,6
364071899,"Iran, Islamic Republic of",1,29,"single",10,1
364071900,"Iran, Islamic Republic of",1,35,"single",8,8
364071901,"Iran, Islamic Republic of",1,40,"married",10,1
364071902,"Iran, Islamic Republic of",0,34,"married",8,10
364071903,"Iran, Islamic Republic of",0,51,"married",5,5
364071904,"Iran, Islamic Republic of",1,38,"single",8,10
364071905,"Iran, Islamic Republic of",1,49,"married",7,9
364071906,"Iran, Islamic Republic of",0,28,"married",8,7
364071908,"Iran, Islamic Republic of",0,48,"married",9,8
364071910,"Iran, Islamic Republic of",0,47,"married",8,10
364071911,"Iran, Islamic Republic of",1,44,"married",10,9
364071912,"Iran, Islamic Republic of",1,42,"married",8,5
364071913,"Iran, Islamic Republic of",0,43,"married",4,3
364071914,"Iran, Islamic Republic of",0,64,"married",7,5
364071915,"Iran, Islamic Republic of",1,25,"single",8,5
364071916,"Iran, Islamic Republic of",1,39,"married",8,9
364071919,"Iran, Islamic Republic of",0,69,"widowed",4,3
364071920,"Iran, Islamic Republic of",1,48,"married",5,1
364071921,"Iran, Islamic Republic of",1,33,"married",8,8
364071923,"Iran, Islamic Republic of",1,20,"single",8,5
364071924,"Iran, Islamic Republic of",0,55,"married",8,8
364071925,"Iran, Islamic Republic of",1,32,"married",2,5
364071926,"Iran, Islamic Republic of",0,41,"married",8,9
364071928,"Iran, Islamic Republic of",1,20,"married",NA,4
364071929,"Iran, Islamic Republic of",0,68,"married",5,1
364071930,"Iran, Islamic Republic of",1,41,"married",10,10
364071931,"Iran, Islamic Republic of",0,53,"married",10,9
364071932,"Iran, Islamic Republic of",1,50,"married",5,5
364071933,"Iran, Islamic Republic of",0,55,"married",7,8
364071935,"Iran, Islamic Republic of",0,39,"married",10,10
364071936,"Iran, Islamic Republic of",1,26,"married",6,6
364071938,"Iran, Islamic Republic of",1,37,"married",7,4
364071939,"Iran, Islamic Republic of",0,67,"married",10,10
364071940,"Iran, Islamic Republic of",0,65,"married",9,10
364071941,"Iran, Islamic Republic of",0,25,"single",10,7
364071942,"Iran, Islamic Republic of",0,71,"married",5,7
364071943,"Iran, Islamic Republic of",1,21,"single",5,7
364071947,"Iran, Islamic Republic of",0,33,"married",10,6
364071948,"Iran, Islamic Republic of",0,25,"single",8,5
364071950,"Iran, Islamic Republic of",1,23,"single",10,8
364071951,"Iran, Islamic Republic of",1,57,"married",10,10
364071952,"Iran, Islamic Republic of",1,52,"married",8,7
364071953,"Iran, Islamic Republic of",0,22,"single",6,1
364071955,"Iran, Islamic Republic of",0,54,"married",10,5
364071956,"Iran, Islamic Republic of",1,24,"single",5,10
364071957,"Iran, Islamic Republic of",0,31,"married",8,6
364071958,"Iran, Islamic Republic of",1,41,"married",8,9
364071959,"Iran, Islamic Republic of",0,33,"single",10,5
364071960,"Iran, Islamic Republic of",1,60,"married",1,1
364071961,"Iran, Islamic Republic of",0,70,"married",6,9
364071962,"Iran, Islamic Republic of",1,60,"married",5,5
364071964,"Iran, Islamic Republic of",0,49,"married",5,6
364071965,"Iran, Islamic Republic of",0,38,"married",5,5
364071966,"Iran, Islamic Republic of",0,48,"married",7,5
364071967,"Iran, Islamic Republic of",1,30,"single",7,5
364071968,"Iran, Islamic Republic of",0,20,"married",3,5
364071969,"Iran, Islamic Republic of",1,34,"married",10,10
364071970,"Iran, Islamic Republic of",0,42,"married",8,9
364071972,"Iran, Islamic Republic of",1,22,"single",5,4
364071973,"Iran, Islamic Republic of",1,59,"widowed",8,5
364071974,"Iran, Islamic Republic of",0,38,"married",6,7
364071975,"Iran, Islamic Republic of",0,37,"married",6,5
364071976,"Iran, Islamic Republic of",1,31,"single",4,8
364071977,"Iran, Islamic Republic of",0,34,"married",4,6
364071978,"Iran, Islamic Republic of",0,72,"married",10,6
364071980,"Iran, Islamic Republic of",0,18,"single",8,10
364071981,"Iran, Islamic Republic of",0,39,"married",10,10
364071983,"Iran, Islamic Republic of",0,55,"married",8,5
364071984,"Iran, Islamic Republic of",0,34,"married",10,10
364071985,"Iran, Islamic Republic of",0,42,"married",8,8
364071987,"Iran, Islamic Republic of",1,30,"married",2,5
364071988,"Iran, Islamic Republic of",0,66,"married",10,10
364071989,"Iran, Islamic Republic of",0,24,"married",5,7
364071990,"Iran, Islamic Republic of",0,38,"married",5,7
364071991,"Iran, Islamic Republic of",1,61,"married",1,6
364071993,"Iran, Islamic Republic of",1,40,"married",6,7
364071994,"Iran, Islamic Republic of",1,57,"married",7,7
364071995,"Iran, Islamic Republic of",0,46,"married",1,5
364071998,"Iran, Islamic Republic of",0,60,"married",10,8
364072000,"Iran, Islamic Republic of",0,45,"married",5,8
364072001,"Iran, Islamic Republic of",0,28,"single",6,3
364072002,"Iran, Islamic Republic of",0,67,"married",5,10
364072003,"Iran, Islamic Republic of",1,65,"married",10,10
364072005,"Iran, Islamic Republic of",0,68,"married",10,6
364072006,"Iran, Islamic Republic of",1,63,"widowed",10,6
364072007,"Iran, Islamic Republic of",0,48,"married",5,6
364072009,"Iran, Islamic Republic of",0,72,"married",10,10
364072010,"Iran, Islamic Republic of",1,45,"married",8,7
364072011,"Iran, Islamic Republic of",0,18,"single",10,5
364072012,"Iran, Islamic Republic of",1,47,"married",10,1
364072013,"Iran, Islamic Republic of",0,19,"single",9,8
364072014,"Iran, Islamic Republic of",1,65,"single",5,1
364072015,"Iran, Islamic Republic of",0,61,"married",5,5
364072016,"Iran, Islamic Republic of",0,72,"married",1,3
364072017,"Iran, Islamic Republic of",0,43,"married",7,8
364072018,"Iran, Islamic Republic of",0,83,"married",6,4
364072019,"Iran, Islamic Republic of",0,68,"married",8,10
364072020,"Iran, Islamic Republic of",0,23,"single",5,2
364072021,"Iran, Islamic Republic of",1,45,"divorced",7,5
364072022,"Iran, Islamic Republic of",0,42,"married",10,2
364072023,"Iran, Islamic Republic of",1,40,"married",1,3
364072026,"Iran, Islamic Republic of",0,19,"single",8,10
364072027,"Iran, Islamic Republic of",1,19,"single",7,8
364072030,"Iran, Islamic Republic of",0,25,"single",6,10
364072031,"Iran, Islamic Republic of",1,67,"married",5,5
364072032,"Iran, Islamic Republic of",0,43,"married",1,8
364072033,"Iran, Islamic Republic of",1,30,"married",6,3
364072034,"Iran, Islamic Republic of",1,33,"married",9,8
364072035,"Iran, Islamic Republic of",1,18,"single",7,10
364072036,"Iran, Islamic Republic of",0,57,"married",7,10
364072037,"Iran, Islamic Republic of",1,61,"married",5,1
364072039,"Iran, Islamic Republic of",1,25,"single",10,5
364072040,"Iran, Islamic Republic of",1,40,"single",5,8
364072041,"Iran, Islamic Republic of",0,24,"married",7,8
364072042,"Iran, Islamic Republic of",0,63,"married",9,10
364072044,"Iran, Islamic Republic of",0,35,"married",8,1
364072045,"Iran, Islamic Republic of",0,47,"married",10,5
364072046,"Iran, Islamic Republic of",1,27,"married",9,6
364072047,"Iran, Islamic Republic of",0,21,"single",6,2
364072048,"Iran, Islamic Republic of",1,42,"married",8,5
364072049,"Iran, Islamic Republic of",0,37,"married",10,5
364072050,"Iran, Islamic Republic of",0,66,"married",8,5
364072051,"Iran, Islamic Republic of",1,20,"single",10,9
364072052,"Iran, Islamic Republic of",0,29,"single",NA,9
364072054,"Iran, Islamic Republic of",0,40,"married",9,5
364072055,"Iran, Islamic Republic of",0,72,"single",10,5
364072056,"Iran, Islamic Republic of",1,41,"married",8,10
364072057,"Iran, Islamic Republic of",1,41,"married",10,2
364072058,"Iran, Islamic Republic of",0,39,"married",5,5
364072059,"Iran, Islamic Republic of",0,28,"single",7,10
364072061,"Iran, Islamic Republic of",0,28,"married",10,10
364072064,"Iran, Islamic Republic of",1,38,"married",5,1
364072066,"Iran, Islamic Republic of",0,42,"married",7,8
364072068,"Iran, Islamic Republic of",0,60,"married",10,6
364072069,"Iran, Islamic Republic of",0,48,"married",5,5
364072070,"Iran, Islamic Republic of",1,35,"single",5,6
364072071,"Iran, Islamic Republic of",1,59,"married",10,10
364072072,"Iran, Islamic Republic of",1,25,"single",8,6
364072073,"Iran, Islamic Republic of",0,99,"single",10,5
364072074,"Iran, Islamic Republic of",1,70,"divorced",10,10
364072075,"Iran, Islamic Republic of",0,33,"single",10,1
364072076,"Iran, Islamic Republic of",0,41,"married",5,4
364072077,"Iran, Islamic Republic of",1,36,"married",2,8
364072078,"Iran, Islamic Republic of",0,40,"married",5,10
364072079,"Iran, Islamic Republic of",1,64,"married",8,8
364072080,"Iran, Islamic Republic of",1,44,"single",6,5
364072081,"Iran, Islamic Republic of",0,37,"married",6,7
364072082,"Iran, Islamic Republic of",1,30,"single",10,7
364072083,"Iran, Islamic Republic of",1,50,"married",4,5
364072084,"Iran, Islamic Republic of",0,36,"married",8,9
364072085,"Iran, Islamic Republic of",1,20,"single",7,2
364072087,"Iran, Islamic Republic of",0,67,"married",8,5
364072088,"Iran, Islamic Republic of",1,32,"married",7,5
364072089,"Iran, Islamic Republic of",0,39,"married",5,8
364072090,"Iran, Islamic Republic of",1,46,"widowed",8,8
364072091,"Iran, Islamic Republic of",0,44,"married",10,8
364072092,"Iran, Islamic Republic of",0,18,"single",6,6
364072093,"Iran, Islamic Republic of",0,61,"married",7,8
364072094,"Iran, Islamic Republic of",1,32,"married",9,8
364072095,"Iran, Islamic Republic of",0,61,"married",10,8
364072096,"Iran, Islamic Republic of",0,21,"single",10,9
364072097,"Iran, Islamic Republic of",0,57,"married",7,6
364072099,"Iran, Islamic Republic of",1,31,"single",10,7
364072100,"Iran, Islamic Republic of",1,48,"married",5,4
364072101,"Iran, Islamic Republic of",1,33,"married",8,9
364072102,"Iran, Islamic Republic of",0,28,"married",1,6
364072103,"Iran, Islamic Republic of",1,20,"single",8,8
364072104,"Iran, Islamic Republic of",0,31,"single",8,9
364072105,"Iran, Islamic Republic of",0,30,"single",10,5
364072106,"Iran, Islamic Republic of",0,19,"single",8,6
364072107,"Iran, Islamic Republic of",0,37,"married",10,4
364072110,"Iran, Islamic Republic of",0,50,"married",5,6
364072112,"Iran, Islamic Republic of",0,59,"married",10,10
364072114,"Iran, Islamic Republic of",0,23,"single",5,10
364072116,"Iran, Islamic Republic of",1,55,"married",7,8
364072117,"Iran, Islamic Republic of",1,19,"single",8,6
364072118,"Iran, Islamic Republic of",0,45,"married",2,2
364072119,"Iran, Islamic Republic of",1,38,"married",5,4
364072120,"Iran, Islamic Republic of",1,52,"married",6,6
364072121,"Iran, Islamic Republic of",0,28,"married",6,8
364072123,"Iran, Islamic Republic of",0,38,"married",8,10
364072124,"Iran, Islamic Republic of",0,41,"married",7,1
364072125,"Iran, Islamic Republic of",1,44,"single",1,1
364072128,"Iran, Islamic Republic of",0,48,"married",6,5
364072129,"Iran, Islamic Republic of",1,33,"married",7,10
364072130,"Iran, Islamic Republic of",0,19,"single",9,10
364072131,"Iran, Islamic Republic of",0,36,"married",6,5
364072132,"Iran, Islamic Republic of",0,42,"married",6,5
364072135,"Iran, Islamic Republic of",1,26,"married",5,5
364072136,"Iran, Islamic Republic of",1,30,"single",8,10
364072137,"Iran, Islamic Republic of",1,33,"married",10,6
364072138,"Iran, Islamic Republic of",0,26,"separated",4,1
364072140,"Iran, Islamic Republic of",1,38,"divorced",7,6
364072141,"Iran, Islamic Republic of",1,31,"married",7,4
364072142,"Iran, Islamic Republic of",1,28,"married",8,7
364072143,"Iran, Islamic Republic of",0,41,"married",7,9
364072144,"Iran, Islamic Republic of",0,19,"single",7,7
364072146,"Iran, Islamic Republic of",0,25,"single",10,4
364072147,"Iran, Islamic Republic of",0,26,"single",3,8
364072148,"Iran, Islamic Republic of",0,43,"married",6,5
364072149,"Iran, Islamic Republic of",0,49,"married",6,9
364072150,"Iran, Islamic Republic of",1,57,"married",5,4
364072151,"Iran, Islamic Republic of",1,25,"married",1,6
364072152,"Iran, Islamic Republic of",1,36,"married",8,8
364072153,"Iran, Islamic Republic of",0,24,"single",5,4
364072154,"Iran, Islamic Republic of",1,40,"married",5,8
364072155,"Iran, Islamic Republic of",0,24,"single",6,4
364072156,"Iran, Islamic Republic of",1,20,"single",8,10
364072157,"Iran, Islamic Republic of",0,68,"married",10,8
364072158,"Iran, Islamic Republic of",1,38,"single",6,6
364072159,"Iran, Islamic Republic of",1,29,"single",7,6
364072160,"Iran, Islamic Republic of",0,57,"married",5,3
364072161,"Iran, Islamic Republic of",1,18,"married",8,8
364072162,"Iran, Islamic Republic of",0,38,"married",5,5
364072163,"Iran, Islamic Republic of",0,53,"married",10,5
364072165,"Iran, Islamic Republic of",0,18,"single",5,3
364072166,"Iran, Islamic Republic of",0,19,"single",7,7
364072169,"Iran, Islamic Republic of",1,43,"married",8,7
364072171,"Iran, Islamic Republic of",0,49,"married",10,6
364072172,"Iran, Islamic Republic of",0,21,"single",9,8
364072173,"Iran, Islamic Republic of",1,41,"married",9,10
364072174,"Iran, Islamic Republic of",0,47,"married",5,4
364072175,"Iran, Islamic Republic of",1,26,"single",5,3
364072176,"Iran, Islamic Republic of",0,25,"single",8,8
364072177,"Iran, Islamic Republic of",1,26,"single",1,1
364072178,"Iran, Islamic Republic of",1,18,"married",3,5
364072179,"Iran, Islamic Republic of",1,45,"married",7,5
364072180,"Iran, Islamic Republic of",1,22,"single",5,5
364072181,"Iran, Islamic Republic of",1,43,"widowed",10,6
364072182,"Iran, Islamic Republic of",1,36,"married",3,5
364072183,"Iran, Islamic Republic of",1,22,"single",8,6
364072184,"Iran, Islamic Republic of",1,37,"single",5,7
364072185,"Iran, Islamic Republic of",0,57,"married",5,4
364072187,"Iran, Islamic Republic of",1,48,"married",8,10
364072188,"Iran, Islamic Republic of",0,43,"married",NA,3
364072189,"Iran, Islamic Republic of",1,41,"married",8,9
364072190,"Iran, Islamic Republic of",1,41,"married",8,8
364072191,"Iran, Islamic Republic of",0,90,"widowed",7,8
364072192,"Iran, Islamic Republic of",0,23,"single",10,1
364072194,"Iran, Islamic Republic of",0,18,"single",10,8
364072195,"Iran, Islamic Republic of",0,19,"single",7,8
364072196,"Iran, Islamic Republic of",0,32,"married",8,4
364072198,"Iran, Islamic Republic of",1,43,"divorced",5,8
364072199,"Iran, Islamic Republic of",1,45,"married",10,5
364072202,"Iran, Islamic Republic of",0,19,"single",7,6
364072203,"Iran, Islamic Republic of",1,43,"married",1,2
364072204,"Iran, Islamic Republic of",0,29,"single",8,10
364072205,"Iran, Islamic Republic of",1,38,"single",10,6
364072206,"Iran, Islamic Republic of",1,62,"widowed",10,5
364072207,"Iran, Islamic Republic of",0,30,"single",9,1
364072208,"Iran, Islamic Republic of",0,34,"single",8,10
364072209,"Iran, Islamic Republic of",0,34,"separated",7,8
364072210,"Iran, Islamic Republic of",1,63,"married",10,10
364072211,"Iran, Islamic Republic of",1,48,"married",5,6
364072212,"Iran, Islamic Republic of",1,19,"single",8,5
364072214,"Iran, Islamic Republic of",0,41,"married",7,5
364072215,"Iran, Islamic Republic of",1,45,"married",8,6
364072216,"Iran, Islamic Republic of",0,51,"married",5,7
364072217,"Iran, Islamic Republic of",1,35,"divorced",8,8
364072219,"Iran, Islamic Republic of",1,24,"single",8,5
364072221,"Iran, Islamic Republic of",0,39,"married",5,5
364072222,"Iran, Islamic Republic of",1,27,"single",8,10
364072223,"Iran, Islamic Republic of",0,19,"single",6,5
364072224,"Iran, Islamic Republic of",0,49,"married",10,6
364072225,"Iran, Islamic Republic of",1,42,"married",8,7
364072227,"Iran, Islamic Republic of",0,64,"married",10,7
364072228,"Iran, Islamic Republic of",0,34,"married",1,1
364072230,"Iran, Islamic Republic of",1,46,"widowed",7,7
364072232,"Iran, Islamic Republic of",1,20,"married",4,6
364072233,"Iran, Islamic Republic of",0,43,"married",10,9
364072235,"Iran, Islamic Republic of",0,45,"married",4,4
364072238,"Iran, Islamic Republic of",0,31,"single",1,5
364072239,"Iran, Islamic Republic of",1,36,"married",6,1
364072241,"Iran, Islamic Republic of",1,42,"married",5,7
364072243,"Iran, Islamic Republic of",0,44,"married",6,4
364072245,"Iran, Islamic Republic of",0,79,"married",10,8
364072246,"Iran, Islamic Republic of",0,57,"married",8,8
364072248,"Iran, Islamic Republic of",1,42,"married",6,8
364072249,"Iran, Islamic Republic of",1,39,"married",5,8
364072250,"Iran, Islamic Republic of",0,50,"married",5,1
364072252,"Iran, Islamic Republic of",1,54,"married",8,8
364072253,"Iran, Islamic Republic of",0,50,"married",5,7
364072254,"Iran, Islamic Republic of",0,29,"single",9,8
364072256,"Iran, Islamic Republic of",1,47,"married",10,10
364072257,"Iran, Islamic Republic of",0,38,"married",10,10
364072258,"Iran, Islamic Republic of",0,61,"married",6,7
364072259,"Iran, Islamic Republic of",0,40,"married",1,5
364072260,"Iran, Islamic Republic of",0,38,"single",5,8
364072261,"Iran, Islamic Republic of",1,36,"married",9,9
364072262,"Iran, Islamic Republic of",0,42,"married",5,7
364072263,"Iran, Islamic Republic of",1,41,"married",4,5
364072265,"Iran, Islamic Republic of",0,44,"single",7,6
364072266,"Iran, Islamic Republic of",1,33,"married",5,8
364072267,"Iran, Islamic Republic of",0,34,"single",5,1
364072268,"Iran, Islamic Republic of",1,50,"divorced",10,5
364072269,"Iran, Islamic Republic of",0,33,"married",8,6
364072271,"Iran, Islamic Republic of",1,21,"single",7,7
364072272,"Iran, Islamic Republic of",0,43,"single",10,7
364072273,"Iran, Islamic Republic of",1,43,"widowed",10,6
364072274,"Iran, Islamic Republic of",0,41,"married",10,5
364072275,"Iran, Islamic Republic of",1,41,"married",10,1
364072276,"Iran, Islamic Republic of",1,43,"married",10,6
364072277,"Iran, Islamic Republic of",1,42,"married",5,6
364072278,"Iran, Islamic Republic of",0,23,"single",10,8
364072279,"Iran, Islamic Republic of",0,50,"divorced",5,1
364072280,"Iran, Islamic Republic of",0,20,"single",8,8
364072281,"Iran, Islamic Republic of",1,38,"single",2,7
364072282,"Iran, Islamic Republic of",0,62,"married",5,5
364072283,"Iran, Islamic Republic of",1,40,"married",8,5
364072284,"Iran, Islamic Republic of",1,32,"married",8,5
364072285,"Iran, Islamic Republic of",1,55,"married",10,6
364072286,"Iran, Islamic Republic of",0,43,"married",5,9
364072287,"Iran, Islamic Republic of",1,26,"single",10,8
364072288,"Iran, Islamic Republic of",0,45,"married",5,7
364072289,"Iran, Islamic Republic of",1,18,"single",8,9
364072290,"Iran, Islamic Republic of",0,22,"single",7,8
364072291,"Iran, Islamic Republic of",1,40,"married",8,7
364072293,"Iran, Islamic Republic of",0,18,"single",3,7
364072295,"Iran, Islamic Republic of",0,42,"married",9,6
364072296,"Iran, Islamic Republic of",1,46,"married",5,8
364072297,"Iran, Islamic Republic of",1,21,"single",8,9
364072300,"Iran, Islamic Republic of",0,32,"married",10,3
364072301,"Iran, Islamic Republic of",0,21,"single",10,3
364072302,"Iran, Islamic Republic of",0,59,"married",10,5
364072303,"Iran, Islamic Republic of",1,23,"single",8,6
364072304,"Iran, Islamic Republic of",0,18,"single",7,8
364072305,"Iran, Islamic Republic of",0,38,"married",6,7
364072306,"Iran, Islamic Republic of",0,52,"married",6,7
364072307,"Iran, Islamic Republic of",0,40,"married",6,1
364072308,"Iran, Islamic Republic of",0,80,"married",8,10
364072309,"Iran, Islamic Republic of",1,40,"married",8,3
364072310,"Iran, Islamic Republic of",0,35,"married",8,8
364072311,"Iran, Islamic Republic of",1,41,"married",9,6
364072312,"Iran, Islamic Republic of",0,50,"divorced",10,8
364072313,"Iran, Islamic Republic of",1,22,"married",7,1
364072315,"Iran, Islamic Republic of",0,28,"single",9,6
364072316,"Iran, Islamic Republic of",1,50,"married",10,10
364072317,"Iran, Islamic Republic of",1,56,"married",10,8
364072318,"Iran, Islamic Republic of",1,25,"single",5,8
364072319,"Iran, Islamic Republic of",0,36,"married",5,3
364072321,"Iran, Islamic Republic of",0,24,"single",8,8
364072323,"Iran, Islamic Republic of",0,41,"married",5,8
364072324,"Iran, Islamic Republic of",1,45,"married",1,6
364072325,"Iran, Islamic Republic of",0,51,"married",5,6
364072326,"Iran, Islamic Republic of",0,35,"single",5,5
364072327,"Iran, Islamic Republic of",1,29,"single",10,6
364072328,"Iran, Islamic Republic of",1,28,"single",7,8
364072329,"Iran, Islamic Republic of",0,43,"married",9,7
364072330,"Iran, Islamic Republic of",0,27,"single",8,6
364072331,"Iran, Islamic Republic of",0,56,"married",5,NA
364072333,"Iran, Islamic Republic of",1,54,"married",NA,8
364072334,"Iran, Islamic Republic of",1,39,"married",10,8
364072335,"Iran, Islamic Republic of",1,36,"married",1,1
364072336,"Iran, Islamic Republic of",1,18,"single",5,10
364072337,"Iran, Islamic Republic of",0,40,"married",7,10
364072338,"Iran, Islamic Republic of",1,46,"married",7,6
364072339,"Iran, Islamic Republic of",1,50,"married",6,5
364072340,"Iran, Islamic Republic of",1,37,"married",8,1
364072341,"Iran, Islamic Republic of",1,38,"widowed",8,4
364072342,"Iran, Islamic Republic of",1,27,"married",8,10
364072343,"Iran, Islamic Republic of",1,36,"married",10,10
364072345,"Iran, Islamic Republic of",1,66,"divorced",8,10
364072347,"Iran, Islamic Republic of",0,20,"single",6,9
364072348,"Iran, Islamic Republic of",0,85,"married",4,10
364072349,"Iran, Islamic Republic of",1,55,"married",5,5
364072350,"Iran, Islamic Republic of",1,18,"single",7,10
364072351,"Iran, Islamic Republic of",1,26,"married",8,5
364072352,"Iran, Islamic Republic of",1,38,"married",7,5
364072353,"Iran, Islamic Republic of",1,50,"widowed",5,5
364072355,"Iran, Islamic Republic of",0,56,"married",5,5
364072356,"Iran, Islamic Republic of",1,19,"single",5,9
364072358,"Iran, Islamic Republic of",1,33,"married",10,6
364072359,"Iran, Islamic Republic of",0,36,"married",8,10
364072364,"Iran, Islamic Republic of",0,41,"married",10,7
364072365,"Iran, Islamic Republic of",1,33,"married",8,10
364072366,"Iran, Islamic Republic of",0,56,"married",7,5
364072367,"Iran, Islamic Republic of",1,29,"married",7,9
364072368,"Iran, Islamic Republic of",0,44,"married",9,10
364072370,"Iran, Islamic Republic of",0,19,"single",8,8
364072371,"Iran, Islamic Republic of",1,44,"married",5,3
364072372,"Iran, Islamic Republic of",0,43,"married",6,10
364072373,"Iran, Islamic Republic of",1,39,"married",3,3
364072375,"Iran, Islamic Republic of",0,54,"married",7,2
364072376,"Iran, Islamic Republic of",0,41,"married",1,1
364072377,"Iran, Islamic Republic of",1,39,"married",10,10
364072378,"Iran, Islamic Republic of",1,45,"single",6,9
364072379,"Iran, Islamic Republic of",0,49,"married",8,5
364072380,"Iran, Islamic Republic of",0,49,"married",8,9
364072381,"Iran, Islamic Republic of",1,30,"single",10,8
364072382,"Iran, Islamic Republic of",1,47,"married",9,10
364072383,"Iran, Islamic Republic of",0,56,"married",5,1
364072384,"Iran, Islamic Republic of",0,37,"married",5,1
364072385,"Iran, Islamic Republic of",0,29,"single",10,6
364072386,"Iran, Islamic Republic of",1,44,"married",8,8
364072387,"Iran, Islamic Republic of",0,50,"married",6,7
364072388,"Iran, Islamic Republic of",0,36,"single",7,5
364072390,"Iran, Islamic Republic of",1,35,"married",8,1
364072391,"Iran, Islamic Republic of",1,20,"single",8,7
364072392,"Iran, Islamic Republic of",0,40,"married",7,5
364072394,"Iran, Islamic Republic of",1,69,"widowed",10,5
364072395,"Iran, Islamic Republic of",1,32,"married",9,4
364072397,"Iran, Islamic Republic of",1,18,"single",7,5
364072398,"Iran, Islamic Republic of",0,40,"married",5,5
364072399,"Iran, Islamic Republic of",0,37,"married",9,8
364072400,"Iran, Islamic Republic of",1,63,"widowed",5,5
364072401,"Iran, Islamic Republic of",0,34,"single",5,5
364072402,"Iran, Islamic Republic of",0,42,"married",4,5
364072404,"Iran, Islamic Republic of",0,25,"single",5,8
364072405,"Iran, Islamic Republic of",1,22,"married",10,6
364072406,"Iran, Islamic Republic of",0,25,"single",5,3
364072407,"Iran, Islamic Republic of",0,18,"single",5,10
364072408,"Iran, Islamic Republic of",0,60,"married",1,10
364072409,"Iran, Islamic Republic of",1,18,"married",1,6
364072410,"Iran, Islamic Republic of",0,37,"married",6,10
364072411,"Iran, Islamic Republic of",0,38,"married",7,7
364072413,"Iran, Islamic Republic of",1,36,"single",1,10
364072414,"Iran, Islamic Republic of",0,47,"married",9,10
364072415,"Iran, Islamic Republic of",0,55,"married",6,6
364072416,"Iran, Islamic Republic of",1,47,"married",8,2
364072417,"Iran, Islamic Republic of",1,28,"married",1,9
364072419,"Iran, Islamic Republic of",1,23,"single",6,1
364072421,"Iran, Islamic Republic of",0,62,"married",3,2
364072422,"Iran, Islamic Republic of",1,34,"single",10,10
364072423,"Iran, Islamic Republic of",1,36,"married",8,5
364072424,"Iran, Islamic Republic of",0,48,"married",10,10
364072425,"Iran, Islamic Republic of",0,65,"married",5,1
364072426,"Iran, Islamic Republic of",1,49,"married",7,8
364072427,"Iran, Islamic Republic of",1,34,"married",5,1
364072429,"Iran, Islamic Republic of",1,40,"married",8,8
364072430,"Iran, Islamic Republic of",0,60,"divorced",1,1
364072431,"Iran, Islamic Republic of",1,41,"divorced",5,7
364072432,"Iran, Islamic Republic of",1,26,"single",10,7
364072433,"Iran, Islamic Republic of",1,20,"single",7,10
364072434,"Iran, Islamic Republic of",0,50,"widowed",4,5
364072436,"Iran, Islamic Republic of",0,41,"married",7,5
364072438,"Iran, Islamic Republic of",0,37,"married",10,8
364072440,"Iran, Islamic Republic of",0,72,"married",7,7
364072441,"Iran, Islamic Republic of",1,29,"married",5,10
364072442,"Iran, Islamic Republic of",0,18,"single",10,10
364072443,"Iran, Islamic Republic of",0,44,"married",5,7
364072444,"Iran, Islamic Republic of",0,39,"married",9,2
364072445,"Iran, Islamic Republic of",0,44,"married",8,2
364072446,"Iran, Islamic Republic of",0,18,"single",7,7
364072447,"Iran, Islamic Republic of",0,27,"single",5,9
364072448,"Iran, Islamic Republic of",0,55,"married",10,8
364072449,"Iran, Islamic Republic of",1,40,"married",5,1
364072450,"Iran, Islamic Republic of",0,32,"separated",1,1
364072451,"Iran, Islamic Republic of",0,44,"married",3,1
364072452,"Iran, Islamic Republic of",1,20,"single",8,8
364072453,"Iran, Islamic Republic of",0,18,"single",5,7
364072454,"Iran, Islamic Republic of",1,25,"married",10,6
364072456,"Iran, Islamic Republic of",0,29,"married",10,10
364072457,"Iran, Islamic Republic of",1,50,"married",9,9
364072458,"Iran, Islamic Republic of",1,38,"single",5,5
364072459,"Iran, Islamic Republic of",0,30,"married",8,8
364072460,"Iran, Islamic Republic of",0,56,"married",5,6
364072461,"Iran, Islamic Republic of",0,39,"married",8,7
364072462,"Iran, Islamic Republic of",0,37,"married",7,10
364072464,"Iran, Islamic Republic of",0,31,"married",1,5
364072465,"Iran, Islamic Republic of",1,49,"single",7,8
364072467,"Iran, Islamic Republic of",1,64,"married",5,8
364072468,"Iran, Islamic Republic of",0,19,"single",8,7
364072469,"Iran, Islamic Republic of",0,34,"single",8,7
364072471,"Iran, Islamic Republic of",1,33,"married",8,10
364072473,"Iran, Islamic Republic of",0,25,"single",9,10
364072475,"Iran, Islamic Republic of",1,48,"married",6,8
364072476,"Iran, Islamic Republic of",1,36,"married",8,5
364072477,"Iran, Islamic Republic of",1,43,"single",8,5
364072479,"Iran, Islamic Republic of",0,35,"single",6,8
364072480,"Iran, Islamic Republic of",0,51,"married",10,10
364072482,"Iran, Islamic Republic of",1,18,"single",6,6
364072483,"Iran, Islamic Republic of",0,58,"married",10,10
364072484,"Iran, Islamic Republic of",0,37,"single",1,1
364072485,"Iran, Islamic Republic of",0,47,"married",5,1
364072486,"Iran, Islamic Republic of",1,35,"married",5,1
364072487,"Iran, Islamic Republic of",0,51,"married",7,8
364072488,"Iran, Islamic Republic of",0,41,"married",1,1
364072489,"Iran, Islamic Republic of",0,50,"married",7,5
364072490,"Iran, Islamic Republic of",1,36,"single",9,7
364072491,"Iran, Islamic Republic of",1,39,"married",10,8
364072492,"Iran, Islamic Republic of",1,25,"married",10,6
364072493,"Iran, Islamic Republic of",0,40,"married",8,8
364072494,"Iran, Islamic Republic of",1,22,"married",1,5
364072495,"Iran, Islamic Republic of",1,19,"single",8,10
364072497,"Iran, Islamic Republic of",1,45,"married",5,4
364072498,"Iran, Islamic Republic of",1,58,"married",7,1
364072499,"Iran, Islamic Republic of",1,19,"single",5,3
364072500,"Iran, Islamic Republic of",0,31,"single",3,5
364072501,"Iran, Islamic Republic of",1,36,"single",5,7
364072502,"Iran, Islamic Republic of",0,56,"married",10,1
364072503,"Iran, Islamic Republic of",0,39,"married",5,8
364072504,"Iran, Islamic Republic of",1,24,"married",5,8
364072506,"Iran, Islamic Republic of",0,60,"married",5,6
364072508,"Iran, Islamic Republic of",1,23,"single",7,8
364072509,"Iran, Islamic Republic of",1,52,"married",5,6
364072510,"Iran, Islamic Republic of",0,40,"married",4,5
364072511,"Iran, Islamic Republic of",1,21,"single",8,6
364072512,"Iran, Islamic Republic of",1,40,"married",10,7
364072513,"Iran, Islamic Republic of",1,33,"married",5,6
364072514,"Iran, Islamic Republic of",0,30,"married",10,4
364072515,"Iran, Islamic Republic of",1,19,"single",5,6
364072516,"Iran, Islamic Republic of",0,45,"married",10,8
364072517,"Iran, Islamic Republic of",0,54,"married",10,6
364072518,"Iran, Islamic Republic of",0,35,"single",6,1
364072520,"Iran, Islamic Republic of",0,40,"married",5,1
364072523,"Iran, Islamic Republic of",0,40,"married",6,4
364072524,"Iran, Islamic Republic of",1,26,"married",10,10
364072525,"Iran, Islamic Republic of",1,39,"widowed",8,5
364072526,"Iran, Islamic Republic of",1,24,"single",8,9
364072528,"Iran, Islamic Republic of",1,29,"single",7,4
364072529,"Iran, Islamic Republic of",0,41,"married",8,10
364072531,"Iran, Islamic Republic of",1,76,"widowed",2,2
364072532,"Iran, Islamic Republic of",0,46,"married",10,5
364072533,"Iran, Islamic Republic of",0,21,"single",8,8
364072534,"Iran, Islamic Republic of",0,59,"married",8,4
364072535,"Iran, Islamic Republic of",0,47,"married",8,7
364072536,"Iran, Islamic Republic of",0,18,"single",3,5
364072537,"Iran, Islamic Republic of",0,49,"married",6,1
364072539,"Iran, Islamic Republic of",0,35,"married",7,5
364072540,"Iran, Islamic Republic of",1,38,"married",4,4
364072541,"Iran, Islamic Republic of",1,39,"married",5,3
364072542,"Iran, Islamic Republic of",0,40,"married",10,8
364072544,"Iran, Islamic Republic of",1,44,"married",5,7
364072547,"Iran, Islamic Republic of",1,41,"married",10,9
364072548,"Iran, Islamic Republic of",0,48,NA,7,5
364072549,"Iran, Islamic Republic of",1,18,"single",5,5
364072550,"Iran, Islamic Republic of",1,49,"married",10,5
364072551,"Iran, Islamic Republic of",1,30,"married",6,10
364072552,"Iran, Islamic Republic of",0,55,"married",7,6
364072553,"Iran, Islamic Republic of",0,35,"single",5,6
364072554,"Iran, Islamic Republic of",1,39,"married",7,7
364072555,"Iran, Islamic Republic of",0,26,"single",10,8
364072556,"Iran, Islamic Republic of",0,32,"single",4,1
364072557,"Iran, Islamic Republic of",1,32,"married",10,8
364072558,"Iran, Islamic Republic of",1,41,"married",7,9
364072559,"Iran, Islamic Republic of",0,20,"single",10,10
364072560,"Iran, Islamic Republic of",0,38,"married",9,7
364072561,"Iran, Islamic Republic of",1,57,"divorced",10,10
364072562,"Iran, Islamic Republic of",0,21,"living together as married",10,3
364072564,"Iran, Islamic Republic of",1,42,"married",10,7
364072565,"Iran, Islamic Republic of",1,18,"single",4,8
364072566,"Iran, Islamic Republic of",1,28,"single",7,5
364072567,"Iran, Islamic Republic of",0,82,"married",5,5
364072570,"Iran, Islamic Republic of",1,21,"single",7,7
364072571,"Iran, Islamic Republic of",0,60,"married",5,1
364072573,"Iran, Islamic Republic of",0,55,"married",10,10
364072574,"Iran, Islamic Republic of",0,26,"single",5,5
364072575,"Iran, Islamic Republic of",1,21,"single",8,10
364072576,"Iran, Islamic Republic of",1,34,"married",10,4
364072577,"Iran, Islamic Republic of",1,27,"married",6,4
364072578,"Iran, Islamic Republic of",1,63,"married",5,3
364072579,"Iran, Islamic Republic of",0,73,"married",8,10
364072580,"Iran, Islamic Republic of",1,60,"married",10,5
364072581,"Iran, Islamic Republic of",1,28,"married",10,10
364072582,"Iran, Islamic Republic of",1,21,"single",6,1
364072583,"Iran, Islamic Republic of",1,38,"married",10,6
364072585,"Iran, Islamic Republic of",0,52,"married",10,10
364072586,"Iran, Islamic Republic of",0,54,"married",1,1
364072587,"Iran, Islamic Republic of",1,45,"married",8,8
364072588,"Iran, Islamic Republic of",1,26,"married",8,9
364072589,"Iran, Islamic Republic of",0,51,"married",8,6
364072590,"Iran, Islamic Republic of",1,62,"widowed",5,5
364072591,"Iran, Islamic Republic of",1,19,"single",9,9
364072592,"Iran, Islamic Republic of",1,36,"married",7,4
364072593,"Iran, Islamic Republic of",0,27,"single",8,10
364072594,"Iran, Islamic Republic of",0,19,"married",5,9
364072595,"Iran, Islamic Republic of",0,99,"married",7,6
364072596,"Iran, Islamic Republic of",1,20,"single",5,10
364072599,"Iran, Islamic Republic of",1,38,"married",5,5
364072601,"Iran, Islamic Republic of",1,69,"married",1,8
364072602,"Iran, Islamic Republic of",1,27,"single",10,8
364072604,"Iran, Islamic Republic of",0,18,"single",7,8
364072605,"Iran, Islamic Republic of",0,38,"separated",4,8
364072606,"Iran, Islamic Republic of",0,48,"married",8,7
364072607,"Iran, Islamic Republic of",1,41,"married",5,6
364072608,"Iran, Islamic Republic of",1,34,"married",5,5
364072611,"Iran, Islamic Republic of",1,43,"married",6,5
364072612,"Iran, Islamic Republic of",0,49,"married",5,5
364072613,"Iran, Islamic Republic of",0,21,"single",3,8
364072614,"Iran, Islamic Republic of",0,41,"married",8,9
364072616,"Iran, Islamic Republic of",1,19,"single",1,5
364072617,"Iran, Islamic Republic of",1,54,"married",8,10
364072621,"Iran, Islamic Republic of",1,49,"separated",7,1
364072622,"Iran, Islamic Republic of",0,38,"married",10,6
364072623,"Iran, Islamic Republic of",1,27,"married",8,2
364072624,"Iran, Islamic Republic of",0,32,"married",7,7
364072625,"Iran, Islamic Republic of",0,20,"single",9,8
364072626,"Iran, Islamic Republic of",1,24,"married",5,8
364072627,"Iran, Islamic Republic of",0,20,"single",5,10
364072629,"Iran, Islamic Republic of",0,18,"single",5,8
364072630,"Iran, Islamic Republic of",0,19,"single",9,10
364072631,"Iran, Islamic Republic of",0,24,"single",10,4
364072632,"Iran, Islamic Republic of",1,32,"married",10,6
364072633,"Iran, Islamic Republic of",0,46,"married",5,4
364072634,"Iran, Islamic Republic of",0,32,"single",2,3
364072635,"Iran, Islamic Republic of",1,18,"single",7,10
364072636,"Iran, Islamic Republic of",1,21,"single",8,8
364072637,"Iran, Islamic Republic of",0,65,"married",8,10
364072638,"Iran, Islamic Republic of",1,19,"single",8,5
364072639,"Iran, Islamic Republic of",0,28,"single",1,1
364072640,"Iran, Islamic Republic of",0,18,"single",7,8
364072641,"Iran, Islamic Republic of",1,32,"single",10,3
364072642,"Iran, Islamic Republic of",0,36,"single",4,1
364072643,"Iran, Islamic Republic of",0,48,"married",10,8
364072645,"Iran, Islamic Republic of",0,42,"married",5,6
364072647,"Iran, Islamic Republic of",1,41,"married",8,4
364072648,"Iran, Islamic Republic of",0,47,"married",10,4
364072649,"Iran, Islamic Republic of",1,36,"married",5,7
364072650,"Iran, Islamic Republic of",1,39,"married",8,8
364072651,"Iran, Islamic Republic of",0,64,"married",5,7
364072652,"Iran, Islamic Republic of",0,66,"married",5,5
364072653,"Iran, Islamic Republic of",1,38,"married",5,6
364072654,"Iran, Islamic Republic of",0,99,"married",10,8
364072656,"Iran, Islamic Republic of",1,38,"single",9,8
364072657,"Iran, Islamic Republic of",0,62,"married",5,5
364072658,"Iran, Islamic Republic of",0,39,"married",7,8
364072659,"Iran, Islamic Republic of",0,52,"married",7,5
364072660,"Iran, Islamic Republic of",1,18,"single",5,5
364072661,"Iran, Islamic Republic of",1,31,"married",8,10
364072662,"Iran, Islamic Republic of",0,40,"married",2,5
364072666,"Iran, Islamic Republic of",0,21,"single",3,10
364072667,"Iran, Islamic Republic of",0,35,"single",5,1
364072668,"Iran, Islamic Republic of",1,35,"married",10,10
364072670,"Iran, Islamic Republic of",1,29,"married",5,8
364072672,"Iran, Islamic Republic of",0,99,"single",5,10
364072673,"Iran, Islamic Republic of",1,34,"married",5,6
364072674,"Iran, Islamic Republic of",0,58,"married",9,8
364072676,"Iran, Islamic Republic of",1,45,"married",3,7
364072677,"Iran, Islamic Republic of",0,60,"married",3,1
364072679,"Iran, Islamic Republic of",0,42,"married",10,5
364072680,"Iran, Islamic Republic of",0,42,"married",7,8
364072681,"Iran, Islamic Republic of",1,19,"single",8,6
364072683,"Iran, Islamic Republic of",0,58,"married",7,4
364072684,"Iran, Islamic Republic of",0,33,"married",5,7
364072685,"Iran, Islamic Republic of",1,35,"married",7,8
364072686,"Iran, Islamic Republic of",0,27,"married",9,7
364072687,"Iran, Islamic Republic of",1,22,"single",6,8
364072688,"Iran, Islamic Republic of",0,41,"single",5,4
364072689,"Iran, Islamic Republic of",1,38,"single",9,1
364072690,"Iran, Islamic Republic of",1,38,"married",8,4
364072693,"Iran, Islamic Republic of",0,60,"single",10,9
364072694,"Iran, Islamic Republic of",1,26,"single",6,5
364072695,"Iran, Islamic Republic of",0,31,"single",10,5
364072696,"Iran, Islamic Republic of",1,22,"single",10,5
364072699,"Iran, Islamic Republic of",1,22,"single",5,5
364072701,"Iran, Islamic Republic of",0,23,"single",9,5
364072702,"Iran, Islamic Republic of",0,45,"married",10,5
364072703,"Iran, Islamic Republic of",1,25,"single",7,7
364072704,"Iran, Islamic Republic of",0,46,"married",6,6
364072705,"Iran, Islamic Republic of",1,34,"divorced",8,7
364072706,"Iran, Islamic Republic of",1,44,"divorced",1,4
364072707,"Iran, Islamic Republic of",0,21,"married",7,8
364072708,"Iran, Islamic Republic of",1,39,"married",5,3
364072709,"Iran, Islamic Republic of",1,49,"married",10,10
364072710,"Iran, Islamic Republic of",1,19,"single",5,5
364072711,"Iran, Islamic Republic of",0,46,"married",10,8
364072712,"Iran, Islamic Republic of",0,25,"single",10,10
364072713,"Iran, Islamic Republic of",0,18,"single",8,3
364072714,"Iran, Islamic Republic of",0,50,"married",10,9
364072715,"Iran, Islamic Republic of",1,33,"married",6,8
364072716,"Iran, Islamic Republic of",0,20,"single",5,1
364072719,"Iran, Islamic Republic of",1,38,"married",10,10
364072720,"Iran, Islamic Republic of",1,53,"married",7,4
364072722,"Iran, Islamic Republic of",0,26,"single",10,7
364072723,"Iran, Islamic Republic of",1,54,"married",9,6
364072725,"Iran, Islamic Republic of",1,40,"married",9,5
364072726,"Iran, Islamic Republic of",0,23,"living together as married",7,7
364072727,"Iran, Islamic Republic of",1,30,"single",10,5
364072728,"Iran, Islamic Republic of",0,24,"single",8,7
364072729,"Iran, Islamic Republic of",0,30,"single",10,8
364072731,"Iran, Islamic Republic of",1,23,"single",5,8
364072732,"Iran, Islamic Republic of",0,47,"married",3,3
364072733,"Iran, Islamic Republic of",1,49,"married",5,5
364072734,"Iran, Islamic Republic of",0,54,"married",5,8
364072735,"Iran, Islamic Republic of",1,40,"married",7,8
364072736,"Iran, Islamic Republic of",1,41,"married",7,10
364072737,"Iran, Islamic Republic of",1,52,"married",5,6
364072738,"Iran, Islamic Republic of",0,18,"single",1,1
364072740,"Iran, Islamic Republic of",0,44,"married",3,8
364072741,"Iran, Islamic Republic of",0,33,"married",5,5
364072742,"Iran, Islamic Republic of",1,36,"single",7,8
364072743,"Iran, Islamic Republic of",1,42,"married",7,7
364072744,"Iran, Islamic Republic of",0,48,"married",6,6
364072745,"Iran, Islamic Republic of",0,53,"married",7,8
364072746,"Iran, Islamic Republic of",0,60,"married",5,1
364072747,"Iran, Islamic Republic of",1,47,"married",5,5
364072748,"Iran, Islamic Republic of",0,52,"married",10,8
364072750,"Iran, Islamic Republic of",1,64,"widowed",10,10
364072751,"Iran, Islamic Republic of",0,42,"married",10,9
364072752,"Iran, Islamic Republic of",1,30,"married",7,5
364072754,"Iran, Islamic Republic of",0,55,"married",8,9
364072755,"Iran, Islamic Republic of",0,32,"married",5,5
364072756,"Iran, Islamic Republic of",1,53,"married",10,10
364072757,"Iran, Islamic Republic of",1,59,"separated",8,5
364072758,"Iran, Islamic Republic of",0,35,"married",10,6
364072759,"Iran, Islamic Republic of",0,36,"single",8,5
364072760,"Iran, Islamic Republic of",1,30,"single",7,5
364072761,"Iran, Islamic Republic of",1,29,"married",10,7
364072762,"Iran, Islamic Republic of",1,19,"single",5,7
364072763,"Iran, Islamic Republic of",0,47,"married",10,1
364072764,"Iran, Islamic Republic of",1,42,"married",10,6
364072765,"Iran, Islamic Republic of",1,38,"divorced",1,10
364072766,"Iran, Islamic Republic of",1,18,"single",5,10
364072767,"Iran, Islamic Republic of",1,29,"single",5,1
364072768,"Iran, Islamic Republic of",1,45,"married",7,8
364072769,"Iran, Islamic Republic of",0,45,"married",7,8
364072771,"Iran, Islamic Republic of",0,68,"married",8,4
364072772,"Iran, Islamic Republic of",1,54,"married",9,2
364072773,"Iran, Islamic Republic of",1,25,"married",5,3
364072774,"Iran, Islamic Republic of",1,32,"single",8,8
364072775,"Iran, Islamic Republic of",0,69,"married",NA,6
364072776,"Iran, Islamic Republic of",0,65,"married",10,10
364072777,"Iran, Islamic Republic of",1,29,"married",10,6
364072778,"Iran, Islamic Republic of",1,38,"married",3,6
364072779,"Iran, Islamic Republic of",0,19,"single",7,7
364072780,"Iran, Islamic Republic of",0,26,"married",5,1
364072781,"Iran, Islamic Republic of",0,38,"married",10,7
364072782,"Iran, Islamic Republic of",1,34,"married",6,5
364072783,"Iran, Islamic Republic of",0,54,"married",4,1
364072784,"Iran, Islamic Republic of",0,29,"single",1,2
364072785,"Iran, Islamic Republic of",0,26,"single",5,7
364072787,"Iran, Islamic Republic of",0,59,"married",7,1
364072788,"Iran, Islamic Republic of",0,19,"single",5,8
364072790,"Iran, Islamic Republic of",0,21,"single",5,6
364072791,"Iran, Islamic Republic of",1,44,"married",4,5
364072792,"Iran, Islamic Republic of",1,25,"single",7,8
364072793,"Iran, Islamic Republic of",0,43,"married",5,1
364072794,"Iran, Islamic Republic of",0,40,"married",5,1
364072795,"Iran, Islamic Republic of",1,39,"married",1,1
364072796,"Iran, Islamic Republic of",0,42,"married",5,6
364072797,"Iran, Islamic Republic of",1,35,"single",8,2
364072798,"Iran, Islamic Republic of",1,21,"single",5,6
364072799,"Iran, Islamic Republic of",1,42,"single",8,7
364072800,"Iran, Islamic Republic of",1,28,"married",6,3
364072802,"Iran, Islamic Republic of",0,46,"married",5,5
364072803,"Iran, Islamic Republic of",0,54,"married",7,5
364072804,"Iran, Islamic Republic of",1,45,"married",1,1
364072805,"Iran, Islamic Republic of",1,39,"married",5,1
364072807,"Iran, Islamic Republic of",0,24,"single",1,2
364072808,"Iran, Islamic Republic of",0,50,"married",7,1
364072810,"Iran, Islamic Republic of",0,55,"married",10,7
364072811,"Iran, Islamic Republic of",0,19,"single",5,8
364072812,"Iran, Islamic Republic of",0,71,"married",4,7
364072813,"Iran, Islamic Republic of",1,99,"married",7,5
364072814,"Iran, Islamic Republic of",0,39,"married",8,10
364072815,"Iran, Islamic Republic of",1,57,"widowed",5,5
364072817,"Iran, Islamic Republic of",0,61,"married",5,3
364072818,"Iran, Islamic Republic of",0,46,"married",5,5
364072820,"Iran, Islamic Republic of",0,27,"single",7,6
364072821,"Iran, Islamic Republic of",1,21,"single",6,8
364072822,"Iran, Islamic Republic of",0,18,"single",8,7
364072823,"Iran, Islamic Republic of",0,53,"married",10,6
364072825,"Iran, Islamic Republic of",0,72,"married",5,1
364072826,"Iran, Islamic Republic of",1,42,"married",8,10
364072827,"Iran, Islamic Republic of",1,33,"married",10,10
364072828,"Iran, Islamic Republic of",0,28,"single",10,5
364072829,"Iran, Islamic Republic of",1,42,"married",10,8
364072831,"Iran, Islamic Republic of",0,26,"married",8,1
364072834,"Iran, Islamic Republic of",1,46,"married",5,3
364072835,"Iran, Islamic Republic of",0,62,"married",10,5
364072836,"Iran, Islamic Republic of",0,28,"married",5,3
364072839,"Iran, Islamic Republic of",0,44,"married",10,5
364072840,"Iran, Islamic Republic of",0,65,"married",8,1
364072841,"Iran, Islamic Republic of",0,52,"married",5,4
364072843,"Iran, Islamic Republic of",1,50,"married",1,5
364072845,"Iran, Islamic Republic of",0,47,"married",5,9
364072846,"Iran, Islamic Republic of",0,37,"married",10,9
364072848,"Iran, Islamic Republic of",0,39,"married",7,7
364072850,"Iran, Islamic Republic of",0,32,"married",6,5
364072852,"Iran, Islamic Republic of",1,23,"single",8,9
364072853,"Iran, Islamic Republic of",0,52,"married",6,1
364072854,"Iran, Islamic Republic of",0,43,"married",10,9
364072856,"Iran, Islamic Republic of",0,33,"married",7,7
364072857,"Iran, Islamic Republic of",1,63,"married",10,7
364072858,"Iran, Islamic Republic of",0,36,"married",8,8
368070001,"Iraq",1,56,"widowed",5,5
368070002,"Iraq",0,52,"married",8,7
368070003,"Iraq",1,18,"single",4,4
368070004,"Iraq",0,64,"married",4,4
368070005,"Iraq",0,30,"married",8,5
368070006,"Iraq",1,42,"married",6,5
368070007,"Iraq",0,33,"married",8,5
368070008,"Iraq",0,33,"married",9,4
368070009,"Iraq",0,19,"single",7,5
368070010,"Iraq",1,64,"widowed",5,5
368070011,"Iraq",1,40,"married",6,4
368070012,"Iraq",0,65,"married",8,8
368070013,"Iraq",1,60,"married",5,5
368070014,"Iraq",1,33,"married",7,7
368070015,"Iraq",0,20,"single",7,7
368070016,"Iraq",0,33,"married",7,3
368070017,"Iraq",1,18,"single",8,9
368070018,"Iraq",1,48,"married",5,3
368070019,"Iraq",0,27,"single",5,7
368070020,"Iraq",0,39,"married",8,8
368070021,"Iraq",0,33,"married",8,5
368070022,"Iraq",1,64,"widowed",3,3
368070023,"Iraq",0,20,"single",7,3
368070024,"Iraq",0,27,"single",7,5
368070025,"Iraq",1,37,"married",5,5
368070026,"Iraq",1,19,"single",4,4
368070027,"Iraq",0,39,"married",10,5
368070028,"Iraq",0,44,"married",9,5
368070029,"Iraq",1,29,"single",7,7
368070030,"Iraq",1,19,"single",6,4
368070031,"Iraq",0,60,"married",10,5
368070032,"Iraq",1,34,"married",7,3
368070033,"Iraq",0,20,"single",5,4
368070034,"Iraq",1,25,"single",5,4
368070035,"Iraq",1,49,"married",9,8
368070036,"Iraq",0,52,"married",6,5
368070037,"Iraq",1,23,"single",3,4
368070038,"Iraq",1,48,"married",6,2
368070039,"Iraq",1,38,"married",6,4
368070040,"Iraq",0,32,"married",8,3
368070041,"Iraq",1,22,"single",3,5
368070042,"Iraq",1,26,"single",8,4
368070043,"Iraq",1,24,"single",6,4
368070044,"Iraq",1,35,"married",7,5
368070045,"Iraq",0,65,"married",4,5
368070046,"Iraq",0,31,"married",9,5
368070047,"Iraq",0,23,"single",8,5
368070048,"Iraq",0,25,"single",7,8
368070049,"Iraq",0,37,"married",6,5
368070050,"Iraq",1,58,"married",7,4
368070051,"Iraq",0,56,"widowed",8,5
368070052,"Iraq",0,29,"single",8,9
368070053,"Iraq",0,58,"widowed",10,9
368070054,"Iraq",0,19,"single",7,6
368070055,"Iraq",1,46,"married",9,6
368070056,"Iraq",0,28,"married",10,4
368070057,"Iraq",0,32,"separated",5,5
368070058,"Iraq",1,39,"married",8,8
368070059,"Iraq",1,37,"married",8,7
368070060,"Iraq",1,31,"married",9,7
368070061,"Iraq",1,44,"divorced",9,7
368070062,"Iraq",1,22,"single",8,8
368070063,"Iraq",1,24,"single",6,3
368070064,"Iraq",0,33,"married",10,9
368070065,"Iraq",0,19,"single",9,5
368070066,"Iraq",1,27,"single",7,4
368070067,"Iraq",1,61,"widowed",3,3
368070068,"Iraq",0,39,"married",8,4
368070069,"Iraq",0,26,"single",9,5
368070070,"Iraq",1,18,"single",4,4
368070071,"Iraq",0,33,"married",10,5
368070072,"Iraq",0,40,"married",9,5
368070073,"Iraq",0,54,"married",6,5
368070074,"Iraq",0,30,"single",8,3
368070075,"Iraq",1,40,"married",6,5
368070076,"Iraq",1,20,"single",3,5
368070077,"Iraq",1,45,"married",6,2
368070078,"Iraq",0,56,"married",7,3
368070079,"Iraq",0,47,"married",5,6
368070080,"Iraq",1,19,"single",6,7
368070081,"Iraq",1,33,"married",2,4
368070082,"Iraq",1,27,"married",7,4
368070083,"Iraq",0,40,"married",9,4
368070084,"Iraq",1,20,"married",6,3
368070085,"Iraq",0,19,"single",1,9
368070086,"Iraq",0,54,"married",5,5
368070087,"Iraq",0,45,"married",5,5
368070088,"Iraq",1,18,"single",6,7
368070089,"Iraq",1,33,"married",3,3
368070090,"Iraq",0,26,"married",7,4
368070091,"Iraq",1,48,"married",7,3
368070092,"Iraq",1,19,"single",9,4
368070093,"Iraq",0,20,"single",10,4
368070094,"Iraq",0,26,"married",7,4
368070095,"Iraq",1,43,"married",9,3
368070096,"Iraq",1,20,"married",6,4
368070097,"Iraq",0,20,"single",10,4
368070098,"Iraq",1,33,"married",8,8
368070099,"Iraq",0,38,"single",4,5
368070100,"Iraq",1,24,"married",5,3
368070101,"Iraq",1,30,"married",5,3
368070102,"Iraq",0,36,"married",6,5
368070103,"Iraq",0,29,"single",8,2
368070104,"Iraq",1,33,"married",6,2
368070105,"Iraq",1,28,"married",8,5
368070106,"Iraq",1,38,"married",5,4
368070107,"Iraq",1,28,"married",4,3
368070108,"Iraq",1,31,"married",6,4
368070109,"Iraq",1,32,"married",5,5
368070110,"Iraq",1,34,"married",10,8
368070111,"Iraq",0,19,"single",8,8
368070112,"Iraq",1,39,"married",6,1
368070113,"Iraq",1,30,"married",5,3
368070114,"Iraq",0,48,"married",7,5
368070115,"Iraq",0,30,"married",8,4
368070116,"Iraq",1,33,"single",6,7
368070117,"Iraq",1,58,"married",6,5
368070118,"Iraq",1,22,"single",5,5
368070119,"Iraq",0,51,"married",3,5
368070120,"Iraq",0,63,"married",4,3
368070121,"Iraq",0,30,"married",2,4
368070122,"Iraq",0,44,"married",6,3
368070123,"Iraq",0,46,"married",6,4
368070124,"Iraq",1,58,"married",7,5
368070125,"Iraq",1,33,"married",8,2
368070126,"Iraq",1,23,"married",7,3
368070127,"Iraq",0,56,"married",6,4
368070128,"Iraq",0,64,"married",6,5
368070129,"Iraq",0,31,"married",5,3
368070130,"Iraq",0,28,"married",6,4
368070131,"Iraq",0,47,"married",5,5
368070132,"Iraq",0,50,"married",5,2
368070133,"Iraq",0,30,"married",4,4
368070134,"Iraq",0,53,"married",7,4
368070135,"Iraq",0,41,"married",5,4
368070136,"Iraq",1,48,"married",7,5
368070137,"Iraq",1,28,"married",6,4
368070138,"Iraq",1,25,"married",5,8
368070139,"Iraq",1,30,"married",6,5
368070140,"Iraq",1,30,"married",6,5
368070141,"Iraq",0,40,"married",5,4
368070142,"Iraq",1,25,"married",7,4
368070143,"Iraq",1,37,"married",9,5
368070144,"Iraq",1,26,"single",5,4
368070145,"Iraq",0,23,"single",8,5
368070146,"Iraq",0,25,"single",9,3
368070147,"Iraq",0,33,"married",5,4
368070148,"Iraq",1,35,"married",7,5
368070149,"Iraq",1,19,"single",5,4
368070150,"Iraq",1,28,"single",5,4
368070151,"Iraq",1,27,"married",6,5
368070152,"Iraq",0,24,"single",8,5
368070153,"Iraq",0,37,"married",5,5
368070154,"Iraq",1,35,"married",6,3
368070155,"Iraq",0,31,"widowed",6,5
368070156,"Iraq",1,41,"married",6,3
368070157,"Iraq",0,32,"married",7,5
368070158,"Iraq",0,38,"married",6,5
368070159,"Iraq",0,30,"married",10,5
368070160,"Iraq",0,43,"married",9,4
368070161,"Iraq",1,28,"married",9,4
368070162,"Iraq",1,19,"single",6,3
368070163,"Iraq",1,42,"married",10,4
368070164,"Iraq",0,31,"single",2,3
368070165,"Iraq",0,35,"married",5,5
368070166,"Iraq",1,35,"married",5,3
368070167,"Iraq",0,47,"single",5,5
368070168,"Iraq",0,31,"married",7,3
368070169,"Iraq",0,25,"married",9,3
368070170,"Iraq",0,55,"single",10,4
368070171,"Iraq",1,25,"single",10,4
368070172,"Iraq",0,24,"single",10,10
368070173,"Iraq",0,20,"single",10,4
368070174,"Iraq",0,25,"single",9,8
368070175,"Iraq",0,25,"single",7,6
368070176,"Iraq",1,33,"single",5,3
368070177,"Iraq",1,23,"married",3,5
368070178,"Iraq",1,65,"married",10,5
368070179,"Iraq",1,25,"married",7,2
368070180,"Iraq",0,28,"married",9,4
368070181,"Iraq",0,23,"married",10,2
368070182,"Iraq",0,30,"married",8,4
368070183,"Iraq",0,33,"married",8,5
368070184,"Iraq",0,24,"married",6,2
368070185,"Iraq",0,28,"married",5,5
368070186,"Iraq",1,51,"married",10,4
368070187,"Iraq",1,56,"married",10,2
368070188,"Iraq",0,33,"married",10,2
368070189,"Iraq",1,61,"widowed",5,5
368070190,"Iraq",0,55,"married",6,3
368070191,"Iraq",1,28,"married",5,5
368070192,"Iraq",1,39,"married",10,5
368070193,"Iraq",0,41,"married",5,4
368070194,"Iraq",0,59,"married",7,3
368070195,"Iraq",0,18,"single",6,6
368070196,"Iraq",1,28,"married",10,5
368070197,"Iraq",1,19,"single",8,5
368070198,"Iraq",0,42,"married",9,9
368070199,"Iraq",1,34,"married",1,5
368070200,"Iraq",1,22,"single",6,3
368070201,"Iraq",1,19,"married",10,3
368070202,"Iraq",1,43,"married",5,2
368070203,"Iraq",0,64,"married",4,5
368070204,"Iraq",0,32,"married",4,1
368070205,"Iraq",0,43,"married",5,2
368070206,"Iraq",0,28,"married",9,9
368070207,"Iraq",1,62,"married",6,3
368070208,"Iraq",0,56,"married",8,3
368070209,"Iraq",1,55,"married",10,2
368070210,"Iraq",0,52,"married",10,5
368070211,"Iraq",0,23,"single",9,9
368070212,"Iraq",1,49,"married",1,1
368070213,"Iraq",0,48,"married",4,2
368070214,"Iraq",1,35,"married",3,5
368070215,"Iraq",0,59,"married",10,3
368070216,"Iraq",1,33,"married",6,3
368070217,"Iraq",1,28,"married",5,2
368070218,"Iraq",0,30,"single",10,10
368070219,"Iraq",1,55,"married",10,5
368070220,"Iraq",0,33,"married",9,5
368070221,"Iraq",1,50,"married",10,3
368070222,"Iraq",1,24,"married",1,1
368070223,"Iraq",0,36,"married",4,5
368070224,"Iraq",0,41,"married",5,2
368070225,"Iraq",0,51,"married",10,10
368070226,"Iraq",0,30,"married",10,5
368070227,"Iraq",1,59,"married",8,3
368070228,"Iraq",0,21,"single",5,5
368070229,"Iraq",0,36,"married",7,5
368070230,"Iraq",0,58,"married",10,4
368070231,"Iraq",0,48,"married",6,4
368070232,"Iraq",0,48,"married",7,3
368070233,"Iraq",1,21,"married",10,4
368070234,"Iraq",1,33,"married",3,3
368070235,"Iraq",1,20,"single",8,4
368070236,"Iraq",1,23,"married",1,1
368070237,"Iraq",1,51,"married",5,3
368070238,"Iraq",0,22,"single",8,4
368070239,"Iraq",0,50,"married",5,4
368070240,"Iraq",0,38,"married",6,4
368070241,"Iraq",0,23,"single",10,5
368070242,"Iraq",0,52,"married",1,1
368070243,"Iraq",1,19,"single",5,7
368070244,"Iraq",1,38,"married",9,7
368070245,"Iraq",1,32,"married",9,4
368070246,"Iraq",1,22,"married",10,4
368070247,"Iraq",1,29,"married",8,4
368070248,"Iraq",0,44,"married",10,5
368070249,"Iraq",0,32,"married",2,3
368070250,"Iraq",0,40,"married",5,4
368070251,"Iraq",0,30,"married",10,10
368070252,"Iraq",0,31,"divorced",10,5
368070253,"Iraq",1,21,"married",10,4
368070254,"Iraq",1,30,"married",7,3
368070255,"Iraq",1,21,"single",9,5
368070256,"Iraq",1,25,"married",4,5
368070257,"Iraq",1,39,"married",7,5
368070258,"Iraq",0,32,"single",1,2
368070259,"Iraq",0,28,"married",8,3
368070260,"Iraq",0,27,"married",4,4
368070261,"Iraq",0,30,"married",4,3
368070262,"Iraq",0,21,"single",10,2
368070263,"Iraq",1,27,"married",5,4
368070264,"Iraq",1,19,"single",7,7
368070265,"Iraq",1,49,"married",2,1
368070266,"Iraq",1,30,"married",7,3
368070267,"Iraq",1,34,"married",8,3
368070268,"Iraq",0,38,"married",5,5
368070269,"Iraq",1,23,"widowed",8,5
368070270,"Iraq",0,26,"single",9,8
368070271,"Iraq",0,20,"single",9,10
368070272,"Iraq",1,21,"married",10,4
368070273,"Iraq",0,64,"married",10,2
368070274,"Iraq",1,42,"married",9,4
368070275,"Iraq",0,30,"married",5,4
368070276,"Iraq",0,18,"single",6,7
368070277,"Iraq",1,49,"widowed",10,5
368070278,"Iraq",0,44,"married",10,4
368070279,"Iraq",1,39,"married",9,5
368070280,"Iraq",1,26,"married",7,5
368070281,"Iraq",0,22,"single",10,4
368070282,"Iraq",0,54,"married",9,10
368070283,"Iraq",0,22,"married",10,4
368070284,"Iraq",0,27,"married",8,3
368070285,"Iraq",0,33,"married",6,2
368070286,"Iraq",1,36,"married",9,3
368070287,"Iraq",1,48,"married",10,5
368070288,"Iraq",1,53,"married",5,2
368070289,"Iraq",1,40,"married",7,5
368070290,"Iraq",0,28,"married",10,4
368070291,"Iraq",0,40,"married",8,3
368070292,"Iraq",0,41,"married",9,3
368070293,"Iraq",0,21,"single",10,8
368070294,"Iraq",0,18,"single",10,3
368070295,"Iraq",1,30,"married",7,5
368070296,"Iraq",1,32,"married",1,5
368070297,"Iraq",1,29,"married",5,3
368070298,"Iraq",1,44,"married",4,4
368070299,"Iraq",1,36,"married",10,1
368070300,"Iraq",0,24,"married",5,5
368070301,"Iraq",0,58,"married",6,3
368070302,"Iraq",1,38,"married",6,3
368070303,"Iraq",1,35,"married",10,5
368070304,"Iraq",1,43,"married",1,1
368070305,"Iraq",0,22,"married",6,3
368070306,"Iraq",0,31,"married",3,3
368070307,"Iraq",0,52,"married",9,10
368070308,"Iraq",0,18,"single",3,3
368070309,"Iraq",1,35,"married",9,3
368070310,"Iraq",1,32,"married",3,5
368070311,"Iraq",1,33,"married",1,3
368070312,"Iraq",1,38,"married",1,1
368070313,"Iraq",0,61,"married",9,2
368070314,"Iraq",0,50,"married",9,2
368070315,"Iraq",0,40,"married",6,2
368070316,"Iraq",0,27,"married",7,2
368070317,"Iraq",0,42,"married",6,2
368070318,"Iraq",0,30,"married",2,2
368070319,"Iraq",1,34,"married",10,1
368070320,"Iraq",1,45,"married",1,5
368070321,"Iraq",0,29,"married",9,3
368070322,"Iraq",0,46,"married",2,1
368070323,"Iraq",0,28,"single",9,1
368070324,"Iraq",0,33,"married",10,5
368070325,"Iraq",0,26,"single",9,9
368070326,"Iraq",1,34,"married",5,5
368070327,"Iraq",1,35,"married",5,3
368070328,"Iraq",1,34,"married",5,3
368070329,"Iraq",1,31,"married",10,10
368070330,"Iraq",0,41,"married",7,4
368070331,"Iraq",0,33,"married",9,3
368070332,"Iraq",0,38,"married",9,4
368070333,"Iraq",0,28,"single",9,8
368070334,"Iraq",0,28,"separated",10,3
368070335,"Iraq",1,32,"married",6,4
368070336,"Iraq",1,26,"married",10,5
368070337,"Iraq",1,37,"married",8,3
368070338,"Iraq",1,26,"married",8,6
368070339,"Iraq",1,27,"married",10,5
368070340,"Iraq",0,45,"married",5,3
368070341,"Iraq",0,23,"single",5,6
368070342,"Iraq",1,50,"married",8,4
368070343,"Iraq",0,18,"single",8,4
368070344,"Iraq",1,26,"single",6,5
368070345,"Iraq",1,58,"married",5,5
368070346,"Iraq",1,39,"married",5,5
368070347,"Iraq",0,58,"married",8,5
368070348,"Iraq",0,20,"single",9,3
368070349,"Iraq",0,30,"married",8,3
368070350,"Iraq",1,28,"married",8,5
368070351,"Iraq",0,34,"married",5,5
368070352,"Iraq",0,33,"married",8,5
368070353,"Iraq",0,20,"single",8,5
368070354,"Iraq",0,30,"married",6,4
368070355,"Iraq",1,22,"single",5,10
368070356,"Iraq",1,24,"married",5,7
368070357,"Iraq",1,28,"married",5,4
368070358,"Iraq",0,18,"single",5,1
368070359,"Iraq",0,24,"single",8,4
368070360,"Iraq",1,31,"married",5,4
368070361,"Iraq",1,58,"married",6,5
368070362,"Iraq",0,29,"divorced",8,4
368070363,"Iraq",0,22,"single",1,7
368070364,"Iraq",0,22,"divorced",1,4
368070365,"Iraq",0,25,"single",5,5
368070366,"Iraq",1,30,"married",8,8
368070367,"Iraq",0,25,"divorced",8,4
368070368,"Iraq",0,20,"single",1,3
368070369,"Iraq",1,38,"married",5,4
368070370,"Iraq",1,53,"married",7,4
368070371,"Iraq",1,30,"married",6,5
368070372,"Iraq",1,24,"married",9,4
368070373,"Iraq",1,32,"married",5,5
368070374,"Iraq",0,25,"single",10,4
368070375,"Iraq",0,29,"separated",6,4
368070376,"Iraq",0,38,"married",5,5
368070377,"Iraq",0,37,"married",8,8
368070378,"Iraq",1,29,"married",5,9
368070379,"Iraq",1,45,"married",5,5
368070380,"Iraq",0,19,"single",10,9
368070381,"Iraq",0,26,"married",5,5
368070382,"Iraq",0,37,"married",9,5
368070383,"Iraq",1,23,"married",7,6
368070384,"Iraq",0,61,"married",8,5
368070385,"Iraq",0,24,"single",5,5
368070386,"Iraq",0,34,"married",5,5
368070387,"Iraq",0,27,"married",8,3
368070388,"Iraq",0,22,"single",7,3
368070389,"Iraq",0,26,"single",10,10
368070390,"Iraq",1,27,"married",8,4
368070391,"Iraq",1,33,"married",6,5
368070392,"Iraq",1,58,"married",10,10
368070393,"Iraq",0,24,"married",8,7
368070394,"Iraq",1,65,"widowed",7,4
368070395,"Iraq",0,25,"single",6,3
368070396,"Iraq",0,26,"married",8,3
368070397,"Iraq",1,44,"single",5,5
368070398,"Iraq",1,22,"single",6,3
368070399,"Iraq",1,56,"married",5,5
368070400,"Iraq",1,28,"married",8,4
368070401,"Iraq",0,25,"married",6,5
368070402,"Iraq",1,28,"single",8,4
368070403,"Iraq",0,18,"single",6,4
368070404,"Iraq",0,21,"married",9,3
368070405,"Iraq",0,33,"separated",6,5
368070406,"Iraq",1,20,"single",8,5
368070407,"Iraq",1,22,"married",4,5
368070408,"Iraq",1,23,"married",10,9
368070409,"Iraq",0,23,"married",7,4
368070410,"Iraq",1,25,"single",3,4
368070411,"Iraq",0,64,"married",8,8
368070412,"Iraq",0,55,"single",3,3
368070413,"Iraq",1,24,"married",6,7
368070414,"Iraq",1,61,"married",8,8
368070415,"Iraq",1,24,"married",8,8
368070416,"Iraq",1,33,"married",9,9
368070417,"Iraq",0,65,"married",1,1
368070418,"Iraq",0,32,"married",6,4
368070419,"Iraq",0,62,"married",5,4
368070420,"Iraq",0,36,"married",5,5
368070421,"Iraq",0,37,"single",5,5
368070422,"Iraq",0,38,"single",5,5
368070423,"Iraq",1,39,"single",10,10
368070424,"Iraq",1,34,"separated",1,1
368070425,"Iraq",0,35,"married",10,5
368070426,"Iraq",0,36,"single",10,7
368070427,"Iraq",1,37,"married",1,1
368070428,"Iraq",1,38,"married",6,10
368070429,"Iraq",1,39,"widowed",5,4
368070430,"Iraq",1,63,"married",5,1
368070431,"Iraq",1,19,"married",9,4
368070432,"Iraq",0,34,"single",1,7
368070433,"Iraq",0,35,"married",10,5
368070434,"Iraq",0,60,"married",6,3
368070435,"Iraq",1,28,"married",5,5
368070436,"Iraq",1,65,"married",1,1
368070437,"Iraq",1,22,"married",8,4
368070438,"Iraq",1,21,"married",10,4
368070439,"Iraq",1,24,"single",1,5
368070440,"Iraq",0,28,"widowed",1,3
368070441,"Iraq",1,65,"widowed",1,3
368070442,"Iraq",1,63,"married",10,4
368070443,"Iraq",1,20,"married",6,5
368070444,"Iraq",0,54,"married",10,5
368070445,"Iraq",0,21,"married",8,3
368070446,"Iraq",0,23,"single",10,1
368070447,"Iraq",0,50,"married",5,1
368070448,"Iraq",0,64,"married",5,5
368070449,"Iraq",1,27,"single",10,10
368070450,"Iraq",0,23,"single",10,5
368070451,"Iraq",0,26,"divorced",9,5
368070452,"Iraq",1,64,"married",9,4
368070453,"Iraq",0,61,"married",5,5
368070454,"Iraq",0,60,"married",10,4
368070455,"Iraq",0,60,"married",10,10
368070456,"Iraq",1,62,"married",5,4
368070457,"Iraq",0,63,"married",9,4
368070458,"Iraq",0,61,"single",8,5
368070459,"Iraq",1,60,"married",5,3
368070460,"Iraq",0,59,"married",9,4
368070461,"Iraq",1,53,"married",9,3
368070462,"Iraq",0,59,"married",7,5
368070463,"Iraq",0,65,"married",10,10
368070464,"Iraq",1,54,"widowed",9,4
368070465,"Iraq",1,61,"widowed",9,5
368070466,"Iraq",1,62,"single",9,4
368070467,"Iraq",1,64,"married",10,5
368070468,"Iraq",0,51,"married",10,3
368070469,"Iraq",0,65,"single",10,4
368070470,"Iraq",1,62,"married",10,3
368070471,"Iraq",0,61,"single",8,4
368070472,"Iraq",0,60,"single",8,5
368070473,"Iraq",1,61,"married",9,9
368070474,"Iraq",1,60,"married",9,9
368070475,"Iraq",1,62,"married",10,9
368070476,"Iraq",0,63,"single",9,4
368070477,"Iraq",0,61,"married",9,3
368070478,"Iraq",1,52,"widowed",10,5
368070479,"Iraq",1,64,"married",10,3
368070480,"Iraq",0,65,"married",7,5
368070481,"Iraq",1,31,"divorced",10,2
368070482,"Iraq",1,32,"married",1,1
368070483,"Iraq",1,54,"married",10,9
368070484,"Iraq",1,33,"married",1,4
368070485,"Iraq",1,64,"married",5,5
368070486,"Iraq",1,65,"single",6,5
368070487,"Iraq",1,60,"married",7,4
368070488,"Iraq",0,63,"married",7,5
368070489,"Iraq",1,64,"married",10,4
368070490,"Iraq",1,63,"widowed",10,5
368070491,"Iraq",0,58,"married",10,5
368070492,"Iraq",0,65,"married",8,3
368070493,"Iraq",1,65,"widowed",6,5
368070494,"Iraq",1,25,"married",10,4
368070495,"Iraq",1,26,"married",8,5
368070496,"Iraq",1,40,"married",5,4
368070497,"Iraq",1,23,"married",10,10
368070498,"Iraq",1,25,"single",10,3
368070499,"Iraq",1,26,"married",10,5
368070500,"Iraq",0,24,"married",10,10
368070501,"Iraq",0,63,"married",9,4
368070502,"Iraq",0,63,"married",7,4
368070503,"Iraq",0,20,"married",8,5
368070504,"Iraq",1,28,"married",3,3
368070505,"Iraq",1,53,"single",10,8
368070506,"Iraq",1,56,"widowed",8,4
368070507,"Iraq",0,28,"married",8,8
368070508,"Iraq",0,29,"single",8,4
368070509,"Iraq",0,59,"married",7,5
368070510,"Iraq",1,51,"widowed",6,8
368070511,"Iraq",0,21,"married",8,4
368070512,"Iraq",0,22,"married",9,8
368070513,"Iraq",0,65,"married",5,1
368070514,"Iraq",0,61,"married",7,3
368070515,"Iraq",0,26,"married",7,4
368070516,"Iraq",0,25,"single",5,4
368070517,"Iraq",1,29,"married",6,5
368070518,"Iraq",0,21,"single",5,10
368070519,"Iraq",1,27,"married",7,5
368070520,"Iraq",0,23,"married",10,7
368070521,"Iraq",1,28,"married",2,2
368070522,"Iraq",0,27,"married",3,3
368070523,"Iraq",0,48,"married",9,5
368070524,"Iraq",0,65,"single",10,10
368070525,"Iraq",0,65,"single",7,4
368070526,"Iraq",1,65,"married",8,5
368070527,"Iraq",1,63,"divorced",6,5
368070528,"Iraq",0,62,"married",9,4
368070529,"Iraq",0,60,"single",9,5
368070530,"Iraq",0,59,"single",7,5
368070531,"Iraq",1,56,"married",10,4
368070532,"Iraq",0,65,"married",9,5
368070533,"Iraq",0,19,"single",8,10
368070534,"Iraq",0,21,"single",7,8
368070535,"Iraq",0,26,"married",7,5
368070536,"Iraq",1,28,"married",10,3
368070537,"Iraq",1,28,"married",8,7
368070538,"Iraq",1,29,"divorced",8,3
368070539,"Iraq",0,18,"married",7,8
368070540,"Iraq",1,19,"married",8,5
368070541,"Iraq",0,22,"single",8,7
368070542,"Iraq",0,51,"married",5,6
368070543,"Iraq",0,43,"married",9,6
368070544,"Iraq",1,26,"married",6,8
368070545,"Iraq",0,24,"single",10,5
368070546,"Iraq",1,54,"married",10,3
368070547,"Iraq",1,27,"married",7,8
368070548,"Iraq",1,22,"single",7,6
368070549,"Iraq",0,46,"married",5,4
368070550,"Iraq",1,52,"married",5,3
368070551,"Iraq",0,52,"married",8,3
368070552,"Iraq",1,25,"married",7,5
368070553,"Iraq",1,54,"married",8,4
368070554,"Iraq",0,46,"married",9,4
368070555,"Iraq",1,28,"married",10,3
368070556,"Iraq",1,27,"married",8,3
368070557,"Iraq",0,28,"married",8,9
368070558,"Iraq",1,49,"married",4,5
368070559,"Iraq",1,55,"married",7,6
368070560,"Iraq",0,23,"married",2,5
368070561,"Iraq",1,52,"widowed",6,5
368070562,"Iraq",0,29,"married",9,4
368070563,"Iraq",1,43,"married",7,4
368070564,"Iraq",1,18,"married",7,3
368070565,"Iraq",1,19,"married",8,5
368070566,"Iraq",0,43,"married",7,7
368070567,"Iraq",0,28,"married",6,8
368070568,"Iraq",1,29,"married",10,4
368070569,"Iraq",1,20,"married",7,8
368070570,"Iraq",0,29,"married",6,4
368070571,"Iraq",0,28,"married",10,4
368070572,"Iraq",1,20,"single",8,4
368070573,"Iraq",1,52,"widowed",8,3
368070574,"Iraq",0,25,"single",6,4
368070575,"Iraq",1,23,"married",8,4
368070576,"Iraq",1,21,"separated",7,4
368070577,"Iraq",0,25,"married",7,4
368070578,"Iraq",0,27,"single",8,5
368070579,"Iraq",1,23,"married",5,8
368070580,"Iraq",1,62,"married",7,3
368070581,"Iraq",1,62,"married",5,8
368070582,"Iraq",0,20,"single",2,5
368070583,"Iraq",1,61,"married",2,2
368070584,"Iraq",0,29,"married",8,3
368070585,"Iraq",1,24,"married",6,5
368070586,"Iraq",0,55,"married",6,4
368070587,"Iraq",0,58,"married",6,1
368070588,"Iraq",0,27,"married",10,5
368070589,"Iraq",0,21,"married",8,5
368070590,"Iraq",0,21,"single",4,5
368070591,"Iraq",0,60,"single",2,1
368070592,"Iraq",0,52,"married",5,3
368070593,"Iraq",0,41,"married",8,7
368070594,"Iraq",1,25,"married",10,5
368070595,"Iraq",0,22,"single",8,5
368070596,"Iraq",1,26,"married",8,7
368070597,"Iraq",0,51,"married",5,3
368070598,"Iraq",0,45,"married",8,4
368070599,"Iraq",1,27,"married",8,3
368070600,"Iraq",0,27,"married",8,4
368070601,"Iraq",0,44,"married",10,4
368070602,"Iraq",1,24,"married",10,6
368070603,"Iraq",0,25,"married",10,10
368070604,"Iraq",0,22,"married",7,5
368070605,"Iraq",1,48,"married",10,5
368070606,"Iraq",0,51,"married",10,5
368070607,"Iraq",1,28,"married",6,4
368070608,"Iraq",0,28,"married",8,7
368070609,"Iraq",0,45,"married",7,4
368070610,"Iraq",1,28,"single",5,3
368070611,"Iraq",1,24,"married",5,5
368070612,"Iraq",0,29,"married",8,9
368070613,"Iraq",0,26,"married",6,3
368070614,"Iraq",1,42,"married",5,5
368070615,"Iraq",1,46,"married",5,5
368070616,"Iraq",1,26,"divorced",3,2
368070617,"Iraq",1,46,"married",4,5
368070618,"Iraq",0,21,"single",8,2
368070619,"Iraq",1,44,"married",5,10
368070620,"Iraq",1,47,"married",5,5
368070621,"Iraq",1,19,"married",3,5
368070622,"Iraq",1,56,"married",7,8
368070623,"Iraq",1,55,"married",7,9
368070624,"Iraq",0,54,"married",10,5
368070625,"Iraq",1,18,"married",6,3
368070626,"Iraq",0,26,"single",5,1
368070627,"Iraq",1,43,"married",8,4
368070628,"Iraq",1,22,"married",8,5
368070629,"Iraq",1,63,"married",9,5
368070630,"Iraq",0,20,"single",7,8
368070631,"Iraq",0,22,"married",10,4
368070632,"Iraq",0,20,"married",5,5
368070633,"Iraq",0,50,"married",10,2
368070634,"Iraq",1,40,"married",5,5
368070635,"Iraq",1,21,"married",8,3
368070636,"Iraq",1,62,"married",10,5
368070637,"Iraq",1,21,"married",8,8
368070638,"Iraq",1,23,"married",5,2
368070639,"Iraq",1,44,"married",7,8
368070640,"Iraq",1,61,"married",9,5
368070641,"Iraq",1,24,"married",10,2
368070642,"Iraq",1,23,"single",6,9
368070643,"Iraq",0,24,"married",9,6
368070644,"Iraq",0,29,"single",9,5
368070645,"Iraq",0,45,"married",9,5
368070646,"Iraq",1,22,"single",6,2
368070647,"Iraq",0,27,"married",9,5
368070648,"Iraq",1,49,"married",9,4
368070649,"Iraq",1,24,"married",6,5
368070650,"Iraq",1,25,"married",8,4
368070651,"Iraq",1,26,"married",9,5
368070652,"Iraq",0,56,"married",5,5
368070653,"Iraq",1,27,"married",9,10
368070654,"Iraq",0,56,"married",5,3
368070655,"Iraq",1,28,"widowed",5,5
368070656,"Iraq",0,29,"single",5,3
368070657,"Iraq",1,49,"married",7,3
368070658,"Iraq",1,40,"married",5,4
368070659,"Iraq",0,49,"married",3,4
368070660,"Iraq",1,24,"married",2,4
368070661,"Iraq",0,47,"married",10,5
368070662,"Iraq",0,23,"single",9,10
368070663,"Iraq",0,19,"single",10,4
368070664,"Iraq",0,22,"single",10,10
368070665,"Iraq",0,24,"single",1,4
368070666,"Iraq",1,47,"married",5,5
368070667,"Iraq",1,23,"single",8,2
368070668,"Iraq",0,19,"married",9,5
368070669,"Iraq",1,45,"married",9,3
368070670,"Iraq",1,24,"single",5,5
368070671,"Iraq",1,20,"married",3,4
368070672,"Iraq",1,18,"married",9,4
368070673,"Iraq",0,27,"single",9,4
368070674,"Iraq",1,38,"married",5,3
368070675,"Iraq",0,25,"single",8,1
368070676,"Iraq",1,21,"married",10,4
368070677,"Iraq",1,21,"married",9,4
368070678,"Iraq",1,63,"married",6,5
368070679,"Iraq",0,38,"married",10,7
368070680,"Iraq",1,55,"widowed",6,3
368070681,"Iraq",1,18,"married",5,3
368070682,"Iraq",0,43,"married",8,2
368070683,"Iraq",0,46,"separated",3,3
368070684,"Iraq",0,20,"divorced",10,4
368070685,"Iraq",0,57,"married",8,4
368070686,"Iraq",0,65,"married",8,4
368070687,"Iraq",1,65,"widowed",6,4
368070688,"Iraq",1,27,"married",5,2
368070689,"Iraq",1,49,"widowed",5,5
368070690,"Iraq",1,47,"married",9,3
368070691,"Iraq",1,44,"married",10,4
368070692,"Iraq",1,58,"married",2,4
368070693,"Iraq",0,18,"single",7,4
368070694,"Iraq",1,61,"widowed",10,10
368070695,"Iraq",0,24,"single",6,4
368070696,"Iraq",1,54,"married",5,4
368070697,"Iraq",1,19,"married",9,5
368070698,"Iraq",1,27,"married",5,4
368070699,"Iraq",1,20,"married",8,3
368070700,"Iraq",1,58,"married",8,4
368070701,"Iraq",1,23,"married",6,4
368070702,"Iraq",1,20,"married",2,5
368070703,"Iraq",1,26,"married",5,5
368070704,"Iraq",1,21,"single",8,4
368070705,"Iraq",1,18,"married",9,5
368070706,"Iraq",1,65,"married",2,3
368070707,"Iraq",0,19,"single",5,5
368070708,"Iraq",1,23,"single",8,8
368070709,"Iraq",0,50,"married",10,10
368070710,"Iraq",1,24,"married",5,5
368070711,"Iraq",0,41,"married",10,4
368070712,"Iraq",1,18,"married",6,3
368070713,"Iraq",0,43,"married",9,9
368070714,"Iraq",0,43,"married",6,5
368070715,"Iraq",1,21,"married",9,5
368070716,"Iraq",1,45,"married",7,4
368070717,"Iraq",1,29,"married",10,10
368070718,"Iraq",1,27,"married",5,3
368070719,"Iraq",0,58,"married",7,5
368070720,"Iraq",0,25,"married",9,4
368070721,"Iraq",1,37,"married",7,3
368070722,"Iraq",1,45,"married",8,4
368070723,"Iraq",1,34,"married",3,4
368070724,"Iraq",1,50,"married",5,5
368070725,"Iraq",0,43,"married",9,3
368070726,"Iraq",0,52,"married",9,4
368070727,"Iraq",1,29,"single",5,10
368070728,"Iraq",1,39,"married",5,5
368070729,"Iraq",1,20,"married",5,4
368070730,"Iraq",1,46,"married",5,5
368070731,"Iraq",0,42,"married",9,4
368070732,"Iraq",1,21,"single",5,6
368070733,"Iraq",1,24,"separated",1,1
368070734,"Iraq",1,28,"married",9,4
368070735,"Iraq",0,49,"married",8,3
368070736,"Iraq",0,61,"married",10,4
368070737,"Iraq",1,45,"married",5,3
368070738,"Iraq",0,41,"married",7,5
368070739,"Iraq",1,28,"married",9,4
368070740,"Iraq",1,53,"widowed",4,4
368070741,"Iraq",1,23,"single",4,4
368070742,"Iraq",1,61,"married",6,4
368070743,"Iraq",1,29,"married",7,5
368070744,"Iraq",0,60,"married",9,4
368070745,"Iraq",0,23,"married",4,5
368070746,"Iraq",1,29,"single",8,5
368070747,"Iraq",0,28,"married",7,4
368070748,"Iraq",1,45,"divorced",3,5
368070749,"Iraq",1,35,"married",2,2
368070750,"Iraq",1,43,"married",4,5
368070751,"Iraq",1,38,"married",5,5
368070752,"Iraq",0,36,"married",5,4
368070753,"Iraq",0,23,"single",6,3
368070754,"Iraq",0,31,"married",1,2
368070755,"Iraq",0,33,"married",8,3
368070756,"Iraq",1,28,"single",6,3
368070757,"Iraq",0,35,"married",10,10
368070758,"Iraq",0,39,"married",6,3
368070759,"Iraq",1,31,"single",7,3
368070760,"Iraq",1,49,"married",3,3
368070761,"Iraq",1,19,"single",9,4
368070762,"Iraq",1,37,"married",2,3
368070763,"Iraq",0,30,"married",8,2
368070764,"Iraq",1,26,"married",5,1
368070765,"Iraq",1,48,"married",6,4
368070766,"Iraq",1,20,"single",5,3
368070767,"Iraq",0,31,"married",9,4
368070768,"Iraq",0,18,"single",5,3
368070769,"Iraq",1,42,"married",6,4
368070770,"Iraq",1,49,"married",9,10
368070771,"Iraq",0,35,"married",8,3
368070772,"Iraq",1,32,"married",7,8
368070773,"Iraq",1,48,"divorced",5,3
368070774,"Iraq",1,28,"married",8,5
368070775,"Iraq",1,33,"married",6,4
368070776,"Iraq",0,35,"married",6,4
368070777,"Iraq",1,24,"single",5,5
368070778,"Iraq",1,21,"single",6,1
368070779,"Iraq",0,46,"married",8,7
368070780,"Iraq",0,18,"single",6,4
368070781,"Iraq",0,32,"married",4,4
368070782,"Iraq",0,38,"married",7,4
368070783,"Iraq",0,19,"single",9,3
368070784,"Iraq",1,29,"separated",5,4
368070785,"Iraq",1,52,"married",3,4
368070786,"Iraq",0,36,"married",3,5
368070787,"Iraq",1,39,"married",7,3
368070788,"Iraq",0,23,"married",7,7
368070789,"Iraq",1,28,"single",5,5
368070790,"Iraq",1,23,"single",6,3
368070791,"Iraq",1,48,"married",5,5
368070792,"Iraq",1,36,"married",9,6
368070793,"Iraq",0,28,"married",9,4
368070794,"Iraq",0,42,"married",6,4
368070795,"Iraq",1,32,"married",10,4
368070796,"Iraq",0,40,"married",6,3
368070797,"Iraq",1,23,"married",7,3
368070798,"Iraq",0,43,"married",8,5
368070799,"Iraq",1,35,"single",3,2
368070800,"Iraq",1,32,"married",2,3
368070801,"Iraq",1,36,"married",6,5
368070802,"Iraq",0,35,"married",5,4
368070803,"Iraq",1,63,"widowed",10,5
368070804,"Iraq",1,35,"married",5,1
368070805,"Iraq",1,23,"single",2,2
368070806,"Iraq",0,33,"divorced",10,3
368070807,"Iraq",0,21,"single",6,5
368070808,"Iraq",1,52,"married",1,1
368070809,"Iraq",1,36,"married",8,8
368070810,"Iraq",1,44,"married",6,5
368070811,"Iraq",1,28,"single",6,5
368070812,"Iraq",1,34,"married",6,5
368070813,"Iraq",1,21,"single",9,4
368070814,"Iraq",0,19,"single",4,4
368070815,"Iraq",0,18,"single",8,3
368070816,"Iraq",1,47,"married",10,7
368070817,"Iraq",1,38,"married",4,3
368070818,"Iraq",1,27,"married",8,5
368070819,"Iraq",1,34,"married",7,4
368070820,"Iraq",1,43,"single",2,8
368070821,"Iraq",0,30,"married",9,3
368070822,"Iraq",1,44,"married",5,5
368070823,"Iraq",0,38,"married",5,3
368070824,"Iraq",0,48,"married",8,7
368070825,"Iraq",0,43,"married",7,5
368070826,"Iraq",0,28,"married",8,5
368070827,"Iraq",0,33,"married",5,4
368070828,"Iraq",0,48,"married",8,4
368070829,"Iraq",0,35,"married",8,3
368070830,"Iraq",0,37,"married",8,7
368070831,"Iraq",0,48,"married",4,5
368070832,"Iraq",1,32,"married",6,1
368070833,"Iraq",0,31,"married",6,1
368070834,"Iraq",1,48,"married",9,5
368070835,"Iraq",0,43,"married",10,4
368070836,"Iraq",1,32,"married",1,1
368070837,"Iraq",1,26,"single",3,4
368070838,"Iraq",0,33,"married",1,1
368070839,"Iraq",1,44,"widowed",7,4
368070840,"Iraq",0,39,"married",8,4
368070841,"Iraq",1,23,"married",8,4
368070842,"Iraq",1,18,"single",6,5
368070843,"Iraq",1,45,"married",1,1
368070844,"Iraq",1,40,"married",5,1
368070845,"Iraq",1,30,"single",10,4
368070846,"Iraq",1,25,"married",5,5
368070847,"Iraq",0,34,"married",8,4
368070848,"Iraq",0,37,"married",10,7
368070849,"Iraq",1,33,"married",6,3
368070850,"Iraq",0,48,"married",4,3
368070851,"Iraq",0,30,"married",9,4
368070852,"Iraq",0,21,"single",3,5
368070853,"Iraq",1,19,"single",5,5
368070854,"Iraq",1,30,"married",5,3
368070855,"Iraq",1,50,"married",10,4
368070856,"Iraq",1,35,"married",10,5
368070857,"Iraq",1,45,"married",10,4
368070858,"Iraq",1,43,"married",5,6
368070859,"Iraq",0,28,"single",2,2
368070860,"Iraq",0,38,"married",9,2
368070861,"Iraq",0,44,"married",1,1
368070862,"Iraq",1,30,"single",4,5
368070863,"Iraq",1,43,"married",5,3
368070864,"Iraq",1,58,"widowed",7,5
368070865,"Iraq",1,29,"married",5,1
368070866,"Iraq",1,22,"single",1,5
368070867,"Iraq",1,46,"married",7,5
368070868,"Iraq",1,18,"single",10,5
368070869,"Iraq",1,29,"married",5,2
368070870,"Iraq",1,22,"single",1,5
368070871,"Iraq",1,46,"married",5,4
368070872,"Iraq",1,34,"married",4,3
368070873,"Iraq",1,38,"married",10,3
368070874,"Iraq",1,38,"married",9,4
368070875,"Iraq",1,38,"married",8,4
368070876,"Iraq",1,34,"married",6,5
368070877,"Iraq",1,23,"single",2,4
368070878,"Iraq",0,62,"married",8,4
368070879,"Iraq",1,31,"married",9,9
368070880,"Iraq",1,20,"single",9,9
368070881,"Iraq",1,39,"married",8,4
368070882,"Iraq",0,46,"married",3,4
368070883,"Iraq",1,53,"married",5,4
368070884,"Iraq",0,64,"married",7,5
368070885,"Iraq",0,38,"married",8,5
368070886,"Iraq",0,39,"married",10,5
368070887,"Iraq",1,62,"married",3,3
368070888,"Iraq",0,18,"single",4,3
368070889,"Iraq",1,43,"married",7,7
368070890,"Iraq",0,38,"single",8,7
368070891,"Iraq",1,50,"married",6,5
368070892,"Iraq",1,23,"married",7,5
368070893,"Iraq",1,18,"single",7,5
368070894,"Iraq",1,28,"married",5,5
368070895,"Iraq",1,58,"married",6,4
368070896,"Iraq",0,27,"married",8,5
368070897,"Iraq",0,30,"married",6,7
368070898,"Iraq",1,64,"widowed",5,3
368070899,"Iraq",0,47,"married",9,6
368070900,"Iraq",1,35,"married",6,3
368070901,"Iraq",0,53,"married",4,5
368070902,"Iraq",0,55,"married",7,5
368070903,"Iraq",0,64,"married",3,3
368070904,"Iraq",0,33,"married",9,5
368070905,"Iraq",0,30,"married",8,5
368070906,"Iraq",0,63,"married",7,4
368070907,"Iraq",1,21,"married",4,4
368070908,"Iraq",1,45,"married",5,5
368070909,"Iraq",1,35,"married",5,3
368070910,"Iraq",0,27,"married",9,5
368070911,"Iraq",0,35,"married",4,3
368070912,"Iraq",0,41,"married",6,5
368070913,"Iraq",1,57,"divorced",6,5
368070914,"Iraq",0,36,"married",9,5
368070915,"Iraq",0,45,"married",10,4
368070916,"Iraq",0,60,"married",7,3
368070917,"Iraq",0,28,"married",7,4
368070918,"Iraq",1,23,"married",6,4
368070919,"Iraq",0,64,"married",10,3
368070920,"Iraq",0,27,"married",10,4
368070921,"Iraq",1,60,"married",6,5
368070922,"Iraq",0,19,"single",5,8
368070923,"Iraq",0,38,"married",7,4
368070924,"Iraq",0,32,"married",8,4
368070925,"Iraq",1,41,"married",7,3
368070926,"Iraq",1,21,"single",6,3
368070927,"Iraq",1,51,"married",8,3
368070928,"Iraq",0,28,"married",7,3
368070929,"Iraq",0,30,"married",6,3
368070930,"Iraq",0,31,"single",6,4
368070931,"Iraq",1,45,"married",6,3
368070932,"Iraq",1,38,"married",7,6
368070933,"Iraq",0,62,"married",7,3
368070934,"Iraq",0,27,"married",7,5
368070935,"Iraq",0,23,"married",10,3
368070936,"Iraq",0,36,"married",10,4
368070937,"Iraq",1,40,"married",6,3
368070938,"Iraq",0,47,"married",8,6
368070939,"Iraq",0,18,"single",8,7
368070940,"Iraq",1,20,"single",7,4
368070941,"Iraq",1,48,"married",6,3
368070942,"Iraq",1,22,"single",8,5
368070943,"Iraq",1,54,"married",6,4
368070944,"Iraq",0,49,"married",10,4
368070945,"Iraq",0,36,"married",9,8
368070946,"Iraq",1,29,"single",4,4
368070947,"Iraq",0,59,"married",8,5
368070948,"Iraq",0,28,"married",7,4
368070949,"Iraq",1,46,"married",5,3
368070950,"Iraq",0,50,"married",5,5
368070951,"Iraq",0,32,"married",7,5
368070952,"Iraq",0,38,"single",9,3
368070953,"Iraq",0,18,"single",4,8
368070954,"Iraq",0,26,"married",8,8
368070955,"Iraq",0,55,"married",6,4
368070956,"Iraq",1,45,"married",4,5
368070957,"Iraq",1,23,"married",4,3
368070958,"Iraq",0,18,"single",4,3
368070959,"Iraq",1,43,"married",7,3
368070960,"Iraq",0,60,"married",9,3
368070961,"Iraq",0,49,"married",8,4
368070962,"Iraq",1,45,"married",5,5
368070963,"Iraq",1,47,"married",6,3
368070964,"Iraq",0,46,"married",8,4
368070965,"Iraq",0,60,"married",8,7
368070966,"Iraq",1,33,"married",7,3
368070967,"Iraq",0,18,"single",7,4
368070968,"Iraq",0,25,"single",5,5
368070969,"Iraq",0,37,"married",5,4
368070970,"Iraq",1,48,"married",4,5
368070971,"Iraq",1,41,"married",8,4
368070972,"Iraq",1,27,"married",10,3
368070973,"Iraq",1,40,"single",6,5
368070974,"Iraq",1,60,"married",6,5
368070975,"Iraq",0,33,"married",8,7
368070976,"Iraq",0,38,"married",8,6
368070977,"Iraq",1,50,"married",5,4
368070978,"Iraq",0,26,"married",5,5
368070979,"Iraq",0,39,"married",10,4
368070980,"Iraq",1,28,"married",10,5
368070981,"Iraq",1,43,"married",7,3
368070982,"Iraq",1,33,"married",7,4
368070983,"Iraq",0,53,"married",8,5
368070984,"Iraq",0,38,"married",8,4
368070985,"Iraq",0,25,"single",8,6
368070986,"Iraq",1,64,"married",5,5
368070987,"Iraq",0,35,"married",6,3
368070988,"Iraq",1,53,"married",6,5
368070989,"Iraq",1,43,"married",4,3
368070990,"Iraq",0,54,"married",7,3
368070991,"Iraq",0,21,"married",7,5
368070992,"Iraq",0,38,"married",6,3
368070993,"Iraq",1,47,"married",4,4
368070994,"Iraq",0,59,"married",5,4
368070995,"Iraq",1,43,"married",5,5
368070996,"Iraq",1,48,"married",5,5
368070997,"Iraq",1,35,"married",7,5
368070998,"Iraq",0,39,"married",6,3
368070999,"Iraq",0,34,"married",5,5
368071000,"Iraq",0,36,"married",6,3
368071001,"Iraq",1,20,"single",5,5
368071002,"Iraq",1,32,"married",7,3
368071003,"Iraq",1,34,"single",5,3
368071004,"Iraq",1,20,"single",7,5
368071005,"Iraq",1,28,"married",5,4
368071006,"Iraq",1,46,"separated",8,5
368071007,"Iraq",1,36,"married",3,5
368071008,"Iraq",0,23,"single",7,4
368071009,"Iraq",0,50,"married",6,3
368071010,"Iraq",0,47,"married",5,5
368071011,"Iraq",1,36,"married",5,3
368071012,"Iraq",0,18,"single",8,3
368071013,"Iraq",0,45,"married",8,4
368071014,"Iraq",0,18,"single",5,4
368071015,"Iraq",1,18,"single",5,4
368071016,"Iraq",1,38,"married",9,3
368071017,"Iraq",1,36,"married",7,3
368071018,"Iraq",0,53,"married",5,5
368071019,"Iraq",0,30,"married",8,5
368071020,"Iraq",0,40,"divorced",10,4
368071021,"Iraq",0,52,"married",6,4
368071022,"Iraq",0,51,"married",6,3
368071023,"Iraq",0,58,"married",6,3
368071024,"Iraq",0,60,"married",10,5
368071025,"Iraq",1,41,"married",8,4
368071026,"Iraq",0,63,"married",3,2
368071027,"Iraq",0,41,"married",6,2
368071028,"Iraq",1,18,"single",10,3
368071029,"Iraq",1,34,"married",8,2
368071030,"Iraq",1,48,"married",7,3
368071031,"Iraq",0,19,"married",6,3
368071032,"Iraq",1,29,"married",7,10
368071033,"Iraq",1,39,"single",6,4
368071034,"Iraq",0,29,"married",7,5
368071035,"Iraq",0,25,"single",6,4
368071036,"Iraq",0,19,"single",5,5
368071037,"Iraq",0,55,"married",5,5
368071038,"Iraq",1,48,"married",6,3
368071039,"Iraq",1,30,"married",7,4
368071040,"Iraq",0,48,"married",5,5
368071041,"Iraq",0,24,"single",10,5
368071042,"Iraq",0,24,"married",10,5
368071043,"Iraq",0,28,"married",5,4
368071044,"Iraq",0,30,"single",5,5
368071045,"Iraq",0,22,"married",5,1
368071046,"Iraq",0,29,"single",9,5
368071047,"Iraq",1,63,"widowed",10,4
368071048,"Iraq",0,52,"married",7,5
368071049,"Iraq",0,22,"single",6,3
368071050,"Iraq",0,20,"single",6,6
368071051,"Iraq",0,31,"married",9,7
368071052,"Iraq",0,45,"married",6,3
368071053,"Iraq",1,34,"married",10,3
368071054,"Iraq",1,26,"married",8,5
368071055,"Iraq",1,39,"married",6,4
368071056,"Iraq",0,32,"married",1,2
368071057,"Iraq",0,22,"single",10,5
368071058,"Iraq",0,30,"married",5,3
368071059,"Iraq",0,22,"married",8,3
368071060,"Iraq",1,36,"married",7,3
368071061,"Iraq",0,25,"single",5,5
368071062,"Iraq",0,27,"married",5,2
368071063,"Iraq",1,33,"married",6,5
368071064,"Iraq",0,23,"single",8,5
368071065,"Iraq",0,20,"single",7,4
368071066,"Iraq",0,21,"married",5,3
368071067,"Iraq",1,38,"married",6,5
368071068,"Iraq",0,46,"married",10,4
368071069,"Iraq",0,41,"married",8,3
368071070,"Iraq",0,24,"widowed",8,5
368071071,"Iraq",1,29,"married",10,10
368071072,"Iraq",0,47,"married",6,3
368071073,"Iraq",0,38,"married",7,3
368071074,"Iraq",1,63,"married",7,3
368071075,"Iraq",0,40,"widowed",8,1
368071076,"Iraq",1,48,"married",10,5
368071077,"Iraq",1,52,"married",10,5
368071078,"Iraq",1,28,"married",10,1
368071079,"Iraq",0,29,"married",7,10
368071080,"Iraq",0,38,"married",8,4
368071081,"Iraq",1,39,"single",6,2
368071082,"Iraq",1,18,"single",1,4
368071083,"Iraq",1,38,"married",10,2
368071084,"Iraq",1,37,"married",6,5
368071085,"Iraq",1,39,"married",8,5
368071086,"Iraq",0,49,"married",9,4
368071087,"Iraq",0,42,"married",5,5
368071088,"Iraq",0,50,"married",5,3
368071089,"Iraq",1,41,"married",7,4
368071090,"Iraq",1,33,"married",8,4
368071091,"Iraq",1,36,"married",9,5
368071092,"Iraq",1,48,"married",8,4
368071093,"Iraq",1,28,"married",7,4
368071094,"Iraq",0,36,"married",6,4
368071095,"Iraq",0,41,"married",7,3
368071096,"Iraq",0,46,"married",8,3
368071097,"Iraq",0,25,"single",8,3
368071098,"Iraq",1,30,"married",3,1
368071099,"Iraq",1,22,"single",4,3
368071100,"Iraq",0,19,"single",7,3
368071101,"Iraq",0,22,"married",5,2
368071102,"Iraq",0,25,"married",7,5
368071103,"Iraq",0,54,"married",6,5
368071104,"Iraq",0,27,"single",10,5
368071105,"Iraq",0,24,"single",6,5
368071106,"Iraq",0,37,"married",9,3
368071107,"Iraq",1,22,"single",10,8
368071108,"Iraq",1,50,"married",10,3
368071109,"Iraq",1,52,"married",8,9
368071110,"Iraq",1,33,"married",10,3
368071111,"Iraq",1,38,"married",6,5
368071112,"Iraq",0,28,"single",8,5
368071113,"Iraq",0,19,"single",6,3
368071114,"Iraq",0,25,"married",9,5
368071115,"Iraq",1,39,"married",7,5
368071116,"Iraq",0,35,"married",6,5
368071117,"Iraq",0,65,"married",10,3
368071118,"Iraq",0,30,"single",5,1
368071119,"Iraq",0,29,"married",7,5
368071120,"Iraq",0,36,"married",5,5
368071121,"Iraq",0,36,"married",4,5
368071122,"Iraq",0,21,"married",10,10
368071123,"Iraq",1,60,"married",7,3
368071124,"Iraq",1,35,"divorced",8,3
368071125,"Iraq",1,38,"married",5,5
368071126,"Iraq",1,18,"single",6,3
368071127,"Iraq",1,30,"married",8,4
368071128,"Iraq",1,30,"married",6,5
368071129,"Iraq",1,40,"single",6,3
368071130,"Iraq",1,36,"separated",5,1
368071131,"Iraq",0,41,"married",5,5
368071132,"Iraq",0,50,"married",5,5
368071133,"Iraq",0,23,"married",6,3
368071134,"Iraq",0,53,"single",6,3
368071135,"Iraq",0,33,"married",6,3
368071136,"Iraq",1,33,"married",7,4
368071137,"Iraq",0,36,"married",8,4
368071138,"Iraq",1,58,"married",6,4
368071139,"Iraq",1,65,"married",10,4
368071140,"Iraq",0,35,"married",6,3
368071141,"Iraq",0,55,"married",6,3
368071142,"Iraq",0,44,"married",5,5
368071143,"Iraq",0,44,"married",10,4
368071144,"Iraq",0,24,"single",5,2
368071145,"Iraq",0,45,"married",1,1
368071146,"Iraq",1,29,"married",10,2
368071147,"Iraq",1,54,"married",8,3
368071148,"Iraq",0,34,"married",6,2
368071149,"Iraq",0,26,"married",6,3
368071150,"Iraq",0,30,"single",8,4
368071151,"Iraq",1,34,"married",5,7
368071152,"Iraq",0,20,"single",2,2
368071153,"Iraq",0,26,"married",4,3
368071154,"Iraq",0,26,"single",6,5
368071155,"Iraq",0,35,"married",9,1
368071156,"Iraq",1,44,"married",5,3
368071157,"Iraq",0,42,"married",8,3
368071158,"Iraq",1,49,"married",3,3
368071159,"Iraq",1,37,"married",6,5
368071160,"Iraq",0,48,"married",7,1
368071161,"Iraq",1,52,"widowed",8,3
368071162,"Iraq",0,33,"married",9,5
368071163,"Iraq",0,47,"single",10,2
368071164,"Iraq",0,26,"single",7,5
368071165,"Iraq",0,28,"single",6,3
368071166,"Iraq",0,55,"married",10,4
368071167,"Iraq",0,49,"married",7,5
368071168,"Iraq",1,27,"married",6,4
368071169,"Iraq",0,29,"divorced",7,5
368071170,"Iraq",0,28,"single",6,1
368071171,"Iraq",1,20,"single",10,5
368071172,"Iraq",0,24,"single",8,2
368071173,"Iraq",0,48,"married",4,5
368071174,"Iraq",0,46,"married",8,4
368071175,"Iraq",0,22,"single",5,3
368071176,"Iraq",0,47,"married",10,4
368071177,"Iraq",0,26,"single",7,3
368071178,"Iraq",1,33,"married",7,3
368071179,"Iraq",1,29,"divorced",8,3
368071180,"Iraq",0,53,"married",9,9
368071181,"Iraq",1,28,"married",10,9
368071182,"Iraq",0,30,"married",10,6
368071183,"Iraq",1,47,"married",10,2
368071184,"Iraq",0,23,"single",4,5
368071185,"Iraq",0,44,"single",7,1
368071186,"Iraq",0,46,"married",7,7
368071187,"Iraq",0,28,"married",5,4
368071188,"Iraq",0,33,"married",5,10
368071189,"Iraq",1,38,"married",5,5
368071190,"Iraq",1,21,"single",8,5
368071191,"Iraq",1,44,"married",7,2
368071192,"Iraq",0,31,"married",8,8
368071193,"Iraq",0,30,"married",7,7
368071194,"Iraq",0,23,"single",4,5
368071195,"Iraq",0,23,"single",6,5
368071196,"Iraq",1,45,"married",7,8
368071197,"Iraq",0,23,"single",9,9
368071198,"Iraq",0,19,"single",5,3
368071199,"Iraq",0,46,"married",8,8
368071200,"Iraq",1,22,"single",7,5
392070001,"Japan",0,70,"married",8,7
392070002,"Japan",0,86,"married",7,8
392070003,"Japan",0,70,"married",6,7
392070004,"Japan",1,80,"widowed",2,1
392070005,"Japan",1,31,"married",8,9
392070006,"Japan",1,56,"married",5,5
392070007,"Japan",1,68,"married",4,6
392070008,"Japan",0,43,"married",5,8
392070009,"Japan",0,28,"single",5,4
392070010,"Japan",0,59,"married",7,8
392070011,"Japan",1,24,"single",7,8
392070012,"Japan",1,66,"married",5,7
392070013,"Japan",0,36,"single",5,5
392070014,"Japan",1,39,"married",6,5
392070015,"Japan",0,56,"married",8,8
392070016,"Japan",1,80,"divorced",5,5
392070017,"Japan",1,76,"married",5,5
392070018,"Japan",0,72,"married",7,7
392070019,"Japan",1,36,"married",6,8
392070020,"Japan",1,68,"divorced",8,9
392070021,"Japan",1,74,"widowed",NA,NA
392070022,"Japan",0,80,"married",6,8
392070023,"Japan",1,33,"married",8,8
392070024,"Japan",1,43,"married",8,9
392070025,"Japan",1,46,"married",3,5
392070026,"Japan",1,78,"widowed",6,5
392070027,"Japan",0,40,"divorced",7,6
392070028,"Japan",1,24,"single",7,8
392070029,"Japan",1,25,"single",7,6
392070030,"Japan",0,27,"single",3,4
392070031,"Japan",0,36,"married",6,5
392070032,"Japan",0,63,"married",7,8
392070033,"Japan",1,53,"married",7,8
392070034,"Japan",0,53,"married",7,NA
392070035,"Japan",0,35,"single",8,8
392070036,"Japan",1,80,"married",4,7
392070037,"Japan",0,69,"married",6,7
392070038,"Japan",0,43,"married",3,4
392070039,"Japan",0,23,"single",7,8
392070040,"Japan",0,65,"married",5,5
392070041,"Japan",1,76,"widowed",8,8
392070042,"Japan",1,81,"widowed",6,7
392070043,"Japan",0,25,"single",5,7
392070044,"Japan",1,42,"married",4,6
392070045,"Japan",1,43,"married",7,6
392070046,"Japan",1,78,"married",6,7
392070047,"Japan",0,64,"married",4,5
392070048,"Japan",0,48,"married",9,8
392070049,"Japan",0,23,"single",6,6
392070050,"Japan",1,49,"single",5,6
392070051,"Japan",1,36,"married",8,8
392070052,"Japan",1,41,"married",8,8
392070053,"Japan",0,57,"married",7,7
392070054,"Japan",0,55,"married",NA,3
392070055,"Japan",0,32,"married",8,7
392070056,"Japan",1,61,"married",5,7
392070057,"Japan",1,60,"married",7,7
392070058,"Japan",1,57,"married",5,8
392070059,"Japan",1,58,"married",8,8
392070060,"Japan",0,34,"single",4,3
392070061,"Japan",1,64,"married",3,5
392070062,"Japan",1,63,"widowed",2,7
392070063,"Japan",1,60,"widowed",5,5
392070064,"Japan",0,82,"married",6,6
392070065,"Japan",1,56,"married",4,4
392070066,"Japan",1,30,"married",9,7
392070067,"Japan",1,79,"married",6,8
392070068,"Japan",0,52,"married",8,7
392070069,"Japan",1,54,"married",5,5
392070070,"Japan",1,75,"married",6,8
392070071,"Japan",0,74,"married",NA,4
392070072,"Japan",1,24,"single",10,8
392070073,"Japan",0,33,"married",4,5
392070074,"Japan",1,67,"married",3,5
392070075,"Japan",1,42,"married",8,7
392070076,"Japan",0,66,"married",7,8
392070077,"Japan",1,73,"married",4,8
392070078,"Japan",1,61,"living together as married",7,7
392070079,"Japan",0,50,"married",4,3
392070080,"Japan",1,35,"married",8,7
392070081,"Japan",1,37,"married",7,7
392070082,"Japan",0,35,"married",5,10
392070083,"Japan",1,32,"single",5,1
392070084,"Japan",1,58,"married",6,8
392070085,"Japan",0,47,"married",5,7
392070086,"Japan",1,63,"married",7,8
392070087,"Japan",0,81,"married",5,8
392070088,"Japan",0,53,"married",5,3
392070089,"Japan",0,57,"married",3,1
392070090,"Japan",1,88,"widowed",6,6
392070091,"Japan",0,76,"married",4,NA
392070092,"Japan",1,77,"married",1,5
392070093,"Japan",1,77,"widowed",8,7
392070094,"Japan",0,66,"married",6,7
392070095,"Japan",1,57,"married",8,8
392070096,"Japan",1,55,"married",7,8
392070097,"Japan",1,50,"widowed",4,6
392070098,"Japan",0,77,"married",7,7
392070099,"Japan",0,53,"married",8,7
392070100,"Japan",1,62,"married",8,8
392070101,"Japan",0,50,"married",8,8
392070102,"Japan",0,55,"married",5,8
392070103,"Japan",0,55,"single",5,5
392070104,"Japan",0,43,"widowed",3,2
392070105,"Japan",0,45,"married",5,8
392070106,"Japan",0,27,"single",6,6
392070107,"Japan",1,67,"widowed",5,8
392070108,"Japan",0,69,"widowed",3,7
392070109,"Japan",0,57,"married",6,8
392070110,"Japan",1,49,"married",4,3
392070111,"Japan",1,63,"married",5,NA
392070112,"Japan",1,82,"married",1,5
392070113,"Japan",0,49,"married",9,9
392070114,"Japan",1,36,"married",4,4
392070115,"Japan",0,82,"married",7,8
392070116,"Japan",0,25,"single",8,7
392070117,"Japan",1,46,"married",6,8
392070118,"Japan",1,66,NA,7,8
392070119,"Japan",1,28,"single",8,8
392070120,"Japan",0,40,"married",7,7
392070121,"Japan",1,67,"married",8,7
392070122,"Japan",1,19,"single",7,7
392070123,"Japan",0,80,"single",8,10
392070124,"Japan",1,57,"married",8,10
392070125,"Japan",0,54,"married",6,6
392070126,"Japan",0,63,"married",7,10
392070127,"Japan",1,91,"married",5,9
392070128,"Japan",1,56,"divorced",8,7
392070129,"Japan",0,79,"married",10,8
392070130,"Japan",1,23,"married",3,3
392070131,"Japan",0,31,"married",10,7
392070132,"Japan",0,69,"married",6,9
392070133,"Japan",0,67,"married",8,9
392070134,"Japan",0,57,"married",4,6
392070135,"Japan",0,32,"single",6,6
392070136,"Japan",0,41,"married",5,9
392070137,"Japan",1,54,"married",8,8
392070138,"Japan",1,19,"single",8,7
392070139,"Japan",1,53,"married",4,7
392070140,"Japan",1,32,"married",8,9
392070141,"Japan",1,64,"married",8,9
392070142,"Japan",1,48,"married",5,5
392070143,"Japan",0,47,"married",7,9
392070144,"Japan",1,47,"married",5,5
392070145,"Japan",0,38,"married",10,4
392070146,"Japan",1,43,"married",7,7
392070147,"Japan",0,72,"widowed",8,7
392070148,"Japan",1,25,"single",5,7
392070149,"Japan",1,64,"married",7,8
392070150,"Japan",0,65,"single",7,3
392070151,"Japan",1,58,"married",7,8
392070152,"Japan",1,26,"single",8,10
392070153,"Japan",1,57,"married",8,10
392070154,"Japan",1,58,"married",6,7
392070155,"Japan",1,71,"married",9,9
392070156,"Japan",0,48,"married",6,7
392070157,"Japan",1,55,"married",5,5
392070158,"Japan",0,52,"married",6,8
392070159,"Japan",1,80,"widowed",7,6
392070160,"Japan",0,37,"married",8,8
392070161,"Japan",1,73,"divorced",7,3
392070162,"Japan",0,79,"married",3,7
392070163,"Japan",1,32,"married",7,7
392070164,"Japan",0,63,"married",4,7
392070165,"Japan",1,80,"married",NA,NA
392070166,"Japan",0,45,"married",3,7
392070167,"Japan",0,43,"married",5,5
392070168,"Japan",0,80,"married",5,5
392070169,"Japan",1,44,"married",6,8
392070170,"Japan",1,39,"married",8,8
392070171,"Japan",0,35,"married",7,8
392070172,"Japan",0,77,"married",5,7
392070173,"Japan",1,55,"divorced",5,9
392070174,"Japan",1,63,"married",7,8
392070175,"Japan",0,21,"single",10,9
392070176,"Japan",0,42,"divorced",3,4
392070177,"Japan",0,57,"married",8,8
392070178,"Japan",1,59,"divorced",5,9
392070179,"Japan",0,60,"married",8,8
392070180,"Japan",0,49,"married",3,5
392070181,"Japan",0,51,"single",5,6
392070182,"Japan",0,61,"married",5,8
392070183,"Japan",0,81,"married",5,7
392070184,"Japan",0,39,"married",4,6
392070185,"Japan",1,77,"widowed",5,8
392070186,"Japan",1,25,"single",8,8
392070187,"Japan",1,75,"widowed",1,1
392070188,"Japan",1,59,"married",5,8
392070189,"Japan",0,45,"married",6,6
392070190,"Japan",0,81,"married",8,6
392070191,"Japan",0,57,"married",7,7
392070192,"Japan",1,47,"married",8,8
392070193,"Japan",0,72,"married",5,4
392070194,"Japan",0,49,"married",4,4
392070195,"Japan",0,46,"married",7,7
392070196,"Japan",0,44,"married",4,6
392070197,"Japan",0,72,"married",NA,NA
392070198,"Japan",1,43,"married",2,6
392070199,"Japan",0,46,"married",4,8
392070200,"Japan",1,85,"widowed",6,7
392070201,"Japan",0,39,"married",7,7
392070202,"Japan",1,65,NA,NA,7
392070203,"Japan",1,55,"married",6,6
392070204,"Japan",1,31,"married",4,5
392070205,"Japan",0,77,"married",6,4
392070206,"Japan",1,46,"married",5,9
392070207,"Japan",1,37,"married",5,4
392070208,"Japan",0,59,"married",8,9
392070209,"Japan",0,37,"single",7,8
392070210,"Japan",0,66,"married",8,8
392070211,"Japan",1,57,"married",7,6
392070212,"Japan",1,41,"married",6,8
392070213,"Japan",0,71,"married",6,7
392070214,"Japan",1,22,"single",NA,NA
392070215,"Japan",1,81,"single",3,6
392070216,"Japan",0,65,"married",8,8
392070217,"Japan",1,53,"married",NA,6
392070218,"Japan",1,82,"widowed",NA,NA
392070219,"Japan",1,60,"married",4,8
392070220,"Japan",0,72,"married",7,9
392070221,"Japan",1,43,"married",6,6
392070222,"Japan",0,53,"single",6,7
392070223,"Japan",1,54,"living together as married",7,5
392070224,"Japan",1,31,"married",5,9
392070225,"Japan",1,80,"married",NA,6
392070226,"Japan",0,82,"married",8,7
392070227,"Japan",0,70,"married",6,9
392070228,"Japan",1,65,"married",5,8
392070229,"Japan",1,58,"married",5,6
392070230,"Japan",0,80,"married",7,6
392070231,"Japan",1,66,"married",5,6
392070232,"Japan",1,52,"married",6,9
392070233,"Japan",0,46,"married",10,7
392070234,"Japan",0,50,"married",9,8
392070235,"Japan",0,21,"single",NA,7
392070236,"Japan",1,62,"married",8,7
392070237,"Japan",1,54,"married",NA,8
392070238,"Japan",0,64,"married",2,6
392070239,"Japan",1,73,"married",5,8
392070240,"Japan",1,77,"divorced",8,8
392070241,"Japan",0,73,"married",10,10
392070242,"Japan",1,30,"single",5,7
392070243,"Japan",0,81,"married",5,6
392070244,"Japan",0,81,"widowed",5,7
392070245,"Japan",1,64,"married",5,10
392070246,"Japan",1,71,"widowed",4,8
392070247,"Japan",1,27,"married",4,6
392070248,"Japan",0,40,"married",10,10
392070249,"Japan",1,70,"widowed",7,7
392070250,"Japan",0,81,"widowed",4,5
392070251,"Japan",0,47,"married",6,9
392070252,"Japan",1,71,"married",3,5
392070253,"Japan",1,28,"married",3,2
392070254,"Japan",1,63,"married",7,7
392070255,"Japan",1,75,"married",5,10
392070256,"Japan",0,78,"married",3,5
392070257,"Japan",1,53,"married",7,8
392070258,"Japan",0,43,"married",8,9
392070259,"Japan",1,37,"married",4,8
392070260,"Japan",1,47,"married",7,6
392070261,"Japan",1,21,"single",8,9
392070262,"Japan",0,59,"married",8,9
392070263,"Japan",1,34,"married",7,7
392070264,"Japan",1,36,"married",8,9
392070265,"Japan",0,69,"married",5,5
392070266,"Japan",1,64,"married",5,8
392070267,"Japan",0,68,"married",8,9
392070268,"Japan",0,31,"married",6,8
392070269,"Japan",0,76,"divorced",1,9
392070270,"Japan",0,64,"married",8,10
392070271,"Japan",1,55,"married",5,6
392070272,"Japan",1,56,"married",8,5
392070273,"Japan",0,32,"single",4,5
392070274,"Japan",1,63,"married",3,5
392070275,"Japan",1,80,"married",5,7
392070276,"Japan",1,20,"single",7,7
392070277,"Japan",1,58,"married",7,7
392070278,"Japan",1,68,"single",5,7
392070279,"Japan",1,59,"married",7,9
392070280,"Japan",1,67,"widowed",6,6
392070281,"Japan",0,64,"married",4,5
392070282,"Japan",1,77,"widowed",5,8
392070283,"Japan",0,64,"married",6,7
392070284,"Japan",0,44,"married",7,6
392070285,"Japan",1,48,"married",7,8
392070286,"Japan",1,53,"divorced",10,7
392070287,"Japan",1,68,"married",7,8
392070288,"Japan",0,56,"single",5,7
392070289,"Japan",1,39,"married",8,7
392070290,"Japan",0,50,"single",8,8
392070291,"Japan",1,80,"married",5,4
392070292,"Japan",1,74,"married",7,8
392070293,"Japan",0,78,"widowed",6,7
392070294,"Japan",0,76,"married",5,5
392070295,"Japan",0,65,"married",8,8
392070296,"Japan",0,69,"married",5,4
392070297,"Japan",1,38,"married",8,8
392070298,"Japan",0,81,"married",7,7
392070299,"Japan",1,77,"married",8,8
392070300,"Japan",0,56,"married",5,5
392070301,"Japan",0,47,"married",9,8
392070302,"Japan",0,69,"married",NA,6
392070303,"Japan",1,71,"married",7,8
392070304,"Japan",1,46,"married",4,5
392070305,"Japan",1,75,"divorced",4,3
392070306,"Japan",1,38,"married",8,9
392070307,"Japan",1,71,"married",NA,10
392070308,"Japan",1,70,"married",1,1
392070309,"Japan",0,72,"married",3,3
392070310,"Japan",1,64,"married",7,8
392070311,"Japan",0,55,"married",7,8
392070312,"Japan",1,60,"married",5,8
392070313,"Japan",1,86,"widowed",8,8
392070314,"Japan",1,62,"married",7,7
392070315,"Japan",0,73,"married",5,5
392070316,"Japan",0,69,"married",10,8
392070317,"Japan",0,73,"married",5,7
392070318,"Japan",0,34,"married",4,9
392070319,"Japan",1,47,"married",5,8
392070320,"Japan",1,22,"single",7,7
392070321,"Japan",1,81,"married",NA,10
392070322,"Japan",0,74,"married",5,5
392070323,"Japan",1,25,"married",4,6
392070324,"Japan",1,62,"married",6,6
392070325,"Japan",1,60,"married",3,9
392070326,"Japan",0,75,"married",4,6
392070327,"Japan",0,43,"married",7,6
392070328,"Japan",0,43,"single",NA,7
392070329,"Japan",1,49,"married",8,8
392070330,"Japan",0,70,"married",2,1
392070331,"Japan",1,19,"single",8,8
392070332,"Japan",1,31,"single",6,4
392070333,"Japan",1,27,"married",7,8
392070334,"Japan",1,40,NA,6,7
392070335,"Japan",0,45,"single",5,2
392070336,"Japan",1,26,"married",5,8
392070337,"Japan",1,24,"single",7,5
392070338,"Japan",1,50,"single",8,7
392070339,"Japan",0,41,"married",8,8
392070340,"Japan",1,80,"married",7,7
392070341,"Japan",0,60,"married",5,5
392070342,"Japan",1,49,"married",6,6
392070343,"Japan",0,65,"married",5,9
392070344,"Japan",1,41,"married",3,1
392070345,"Japan",0,78,"married",8,8
392070346,"Japan",1,45,"married",8,10
392070347,"Japan",0,71,"single",7,7
392070348,"Japan",1,71,"married",8,9
392070349,"Japan",0,72,"married",5,3
392070350,"Japan",0,20,"single",6,7
392070351,"Japan",0,81,"married",7,8
392070352,"Japan",0,81,"married",7,7
392070353,"Japan",0,70,"married",6,8
392070354,"Japan",1,76,"married",8,9
392070355,"Japan",1,77,"married",5,7
392070356,"Japan",1,49,"married",1,1
392070357,"Japan",1,80,"widowed",8,8
392070358,"Japan",1,49,"married",7,6
392070359,"Japan",0,76,"married",4,7
392070360,"Japan",0,56,"married",5,7
392070361,"Japan",0,76,"married",4,6
392070362,"Japan",0,20,"single",5,6
392070363,"Japan",1,52,"married",5,7
392070364,"Japan",0,74,"married",2,9
392070365,"Japan",0,68,"married",2,6
392070366,"Japan",0,68,"divorced",7,5
392070367,"Japan",0,37,"married",7,7
392070368,"Japan",1,39,"divorced",3,5
392070369,"Japan",0,71,"married",7,7
392070370,"Japan",0,60,"divorced",6,9
392070371,"Japan",0,65,"married",3,2
392070372,"Japan",1,35,"married",7,8
392070373,"Japan",0,78,"married",3,5
392070374,"Japan",0,19,"single",5,5
392070375,"Japan",1,63,"married",7,7
392070376,"Japan",1,25,"single",6,5
392070377,"Japan",1,72,"single",8,8
392070378,"Japan",1,23,"married",3,7
392070379,"Japan",1,30,"married",5,6
392070380,"Japan",1,29,"married",1,8
392070381,"Japan",0,45,"single",6,4
392070382,"Japan",0,69,"married",6,7
392070383,"Japan",1,70,"married",9,9
392070384,"Japan",1,25,"single",7,8
392070385,"Japan",1,80,"widowed",10,10
392070386,"Japan",1,75,"married",NA,NA
392070387,"Japan",0,49,"married",8,10
392070388,"Japan",1,71,"married",6,7
392070389,"Japan",0,41,"married",5,7
392070390,"Japan",1,42,"married",8,4
392070391,"Japan",1,76,"married",3,7
392070392,"Japan",1,69,NA,5,8
392070393,"Japan",0,61,"married",7,8
392070394,"Japan",1,68,"married",5,7
392070395,"Japan",1,76,"divorced",4,4
392070396,"Japan",1,88,"widowed",7,8
392070397,"Japan",0,82,"married",7,8
392070398,"Japan",0,67,"married",6,8
392070399,"Japan",1,34,"married",10,9
392070400,"Japan",1,42,"divorced",7,8
392070401,"Japan",0,70,"married",3,6
392070402,"Japan",1,21,"single",4,4
392070403,"Japan",0,37,"married",10,8
392070404,"Japan",1,58,"married",10,10
392070405,"Japan",1,43,"single",NA,6
392070406,"Japan",0,63,"married",7,8
392070407,"Japan",1,75,"married",6,7
392070408,"Japan",1,81,NA,7,7
392070409,"Japan",1,55,"married",7,9
392070410,"Japan",0,78,"married",7,6
392070411,"Japan",0,70,"married",4,8
392070412,"Japan",1,26,"single",5,7
392070413,"Japan",1,39,"married",7,7
392070414,"Japan",1,56,"married",5,4
392070415,"Japan",1,41,"married",6,6
392070416,"Japan",0,56,"married",2,5
392070417,"Japan",1,81,"divorced",5,5
392070418,"Japan",0,29,"married",8,9
392070419,"Japan",1,82,"widowed",NA,NA
392070420,"Japan",1,44,"married",9,10
392070421,"Japan",1,63,"widowed",5,3
392070422,"Japan",0,61,"married",10,2
392070423,"Japan",0,69,"married",8,7
392070424,"Japan",1,45,"married",6,6
392070425,"Japan",1,52,"divorced",5,7
392070426,"Japan",0,47,"married",10,8
392070427,"Japan",1,33,"married",8,8
392070428,"Japan",0,22,"single",7,8
392070429,"Japan",0,35,"single",NA,NA
392070430,"Japan",1,65,"married",9,8
392070431,"Japan",0,71,"married",4,8
392070432,"Japan",0,61,"married",6,7
392070433,"Japan",0,79,"married",4,4
392070434,"Japan",0,80,"married",5,6
392070435,"Japan",0,58,"married",5,7
392070436,"Japan",1,42,"married",8,8
392070437,"Japan",1,39,"married",5,7
392070438,"Japan",0,39,"married",2,2
392070439,"Japan",1,59,"married",7,6
392070440,"Japan",0,64,"divorced",4,3
392070441,"Japan",1,45,"married",6,6
392070442,"Japan",0,45,"married",8,5
392070443,"Japan",1,58,"married",7,7
392070444,"Japan",0,76,"married",7,7
392070445,"Japan",1,71,"separated",5,6
392070446,"Japan",0,71,"married",8,7
392070447,"Japan",0,80,"married",7,7
392070448,"Japan",1,70,"divorced",5,5
392070449,"Japan",1,46,"married",8,6
392070450,"Japan",0,66,"married",6,8
392070451,"Japan",1,44,"married",5,10
392070452,"Japan",1,71,"married",7,6
392070453,"Japan",0,70,"married",6,7
392070454,"Japan",1,64,"married",5,5
392070455,"Japan",0,82,"widowed",5,6
392070456,"Japan",1,50,"divorced",NA,NA
392070457,"Japan",1,80,"married",5,8
392070458,"Japan",1,71,"widowed",7,9
392070459,"Japan",1,82,"widowed",10,10
392070460,"Japan",1,23,"single",3,3
392070461,"Japan",0,38,"married",5,5
392070462,"Japan",1,59,"married",5,6
392070463,"Japan",1,70,"married",1,6
392070464,"Japan",1,53,"married",8,6
392070465,"Japan",0,40,"married",9,10
392070466,"Japan",1,42,"divorced",6,7
392070467,"Japan",0,70,"married",6,8
392070468,"Japan",1,61,"married",7,8
392070469,"Japan",0,39,"divorced",8,6
392070470,"Japan",0,59,"married",NA,NA
392070471,"Japan",1,40,"married",5,7
392070472,"Japan",0,60,"married",7,8
392070473,"Japan",1,32,"married",4,7
392070474,"Japan",1,22,"single",8,9
392070475,"Japan",0,64,"married",NA,NA
392070476,"Japan",1,81,NA,3,10
392070477,"Japan",1,69,"divorced",6,9
392070478,"Japan",1,73,"widowed",6,7
392070479,"Japan",1,82,"married",1,5
392070480,"Japan",1,42,"married",7,10
392070481,"Japan",1,62,"married",8,9
392070482,"Japan",0,78,"married",8,10
392070483,"Japan",1,81,"widowed",7,6
392070484,"Japan",1,36,"divorced",9,7
392070485,"Japan",0,49,"married",7,7
392070486,"Japan",0,76,"married",7,7
392070487,"Japan",0,80,"married",10,10
392070488,"Japan",0,48,"married",9,9
392070489,"Japan",0,55,"married",4,3
392070490,"Japan",0,66,"married",10,9
392070491,"Japan",0,65,"married",8,8
392070492,"Japan",1,52,"divorced",5,8
392070493,"Japan",1,45,"married",7,8
392070494,"Japan",0,65,"divorced",3,6
392070495,"Japan",0,81,NA,7,5
392070496,"Japan",0,66,"married",6,4
392070497,"Japan",1,63,"married",2,4
392070498,"Japan",1,52,"married",7,6
392070499,"Japan",0,19,"single",3,7
392070500,"Japan",0,45,"married",4,9
392070501,"Japan",0,54,"married",3,3
392070502,"Japan",1,62,"married",3,9
392070503,"Japan",0,61,"married",7,4
392070504,"Japan",1,39,"married",7,9
392070505,"Japan",1,48,"married",6,7
392070506,"Japan",1,82,"married",7,8
392070507,"Japan",0,94,"widowed",5,8
392070508,"Japan",1,66,"married",5,9
392070509,"Japan",0,82,"married",6,5
392070510,"Japan",1,45,"single",10,8
392070511,"Japan",1,60,"married",5,7
392070512,"Japan",0,60,"married",3,3
392070513,"Japan",0,54,"divorced",7,6
392070514,"Japan",0,45,"single",4,5
392070515,"Japan",0,64,"married",3,3
392070516,"Japan",0,69,"married",5,9
392070517,"Japan",1,60,"single",7,7
392070518,"Japan",0,71,"married",3,4
392070519,"Japan",1,54,"married",8,8
392070520,"Japan",0,73,"married",7,8
392070521,"Japan",0,75,"widowed",10,10
392070522,"Japan",0,41,"married",8,7
392070523,"Japan",0,57,"married",7,7
392070524,"Japan",1,34,"married",9,8
392070525,"Japan",1,33,"married",6,8
392070526,"Japan",0,28,"married",3,3
392070527,"Japan",1,67,"married",6,7
392070528,"Japan",0,59,"married",6,7
392070529,"Japan",1,91,"widowed",1,10
392070530,"Japan",1,46,"divorced",3,2
392070531,"Japan",0,46,"living together as married",7,5
392070532,"Japan",0,30,"divorced",3,2
392070533,"Japan",1,40,"married",3,8
392070534,"Japan",1,22,"single",10,5
392070535,"Japan",0,73,"married",3,6
392070536,"Japan",1,41,"married",8,7
392070537,"Japan",0,77,"married",8,8
392070538,"Japan",0,66,"married",5,9
392070539,"Japan",0,40,"married",7,6
392070540,"Japan",0,53,"married",7,7
392070541,"Japan",0,33,"married",8,5
392070542,"Japan",1,36,"single",4,6
392070543,"Japan",1,70,"married",7,NA
392070544,"Japan",1,64,NA,5,7
392070545,"Japan",1,42,"married",8,8
392070546,"Japan",1,35,"married",8,8
392070547,"Japan",1,58,"married",8,8
392070548,"Japan",0,44,"married",4,4
392070549,"Japan",1,33,"single",3,3
392070550,"Japan",1,37,"married",7,9
392070551,"Japan",1,80,"married",6,7
392070552,"Japan",1,41,"married",7,9
392070553,"Japan",1,51,"married",8,8
392070554,"Japan",1,60,"married",8,9
392070555,"Japan",1,65,"married",6,8
392070556,"Japan",1,25,"single",7,7
392070557,"Japan",1,66,"married",7,7
392070558,"Japan",1,31,"married",8,8
392070559,"Japan",1,45,"married",6,9
392070560,"Japan",1,22,"single",10,10
392070561,"Japan",1,53,"married",5,4
392070562,"Japan",1,68,"married",4,3
392070563,"Japan",0,44,"married",8,8
392070564,"Japan",1,48,"married",5,6
392070565,"Japan",1,45,"married",5,7
392070566,"Japan",0,56,"married",1,1
392070567,"Japan",0,22,"single",7,8
392070568,"Japan",1,40,"married",5,5
392070569,"Japan",1,75,"married",7,4
392070570,"Japan",0,45,"married",3,6
392070571,"Japan",0,80,"married",8,9
392070572,"Japan",1,60,"married",4,7
392070573,"Japan",0,71,"married",8,9
392070574,"Japan",1,66,"widowed",2,6
392070575,"Japan",0,75,"married",5,8
392070576,"Japan",1,61,"married",8,8
392070577,"Japan",1,70,"married",5,5
392070578,"Japan",0,50,"divorced",3,3
392070579,"Japan",0,71,"married",4,9
392070580,"Japan",1,75,"married",7,7
392070581,"Japan",0,49,"living together as married",5,7
392070582,"Japan",1,56,"married",2,2
392070583,"Japan",1,74,"married",9,9
392070584,"Japan",1,80,"married",NA,8
392070585,"Japan",0,57,"married",6,7
392070586,"Japan",0,51,"married",8,8
392070587,"Japan",0,68,"married",5,8
392070588,"Japan",1,33,"married",6,8
392070589,"Japan",1,25,"divorced",8,1
392070590,"Japan",0,70,"married",5,5
392070591,"Japan",0,77,"married",7,7
392070592,"Japan",0,81,"married",7,9
392070593,"Japan",1,60,"married",5,7
392070594,"Japan",1,71,"married",6,7
392070595,"Japan",1,37,"single",7,7
392070596,"Japan",0,34,"married",5,5
392070597,"Japan",1,20,"single",8,8
392070598,"Japan",0,51,"married",6,7
392070599,"Japan",1,82,"widowed",8,9
392070600,"Japan",0,74,"married",10,8
392070601,"Japan",1,40,"married",2,3
392070602,"Japan",1,20,"single",9,9
392070603,"Japan",0,80,"married",4,8
392070604,"Japan",0,39,"married",8,9
392070605,"Japan",1,72,"married",7,7
392070606,"Japan",1,66,"married",8,8
392070607,"Japan",1,82,"married",5,6
392070608,"Japan",1,19,"single",5,4
392070609,"Japan",1,71,"married",6,5
392070610,"Japan",1,46,"married",7,7
392070611,"Japan",0,76,"married",5,8
392070612,"Japan",1,45,"married",4,8
392070613,"Japan",1,47,"married",3,3
392070614,"Japan",0,52,"married",4,7
392070615,"Japan",0,81,"widowed",5,6
392070616,"Japan",1,43,"married",8,7
392070617,"Japan",0,63,"married",8,8
392070618,"Japan",0,40,"single",3,3
392070619,"Japan",1,33,"married",8,8
392070620,"Japan",0,21,"single",7,7
392070621,"Japan",1,28,"married",5,6
392070622,"Japan",1,45,"married",7,9
392070623,"Japan",0,48,"married",8,8
392070624,"Japan",1,60,"married",7,8
392070625,"Japan",0,79,"married",4,9
392070626,"Japan",0,69,"married",5,5
392070627,"Japan",0,48,"married",5,5
392070628,"Japan",0,18,"single",NA,7
392070629,"Japan",0,53,"married",8,7
392070630,"Japan",0,32,"married",9,9
392070631,"Japan",1,76,"married",5,6
392070632,"Japan",1,55,"single",5,7
392070633,"Japan",1,66,"married",5,8
392070634,"Japan",1,73,"married",NA,NA
392070635,"Japan",0,53,"married",8,4
392070636,"Japan",0,39,"married",7,7
392070637,"Japan",1,60,"married",5,8
392070638,"Japan",0,54,"married",2,5
392070639,"Japan",1,74,"married",4,8
392070640,"Japan",1,30,"married",8,5
392070641,"Japan",0,49,"married",7,8
392070642,"Japan",0,52,"married",7,7
392070643,"Japan",0,36,"married",9,3
392070644,"Japan",0,68,"married",5,8
392070645,"Japan",0,39,"married",1,3
392070646,"Japan",1,65,"widowed",7,8
392070647,"Japan",1,42,"divorced",5,10
392070648,"Japan",1,59,"married",8,10
392070649,"Japan",1,81,"married",9,9
392070650,"Japan",1,35,"married",7,7
392070651,"Japan",1,61,"married",3,5
392070652,"Japan",1,82,NA,5,7
392070653,"Japan",0,44,"married",5,8
392070654,"Japan",0,53,"married",6,7
392070655,"Japan",1,69,"married",3,7
392070656,"Japan",0,63,"married",5,5
392070657,"Japan",1,72,"married",NA,7
392070658,"Japan",1,69,"widowed",7,6
392070659,"Japan",0,40,"married",6,8
392070660,"Japan",0,53,"married",6,6
392070661,"Japan",1,80,"widowed",6,8
392070662,"Japan",0,81,"married",6,8
392070663,"Japan",0,68,"married",7,8
392070664,"Japan",0,64,"married",5,7
392070665,"Japan",0,36,"married",6,7
392070666,"Japan",1,56,"living together as married",9,5
392070667,"Japan",0,42,"married",8,8
392070668,"Japan",1,40,"married",7,8
392070669,"Japan",0,69,"married",4,5
392070670,"Japan",1,69,"married",2,4
392070671,"Japan",1,69,"widowed",8,8
392070672,"Japan",0,62,"married",8,8
392070673,"Japan",1,80,"widowed",5,7
392070674,"Japan",1,77,"widowed",7,10
392070675,"Japan",0,43,"divorced",10,6
392070676,"Japan",1,73,"married",4,6
392070677,"Japan",0,54,"married",5,10
392070678,"Japan",0,65,"single",8,9
392070679,"Japan",1,73,"married",4,7
392070680,"Japan",1,82,"widowed",10,9
392070681,"Japan",0,47,"living together as married",8,8
392070682,"Japan",1,51,"married",3,5
392070683,"Japan",1,75,"widowed",1,9
392070684,"Japan",0,56,"single",8,8
392070685,"Japan",1,42,"married",4,3
392070686,"Japan",1,60,"married",1,1
392070687,"Japan",1,42,"married",8,8
392070688,"Japan",0,60,"divorced",10,7
392070689,"Japan",1,74,"single",5,10
392070690,"Japan",0,75,"married",7,10
392070691,"Japan",0,64,"married",4,5
392070692,"Japan",1,63,"married",3,2
392070693,"Japan",0,55,"married",4,8
392070694,"Japan",0,63,"married",8,9
392070695,"Japan",0,21,"single",8,8
392070696,"Japan",0,48,"married",6,6
392070697,"Japan",0,53,"living together as married",8,7
392070698,"Japan",0,64,"married",6,7
392070699,"Japan",0,26,"married",7,9
392070700,"Japan",1,72,"married",6,8
392070701,"Japan",1,45,"married",7,7
392070702,"Japan",0,40,"married",8,9
392070703,"Japan",1,44,"married",9,7
392070704,"Japan",1,80,"divorced",4,8
392070705,"Japan",0,35,"married",6,6
392070706,"Japan",1,71,"married",5,5
392070707,"Japan",1,35,"married",7,8
392070708,"Japan",1,72,"married",7,7
392070709,"Japan",1,65,"divorced",5,7
392070710,"Japan",0,75,"married",7,8
392070711,"Japan",1,31,"married",7,8
392070712,"Japan",0,69,"widowed",7,8
392070713,"Japan",0,53,"married",NA,6
392070714,"Japan",0,82,"married",7,9
392070715,"Japan",1,61,"widowed",10,9
392070716,"Japan",1,78,"married",6,8
392070717,"Japan",1,65,"married",7,9
392070718,"Japan",1,65,"widowed",5,5
392070719,"Japan",0,51,"single",5,5
392070720,"Japan",0,61,"married",9,8
392070721,"Japan",1,42,"divorced",7,7
392070722,"Japan",0,51,"married",5,8
392070723,"Japan",1,60,"married",7,7
392070724,"Japan",1,38,"married",5,8
392070725,"Japan",0,36,"married",9,8
392070726,"Japan",1,42,"married",8,8
392070727,"Japan",1,44,"married",NA,7
392070728,"Japan",1,83,"married",6,7
392070729,"Japan",1,65,"married",8,9
392070730,"Japan",1,74,"widowed",8,10
392070731,"Japan",1,67,"married",5,6
392070732,"Japan",1,35,"married",5,4
392070733,"Japan",1,47,"living together as married",3,3
392070734,"Japan",0,71,"living together as married",6,6
392070735,"Japan",1,73,"married",5,2
392070736,"Japan",0,43,"married",7,8
392070737,"Japan",1,68,"married",NA,6
392070738,"Japan",0,48,"married",6,4
392070739,"Japan",0,37,"married",4,4
392070740,"Japan",1,77,"married",6,5
392070741,"Japan",0,36,"married",7,8
392070742,"Japan",1,65,"married",7,8
392070743,"Japan",0,35,"married",7,8
392070744,"Japan",0,68,"married",2,8
392070745,"Japan",0,65,"married",5,6
392070746,"Japan",1,67,"married",8,9
392070747,"Japan",0,76,"divorced",7,7
392070748,"Japan",1,44,"divorced",3,5
392070749,"Japan",1,29,"married",8,9
392070750,"Japan",1,26,"married",6,7
392070751,"Japan",1,67,"married",5,9
392070752,"Japan",1,51,"separated",6,7
392070753,"Japan",1,38,"married",5,5
392070754,"Japan",0,28,"married",5,4
392070755,"Japan",0,49,"married",7,8
392070756,"Japan",0,42,"married",3,5
392070757,"Japan",1,36,"married",6,6
392070758,"Japan",1,37,"married",8,8
392070759,"Japan",1,34,"married",6,8
392070760,"Japan",0,21,"single",8,7
392070761,"Japan",1,52,"married",6,6
392070762,"Japan",1,36,"married",9,8
392070763,"Japan",0,81,"married",3,6
392070764,"Japan",0,63,"widowed",5,3
392070765,"Japan",0,21,"single",4,4
392070766,"Japan",0,75,NA,8,5
392070767,"Japan",1,29,"married",8,9
392070768,"Japan",1,35,"married",5,7
392070769,"Japan",0,83,"married",3,7
392070770,"Japan",0,26,"single",6,3
392070771,"Japan",1,55,"married",8,8
392070772,"Japan",1,54,"divorced",2,2
392070773,"Japan",1,80,"widowed",4,7
392070774,"Japan",1,24,"single",6,10
392070775,"Japan",0,47,"married",7,8
392070776,"Japan",0,81,"married",7,8
392070777,"Japan",1,45,"married",7,8
392070778,"Japan",1,80,"married",3,2
392070779,"Japan",1,30,"married",6,3
392070780,"Japan",0,52,"married",8,7
392070781,"Japan",0,20,"single",5,7
392070782,"Japan",1,38,"married",7,9
392070783,"Japan",0,64,"married",7,8
392070784,"Japan",1,83,"widowed",5,7
392070785,"Japan",1,67,"married",8,8
392070786,"Japan",0,26,"married",8,9
392070787,"Japan",0,55,"married",7,6
392070788,"Japan",0,82,"married",5,7
392070789,"Japan",0,72,"married",5,5
392070790,"Japan",0,68,"married",3,6
392070791,"Japan",1,28,"single",7,9
392070792,"Japan",0,52,"single",3,5
392070793,"Japan",0,46,"married",6,3
392070794,"Japan",0,72,"married",7,10
392070795,"Japan",1,44,"separated",2,7
392070796,"Japan",0,41,"married",5,5
392070797,"Japan",1,68,"married",5,5
392070798,"Japan",1,57,"married",7,8
392070799,"Japan",0,78,"married",7,8
392070800,"Japan",0,82,"married",NA,7
392070801,"Japan",1,29,"married",6,7
392070802,"Japan",1,56,"divorced",8,7
392070803,"Japan",1,38,"married",5,5
392070804,"Japan",1,43,"divorced",3,3
392070805,"Japan",0,22,"single",6,7
392070806,"Japan",0,81,"separated",4,4
392070807,"Japan",0,82,"married",6,4
392070808,"Japan",1,63,"married",6,9
392070809,"Japan",1,33,"married",7,8
392070810,"Japan",1,72,"married",8,8
392070811,"Japan",0,45,"single",4,5
392070812,"Japan",0,27,"single",7,7
392070813,"Japan",1,35,"married",5,8
392070814,"Japan",1,59,"married",7,7
392070815,"Japan",0,64,"married",NA,6
392070816,"Japan",0,36,"married",5,8
392070817,"Japan",0,26,"single",7,6
392070818,"Japan",1,26,"married",7,7
392070819,"Japan",0,56,"married",3,4
392070820,"Japan",1,66,"married",3,3
392070821,"Japan",1,61,"married",5,7
392070822,"Japan",0,72,"married",7,7
392070823,"Japan",1,19,"single",7,9
392070824,"Japan",1,48,"married",6,8
392070825,"Japan",1,74,"widowed",8,8
392070826,"Japan",0,51,"married",8,8
392070827,"Japan",0,81,"married",6,7
392070828,"Japan",0,78,"married",6,7
392070829,"Japan",1,69,"married",8,8
392070830,"Japan",1,80,"widowed",5,5
392070831,"Japan",1,73,"widowed",5,7
392070832,"Japan",1,74,"married",3,5
392070833,"Japan",1,61,"married",8,9
392070834,"Japan",1,34,"married",5,4
392070835,"Japan",0,69,"single",8,8
392070836,"Japan",0,74,"married",7,7
392070837,"Japan",0,48,"living together as married",7,7
392070838,"Japan",1,87,"widowed",5,9
392070839,"Japan",0,58,"married",4,3
392070840,"Japan",1,61,"married",5,7
392070841,"Japan",0,46,"married",7,6
392070842,"Japan",0,91,"widowed",5,5
392070843,"Japan",0,58,"married",3,4
392070844,"Japan",0,64,"married",7,8
392070845,"Japan",0,67,"married",7,7
392070846,"Japan",0,43,"married",5,10
392070847,"Japan",1,40,"married",4,7
392070848,"Japan",0,33,"married",7,7
392070849,"Japan",1,82,"widowed",7,4
392070850,"Japan",0,45,"married",8,8
392070851,"Japan",1,48,"married",8,8
392070852,"Japan",0,58,"married",2,2
392070853,"Japan",1,45,"married",7,8
392070854,"Japan",1,32,"married",8,8
392070855,"Japan",1,80,"living together as married",10,10
392070856,"Japan",0,63,"married",1,6
392070857,"Japan",1,65,"married",7,7
392070858,"Japan",1,65,"married",6,8
392070859,"Japan",1,35,"married",8,9
392070860,"Japan",1,42,"married",8,8
392070861,"Japan",0,54,"married",8,10
392070862,"Japan",1,33,"married",7,7
392070863,"Japan",1,82,NA,5,9
392070864,"Japan",0,44,"married",6,8
392070865,"Japan",0,36,"married",5,5
392070866,"Japan",1,67,"married",8,3
392070867,"Japan",1,43,"married",5,9
392070868,"Japan",0,41,"married",7,7
392070869,"Japan",1,55,"married",4,8
392070870,"Japan",0,39,"married",9,8
392070871,"Japan",0,20,"single",2,4
392070872,"Japan",1,52,"married",8,10
392070873,"Japan",1,82,"widowed",3,7
392070874,"Japan",1,58,"married",3,7
392070875,"Japan",1,69,"married",8,8
392070876,"Japan",1,40,"married",5,7
392070877,"Japan",1,70,"married",3,5
392070878,"Japan",0,54,"married",8,10
392070879,"Japan",0,81,"married",8,9
392070880,"Japan",1,83,"married",8,8
392070881,"Japan",0,38,"married",10,3
392070882,"Japan",1,40,"married",6,8
392070883,"Japan",1,55,"married",5,5
392070884,"Japan",1,81,"married",4,5
392070885,"Japan",0,33,"single",6,6
392070886,"Japan",0,48,"married",5,7
392070887,"Japan",1,83,"married",5,5
392070888,"Japan",1,83,"married",6,7
392070889,"Japan",1,45,"single",7,8
392070890,"Japan",0,78,"married",8,8
392070891,"Japan",0,69,"married",5,8
392070892,"Japan",1,47,"married",5,6
392070893,"Japan",0,33,"married",7,10
392070894,"Japan",1,74,"married",5,7
392070895,"Japan",0,67,"married",3,3
392070896,"Japan",1,49,"married",3,6
392070897,"Japan",0,71,"married",7,7
392070898,"Japan",0,58,"married",3,8
392070899,"Japan",1,82,"widowed",NA,NA
392070900,"Japan",0,31,"married",5,7
392070901,"Japan",1,44,"married",6,5
392070902,"Japan",1,37,"married",4,4
392070903,"Japan",1,29,"married",7,9
392070904,"Japan",0,58,"married",3,2
392070905,"Japan",1,53,"married",7,7
392070906,"Japan",1,63,"married",6,7
392070907,"Japan",0,80,"married",5,6
392070908,"Japan",1,81,"married",6,6
392070909,"Japan",1,81,"married",6,8
392070910,"Japan",1,75,"widowed",6,6
392070911,"Japan",0,39,"married",1,1
392070912,"Japan",1,38,"married",10,8
392070913,"Japan",1,55,"married",3,2
392070914,"Japan",1,56,"married",7,7
392070915,"Japan",0,61,"married",7,8
392070916,"Japan",0,82,"married",7,8
392070917,"Japan",1,64,"married",8,10
392070918,"Japan",1,42,"married",8,8
392070919,"Japan",1,91,"widowed",5,8
392070920,"Japan",1,80,"married",8,10
392070921,"Japan",0,78,NA,6,7
392070922,"Japan",0,22,"single",6,6
392070923,"Japan",0,75,"married",6,7
392070924,"Japan",1,64,"married",5,3
392070925,"Japan",0,67,"married",8,8
392070926,"Japan",1,83,"widowed",6,10
392070927,"Japan",1,84,"widowed",5,10
392070928,"Japan",1,79,"widowed",6,8
392070929,"Japan",1,39,"married",8,9
392070930,"Japan",1,44,"married",4,4
392070931,"Japan",1,55,"divorced",9,7
392070932,"Japan",1,81,"married",4,8
392070933,"Japan",1,48,"married",4,4
392070934,"Japan",0,50,"married",8,7
392070935,"Japan",1,55,"married",5,10
392070936,"Japan",0,56,"married",8,7
392070937,"Japan",0,69,"married",5,7
392070938,"Japan",1,77,"married",5,5
392070939,"Japan",0,72,"married",5,7
392070940,"Japan",0,70,"married",5,8
392070941,"Japan",1,50,"married",3,3
392070942,"Japan",1,76,"divorced",3,4
392070943,"Japan",1,35,"married",7,8
392070944,"Japan",1,72,"married",7,7
392070945,"Japan",0,58,"married",8,8
392070946,"Japan",1,49,"married",7,7
392070947,"Japan",1,37,"single",7,6
392070948,"Japan",1,41,"married",5,5
392070949,"Japan",0,68,"married",4,6
392070950,"Japan",1,86,"married",5,10
392070951,"Japan",1,49,"married",6,8
392070952,"Japan",0,71,"divorced",3,5
392070953,"Japan",1,39,"married",7,8
392070954,"Japan",1,73,"married",7,10
392070955,"Japan",0,76,"married",8,7
392070956,"Japan",0,52,"married",7,10
392070957,"Japan",0,61,"married",6,8
392070958,"Japan",0,65,"married",5,8
392070959,"Japan",1,25,"single",10,9
392070960,"Japan",0,21,"single",6,6
392070961,"Japan",1,58,"married",5,8
392070962,"Japan",1,72,"single",7,8
392070963,"Japan",1,75,"married",7,8
392070964,"Japan",1,63,"married",7,8
392070965,"Japan",1,27,"married",8,6
392070966,"Japan",0,28,"single",8,9
392070967,"Japan",0,22,"single",6,7
392070968,"Japan",1,44,"married",6,8
392070969,"Japan",1,67,"single",7,8
392070970,"Japan",1,72,"widowed",9,9
392070971,"Japan",1,64,"married",5,10
392070972,"Japan",1,28,"married",NA,9
392070973,"Japan",1,54,"married",7,7
392070974,"Japan",1,46,"married",3,5
392070975,"Japan",1,41,"married",3,3
392070976,"Japan",0,32,"married",8,9
392070977,"Japan",0,73,"married",6,6
392070978,"Japan",1,64,"married",7,8
392070979,"Japan",1,92,"widowed",7,7
392070980,"Japan",0,30,"married",5,3
392070981,"Japan",0,40,"married",8,10
392070982,"Japan",1,82,"married",NA,6
392070983,"Japan",1,20,"single",10,3
392070984,"Japan",0,25,"single",1,5
392070985,"Japan",1,69,"married",7,8
392070986,"Japan",0,54,"married",8,8
392070987,"Japan",0,81,"married",5,8
392070988,"Japan",0,21,"single",6,8
392070989,"Japan",1,48,"single",6,6
392070990,"Japan",1,71,"widowed",6,8
392070991,"Japan",1,45,"married",9,9
392070992,"Japan",1,79,"widowed",8,8
392070993,"Japan",1,62,"married",7,7
392070994,"Japan",1,37,"married",7,8
392070995,"Japan",0,55,"married",5,4
392070996,"Japan",1,67,"married",3,5
392070997,"Japan",0,33,"single",8,8
392070998,"Japan",0,28,"single",3,3
392070999,"Japan",1,38,"married",5,9
392071000,"Japan",1,71,"married",5,6
392071001,"Japan",1,18,"single",2,8
392071002,"Japan",1,57,"married",6,6
392071003,"Japan",0,69,"widowed",5,8
392071004,"Japan",1,82,"widowed",7,7
392071005,"Japan",0,69,"married",3,3
392071006,"Japan",1,37,"married",6,7
392071007,"Japan",0,63,"married",7,6
392071008,"Japan",1,61,"married",6,7
392071009,"Japan",1,50,"married",7,8
392071010,"Japan",1,70,"widowed",5,8
392071011,"Japan",1,70,"married",5,6
392071012,"Japan",1,53,"married",NA,9
392071013,"Japan",1,73,"widowed",2,9
392071014,"Japan",0,48,"married",4,3
392071015,"Japan",1,69,"married",8,8
392071016,"Japan",1,29,"married",6,7
392071017,"Japan",0,46,"single",7,3
392071018,"Japan",1,70,"married",7,7
392071019,"Japan",1,91,"widowed",5,5
392071020,"Japan",0,19,"single",7,8
392071021,"Japan",1,71,"widowed",2,2
392071022,"Japan",1,29,"single",10,7
392071023,"Japan",0,71,"married",9,2
392071024,"Japan",1,45,"married",6,7
392071025,"Japan",0,58,"married",6,8
392071026,"Japan",0,59,"married",8,8
392071027,"Japan",1,47,"divorced",5,5
392071028,"Japan",1,33,"married",7,4
392071029,"Japan",1,63,"married",NA,7
392071030,"Japan",0,60,"married",6,6
392071031,"Japan",0,49,"married",3,3
392071032,"Japan",1,70,"divorced",5,5
392071033,"Japan",1,47,"married",8,9
392071034,"Japan",1,20,"single",4,8
392071035,"Japan",0,53,"single",4,4
392071036,"Japan",0,28,"married",8,6
392071037,"Japan",1,61,"married",8,7
392071038,"Japan",0,64,"married",6,8
392071039,"Japan",1,57,"married",8,6
392071040,"Japan",0,68,"married",NA,6
392071041,"Japan",1,79,"married",8,9
392071042,"Japan",1,60,"married",7,7
392071043,"Japan",1,23,"single",4,9
392071044,"Japan",1,42,"married",6,8
392071045,"Japan",0,71,"married",7,7
392071046,"Japan",1,50,"married",NA,5
392071047,"Japan",0,19,"single",10,10
392071048,"Japan",1,39,"married",8,8
392071049,"Japan",1,58,"single",5,5
392071050,"Japan",0,70,"married",1,1
392071051,"Japan",1,51,"married",6,7
392071052,"Japan",0,70,"married",8,8
392071053,"Japan",0,38,"married",6,5
392071054,"Japan",0,52,"married",7,7
392071055,"Japan",0,18,"single",7,7
392071056,"Japan",0,64,"single",5,4
392071057,"Japan",0,50,"married",7,8
392071058,"Japan",0,56,"married",6,6
392071059,"Japan",0,63,"married",4,7
392071060,"Japan",0,71,"married",5,6
392071061,"Japan",0,34,"married",10,10
392071062,"Japan",0,81,"married",6,5
392071063,"Japan",1,40,"married",4,5
392071064,"Japan",1,72,"married",5,5
392071065,"Japan",1,62,"married",6,8
392071066,"Japan",0,42,"married",6,7
392071067,"Japan",1,32,"single",3,4
392071068,"Japan",0,69,"married",8,7
392071069,"Japan",0,66,"married",NA,NA
392071070,"Japan",1,30,"single",8,8
392071071,"Japan",1,76,"married",6,5
392071072,"Japan",1,27,"single",10,5
392071073,"Japan",1,74,"married",8,9
392071074,"Japan",0,89,"married",8,8
392071075,"Japan",0,42,"single",7,1
392071076,"Japan",1,22,"single",5,6
392071077,"Japan",0,48,"married",5,7
392071078,"Japan",1,77,"married",6,8
392071079,"Japan",1,82,"married",6,5
392071080,"Japan",1,22,"single",7,7
392071081,"Japan",0,62,"married",5,3
392071082,"Japan",1,80,"widowed",4,7
392071083,"Japan",0,21,"single",5,8
392071084,"Japan",0,37,"married",7,5
392071085,"Japan",1,35,"married",7,9
392071086,"Japan",1,82,"married",8,8
392071087,"Japan",0,67,"married",8,10
392071088,"Japan",1,48,"married",7,8
392071089,"Japan",1,41,"married",5,7
392071090,"Japan",0,35,"married",7,9
392071091,"Japan",0,69,"living together as married",6,8
392071092,"Japan",1,42,"married",4,6
392071093,"Japan",1,76,"married",5,5
392071094,"Japan",1,34,"married",6,7
392071095,"Japan",1,67,"married",6,6
392071096,"Japan",1,36,"married",8,9
392071097,"Japan",0,70,"married",6,8
392071098,"Japan",1,55,"divorced",5,3
392071099,"Japan",0,45,"single",4,4
392071100,"Japan",1,46,"married",9,8
392071101,"Japan",1,61,"widowed",5,5
392071102,"Japan",1,62,"married",6,7
392071103,"Japan",1,21,"single",6,5
392071104,"Japan",1,48,"married",6,6
392071105,"Japan",1,72,"married",NA,NA
392071106,"Japan",0,38,"married",7,7
392071107,"Japan",1,36,"single",4,6
392071108,"Japan",1,81,"widowed",1,3
392071109,"Japan",0,53,"married",7,8
392071110,"Japan",0,42,"married",6,3
392071111,"Japan",1,55,"married",4,4
392071112,"Japan",0,28,"single",9,9
392071113,"Japan",1,64,"married",7,8
392071114,"Japan",1,22,"single",8,4
392071115,"Japan",1,34,"married",10,9
392071116,"Japan",1,83,"divorced",8,8
392071117,"Japan",0,67,"married",2,6
392071118,"Japan",1,45,"married",8,10
392071119,"Japan",1,61,"married",4,6
392071120,"Japan",1,43,"married",5,8
392071121,"Japan",0,77,"married",5,8
392071122,"Japan",0,85,"married",5,6
392071123,"Japan",0,36,"married",8,8
392071124,"Japan",0,61,"married",7,5
392071125,"Japan",1,49,"married",10,10
392071126,"Japan",1,80,"widowed",5,5
392071127,"Japan",0,27,"living together as married",1,1
392071128,"Japan",0,48,"married",8,3
392071129,"Japan",1,40,"single",3,5
392071130,"Japan",1,61,"widowed",8,10
392071131,"Japan",0,45,"divorced",8,8
392071132,"Japan",0,69,"divorced",7,8
392071133,"Japan",1,82,"married",10,10
392071134,"Japan",0,48,"married",4,3
392071135,"Japan",1,31,"single",5,7
392071136,"Japan",1,73,"widowed",5,8
392071137,"Japan",1,56,"widowed",7,9
392071138,"Japan",0,55,"married",5,8
392071139,"Japan",0,31,"single",5,5
392071140,"Japan",0,67,"married",4,6
392071141,"Japan",1,85,"married",2,7
392071142,"Japan",1,46,"married",5,9
392071143,"Japan",1,68,"married",7,7
392071144,"Japan",0,70,"married",8,8
392071145,"Japan",0,45,"married",6,6
392071146,"Japan",0,53,"married",4,4
392071147,"Japan",1,75,"widowed",7,7
392071148,"Japan",0,38,"married",7,4
392071149,"Japan",1,38,"married",2,3
392071150,"Japan",1,64,"married",5,7
392071151,"Japan",1,76,"married",7,7
392071152,"Japan",0,46,"married",7,4
392071153,"Japan",1,72,"married",6,7
392071154,"Japan",1,28,"single",5,4
392071155,"Japan",1,21,"single",8,8
392071156,"Japan",1,53,"married",8,9
392071157,"Japan",1,41,"married",7,8
392071158,"Japan",1,25,"single",8,6
392071159,"Japan",1,30,"divorced",8,8
392071160,"Japan",1,55,"married",NA,5
392071161,"Japan",0,52,"married",6,5
392071162,"Japan",1,70,"married",7,7
392071163,"Japan",1,55,"married",NA,8
392071164,"Japan",1,65,"married",8,9
392071165,"Japan",1,28,"single",8,8
392071166,"Japan",1,69,"divorced",7,6
392071167,"Japan",1,58,"married",5,6
392071168,"Japan",1,38,"divorced",5,9
392071169,"Japan",0,45,"married",7,7
392071170,"Japan",1,19,"single",8,9
392071171,"Japan",1,18,"single",7,10
392071172,"Japan",1,62,"married",5,7
392071173,"Japan",1,65,"married",8,9
392071174,"Japan",1,51,"married",3,4
392071175,"Japan",0,65,"married",5,8
392071176,"Japan",1,34,"single",5,7
392071177,"Japan",0,66,"married",7,6
392071178,"Japan",0,70,"married",6,7
392071179,"Japan",0,51,"widowed",8,6
392071180,"Japan",1,73,"widowed",7,6
392071181,"Japan",1,70,"married",7,6
392071182,"Japan",1,33,"married",5,5
392071183,"Japan",0,58,"married",10,7
392071184,"Japan",0,38,"married",7,8
392071185,"Japan",1,41,"married",8,8
392071186,"Japan",0,61,"married",8,8
392071187,"Japan",1,59,"married",8,8
392071188,"Japan",1,42,"married",5,2
392071189,"Japan",1,25,"single",10,10
392071190,"Japan",1,73,"widowed",7,8
392071191,"Japan",1,26,"married",NA,NA
392071192,"Japan",1,22,"single",6,6
392071193,"Japan",1,29,"married",6,6
392071194,"Japan",0,37,"married",6,6
392071195,"Japan",0,38,"married",4,3
392071196,"Japan",1,56,"married",4,2
392071197,"Japan",1,35,"married",6,8
392071198,"Japan",1,48,"married",6,4
392071199,"Japan",1,63,"married",10,8
392071200,"Japan",1,71,"divorced",9,8
392071201,"Japan",0,67,"single",4,4
392071202,"Japan",1,26,"single",6,10
392071203,"Japan",0,65,"married",8,9
392071204,"Japan",1,55,"married",7,5
392071205,"Japan",0,79,"married",5,3
392071206,"Japan",0,71,"married",5,5
392071207,"Japan",1,22,"single",7,7
392071208,"Japan",0,35,"single",5,5
392071209,"Japan",1,29,"single",3,5
392071210,"Japan",0,54,"married",5,8
392071211,"Japan",0,33,"married",4,5
392071212,"Japan",1,48,"divorced",3,5
392071213,"Japan",0,37,"married",7,7
392071214,"Japan",0,21,"single",5,5
392071215,"Japan",1,40,"married",2,8
392071216,"Japan",1,72,"married",2,2
392071217,"Japan",0,69,"married",7,7
392071218,"Japan",0,58,"married",7,8
392071219,"Japan",1,41,"single",8,7
392071220,"Japan",0,29,"married",8,7
392071221,"Japan",0,24,"married",3,6
392071222,"Japan",1,58,"married",6,8
392071223,"Japan",0,57,"single",3,3
392071224,"Japan",0,44,"married",7,4
392071225,"Japan",1,40,"divorced",9,8
392071226,"Japan",0,28,"married",7,7
392071227,"Japan",0,55,"married",4,4
392071228,"Japan",1,63,"married",5,7
392071229,"Japan",0,71,"married",6,7
392071230,"Japan",0,37,"married",5,7
392071231,"Japan",0,63,"married",5,5
392071232,"Japan",1,30,"single",8,6
392071233,"Japan",1,42,"separated",6,4
392071234,"Japan",1,38,"married",4,7
392071235,"Japan",1,66,"married",6,8
392071236,"Japan",0,57,"married",8,8
392071237,"Japan",1,48,"married",8,8
392071238,"Japan",1,41,"married",8,9
392071239,"Japan",0,80,"married",7,6
392071240,"Japan",1,59,"married",7,8
392071241,"Japan",0,34,"married",7,8
392071242,"Japan",0,46,"living together as married",4,5
392071243,"Japan",1,36,"married",8,8
392071244,"Japan",1,40,"married",6,8
392071245,"Japan",0,80,"married",8,10
392071246,"Japan",1,82,"widowed",8,8
392071247,"Japan",0,47,"married",5,8
392071248,"Japan",1,40,"married",8,7
392071249,"Japan",1,48,"married",7,6
392071250,"Japan",0,32,"married",NA,NA
392071251,"Japan",0,36,"married",7,7
392071252,"Japan",1,77,"married",5,5
392071253,"Japan",0,63,"married",6,5
392071254,"Japan",1,36,"married",3,9
392071255,"Japan",1,60,"widowed",4,7
392071256,"Japan",1,37,"married",6,7
392071257,"Japan",1,52,"married",5,7
392071258,"Japan",1,37,"divorced",8,6
392071259,"Japan",0,49,"married",6,7
392071260,"Japan",1,66,"married",7,7
392071261,"Japan",0,22,"single",6,6
392071262,"Japan",1,44,"married",7,8
392071263,"Japan",1,20,"single",4,8
392071264,"Japan",1,23,"single",5,4
392071265,"Japan",1,71,"married",7,7
392071266,"Japan",1,34,"married",8,7
392071267,"Japan",0,50,"married",7,7
392071268,"Japan",0,23,"single",6,6
392071269,"Japan",0,50,"married",6,6
392071270,"Japan",1,72,"married",8,8
392071271,"Japan",1,38,"married",9,9
392071272,"Japan",0,35,"married",6,7
392071273,"Japan",1,46,"married",7,6
392071274,"Japan",0,72,"married",7,6
392071275,"Japan",0,66,"married",8,8
392071276,"Japan",1,28,"single",10,9
392071277,"Japan",1,37,"married",7,7
392071278,"Japan",1,82,"widowed",8,10
392071279,"Japan",0,36,"married",8,8
392071280,"Japan",1,47,"married",8,8
392071281,"Japan",1,63,"married",5,8
392071282,"Japan",1,29,"married",6,7
392071283,"Japan",0,75,"married",4,4
392071284,"Japan",1,45,"married",6,7
392071285,"Japan",1,43,"married",5,8
392071286,"Japan",1,51,"married",3,7
392071287,"Japan",1,54,"married",5,5
392071288,"Japan",1,50,"married",5,5
392071289,"Japan",1,64,"married",3,5
392071290,"Japan",0,77,"married",7,4
392071291,"Japan",1,53,"married",7,8
392071292,"Japan",1,76,"married",NA,5
392071293,"Japan",1,50,"divorced",5,3
392071294,"Japan",1,24,"single",9,5
392071295,"Japan",1,50,"married",7,7
392071296,"Japan",0,81,"married",7,7
392071297,"Japan",0,64,"divorced",7,6
392071298,"Japan",0,53,"married",4,6
392071299,"Japan",1,44,"married",4,4
392071300,"Japan",0,31,"married",7,8
392071301,"Japan",1,63,"married",4,7
392071302,"Japan",0,81,"widowed",6,7
392071303,"Japan",1,33,"single",2,4
392071304,"Japan",0,41,"married",7,8
392071305,"Japan",0,54,"married",7,8
392071306,"Japan",1,50,"married",8,9
392071307,"Japan",1,49,"divorced",6,5
392071308,"Japan",1,38,"married",6,7
392071309,"Japan",1,76,"married",6,7
392071310,"Japan",1,75,"married",5,5
392071311,"Japan",1,70,"married",3,4
392071312,"Japan",1,53,"married",4,4
392071313,"Japan",1,55,"divorced",4,6
392071314,"Japan",1,32,"married",3,2
392071315,"Japan",0,48,"married",8,8
392071316,"Japan",0,45,"married",7,9
392071317,"Japan",1,67,"divorced",10,7
392071318,"Japan",1,82,"married",5,7
392071319,"Japan",0,49,"married",3,2
392071320,"Japan",1,55,"married",8,8
392071321,"Japan",1,32,"married",7,8
392071322,"Japan",1,53,"single",7,6
392071323,"Japan",0,52,"single",6,7
392071324,"Japan",1,47,"single",8,10
392071325,"Japan",0,50,"divorced",3,5
392071326,"Japan",0,53,NA,5,4
392071327,"Japan",1,75,"widowed",4,7
392071328,"Japan",0,26,"married",5,7
392071329,"Japan",1,76,"widowed",1,10
392071330,"Japan",1,19,"single",7,5
392071331,"Japan",1,38,"married",4,6
392071332,"Japan",0,76,"married",5,7
392071333,"Japan",0,20,"single",10,7
392071334,"Japan",1,71,"widowed",5,5
392071335,"Japan",1,72,"married",NA,NA
392071336,"Japan",1,25,"divorced",4,5
392071337,"Japan",0,82,"married",7,8
392071338,"Japan",1,77,"widowed",1,NA
392071339,"Japan",0,65,"married",5,5
392071340,"Japan",1,77,"married",7,8
392071341,"Japan",1,21,"single",7,7
392071342,"Japan",0,34,"married",8,4
392071343,"Japan",0,34,"married",5,4
392071344,"Japan",0,54,"married",8,8
392071345,"Japan",0,46,"divorced",9,9
392071346,"Japan",0,46,"married",5,5
392071347,"Japan",1,83,"married",8,9
392071348,"Japan",1,27,"married",7,7
392071349,"Japan",1,63,"married",8,9
392071350,"Japan",0,56,"married",8,8
392071351,"Japan",0,78,"married",9,8
392071352,"Japan",0,38,"married",6,8
392071353,"Japan",1,23,"single",6,4
410070001,"Korea, Republic of",1,64,"married",8,7
410070002,"Korea, Republic of",0,67,"married",5,6
410070003,"Korea, Republic of",0,58,"married",8,8
410070004,"Korea, Republic of",1,57,"married",5,6
410070005,"Korea, Republic of",0,29,"single",8,8
410070006,"Korea, Republic of",1,44,"divorced",4,5
410070007,"Korea, Republic of",1,38,"married",4,7
410070008,"Korea, Republic of",0,24,"single",6,9
410070009,"Korea, Republic of",1,68,"married",7,7
410070010,"Korea, Republic of",0,50,"married",8,8
410070011,"Korea, Republic of",1,60,"married",8,8
410070012,"Korea, Republic of",1,48,"married",8,7
410070013,"Korea, Republic of",0,48,"married",7,8
410070014,"Korea, Republic of",1,39,"married",7,6
410070015,"Korea, Republic of",1,25,"single",7,4
410070016,"Korea, Republic of",1,59,"married",8,7
410070017,"Korea, Republic of",1,28,"single",7,6
410070018,"Korea, Republic of",1,64,"married",6,6
410070019,"Korea, Republic of",0,21,"single",8,7
410070020,"Korea, Republic of",1,52,"married",6,5
410070021,"Korea, Republic of",0,63,"married",9,7
410070022,"Korea, Republic of",1,62,"married",5,6
410070023,"Korea, Republic of",0,50,"married",7,6
410070024,"Korea, Republic of",0,63,"married",9,8
410070025,"Korea, Republic of",0,30,"married",7,8
410070026,"Korea, Republic of",0,54,"married",7,7
410070027,"Korea, Republic of",1,35,"married",8,7
410070028,"Korea, Republic of",0,20,"single",6,6
410070029,"Korea, Republic of",1,39,"married",9,5
410070030,"Korea, Republic of",0,57,"married",7,8
410070031,"Korea, Republic of",0,50,"married",8,7
410070032,"Korea, Republic of",0,26,"single",7,6
410070033,"Korea, Republic of",1,59,"married",7,6
410070034,"Korea, Republic of",0,48,"married",6,6
410070035,"Korea, Republic of",1,48,"married",7,6
410070036,"Korea, Republic of",1,29,"married",6,7
410070037,"Korea, Republic of",1,56,"widowed",7,6
410070038,"Korea, Republic of",1,52,"married",8,5
410070039,"Korea, Republic of",1,50,"married",7,7
410070040,"Korea, Republic of",1,55,"married",8,6
410070041,"Korea, Republic of",1,63,"married",7,8
410070042,"Korea, Republic of",0,68,"married",8,7
410070043,"Korea, Republic of",1,37,"married",7,7
410070044,"Korea, Republic of",0,78,"married",7,7
410070045,"Korea, Republic of",1,18,"single",8,7
410070046,"Korea, Republic of",0,46,"married",4,5
410070047,"Korea, Republic of",0,18,"single",5,5
410070048,"Korea, Republic of",1,60,"married",7,7
410070049,"Korea, Republic of",0,44,"single",4,5
410070050,"Korea, Republic of",0,69,"married",8,7
410070051,"Korea, Republic of",1,49,"married",8,7
410070052,"Korea, Republic of",0,26,"single",7,7
410070053,"Korea, Republic of",0,54,"married",7,7
410070054,"Korea, Republic of",0,43,"married",7,6
410070055,"Korea, Republic of",1,82,"married",7,6
410070056,"Korea, Republic of",0,39,"married",7,7
410070057,"Korea, Republic of",1,47,"married",7,8
410070058,"Korea, Republic of",0,28,"single",8,7
410070059,"Korea, Republic of",0,56,"married",7,6
410070060,"Korea, Republic of",0,33,"married",7,7
410070061,"Korea, Republic of",0,48,"divorced",7,6
410070062,"Korea, Republic of",1,42,"married",9,7
410070063,"Korea, Republic of",0,28,"single",6,6
410070064,"Korea, Republic of",1,36,"married",7,8
410070065,"Korea, Republic of",0,30,"single",8,8
410070066,"Korea, Republic of",1,58,"married",7,7
410070067,"Korea, Republic of",1,28,"married",4,4
410070068,"Korea, Republic of",1,47,"married",6,7
410070069,"Korea, Republic of",0,40,"married",9,8
410070070,"Korea, Republic of",1,45,"married",8,8
410070071,"Korea, Republic of",0,44,"single",9,6
410070072,"Korea, Republic of",0,25,"single",7,7
410070073,"Korea, Republic of",1,49,"married",5,7
410070074,"Korea, Republic of",1,51,"married",8,7
410070075,"Korea, Republic of",1,60,"married",8,8
410070076,"Korea, Republic of",1,19,"single",7,4
410070077,"Korea, Republic of",1,54,"married",7,7
410070078,"Korea, Republic of",1,33,"married",7,8
410070079,"Korea, Republic of",1,46,"married",5,7
410070080,"Korea, Republic of",0,58,"married",7,7
410070081,"Korea, Republic of",0,44,"married",7,5
410070082,"Korea, Republic of",1,25,"single",8,6
410070083,"Korea, Republic of",1,48,"married",4,6
410070084,"Korea, Republic of",1,62,"married",7,7
410070085,"Korea, Republic of",0,25,"married",8,7
410070086,"Korea, Republic of",0,59,"married",3,6
410070087,"Korea, Republic of",0,22,"single",7,7
410070088,"Korea, Republic of",0,65,"married",5,5
410070089,"Korea, Republic of",1,33,"married",9,7
410070090,"Korea, Republic of",1,52,"married",6,7
410070091,"Korea, Republic of",0,30,"single",9,8
410070092,"Korea, Republic of",1,38,"married",7,8
410070093,"Korea, Republic of",1,50,"married",4,5
410070094,"Korea, Republic of",0,53,"married",8,7
410070095,"Korea, Republic of",1,61,"married",8,8
410070096,"Korea, Republic of",1,42,"married",9,8
410070097,"Korea, Republic of",0,62,"married",8,6
410070098,"Korea, Republic of",1,45,"married",9,7
410070099,"Korea, Republic of",1,23,"single",8,8
410070100,"Korea, Republic of",0,57,"married",8,8
410070101,"Korea, Republic of",1,60,"living together as married",2,4
410070102,"Korea, Republic of",1,27,"single",5,7
410070103,"Korea, Republic of",0,44,"married",9,8
410070104,"Korea, Republic of",1,59,"married",5,5
410070105,"Korea, Republic of",0,20,"single",8,7
410070106,"Korea, Republic of",0,35,"single",10,9
410070107,"Korea, Republic of",0,40,"married",7,8
410070108,"Korea, Republic of",1,63,"married",5,5
410070109,"Korea, Republic of",1,18,"single",6,5
410070110,"Korea, Republic of",0,57,"married",7,6
410070111,"Korea, Republic of",0,58,"single",6,6
410070112,"Korea, Republic of",0,28,"single",7,7
410070113,"Korea, Republic of",1,34,"married",7,8
410070114,"Korea, Republic of",0,69,"married",9,4
410070115,"Korea, Republic of",1,88,"widowed",7,4
410070116,"Korea, Republic of",1,79,"widowed",7,4
410070117,"Korea, Republic of",1,39,"married",6,8
410070118,"Korea, Republic of",0,21,"single",7,7
410070119,"Korea, Republic of",0,64,"married",4,4
410070120,"Korea, Republic of",0,56,"married",4,4
410070121,"Korea, Republic of",0,53,"married",9,7
410070122,"Korea, Republic of",1,62,"married",7,7
410070123,"Korea, Republic of",1,50,"married",7,7
410070124,"Korea, Republic of",1,32,"single",8,7
410070125,"Korea, Republic of",0,27,"single",7,5
410070126,"Korea, Republic of",0,48,"married",5,6
410070127,"Korea, Republic of",0,31,"single",8,8
410070128,"Korea, Republic of",0,38,"married",8,7
410070129,"Korea, Republic of",1,45,"married",7,7
410070130,"Korea, Republic of",1,29,"married",7,8
410070131,"Korea, Republic of",0,46,"married",8,8
410070132,"Korea, Republic of",0,37,"single",7,8
410070133,"Korea, Republic of",1,55,"married",6,6
410070134,"Korea, Republic of",1,79,"married",6,5
410070135,"Korea, Republic of",0,47,"single",3,4
410070136,"Korea, Republic of",0,38,"married",5,7
410070137,"Korea, Republic of",0,60,"married",7,6
410070138,"Korea, Republic of",1,41,"married",6,7
410070139,"Korea, Republic of",1,56,"married",6,6
410070140,"Korea, Republic of",0,70,"married",7,9
410070141,"Korea, Republic of",0,19,"single",3,3
410070142,"Korea, Republic of",1,40,"married",10,6
410070143,"Korea, Republic of",0,53,"married",7,7
410070144,"Korea, Republic of",1,21,"single",8,8
410070145,"Korea, Republic of",0,38,"single",7,7
410070146,"Korea, Republic of",0,33,"single",5,6
410070147,"Korea, Republic of",0,38,"married",7,7
410070148,"Korea, Republic of",0,75,"married",6,8
410070149,"Korea, Republic of",0,57,"married",6,6
410070150,"Korea, Republic of",0,65,"married",7,6
410070151,"Korea, Republic of",1,57,"married",7,5
410070152,"Korea, Republic of",1,44,"married",7,7
410070153,"Korea, Republic of",1,71,"married",5,6
410070154,"Korea, Republic of",0,43,"married",7,7
410070155,"Korea, Republic of",1,41,"married",7,7
410070156,"Korea, Republic of",0,21,"single",7,7
410070157,"Korea, Republic of",1,28,"single",7,8
410070158,"Korea, Republic of",0,28,"single",5,6
410070159,"Korea, Republic of",0,49,"married",3,5
410070160,"Korea, Republic of",0,24,"single",7,6
410070161,"Korea, Republic of",1,35,"married",6,7
410070162,"Korea, Republic of",1,26,"married",8,7
410070163,"Korea, Republic of",0,34,"single",6,7
410070164,"Korea, Republic of",1,38,"married",7,7
410070165,"Korea, Republic of",1,44,"married",6,6
410070166,"Korea, Republic of",0,55,"married",7,7
410070167,"Korea, Republic of",0,46,"married",4,5
410070168,"Korea, Republic of",0,47,"married",7,6
410070169,"Korea, Republic of",1,58,"married",8,8
410070170,"Korea, Republic of",1,20,"single",9,8
410070171,"Korea, Republic of",1,60,"married",7,7
410070172,"Korea, Republic of",1,42,"married",8,7
410070173,"Korea, Republic of",0,32,"single",8,7
410070174,"Korea, Republic of",0,60,"married",7,5
410070175,"Korea, Republic of",1,62,"married",5,4
410070176,"Korea, Republic of",0,62,"married",7,8
410070177,"Korea, Republic of",1,58,"married",7,6
410070178,"Korea, Republic of",1,40,"married",7,7
410070179,"Korea, Republic of",0,32,"single",8,7
410070180,"Korea, Republic of",0,62,"married",8,6
410070181,"Korea, Republic of",1,20,"single",7,7
410070182,"Korea, Republic of",1,27,"single",8,8
410070183,"Korea, Republic of",0,63,"married",7,7
410070184,"Korea, Republic of",1,59,"married",8,6
410070185,"Korea, Republic of",1,32,"married",8,8
410070186,"Korea, Republic of",1,64,"married",8,7
410070187,"Korea, Republic of",0,20,"single",8,5
410070188,"Korea, Republic of",0,59,"married",7,6
410070189,"Korea, Republic of",1,60,"married",7,8
410070190,"Korea, Republic of",0,55,"married",7,6
410070191,"Korea, Republic of",1,51,"married",7,8
410070192,"Korea, Republic of",0,75,"married",7,7
410070193,"Korea, Republic of",1,56,"married",9,6
410070194,"Korea, Republic of",0,49,"married",6,7
410070195,"Korea, Republic of",1,20,"single",8,8
410070196,"Korea, Republic of",0,18,"single",9,9
410070197,"Korea, Republic of",0,50,"single",8,8
410070198,"Korea, Republic of",0,63,"married",9,8
410070199,"Korea, Republic of",0,33,"single",8,8
410070200,"Korea, Republic of",1,59,"widowed",9,6
410070201,"Korea, Republic of",1,62,"married",7,9
410070202,"Korea, Republic of",1,58,"married",6,7
410070203,"Korea, Republic of",1,18,"single",8,8
410070204,"Korea, Republic of",1,47,"married",6,7
410070205,"Korea, Republic of",0,48,"married",5,5
410070206,"Korea, Republic of",0,48,"married",7,8
410070207,"Korea, Republic of",1,59,"widowed",7,7
410070208,"Korea, Republic of",1,35,"married",7,7
410070209,"Korea, Republic of",1,47,"married",8,8
410070210,"Korea, Republic of",0,37,"single",7,6
410070211,"Korea, Republic of",0,69,"married",5,5
410070212,"Korea, Republic of",1,47,"married",8,7
410070213,"Korea, Republic of",1,18,"single",7,6
410070214,"Korea, Republic of",0,48,"married",8,7
410070215,"Korea, Republic of",0,28,"single",8,8
410070216,"Korea, Republic of",0,61,"married",8,6
410070217,"Korea, Republic of",0,46,"married",7,8
410070218,"Korea, Republic of",0,35,"married",8,5
410070219,"Korea, Republic of",0,24,"single",5,7
410070220,"Korea, Republic of",0,66,"married",8,8
410070221,"Korea, Republic of",0,24,"single",8,8
410070222,"Korea, Republic of",0,45,"married",8,8
410070223,"Korea, Republic of",0,65,"married",5,5
410070224,"Korea, Republic of",1,28,"single",7,8
410070225,"Korea, Republic of",1,27,"single",8,7
410070226,"Korea, Republic of",1,57,"married",8,6
410070227,"Korea, Republic of",0,59,"married",5,5
410070228,"Korea, Republic of",1,46,"single",7,7
410070229,"Korea, Republic of",0,18,"single",7,5
410070230,"Korea, Republic of",1,61,"married",8,8
410070231,"Korea, Republic of",1,55,"married",6,6
410070232,"Korea, Republic of",0,44,"married",7,6
410070233,"Korea, Republic of",0,29,"single",9,7
410070234,"Korea, Republic of",1,49,"married",6,6
410070235,"Korea, Republic of",0,18,"single",7,5
410070236,"Korea, Republic of",1,67,"married",6,6
410070237,"Korea, Republic of",1,44,"married",8,6
410070238,"Korea, Republic of",0,41,"married",4,7
410070239,"Korea, Republic of",0,57,"married",8,7
410070240,"Korea, Republic of",1,34,"single",7,7
410070241,"Korea, Republic of",1,46,"married",6,5
410070242,"Korea, Republic of",1,69,"widowed",8,8
410070243,"Korea, Republic of",1,56,"separated",5,4
410070244,"Korea, Republic of",1,42,"married",8,8
410070245,"Korea, Republic of",1,56,"married",8,7
410070246,"Korea, Republic of",0,24,"single",9,9
410070247,"Korea, Republic of",1,54,"married",8,7
410070248,"Korea, Republic of",1,64,"married",9,9
410070249,"Korea, Republic of",0,55,"married",8,9
410070250,"Korea, Republic of",0,62,"married",6,6
410070251,"Korea, Republic of",1,34,"single",6,5
410070252,"Korea, Republic of",0,32,"single",8,7
410070253,"Korea, Republic of",1,29,"single",4,3
410070254,"Korea, Republic of",1,42,"married",5,6
410070255,"Korea, Republic of",0,43,"married",7,7
410070256,"Korea, Republic of",0,38,"married",7,7
410070257,"Korea, Republic of",1,52,"married",8,7
410070258,"Korea, Republic of",1,50,"married",6,5
410070259,"Korea, Republic of",1,34,"married",4,4
410070260,"Korea, Republic of",0,57,"married",8,8
410070261,"Korea, Republic of",1,57,"widowed",10,3
410070262,"Korea, Republic of",1,26,"single",7,4
410070263,"Korea, Republic of",1,64,"married",5,6
410070264,"Korea, Republic of",0,64,"married",5,4
410070265,"Korea, Republic of",1,81,"married",3,5
410070266,"Korea, Republic of",1,52,"married",7,8
410070267,"Korea, Republic of",1,40,"married",7,7
410070268,"Korea, Republic of",0,68,"married",5,7
410070269,"Korea, Republic of",1,19,"single",7,8
410070270,"Korea, Republic of",1,54,"married",7,7
410070271,"Korea, Republic of",1,21,"single",6,6
410070272,"Korea, Republic of",0,57,"married",8,3
410070273,"Korea, Republic of",0,62,"married",8,7
410070274,"Korea, Republic of",0,47,"married",7,7
410070275,"Korea, Republic of",0,51,"married",7,6
410070276,"Korea, Republic of",1,61,"married",5,6
410070277,"Korea, Republic of",0,53,"married",5,5
410070278,"Korea, Republic of",1,36,"married",7,8
410070279,"Korea, Republic of",1,56,"married",8,9
410070280,"Korea, Republic of",0,35,"single",8,7
410070281,"Korea, Republic of",1,60,"married",7,6
410070282,"Korea, Republic of",1,30,"married",8,9
410070283,"Korea, Republic of",0,61,"married",4,6
410070284,"Korea, Republic of",0,59,"married",8,7
410070285,"Korea, Republic of",0,37,"single",9,8
410070286,"Korea, Republic of",0,35,"married",8,7
410070287,"Korea, Republic of",1,26,"single",7,6
410070288,"Korea, Republic of",1,59,"married",7,6
410070289,"Korea, Republic of",1,51,"married",7,7
410070290,"Korea, Republic of",1,45,"married",6,7
410070291,"Korea, Republic of",1,45,"married",7,8
410070292,"Korea, Republic of",0,65,"married",7,6
410070293,"Korea, Republic of",0,20,"single",7,8
410070294,"Korea, Republic of",1,38,"married",6,6
410070295,"Korea, Republic of",1,39,"married",8,7
410070296,"Korea, Republic of",1,22,"single",8,7
410070297,"Korea, Republic of",0,53,"married",7,7
410070298,"Korea, Republic of",0,28,"single",6,7
410070299,"Korea, Republic of",1,56,"married",7,7
410070300,"Korea, Republic of",1,46,"married",7,6
410070301,"Korea, Republic of",1,37,"married",7,6
410070302,"Korea, Republic of",0,61,"married",8,7
410070303,"Korea, Republic of",1,60,"married",8,8
410070304,"Korea, Republic of",1,35,"married",7,7
410070305,"Korea, Republic of",0,49,"married",8,7
410070306,"Korea, Republic of",0,24,"single",8,8
410070307,"Korea, Republic of",1,37,"married",7,6
410070308,"Korea, Republic of",0,45,"married",7,7
410070309,"Korea, Republic of",1,80,"widowed",5,5
410070310,"Korea, Republic of",0,41,"married",6,6
410070311,"Korea, Republic of",1,63,"married",8,8
410070312,"Korea, Republic of",0,48,"married",6,6
410070313,"Korea, Republic of",0,45,"married",8,7
410070314,"Korea, Republic of",0,40,"married",7,7
410070315,"Korea, Republic of",0,50,"married",6,7
410070316,"Korea, Republic of",0,58,"married",7,9
410070317,"Korea, Republic of",1,26,"single",3,4
410070318,"Korea, Republic of",0,26,"single",8,7
410070319,"Korea, Republic of",1,32,"married",9,7
410070320,"Korea, Republic of",0,50,"single",6,4
410070321,"Korea, Republic of",1,55,"married",7,6
410070322,"Korea, Republic of",1,18,"single",7,5
410070323,"Korea, Republic of",1,28,"married",8,9
410070324,"Korea, Republic of",1,40,"married",9,8
410070325,"Korea, Republic of",0,23,"single",5,6
410070326,"Korea, Republic of",1,32,"married",8,7
410070327,"Korea, Republic of",0,50,"married",8,7
410070328,"Korea, Republic of",1,34,"married",6,7
410070329,"Korea, Republic of",1,33,"single",8,5
410070330,"Korea, Republic of",1,43,"married",7,6
410070331,"Korea, Republic of",1,52,"married",6,6
410070332,"Korea, Republic of",1,24,"single",7,7
410070333,"Korea, Republic of",0,36,"married",7,8
410070334,"Korea, Republic of",0,23,"single",8,8
410070335,"Korea, Republic of",0,40,"married",7,8
410070336,"Korea, Republic of",0,23,"single",7,5
410070337,"Korea, Republic of",0,65,"married",7,7
410070338,"Korea, Republic of",1,62,"married",7,7
410070339,"Korea, Republic of",0,49,"married",7,8
410070340,"Korea, Republic of",0,38,"married",5,7
410070341,"Korea, Republic of",0,43,"married",7,7
410070342,"Korea, Republic of",0,28,"single",8,7
410070343,"Korea, Republic of",0,30,"single",6,6
410070344,"Korea, Republic of",1,35,"married",9,8
410070345,"Korea, Republic of",1,26,"married",4,7
410070346,"Korea, Republic of",0,46,"married",8,7
410070347,"Korea, Republic of",1,47,"married",8,7
410070348,"Korea, Republic of",1,63,"married",7,6
410070349,"Korea, Republic of",0,44,"single",8,7
410070350,"Korea, Republic of",0,18,"single",7,6
410070351,"Korea, Republic of",1,61,"married",9,8
410070352,"Korea, Republic of",0,32,"single",7,8
410070353,"Korea, Republic of",1,25,"single",7,7
410070354,"Korea, Republic of",0,56,"married",7,6
410070355,"Korea, Republic of",0,54,"married",5,7
410070356,"Korea, Republic of",1,56,"married",7,8
410070357,"Korea, Republic of",0,47,"married",7,8
410070358,"Korea, Republic of",0,57,"married",8,5
410070359,"Korea, Republic of",0,26,"single",8,6
410070360,"Korea, Republic of",1,49,"married",5,4
410070361,"Korea, Republic of",0,62,"married",8,8
410070362,"Korea, Republic of",0,53,"married",6,7
410070363,"Korea, Republic of",1,34,"married",8,7
410070364,"Korea, Republic of",1,18,"single",7,5
410070365,"Korea, Republic of",0,75,"widowed",8,8
410070366,"Korea, Republic of",0,50,"married",3,8
410070367,"Korea, Republic of",1,23,"single",7,7
410070368,"Korea, Republic of",1,53,"married",7,7
410070369,"Korea, Republic of",1,52,"married",5,5
410070370,"Korea, Republic of",0,24,"single",8,7
410070371,"Korea, Republic of",0,60,"married",7,8
410070372,"Korea, Republic of",0,34,"single",8,6
410070373,"Korea, Republic of",1,29,"single",10,8
410070374,"Korea, Republic of",0,45,"married",8,7
410070375,"Korea, Republic of",1,64,"married",8,8
410070376,"Korea, Republic of",0,61,"married",6,6
410070377,"Korea, Republic of",0,43,"married",8,5
410070378,"Korea, Republic of",0,47,"married",7,5
410070379,"Korea, Republic of",0,39,"married",8,8
410070380,"Korea, Republic of",0,27,"single",7,8
410070381,"Korea, Republic of",1,44,"married",8,7
410070382,"Korea, Republic of",1,32,"single",7,6
410070383,"Korea, Republic of",1,42,"married",8,8
410070384,"Korea, Republic of",0,65,"married",7,4
410070385,"Korea, Republic of",1,61,"married",7,7
410070386,"Korea, Republic of",0,33,"married",6,6
410070387,"Korea, Republic of",1,61,"married",8,8
410070388,"Korea, Republic of",1,43,"married",8,2
410070389,"Korea, Republic of",1,51,"married",8,9
410070390,"Korea, Republic of",0,22,"single",6,7
410070391,"Korea, Republic of",1,43,"married",7,6
410070392,"Korea, Republic of",1,55,"married",6,6
410070393,"Korea, Republic of",1,59,"married",6,5
410070394,"Korea, Republic of",0,37,"married",8,8
410070395,"Korea, Republic of",0,19,"single",8,8
410070396,"Korea, Republic of",1,51,"married",8,9
410070397,"Korea, Republic of",0,29,"married",7,7
410070398,"Korea, Republic of",1,40,"married",8,8
410070399,"Korea, Republic of",1,65,"married",6,6
410070400,"Korea, Republic of",0,48,"married",8,8
410070401,"Korea, Republic of",0,43,"married",4,5
410070402,"Korea, Republic of",0,37,"married",4,6
410070403,"Korea, Republic of",1,60,"married",7,8
410070404,"Korea, Republic of",1,72,"married",5,5
410070405,"Korea, Republic of",0,26,"single",6,5
410070406,"Korea, Republic of",1,60,"married",8,6
410070407,"Korea, Republic of",0,22,"single",4,4
410070408,"Korea, Republic of",0,75,"married",9,7
410070409,"Korea, Republic of",1,25,"single",7,5
410070410,"Korea, Republic of",1,61,"married",6,7
410070411,"Korea, Republic of",0,37,"married",7,7
410070412,"Korea, Republic of",0,63,"married",9,9
410070413,"Korea, Republic of",0,68,"married",8,8
410070414,"Korea, Republic of",1,62,"married",7,6
410070415,"Korea, Republic of",0,45,"married",7,5
410070416,"Korea, Republic of",0,42,"married",9,8
410070417,"Korea, Republic of",1,58,"married",8,6
410070418,"Korea, Republic of",1,23,"single",10,10
410070419,"Korea, Republic of",0,44,"married",9,8
410070420,"Korea, Republic of",0,22,"single",6,6
410070421,"Korea, Republic of",1,63,"married",7,7
410070422,"Korea, Republic of",0,59,"married",4,7
410070423,"Korea, Republic of",0,28,"single",8,8
410070424,"Korea, Republic of",1,48,"married",6,7
410070425,"Korea, Republic of",1,33,"married",6,6
410070426,"Korea, Republic of",1,67,"married",7,6
410070427,"Korea, Republic of",1,47,"married",8,8
410070428,"Korea, Republic of",0,80,"married",8,8
410070429,"Korea, Republic of",0,24,"single",8,3
410070430,"Korea, Republic of",1,48,"married",7,8
410070431,"Korea, Republic of",1,72,"married",7,7
410070432,"Korea, Republic of",0,53,"married",7,6
410070433,"Korea, Republic of",0,37,"married",7,7
410070434,"Korea, Republic of",0,32,"single",8,8
410070435,"Korea, Republic of",1,52,"married",8,4
410070436,"Korea, Republic of",1,22,"single",5,6
410070437,"Korea, Republic of",0,45,"married",8,8
410070438,"Korea, Republic of",0,54,"married",5,5
410070439,"Korea, Republic of",1,30,"married",7,7
410070440,"Korea, Republic of",1,76,"widowed",8,7
410070441,"Korea, Republic of",0,38,"married",8,7
410070442,"Korea, Republic of",0,26,"single",6,6
410070443,"Korea, Republic of",1,37,"married",5,6
410070444,"Korea, Republic of",1,37,"married",7,7
410070445,"Korea, Republic of",1,56,"married",3,6
410070446,"Korea, Republic of",0,57,"married",7,7
410070447,"Korea, Republic of",1,71,"married",7,6
410070448,"Korea, Republic of",1,62,"married",5,5
410070449,"Korea, Republic of",0,37,"single",5,5
410070450,"Korea, Republic of",0,74,"married",6,7
410070451,"Korea, Republic of",1,41,"married",8,8
410070452,"Korea, Republic of",1,46,"married",7,7
410070453,"Korea, Republic of",0,25,"single",6,5
410070454,"Korea, Republic of",0,59,"married",7,6
410070455,"Korea, Republic of",0,50,"married",9,7
410070456,"Korea, Republic of",0,41,"married",6,6
410070457,"Korea, Republic of",1,62,"married",8,7
410070458,"Korea, Republic of",1,27,"single",8,7
410070459,"Korea, Republic of",1,62,"widowed",7,7
410070460,"Korea, Republic of",0,41,"married",8,7
410070461,"Korea, Republic of",0,47,"married",7,6
410070462,"Korea, Republic of",0,20,"single",3,3
410070463,"Korea, Republic of",1,40,"married",9,8
410070464,"Korea, Republic of",0,37,"single",8,7
410070465,"Korea, Republic of",0,23,"single",7,7
410070466,"Korea, Republic of",0,27,"single",7,8
410070467,"Korea, Republic of",1,45,"married",8,6
410070468,"Korea, Republic of",0,33,"single",7,7
410070469,"Korea, Republic of",0,60,"married",6,7
410070470,"Korea, Republic of",1,65,"married",8,7
410070471,"Korea, Republic of",1,64,"married",6,7
410070472,"Korea, Republic of",0,28,"single",7,7
410070473,"Korea, Republic of",1,23,"single",7,8
410070474,"Korea, Republic of",1,53,"married",9,8
410070475,"Korea, Republic of",0,64,"married",7,6
410070476,"Korea, Republic of",0,29,"single",8,5
410070477,"Korea, Republic of",0,34,"married",7,7
410070478,"Korea, Republic of",1,48,"married",6,6
410070479,"Korea, Republic of",1,69,"married",9,7
410070480,"Korea, Republic of",0,51,"married",6,7
410070481,"Korea, Republic of",0,26,"single",6,4
410070482,"Korea, Republic of",1,32,"single",8,8
410070483,"Korea, Republic of",1,20,"single",8,7
410070484,"Korea, Republic of",1,53,"married",9,8
410070485,"Korea, Republic of",0,63,"married",8,7
410070486,"Korea, Republic of",0,24,"single",8,7
410070487,"Korea, Republic of",1,36,"married",6,6
410070488,"Korea, Republic of",0,30,"single",8,7
410070489,"Korea, Republic of",1,25,"single",5,4
410070490,"Korea, Republic of",1,50,"married",7,6
410070491,"Korea, Republic of",1,53,"married",6,6
410070492,"Korea, Republic of",1,38,"married",8,7
410070493,"Korea, Republic of",0,61,"married",8,8
410070494,"Korea, Republic of",0,60,"married",8,8
410070495,"Korea, Republic of",1,56,"married",7,5
410070496,"Korea, Republic of",0,57,"married",8,7
410070497,"Korea, Republic of",1,42,"married",8,6
410070498,"Korea, Republic of",1,67,"married",8,7
410070499,"Korea, Republic of",0,45,"married",8,6
410070500,"Korea, Republic of",0,48,"married",7,6
410070501,"Korea, Republic of",1,27,"single",2,7
410070502,"Korea, Republic of",0,34,"single",6,9
410070503,"Korea, Republic of",1,48,"married",8,6
410070504,"Korea, Republic of",0,69,"married",7,7
410070505,"Korea, Republic of",1,53,"married",7,7
410070506,"Korea, Republic of",1,37,"married",5,8
410070507,"Korea, Republic of",0,55,"married",7,8
410070508,"Korea, Republic of",1,61,"married",6,6
410070509,"Korea, Republic of",0,49,"single",8,2
410070510,"Korea, Republic of",0,25,"single",8,7
410070511,"Korea, Republic of",0,46,"single",8,7
410070512,"Korea, Republic of",1,53,"married",7,6
410070513,"Korea, Republic of",0,35,"married",8,8
410070514,"Korea, Republic of",1,50,"married",7,7
410070515,"Korea, Republic of",0,59,"married",7,6
410070516,"Korea, Republic of",1,73,"married",7,6
410070517,"Korea, Republic of",0,53,"married",8,8
410070518,"Korea, Republic of",1,37,"married",7,7
410070519,"Korea, Republic of",0,36,"married",7,7
410070520,"Korea, Republic of",1,53,"married",7,7
410070521,"Korea, Republic of",0,43,"married",8,7
410070522,"Korea, Republic of",1,50,"married",8,7
410070523,"Korea, Republic of",1,61,"married",4,5
410070524,"Korea, Republic of",1,25,"single",8,7
410070525,"Korea, Republic of",0,41,"married",8,7
410070526,"Korea, Republic of",1,53,"married",8,6
410070527,"Korea, Republic of",0,65,"married",9,5
410070528,"Korea, Republic of",0,57,"married",7,6
410070529,"Korea, Republic of",1,37,"married",8,8
410070530,"Korea, Republic of",1,63,"married",8,7
410070531,"Korea, Republic of",1,40,"married",6,8
410070532,"Korea, Republic of",0,25,"single",7,5
410070533,"Korea, Republic of",1,61,"married",7,7
410070534,"Korea, Republic of",1,62,"married",7,7
410070535,"Korea, Republic of",1,64,"married",7,8
410070536,"Korea, Republic of",0,64,"married",6,6
410070537,"Korea, Republic of",0,59,"married",5,7
410070538,"Korea, Republic of",1,40,"married",7,7
410070539,"Korea, Republic of",1,55,"married",7,7
410070540,"Korea, Republic of",1,48,"married",7,6
410070541,"Korea, Republic of",1,58,"married",6,8
410070542,"Korea, Republic of",0,65,"married",7,7
410070543,"Korea, Republic of",0,24,"single",7,8
410070544,"Korea, Republic of",0,46,"single",8,7
410070545,"Korea, Republic of",1,61,"married",8,7
410070546,"Korea, Republic of",0,29,"single",8,7
410070547,"Korea, Republic of",1,25,"single",7,7
410070548,"Korea, Republic of",1,64,"married",8,7
410070549,"Korea, Republic of",1,29,"married",7,7
410070550,"Korea, Republic of",0,49,"married",9,8
410070551,"Korea, Republic of",1,21,"single",7,7
410070552,"Korea, Republic of",0,33,"married",8,7
410070553,"Korea, Republic of",0,35,"single",10,8
410070554,"Korea, Republic of",1,28,"married",8,8
410070555,"Korea, Republic of",0,65,"married",7,6
410070556,"Korea, Republic of",1,25,"single",7,8
410070557,"Korea, Republic of",0,64,"married",9,7
410070558,"Korea, Republic of",0,21,"single",7,7
410070559,"Korea, Republic of",1,21,"single",6,6
410070560,"Korea, Republic of",0,35,"married",7,6
410070561,"Korea, Republic of",0,29,"single",8,8
410070562,"Korea, Republic of",1,60,"married",8,6
410070563,"Korea, Republic of",1,64,"married",8,8
410070564,"Korea, Republic of",0,62,"married",6,6
410070565,"Korea, Republic of",1,61,"married",7,8
410070566,"Korea, Republic of",1,37,"married",10,10
410070567,"Korea, Republic of",0,40,"married",7,7
410070568,"Korea, Republic of",0,46,"married",7,7
410070569,"Korea, Republic of",1,37,"married",8,6
410070570,"Korea, Republic of",0,19,"single",7,7
410070571,"Korea, Republic of",0,40,"married",9,8
410070572,"Korea, Republic of",1,64,"married",6,7
410070573,"Korea, Republic of",1,47,"married",7,6
410070574,"Korea, Republic of",1,21,"single",5,6
410070575,"Korea, Republic of",1,44,"married",10,8
410070576,"Korea, Republic of",0,33,"single",5,6
410070577,"Korea, Republic of",1,51,"married",7,7
410070578,"Korea, Republic of",1,60,"married",7,5
410070579,"Korea, Republic of",1,60,"married",9,9
410070580,"Korea, Republic of",1,18,"single",7,5
410070581,"Korea, Republic of",1,26,"single",7,7
410070582,"Korea, Republic of",0,66,"married",8,8
410070583,"Korea, Republic of",1,45,"single",7,6
410070584,"Korea, Republic of",0,69,"married",6,7
410070585,"Korea, Republic of",1,56,"married",7,8
410070586,"Korea, Republic of",0,50,"married",7,7
410070587,"Korea, Republic of",0,25,"single",8,5
410070588,"Korea, Republic of",0,47,"married",5,6
410070589,"Korea, Republic of",0,26,"single",7,4
410070590,"Korea, Republic of",0,50,"married",7,4
410070591,"Korea, Republic of",1,28,"single",8,8
410070592,"Korea, Republic of",0,45,"married",8,7
410070593,"Korea, Republic of",0,29,"single",8,8
410070594,"Korea, Republic of",0,73,"married",7,7
410070595,"Korea, Republic of",0,57,"married",6,7
410070596,"Korea, Republic of",1,30,"married",7,7
410070597,"Korea, Republic of",1,21,"single",5,6
410070598,"Korea, Republic of",1,30,"single",3,8
410070599,"Korea, Republic of",1,62,"married",8,7
410070600,"Korea, Republic of",0,47,"married",3,8
410070601,"Korea, Republic of",1,38,"married",6,6
410070602,"Korea, Republic of",0,64,"married",8,8
410070603,"Korea, Republic of",0,51,"married",8,7
410070604,"Korea, Republic of",1,57,"married",7,7
410070605,"Korea, Republic of",0,22,"single",7,7
410070606,"Korea, Republic of",1,40,"married",9,8
410070607,"Korea, Republic of",1,86,"married",9,9
410070608,"Korea, Republic of",0,46,"married",8,7
410070609,"Korea, Republic of",1,28,"married",9,8
410070610,"Korea, Republic of",1,35,"married",7,8
410070611,"Korea, Republic of",0,29,"married",5,6
410070612,"Korea, Republic of",0,65,"married",8,7
410070613,"Korea, Republic of",1,41,"married",8,8
410070614,"Korea, Republic of",0,20,"single",8,6
410070615,"Korea, Republic of",1,59,"widowed",7,8
410070616,"Korea, Republic of",0,46,"married",7,7
410070617,"Korea, Republic of",1,32,"married",4,7
410070618,"Korea, Republic of",0,25,"single",7,6
410070619,"Korea, Republic of",0,68,"married",7,5
410070620,"Korea, Republic of",0,23,"single",7,5
410070621,"Korea, Republic of",1,41,"married",7,7
410070622,"Korea, Republic of",1,25,"single",8,8
410070623,"Korea, Republic of",1,38,"married",6,6
410070624,"Korea, Republic of",0,23,"single",6,6
410070625,"Korea, Republic of",0,64,"married",3,3
410070626,"Korea, Republic of",1,19,"single",6,6
410070627,"Korea, Republic of",1,46,"married",4,6
410070628,"Korea, Republic of",1,64,"married",7,6
410070629,"Korea, Republic of",1,61,"married",7,8
410070630,"Korea, Republic of",0,23,"single",7,5
410070631,"Korea, Republic of",0,65,"widowed",9,3
410070632,"Korea, Republic of",1,54,"married",7,7
410070633,"Korea, Republic of",1,46,"married",7,6
410070634,"Korea, Republic of",1,48,"married",7,6
410070635,"Korea, Republic of",0,48,"single",7,7
410070636,"Korea, Republic of",1,49,"married",9,8
410070637,"Korea, Republic of",0,49,"married",8,7
410070638,"Korea, Republic of",1,52,"married",7,8
410070639,"Korea, Republic of",1,52,"married",8,8
410070640,"Korea, Republic of",1,71,"married",7,7
410070641,"Korea, Republic of",0,29,"single",8,7
410070642,"Korea, Republic of",0,53,"married",7,6
410070643,"Korea, Republic of",1,38,"married",7,7
410070644,"Korea, Republic of",1,38,"married",8,7
410070645,"Korea, Republic of",1,27,"single",6,7
410070646,"Korea, Republic of",0,47,"married",7,7
410070647,"Korea, Republic of",0,52,"married",8,7
410070648,"Korea, Republic of",1,47,"married",5,5
410070649,"Korea, Republic of",1,45,"married",8,8
410070650,"Korea, Republic of",0,22,"single",6,6
410070651,"Korea, Republic of",1,61,"widowed",8,7
410070652,"Korea, Republic of",0,58,"married",7,7
410070653,"Korea, Republic of",1,37,"married",8,8
410070654,"Korea, Republic of",0,44,"married",8,8
410070655,"Korea, Republic of",1,52,"married",7,6
410070656,"Korea, Republic of",1,46,"married",8,8
410070657,"Korea, Republic of",1,34,"single",8,9
410070658,"Korea, Republic of",0,27,"single",7,7
410070659,"Korea, Republic of",0,64,"married",7,6
410070660,"Korea, Republic of",0,62,"married",7,6
410070661,"Korea, Republic of",0,52,"married",7,7
410070662,"Korea, Republic of",0,27,"married",7,6
410070663,"Korea, Republic of",1,60,"married",8,7
410070664,"Korea, Republic of",0,47,"married",8,8
410070665,"Korea, Republic of",1,35,"married",5,5
410070666,"Korea, Republic of",0,30,"single",9,8
410070667,"Korea, Republic of",0,45,"married",8,8
410070668,"Korea, Republic of",0,64,"married",8,8
410070669,"Korea, Republic of",1,18,"single",8,5
410070670,"Korea, Republic of",1,22,"single",7,7
410070671,"Korea, Republic of",1,31,"married",10,8
410070672,"Korea, Republic of",0,30,"single",8,7
410070673,"Korea, Republic of",0,58,"married",8,8
410070674,"Korea, Republic of",0,47,"married",5,6
410070675,"Korea, Republic of",0,51,"married",8,7
410070676,"Korea, Republic of",1,56,"married",5,5
410070677,"Korea, Republic of",1,63,"married",5,4
410070678,"Korea, Republic of",1,52,"married",7,7
410070679,"Korea, Republic of",1,36,"married",7,8
410070680,"Korea, Republic of",0,37,"married",8,8
410070681,"Korea, Republic of",0,45,"married",5,7
410070682,"Korea, Republic of",1,51,"married",8,8
410070683,"Korea, Republic of",1,58,"married",7,7
410070684,"Korea, Republic of",0,50,"married",7,8
410070685,"Korea, Republic of",1,47,"married",7,8
410070686,"Korea, Republic of",0,34,"married",5,9
410070687,"Korea, Republic of",1,22,"single",6,6
410070688,"Korea, Republic of",1,65,"married",7,8
410070689,"Korea, Republic of",1,46,"married",7,8
410070690,"Korea, Republic of",1,26,"single",7,8
410070691,"Korea, Republic of",0,52,"married",10,9
410070692,"Korea, Republic of",0,37,"married",8,8
410070693,"Korea, Republic of",0,44,"married",7,6
410070694,"Korea, Republic of",1,47,"married",7,6
410070695,"Korea, Republic of",1,55,"married",5,6
410070696,"Korea, Republic of",0,54,"married",7,6
410070697,"Korea, Republic of",0,64,"married",5,4
410070698,"Korea, Republic of",1,51,"married",7,6
410070699,"Korea, Republic of",1,61,"married",5,7
410070700,"Korea, Republic of",0,69,"divorced",5,6
410070701,"Korea, Republic of",1,64,"married",7,6
410070702,"Korea, Republic of",1,25,"single",8,6
410070703,"Korea, Republic of",1,50,"married",6,6
410070704,"Korea, Republic of",0,48,"married",7,6
410070705,"Korea, Republic of",1,23,"single",7,7
410070706,"Korea, Republic of",1,56,"married",6,7
410070707,"Korea, Republic of",1,48,"married",7,6
410070708,"Korea, Republic of",0,39,"single",6,6
410070709,"Korea, Republic of",1,60,"married",7,6
410070710,"Korea, Republic of",0,60,"married",5,7
410070711,"Korea, Republic of",1,48,"married",6,7
410070712,"Korea, Republic of",0,74,"married",7,7
410070713,"Korea, Republic of",1,62,"married",8,7
410070714,"Korea, Republic of",1,42,"married",6,6
410070715,"Korea, Republic of",0,37,"married",7,6
410070716,"Korea, Republic of",0,52,"married",8,7
410070717,"Korea, Republic of",0,35,"married",7,5
410070718,"Korea, Republic of",1,65,"married",8,8
410070719,"Korea, Republic of",0,59,"married",7,6
410070720,"Korea, Republic of",0,67,"married",6,6
410070721,"Korea, Republic of",1,38,"married",8,6
410070722,"Korea, Republic of",0,41,"married",7,7
410070723,"Korea, Republic of",1,60,"married",7,6
410070724,"Korea, Republic of",1,68,"married",7,7
410070725,"Korea, Republic of",0,27,"single",6,6
410070726,"Korea, Republic of",1,61,"married",8,5
410070727,"Korea, Republic of",1,35,"married",8,7
410070728,"Korea, Republic of",1,72,"married",6,6
410070729,"Korea, Republic of",0,64,"married",7,7
410070730,"Korea, Republic of",0,45,"married",7,6
410070731,"Korea, Republic of",1,52,"married",7,7
410070732,"Korea, Republic of",1,38,"married",7,8
410070733,"Korea, Republic of",1,25,"single",9,7
410070734,"Korea, Republic of",1,29,"single",7,4
410070735,"Korea, Republic of",0,51,"married",7,6
410070736,"Korea, Republic of",0,44,"single",8,8
410070737,"Korea, Republic of",0,53,"married",6,6
410070738,"Korea, Republic of",1,40,"married",7,8
410070739,"Korea, Republic of",1,61,"married",7,7
410070740,"Korea, Republic of",1,63,"married",7,7
410070741,"Korea, Republic of",0,65,"married",8,7
410070742,"Korea, Republic of",1,58,"married",6,6
410070743,"Korea, Republic of",0,47,"divorced",6,6
410070744,"Korea, Republic of",1,36,"married",7,6
410070745,"Korea, Republic of",1,30,"married",8,7
410070746,"Korea, Republic of",0,66,"married",7,7
410070747,"Korea, Republic of",1,60,"married",7,6
410070748,"Korea, Republic of",0,33,"single",7,6
410070749,"Korea, Republic of",0,29,"married",7,8
410070750,"Korea, Republic of",0,57,"married",7,8
410070751,"Korea, Republic of",0,35,"married",8,7
410070752,"Korea, Republic of",0,43,"married",4,8
410070753,"Korea, Republic of",0,28,"single",6,5
410070754,"Korea, Republic of",1,49,"married",8,8
410070755,"Korea, Republic of",0,21,"single",7,8
410070756,"Korea, Republic of",0,25,"single",7,8
410070757,"Korea, Republic of",0,68,"married",8,5
410070758,"Korea, Republic of",0,25,"single",8,6
410070759,"Korea, Republic of",0,55,"married",7,8
410070760,"Korea, Republic of",0,22,"single",7,8
410070761,"Korea, Republic of",1,59,"married",8,7
410070762,"Korea, Republic of",1,29,"single",4,4
410070763,"Korea, Republic of",0,52,"married",7,7
410070764,"Korea, Republic of",0,26,"single",7,8
410070765,"Korea, Republic of",1,45,"married",8,8
410070766,"Korea, Republic of",1,39,"single",6,7
410070767,"Korea, Republic of",0,39,"married",8,5
410070768,"Korea, Republic of",1,28,"single",7,7
410070769,"Korea, Republic of",0,60,"married",7,7
410070770,"Korea, Republic of",1,25,"married",7,7
410070771,"Korea, Republic of",1,18,"single",7,7
410070772,"Korea, Republic of",0,46,"married",7,7
410070773,"Korea, Republic of",1,28,"single",3,6
410070774,"Korea, Republic of",1,59,"married",6,7
410070775,"Korea, Republic of",0,28,"single",7,7
410070776,"Korea, Republic of",0,56,"married",7,5
410070777,"Korea, Republic of",0,23,"single",9,9
410070778,"Korea, Republic of",1,47,"married",7,5
410070779,"Korea, Republic of",1,67,"widowed",6,7
410070780,"Korea, Republic of",1,37,"married",7,7
410070781,"Korea, Republic of",0,26,"single",7,6
410070782,"Korea, Republic of",0,63,"married",6,8
410070783,"Korea, Republic of",0,47,"married",7,7
410070784,"Korea, Republic of",1,21,"single",6,7
410070785,"Korea, Republic of",0,47,"married",8,6
410070786,"Korea, Republic of",1,69,"married",6,7
410070787,"Korea, Republic of",1,64,"married",7,7
410070788,"Korea, Republic of",0,44,"married",8,8
410070789,"Korea, Republic of",1,29,"single",7,7
410070790,"Korea, Republic of",1,47,"married",6,5
410070791,"Korea, Republic of",1,29,"married",8,7
410070792,"Korea, Republic of",1,51,"married",7,6
410070793,"Korea, Republic of",0,56,"married",7,5
410070794,"Korea, Republic of",1,22,"single",6,5
410070795,"Korea, Republic of",0,34,"single",6,8
410070796,"Korea, Republic of",0,37,"married",8,7
410070797,"Korea, Republic of",0,58,"married",6,5
410070798,"Korea, Republic of",1,26,"single",6,6
410070799,"Korea, Republic of",1,40,"single",9,5
410070800,"Korea, Republic of",1,25,"single",7,7
410070801,"Korea, Republic of",1,61,"married",6,7
410070802,"Korea, Republic of",0,58,"married",8,8
410070803,"Korea, Republic of",1,65,"married",8,7
410070804,"Korea, Republic of",1,54,"married",7,7
410070805,"Korea, Republic of",1,38,"married",5,6
410070806,"Korea, Republic of",0,55,"married",8,7
410070807,"Korea, Republic of",0,47,"married",8,7
410070808,"Korea, Republic of",0,23,"single",8,7
410070809,"Korea, Republic of",1,43,"married",7,7
410070810,"Korea, Republic of",0,60,"married",8,8
410070811,"Korea, Republic of",1,69,"widowed",5,6
410070812,"Korea, Republic of",1,38,"married",7,8
410070813,"Korea, Republic of",0,73,"married",6,7
410070814,"Korea, Republic of",0,44,"married",6,6
410070815,"Korea, Republic of",1,61,"married",6,5
410070816,"Korea, Republic of",0,57,"married",9,8
410070817,"Korea, Republic of",1,60,"married",7,7
410070818,"Korea, Republic of",1,18,"single",4,7
410070819,"Korea, Republic of",1,59,"married",7,6
410070820,"Korea, Republic of",1,67,"married",7,5
410070821,"Korea, Republic of",1,62,"married",7,7
410070822,"Korea, Republic of",0,38,"married",4,4
410070823,"Korea, Republic of",1,56,"married",5,5
410070824,"Korea, Republic of",1,43,"married",7,5
410070825,"Korea, Republic of",1,25,"single",8,7
410070826,"Korea, Republic of",1,60,"married",7,7
410070827,"Korea, Republic of",1,51,"married",7,7
410070828,"Korea, Republic of",0,28,"single",5,5
410070829,"Korea, Republic of",0,50,"married",4,6
410070830,"Korea, Republic of",1,37,"married",8,7
410070831,"Korea, Republic of",1,52,"married",9,8
410070832,"Korea, Republic of",1,54,"married",7,7
410070833,"Korea, Republic of",0,59,"married",9,8
410070834,"Korea, Republic of",1,45,"married",9,8
410070835,"Korea, Republic of",1,61,"married",6,7
410070836,"Korea, Republic of",1,65,"married",9,8
410070837,"Korea, Republic of",1,54,"married",8,7
410070838,"Korea, Republic of",1,30,"single",7,5
410070839,"Korea, Republic of",1,38,"married",5,5
410070840,"Korea, Republic of",0,56,"married",7,6
410070841,"Korea, Republic of",0,62,"married",7,8
410070842,"Korea, Republic of",1,76,"married",4,4
410070843,"Korea, Republic of",0,34,"single",4,6
410070844,"Korea, Republic of",0,60,"married",8,6
410070845,"Korea, Republic of",1,47,"married",8,7
410070846,"Korea, Republic of",1,74,"married",8,7
410070847,"Korea, Republic of",1,42,"married",8,5
410070848,"Korea, Republic of",0,63,"married",7,6
410070849,"Korea, Republic of",0,32,"single",7,5
410070850,"Korea, Republic of",0,49,"married",7,6
410070851,"Korea, Republic of",0,62,"married",7,6
410070852,"Korea, Republic of",0,49,"married",8,7
410070853,"Korea, Republic of",1,61,"married",4,5
410070854,"Korea, Republic of",1,62,"married",8,8
410070855,"Korea, Republic of",0,51,"married",7,6
410070856,"Korea, Republic of",1,45,"married",4,5
410070857,"Korea, Republic of",0,68,"married",8,7
410070858,"Korea, Republic of",0,47,"married",9,7
410070859,"Korea, Republic of",0,49,"married",7,7
410070860,"Korea, Republic of",1,50,"married",6,6
410070861,"Korea, Republic of",0,52,"married",7,8
410070862,"Korea, Republic of",1,37,"married",8,8
410070863,"Korea, Republic of",1,30,"single",8,4
410070864,"Korea, Republic of",0,63,"married",6,5
410070865,"Korea, Republic of",0,44,"married",7,8
410070866,"Korea, Republic of",0,35,"married",7,7
410070867,"Korea, Republic of",1,22,"single",5,7
410070868,"Korea, Republic of",1,77,"married",6,4
410070869,"Korea, Republic of",0,23,"single",7,7
410070870,"Korea, Republic of",1,39,"married",7,8
410070871,"Korea, Republic of",0,38,"single",7,6
410070872,"Korea, Republic of",1,36,"married",7,6
410070873,"Korea, Republic of",0,55,"married",7,5
410070874,"Korea, Republic of",0,47,"married",7,6
410070875,"Korea, Republic of",0,51,"married",7,6
410070876,"Korea, Republic of",1,49,"married",8,7
410070877,"Korea, Republic of",1,58,"married",7,3
410070878,"Korea, Republic of",1,65,"married",7,6
410070879,"Korea, Republic of",1,35,"married",9,9
410070880,"Korea, Republic of",1,55,"married",7,7
410070881,"Korea, Republic of",0,60,"married",7,6
410070882,"Korea, Republic of",0,38,"married",7,7
410070883,"Korea, Republic of",0,52,"married",7,7
410070884,"Korea, Republic of",1,63,"married",9,9
410070885,"Korea, Republic of",1,37,"married",4,6
410070886,"Korea, Republic of",0,32,"married",8,9
410070887,"Korea, Republic of",0,57,"married",8,8
410070888,"Korea, Republic of",0,43,"married",10,10
410070889,"Korea, Republic of",1,54,"married",2,2
410070890,"Korea, Republic of",0,24,"single",5,6
410070891,"Korea, Republic of",0,30,"single",5,6
410070892,"Korea, Republic of",0,59,"married",8,7
410070893,"Korea, Republic of",1,34,"married",6,7
410070894,"Korea, Republic of",0,61,"married",6,8
410070895,"Korea, Republic of",0,20,"single",8,7
410070896,"Korea, Republic of",1,60,"married",7,6
410070897,"Korea, Republic of",1,55,"married",6,6
410070898,"Korea, Republic of",0,52,"married",7,7
410070899,"Korea, Republic of",0,19,"single",8,4
410070900,"Korea, Republic of",1,47,"married",8,7
410070901,"Korea, Republic of",1,47,"married",8,8
410070902,"Korea, Republic of",0,37,"married",7,8
410070903,"Korea, Republic of",1,28,"single",7,6
410070904,"Korea, Republic of",0,39,"single",6,6
410070905,"Korea, Republic of",1,59,"married",8,6
410070906,"Korea, Republic of",0,44,"married",7,7
410070907,"Korea, Republic of",0,24,"single",7,7
410070908,"Korea, Republic of",1,62,"married",6,4
410070909,"Korea, Republic of",1,19,"single",7,7
410070910,"Korea, Republic of",0,36,"married",6,7
410070911,"Korea, Republic of",1,22,"single",7,7
410070912,"Korea, Republic of",0,32,"single",7,8
410070913,"Korea, Republic of",1,49,"married",7,6
410070914,"Korea, Republic of",1,57,"married",7,7
410070915,"Korea, Republic of",0,38,"married",3,7
410070916,"Korea, Republic of",0,27,"single",7,6
410070917,"Korea, Republic of",1,42,"married",3,4
410070918,"Korea, Republic of",1,63,"married",7,7
410070919,"Korea, Republic of",0,32,"married",6,5
410070920,"Korea, Republic of",1,60,"married",7,7
410070921,"Korea, Republic of",1,48,"married",7,6
410070922,"Korea, Republic of",0,19,"single",8,8
410070923,"Korea, Republic of",0,43,"married",6,7
410070924,"Korea, Republic of",0,46,"married",8,6
410070925,"Korea, Republic of",0,46,"divorced",8,7
410070926,"Korea, Republic of",1,55,"married",3,8
410070927,"Korea, Republic of",1,49,"married",8,7
410070928,"Korea, Republic of",1,53,"married",6,8
410070929,"Korea, Republic of",1,37,"married",7,7
410070930,"Korea, Republic of",0,20,"single",7,5
410070931,"Korea, Republic of",0,26,"single",8,6
410070932,"Korea, Republic of",1,20,"single",8,7
410070933,"Korea, Republic of",1,40,"married",9,8
410070934,"Korea, Republic of",0,62,"married",6,6
410070935,"Korea, Republic of",0,44,"married",4,8
410070936,"Korea, Republic of",0,61,"married",8,6
410070937,"Korea, Republic of",0,49,"married",8,8
410070938,"Korea, Republic of",1,35,"married",6,5
410070939,"Korea, Republic of",1,21,"single",8,7
410070940,"Korea, Republic of",1,48,"married",9,4
410070941,"Korea, Republic of",1,40,"married",5,4
410070942,"Korea, Republic of",0,75,"married",6,6
410070943,"Korea, Republic of",1,20,"single",9,8
410070944,"Korea, Republic of",0,51,"married",7,5
410070945,"Korea, Republic of",0,61,"married",5,7
410070946,"Korea, Republic of",1,56,"married",7,7
410070947,"Korea, Republic of",0,54,"married",7,7
410070948,"Korea, Republic of",1,40,"married",9,7
410070949,"Korea, Republic of",1,33,"married",7,7
410070950,"Korea, Republic of",1,36,"married",8,9
410070951,"Korea, Republic of",0,47,"married",8,8
410070952,"Korea, Republic of",0,36,"married",8,9
410070953,"Korea, Republic of",1,21,"single",8,6
410070954,"Korea, Republic of",0,18,"single",6,7
410070955,"Korea, Republic of",0,72,"married",8,8
410070956,"Korea, Republic of",0,34,"married",10,7
410070957,"Korea, Republic of",1,60,"married",8,7
410070958,"Korea, Republic of",0,52,"married",8,7
410070959,"Korea, Republic of",1,28,"single",7,8
410070960,"Korea, Republic of",0,38,"married",7,8
410070961,"Korea, Republic of",0,39,"married",5,5
410070962,"Korea, Republic of",0,52,"married",7,7
410070963,"Korea, Republic of",1,20,"single",6,6
410070964,"Korea, Republic of",0,25,"single",7,7
410070965,"Korea, Republic of",1,54,"married",4,4
410070966,"Korea, Republic of",1,43,"married",7,7
410070967,"Korea, Republic of",0,47,"married",7,8
410070968,"Korea, Republic of",1,25,"single",7,6
410070969,"Korea, Republic of",1,49,"married",6,5
410070970,"Korea, Republic of",0,50,"married",4,7
410070971,"Korea, Republic of",1,47,"married",5,5
410070972,"Korea, Republic of",1,20,"single",3,7
410070973,"Korea, Republic of",1,59,"married",5,7
410070974,"Korea, Republic of",0,59,"married",9,6
410070975,"Korea, Republic of",1,39,"single",8,6
410070976,"Korea, Republic of",0,25,"single",10,5
410070977,"Korea, Republic of",0,48,"married",7,7
410070978,"Korea, Republic of",1,43,"married",6,5
410070979,"Korea, Republic of",1,32,"married",4,4
410070980,"Korea, Republic of",1,60,"married",5,2
410070981,"Korea, Republic of",1,21,"single",7,7
410070982,"Korea, Republic of",0,60,"married",7,8
410070983,"Korea, Republic of",0,36,"married",7,7
410070984,"Korea, Republic of",1,47,"married",7,8
410070985,"Korea, Republic of",1,60,"married",7,7
410070986,"Korea, Republic of",1,37,"married",6,5
410070987,"Korea, Republic of",1,55,"married",7,7
410070988,"Korea, Republic of",1,62,"married",7,7
410070989,"Korea, Republic of",0,52,"married",7,7
410070990,"Korea, Republic of",1,69,"married",8,7
410070991,"Korea, Republic of",0,27,"single",7,8
410070992,"Korea, Republic of",0,62,"married",7,7
410070993,"Korea, Republic of",0,22,"single",7,6
410070994,"Korea, Republic of",1,36,"married",6,7
410070995,"Korea, Republic of",1,54,"married",7,8
410070996,"Korea, Republic of",1,49,"married",5,5
410070997,"Korea, Republic of",1,66,"married",7,7
410070998,"Korea, Republic of",1,41,"married",7,8
410070999,"Korea, Republic of",0,58,"married",7,7
410071000,"Korea, Republic of",1,52,"married",7,8
410071001,"Korea, Republic of",0,48,"married",5,7
410071002,"Korea, Republic of",1,27,"married",7,6
410071003,"Korea, Republic of",1,67,"married",9,8
410071004,"Korea, Republic of",1,61,"married",8,8
410071005,"Korea, Republic of",0,59,"married",8,9
410071006,"Korea, Republic of",1,25,"single",4,5
410071007,"Korea, Republic of",0,38,"single",9,7
410071008,"Korea, Republic of",0,49,"married",7,6
410071009,"Korea, Republic of",1,59,"married",7,7
410071010,"Korea, Republic of",1,47,"married",7,6
410071011,"Korea, Republic of",1,49,"married",3,5
410071012,"Korea, Republic of",0,68,"married",9,8
410071013,"Korea, Republic of",1,37,"married",8,8
410071014,"Korea, Republic of",0,21,"single",7,6
410071015,"Korea, Republic of",0,62,"married",6,6
410071016,"Korea, Republic of",0,53,"married",7,5
410071017,"Korea, Republic of",0,43,"married",7,5
410071018,"Korea, Republic of",1,61,"married",9,7
410071019,"Korea, Republic of",0,21,"single",8,9
410071020,"Korea, Republic of",0,56,"divorced",8,6
410071021,"Korea, Republic of",1,52,"married",8,9
410071022,"Korea, Republic of",1,65,"married",8,5
410071023,"Korea, Republic of",1,47,"married",8,7
410071024,"Korea, Republic of",0,23,"single",7,4
410071025,"Korea, Republic of",1,43,"married",9,8
410071026,"Korea, Republic of",0,37,"married",8,7
410071027,"Korea, Republic of",0,58,"married",7,7
410071028,"Korea, Republic of",1,60,"married",4,6
410071029,"Korea, Republic of",0,52,"married",8,7
410071030,"Korea, Republic of",1,36,"married",7,8
410071031,"Korea, Republic of",0,23,"single",7,6
410071032,"Korea, Republic of",1,32,"married",7,7
410071033,"Korea, Republic of",1,31,"married",8,7
410071034,"Korea, Republic of",0,42,"married",7,7
410071035,"Korea, Republic of",0,41,"single",8,4
410071036,"Korea, Republic of",0,33,"single",1,2
410071037,"Korea, Republic of",0,48,"married",7,7
410071038,"Korea, Republic of",1,38,"married",7,5
410071039,"Korea, Republic of",0,45,"single",9,7
410071040,"Korea, Republic of",1,57,"married",7,6
410071041,"Korea, Republic of",1,28,"married",8,9
410071042,"Korea, Republic of",0,23,"single",4,4
410071043,"Korea, Republic of",0,26,"single",9,7
410071044,"Korea, Republic of",0,44,"married",8,8
410071045,"Korea, Republic of",0,35,"married",8,7
410071046,"Korea, Republic of",0,41,"married",8,9
410071047,"Korea, Republic of",0,21,"single",8,7
410071048,"Korea, Republic of",1,22,"single",8,7
410071049,"Korea, Republic of",0,26,"single",7,7
410071050,"Korea, Republic of",1,46,"married",6,5
410071051,"Korea, Republic of",1,40,"married",7,8
410071052,"Korea, Republic of",1,61,"married",8,6
410071053,"Korea, Republic of",1,25,"single",7,6
410071054,"Korea, Republic of",0,32,"married",7,7
410071055,"Korea, Republic of",0,59,"married",8,7
410071056,"Korea, Republic of",0,51,"married",8,7
410071057,"Korea, Republic of",0,21,"single",8,9
410071058,"Korea, Republic of",0,32,"single",6,5
410071059,"Korea, Republic of",0,31,"married",6,5
410071060,"Korea, Republic of",0,69,"married",7,7
410071061,"Korea, Republic of",1,65,"married",7,6
410071062,"Korea, Republic of",0,32,"married",5,5
410071063,"Korea, Republic of",1,27,"single",8,7
410071064,"Korea, Republic of",0,19,"single",4,4
410071065,"Korea, Republic of",0,61,"widowed",6,6
410071066,"Korea, Republic of",0,26,"single",7,6
410071067,"Korea, Republic of",0,63,"married",8,7
410071068,"Korea, Republic of",1,23,"single",7,7
410071069,"Korea, Republic of",1,30,"single",8,7
410071070,"Korea, Republic of",0,42,"married",7,6
410071071,"Korea, Republic of",1,42,"married",9,8
410071072,"Korea, Republic of",0,32,"married",8,8
410071073,"Korea, Republic of",1,28,"married",7,7
410071074,"Korea, Republic of",1,62,"married",8,7
410071075,"Korea, Republic of",0,63,"married",7,8
410071076,"Korea, Republic of",1,61,"married",5,6
410071077,"Korea, Republic of",0,56,"divorced",6,6
410071078,"Korea, Republic of",1,26,"single",7,8
410071079,"Korea, Republic of",0,32,"married",8,8
410071080,"Korea, Republic of",0,45,"married",7,7
410071081,"Korea, Republic of",0,37,"married",10,10
410071082,"Korea, Republic of",1,49,"married",8,8
410071083,"Korea, Republic of",1,21,"single",7,8
410071084,"Korea, Republic of",1,38,"married",8,8
410071085,"Korea, Republic of",1,64,"married",7,8
410071086,"Korea, Republic of",0,40,"married",8,7
410071087,"Korea, Republic of",0,23,"single",7,7
410071088,"Korea, Republic of",0,31,"single",7,7
410071089,"Korea, Republic of",0,19,"single",8,7
410071090,"Korea, Republic of",1,31,"married",9,8
410071091,"Korea, Republic of",1,42,"married",8,7
410071092,"Korea, Republic of",0,61,"married",7,7
410071093,"Korea, Republic of",0,62,"married",6,5
410071094,"Korea, Republic of",0,26,"single",4,7
410071095,"Korea, Republic of",1,20,"single",7,5
410071096,"Korea, Republic of",1,53,"married",5,7
410071097,"Korea, Republic of",0,56,"divorced",5,6
410071098,"Korea, Republic of",0,48,"married",8,8
410071099,"Korea, Republic of",1,58,"married",5,5
410071100,"Korea, Republic of",0,38,"single",10,7
410071101,"Korea, Republic of",0,27,"single",6,7
410071102,"Korea, Republic of",1,25,"single",7,8
410071103,"Korea, Republic of",1,62,"married",7,8
410071104,"Korea, Republic of",1,61,"married",8,8
410071105,"Korea, Republic of",1,49,"married",8,8
410071106,"Korea, Republic of",1,41,"married",6,6
410071107,"Korea, Republic of",0,61,"married",6,7
410071108,"Korea, Republic of",0,37,"married",7,8
410071109,"Korea, Republic of",1,41,"married",4,6
410071110,"Korea, Republic of",1,29,"single",8,8
410071111,"Korea, Republic of",0,47,"married",7,7
410071112,"Korea, Republic of",1,38,"married",7,6
410071113,"Korea, Republic of",0,63,"married",8,6
410071114,"Korea, Republic of",0,30,"single",7,9
410071115,"Korea, Republic of",0,56,"married",5,5
410071116,"Korea, Republic of",0,50,"married",7,8
410071117,"Korea, Republic of",1,29,"married",7,7
410071118,"Korea, Republic of",1,73,"widowed",8,9
410071119,"Korea, Republic of",0,28,"single",7,7
410071120,"Korea, Republic of",1,22,"single",5,4
410071121,"Korea, Republic of",0,79,"married",9,9
410071122,"Korea, Republic of",1,36,"married",7,7
410071123,"Korea, Republic of",1,30,"single",7,7
410071124,"Korea, Republic of",1,41,"married",6,7
410071125,"Korea, Republic of",0,60,"married",5,6
410071126,"Korea, Republic of",1,27,"single",9,7
410071127,"Korea, Republic of",0,30,"single",6,4
410071128,"Korea, Republic of",1,51,"married",7,6
410071129,"Korea, Republic of",1,67,"married",7,7
410071130,"Korea, Republic of",1,49,"married",7,8
410071131,"Korea, Republic of",1,66,"married",7,7
410071132,"Korea, Republic of",0,64,"married",8,7
410071133,"Korea, Republic of",0,57,"married",6,6
410071134,"Korea, Republic of",0,43,"married",7,7
410071135,"Korea, Republic of",0,26,"single",7,7
410071136,"Korea, Republic of",0,26,"single",7,7
410071137,"Korea, Republic of",1,47,"single",9,8
410071138,"Korea, Republic of",1,37,"married",4,7
410071139,"Korea, Republic of",0,56,"married",8,8
410071140,"Korea, Republic of",0,45,"married",7,7
410071141,"Korea, Republic of",0,47,"married",3,8
410071142,"Korea, Republic of",1,51,"married",9,8
410071143,"Korea, Republic of",1,69,"married",8,8
410071144,"Korea, Republic of",0,35,"single",7,8
410071145,"Korea, Republic of",0,27,"single",9,9
410071146,"Korea, Republic of",1,30,"single",8,8
410071147,"Korea, Republic of",1,40,"married",9,10
410071148,"Korea, Republic of",1,57,"married",5,5
410071149,"Korea, Republic of",1,70,"married",7,6
410071150,"Korea, Republic of",0,71,"married",8,8
410071151,"Korea, Republic of",1,73,"married",7,7
410071152,"Korea, Republic of",1,60,"married",5,5
410071153,"Korea, Republic of",0,53,"married",9,9
410071154,"Korea, Republic of",1,49,"married",1,6
410071155,"Korea, Republic of",1,64,"married",7,7
410071156,"Korea, Republic of",1,32,"married",3,8
410071157,"Korea, Republic of",1,59,"married",9,9
410071158,"Korea, Republic of",0,20,"married",7,7
410071159,"Korea, Republic of",1,57,"married",7,6
410071160,"Korea, Republic of",0,25,"single",7,7
410071161,"Korea, Republic of",1,56,"married",9,8
410071162,"Korea, Republic of",0,38,"married",7,8
410071163,"Korea, Republic of",1,41,"married",8,8
410071164,"Korea, Republic of",1,58,"married",6,5
410071165,"Korea, Republic of",1,56,"married",4,3
410071166,"Korea, Republic of",1,68,"widowed",9,9
410071167,"Korea, Republic of",1,35,"single",7,8
410071168,"Korea, Republic of",0,19,"single",7,8
410071169,"Korea, Republic of",0,51,"married",8,7
410071170,"Korea, Republic of",0,77,"married",6,5
410071171,"Korea, Republic of",1,69,"married",5,6
410071172,"Korea, Republic of",0,71,"widowed",6,5
410071173,"Korea, Republic of",0,36,"single",6,7
410071174,"Korea, Republic of",1,46,"married",9,8
410071175,"Korea, Republic of",0,44,"single",5,5
410071176,"Korea, Republic of",1,58,"widowed",5,5
410071177,"Korea, Republic of",0,75,"married",5,5
410071178,"Korea, Republic of",1,75,"married",5,5
410071179,"Korea, Republic of",0,56,"married",8,7
410071180,"Korea, Republic of",1,57,"married",8,8
410071181,"Korea, Republic of",1,37,"single",10,10
410071182,"Korea, Republic of",1,28,"single",6,7
410071183,"Korea, Republic of",0,43,"married",10,10
410071184,"Korea, Republic of",1,43,"married",4,7
410071185,"Korea, Republic of",1,47,"married",10,10
410071186,"Korea, Republic of",1,38,"married",8,7
410071187,"Korea, Republic of",0,62,"married",10,8
410071188,"Korea, Republic of",0,24,"single",4,3
410071189,"Korea, Republic of",0,54,"married",10,8
410071190,"Korea, Republic of",0,71,"married",8,8
410071191,"Korea, Republic of",1,60,"married",10,9
410071192,"Korea, Republic of",0,23,"single",4,5
410071193,"Korea, Republic of",1,61,"married",10,9
410071194,"Korea, Republic of",1,64,"married",10,10
410071195,"Korea, Republic of",0,54,"married",7,8
410071196,"Korea, Republic of",1,48,"married",4,6
410071197,"Korea, Republic of",0,46,"married",2,8
410071198,"Korea, Republic of",1,48,"married",8,7
410071199,"Korea, Republic of",0,50,"married",8,6
410071200,"Korea, Republic of",0,45,"single",6,6
410071201,"Korea, Republic of",0,76,"married",8,7
410071202,"Korea, Republic of",1,76,"widowed",9,4
410071203,"Korea, Republic of",1,75,"widowed",10,9
410071204,"Korea, Republic of",0,42,"married",6,7
410071205,"Korea, Republic of",1,64,"married",8,8
410071206,"Korea, Republic of",0,58,"married",6,8
410071207,"Korea, Republic of",1,25,"single",8,5
410071208,"Korea, Republic of",1,51,"married",10,8
410071209,"Korea, Republic of",0,54,"married",4,7
410071210,"Korea, Republic of",0,63,"married",9,9
410071211,"Korea, Republic of",1,50,"married",7,8
410071212,"Korea, Republic of",1,61,"married",7,8
410071213,"Korea, Republic of",1,36,"married",5,7
410071214,"Korea, Republic of",0,58,"single",7,5
410071215,"Korea, Republic of",0,85,"married",7,7
410071216,"Korea, Republic of",0,54,"married",8,8
410071217,"Korea, Republic of",1,50,"married",8,7
410071218,"Korea, Republic of",0,24,"single",6,7
410071219,"Korea, Republic of",0,42,"married",7,5
410071220,"Korea, Republic of",0,42,"married",7,7
410071221,"Korea, Republic of",0,63,"married",7,8
410071222,"Korea, Republic of",0,28,"single",5,5
410071223,"Korea, Republic of",1,62,"widowed",9,9
410071224,"Korea, Republic of",1,27,"single",8,8
410071225,"Korea, Republic of",0,38,"married",7,7
410071226,"Korea, Republic of",0,49,"married",7,8
410071227,"Korea, Republic of",0,56,"married",8,5
410071228,"Korea, Republic of",1,57,"married",5,6
410071229,"Korea, Republic of",1,42,"married",6,7
410071230,"Korea, Republic of",1,67,"widowed",7,6
410071231,"Korea, Republic of",1,42,"married",5,6
410071232,"Korea, Republic of",0,59,"married",7,7
410071233,"Korea, Republic of",1,65,"married",8,8
410071234,"Korea, Republic of",1,27,"single",8,8
410071235,"Korea, Republic of",1,45,"married",8,8
410071236,"Korea, Republic of",0,60,"married",7,7
410071237,"Korea, Republic of",1,68,"married",9,7
410071238,"Korea, Republic of",0,32,"married",8,8
410071239,"Korea, Republic of",1,64,"married",8,8
410071240,"Korea, Republic of",1,52,"married",8,7
410071241,"Korea, Republic of",1,62,"widowed",9,7
410071242,"Korea, Republic of",0,36,"married",7,7
410071243,"Korea, Republic of",0,54,"married",5,7
410071244,"Korea, Republic of",1,24,"single",4,5
410071245,"Korea, Republic of",0,61,"married",9,9
818070001,"Egypt",0,46,"married",5,7
818070002,"Egypt",1,30,"married",8,3
818070003,"Egypt",1,25,"married",7,8
818070004,"Egypt",0,60,"married",10,10
818070005,"Egypt",1,56,"married",5,3
818070006,"Egypt",0,45,"married",8,10
818070007,"Egypt",0,46,"married",10,8
818070008,"Egypt",1,45,"widowed",8,8
818070009,"Egypt",0,57,"married",7,8
818070010,"Egypt",1,57,"widowed",7,7
818070011,"Egypt",0,20,"single",6,7
818070012,"Egypt",1,18,"single",6,7
818070013,"Egypt",0,47,"married",7,10
818070014,"Egypt",1,39,"married",9,7
818070015,"Egypt",0,33,"married",3,4
818070016,"Egypt",1,24,"married",8,5
818070017,"Egypt",1,45,"married",6,6
818070018,"Egypt",0,42,"married",1,7
818070019,"Egypt",1,55,"widowed",7,4
818070020,"Egypt",0,54,"widowed",6,2
818070021,"Egypt",0,28,"single",9,5
818070022,"Egypt",1,30,"married",7,10
818070023,"Egypt",0,30,"divorced",5,3
818070024,"Egypt",1,19,"single",9,9
818070025,"Egypt",0,40,"married",8,5
818070026,"Egypt",0,23,"single",8,1
818070027,"Egypt",1,38,"married",5,5
818070028,"Egypt",0,32,"married",8,4
818070029,"Egypt",1,60,"widowed",7,8
818070030,"Egypt",0,31,"married",6,4
818070031,"Egypt",0,48,"married",5,4
818070032,"Egypt",1,19,"married",4,9
818070033,"Egypt",0,31,"married",5,6
818070034,"Egypt",1,50,"married",7,9
818070035,"Egypt",1,57,"widowed",8,10
818070036,"Egypt",0,33,"married",9,9
818070037,"Egypt",1,28,"married",7,7
818070038,"Egypt",1,38,"married",10,5
818070039,"Egypt",0,53,"married",6,7
818070040,"Egypt",1,32,"married",10,1
818070041,"Egypt",1,65,"widowed",5,7
818070042,"Egypt",0,53,"married",3,8
818070043,"Egypt",1,59,"married",4,5
818070044,"Egypt",0,38,"married",8,8
818070045,"Egypt",1,35,"married",5,10
818070046,"Egypt",0,67,"married",10,1
818070047,"Egypt",1,57,"married",6,10
818070048,"Egypt",0,33,"married",3,3
818070049,"Egypt",1,49,"single",8,7
818070050,"Egypt",1,35,"married",6,8
818070051,"Egypt",0,24,"single",7,6
818070052,"Egypt",1,23,"single",7,9
818070053,"Egypt",1,19,"single",5,6
818070054,"Egypt",0,55,"married",10,10
818070055,"Egypt",0,57,"married",7,9
818070056,"Egypt",1,29,"married",4,7
818070057,"Egypt",1,46,"married",8,6
818070058,"Egypt",0,48,"married",6,5
818070059,"Egypt",1,46,"married",8,8
818070060,"Egypt",0,30,"single",8,8
818070061,"Egypt",1,20,"single",3,10
818070062,"Egypt",1,61,"married",4,8
818070063,"Egypt",0,19,"single",5,10
818070064,"Egypt",1,33,"married",7,8
818070065,"Egypt",1,19,"single",6,9
818070066,"Egypt",1,40,"married",3,2
818070067,"Egypt",1,40,"divorced",5,1
818070068,"Egypt",0,24,"single",4,3
818070069,"Egypt",1,69,"married",4,5
818070070,"Egypt",0,52,"married",6,6
818070071,"Egypt",1,33,"divorced",1,1
818070072,"Egypt",0,53,"married",9,10
818070073,"Egypt",0,30,"married",10,5
818070074,"Egypt",0,21,"single",7,6
818070075,"Egypt",0,41,"married",5,10
818070076,"Egypt",1,55,"married",1,1
818070077,"Egypt",1,19,"single",7,10
818070078,"Egypt",1,57,"widowed",4,5
818070079,"Egypt",0,42,"married",8,9
818070080,"Egypt",1,39,"divorced",10,7
818070081,"Egypt",1,55,"married",5,6
818070082,"Egypt",0,60,"married",8,6
818070083,"Egypt",0,58,"married",8,5
818070084,"Egypt",1,29,"married",3,7
818070085,"Egypt",0,38,"married",8,8
818070086,"Egypt",1,40,"married",7,10
818070087,"Egypt",1,52,"married",4,3
818070088,"Egypt",0,45,"married",9,7
818070089,"Egypt",0,38,"married",8,8
818070090,"Egypt",0,54,"married",8,7
818070091,"Egypt",0,59,"married",8,8
818070092,"Egypt",1,38,"married",5,5
818070093,"Egypt",1,30,"married",7,7
818070094,"Egypt",0,22,"single",10,3
818070095,"Egypt",0,29,"single",9,4
818070096,"Egypt",1,31,"married",3,6
818070097,"Egypt",1,47,"married",5,5
818070098,"Egypt",0,44,"single",1,3
818070099,"Egypt",0,59,"married",8,8
818070100,"Egypt",0,28,"married",9,8
818070101,"Egypt",1,41,"married",9,8
818070102,"Egypt",0,38,"divorced",7,6
818070103,"Egypt",1,45,"married",10,9
818070104,"Egypt",1,45,"married",6,5
818070105,"Egypt",0,59,"married",3,1
818070106,"Egypt",0,35,"married",9,5
818070107,"Egypt",0,35,"married",5,2
818070108,"Egypt",1,30,"separated",6,1
818070109,"Egypt",0,27,"single",6,10
818070110,"Egypt",1,25,"single",6,6
818070111,"Egypt",1,23,"married",6,7
818070112,"Egypt",1,59,"widowed",8,6
818070113,"Egypt",0,58,"married",6,6
818070114,"Egypt",1,40,"married",8,9
818070115,"Egypt",0,19,"single",6,5
818070116,"Egypt",1,58,"widowed",3,1
818070117,"Egypt",1,36,"married",7,10
818070118,"Egypt",0,58,"married",10,3
818070119,"Egypt",1,34,"married",6,3
818070120,"Egypt",0,40,"married",10,6
818070121,"Egypt",0,57,"widowed",10,3
818070122,"Egypt",0,19,"single",5,1
818070123,"Egypt",1,50,"married",6,2
818070124,"Egypt",1,24,"divorced",4,6
818070125,"Egypt",0,50,"married",10,1
818070126,"Egypt",1,30,"married",1,1
818070127,"Egypt",1,47,"divorced",3,3
818070128,"Egypt",0,58,"married",6,5
818070129,"Egypt",1,56,"separated",7,3
818070130,"Egypt",0,50,"married",9,9
818070131,"Egypt",1,30,"married",5,2
818070132,"Egypt",0,25,"single",6,9
818070133,"Egypt",1,40,"married",10,3
818070134,"Egypt",1,33,"married",5,5
818070135,"Egypt",1,37,"married",10,1
818070136,"Egypt",1,18,"single",5,7
818070137,"Egypt",1,46,"married",10,3
818070138,"Egypt",0,19,"single",10,4
818070139,"Egypt",0,48,"separated",6,3
818070140,"Egypt",1,37,"married",5,1
818070141,"Egypt",0,28,"married",9,6
818070142,"Egypt",1,56,"married",8,8
818070143,"Egypt",1,55,"widowed",5,5
818070144,"Egypt",0,55,"married",5,2
818070145,"Egypt",0,53,"married",7,8
818070146,"Egypt",0,45,"married",7,8
818070147,"Egypt",0,52,"married",5,7
818070148,"Egypt",0,22,"single",7,5
818070149,"Egypt",1,57,"divorced",7,10
818070150,"Egypt",0,52,"married",7,5
818070151,"Egypt",0,35,"single",9,9
818070152,"Egypt",1,42,"married",5,5
818070153,"Egypt",0,32,"married",7,7
818070154,"Egypt",1,23,"single",5,10
818070155,"Egypt",0,34,"married",5,1
818070156,"Egypt",1,28,"divorced",10,10
818070157,"Egypt",1,33,"married",7,8
818070158,"Egypt",0,31,"married",2,4
818070159,"Egypt",0,21,"single",8,8
818070160,"Egypt",1,28,"married",8,10
818070161,"Egypt",0,19,"single",3,5
818070162,"Egypt",1,51,"married",5,5
818070163,"Egypt",1,53,"widowed",8,5
818070164,"Egypt",0,23,"married",6,6
818070165,"Egypt",0,38,"married",8,9
818070166,"Egypt",1,27,"divorced",NA,1
818070167,"Egypt",0,22,"single",6,4
818070168,"Egypt",1,48,"married",5,8
818070169,"Egypt",0,45,"married",8,10
818070170,"Egypt",1,22,"single",8,9
818070171,"Egypt",1,39,"married",5,5
818070172,"Egypt",1,46,"married",5,8
818070173,"Egypt",1,30,"married",6,8
818070174,"Egypt",0,23,"married",7,3
818070175,"Egypt",0,19,"single",7,5
818070176,"Egypt",1,54,"married",7,5
818070177,"Egypt",0,46,"married",3,3
818070178,"Egypt",1,46,"widowed",7,7
818070179,"Egypt",0,30,"married",8,8
818070180,"Egypt",1,58,"widowed",8,5
818070181,"Egypt",0,39,"married",7,5
818070182,"Egypt",1,41,"married",7,7
818070183,"Egypt",1,18,"single",10,10
818070184,"Egypt",0,50,"married",10,4
818070185,"Egypt",1,28,"married",5,5
818070186,"Egypt",0,35,"single",8,6
818070187,"Egypt",1,38,"separated",10,5
818070188,"Egypt",0,22,"single",10,8
818070189,"Egypt",1,35,"married",7,9
818070190,"Egypt",0,45,"single",8,7
818070191,"Egypt",0,24,"single",6,5
818070192,"Egypt",0,54,"married",10,10
818070193,"Egypt",0,65,"married",8,9
818070194,"Egypt",1,52,"married",7,8
818070195,"Egypt",1,41,"married",7,8
818070196,"Egypt",0,23,"single",8,4
818070197,"Egypt",0,26,"single",9,9
818070198,"Egypt",1,40,"widowed",7,6
818070199,"Egypt",1,47,"single",6,4
818070200,"Egypt",1,18,"single",7,1
818070201,"Egypt",0,32,"married",8,6
818070202,"Egypt",0,38,"married",8,NA
818070203,"Egypt",0,58,"married",7,1
818070204,"Egypt",0,39,"married",7,5
818070205,"Egypt",0,49,"married",10,5
818070206,"Egypt",1,38,"separated",8,4
818070207,"Egypt",1,54,"divorced",8,8
818070208,"Egypt",0,18,"single",8,8
818070209,"Egypt",1,29,"married",5,5
818070210,"Egypt",0,54,"married",5,10
818070211,"Egypt",0,59,"married",9,10
818070212,"Egypt",1,36,"married",7,8
818070213,"Egypt",1,37,"separated",10,2
818070214,"Egypt",1,53,"separated",3,5
818070215,"Egypt",1,37,"married",6,7
818070216,"Egypt",1,34,"married",3,6
818070217,"Egypt",0,57,"married",5,5
818070218,"Egypt",0,60,"married",5,5
818070219,"Egypt",0,21,"single",10,5
818070220,"Egypt",0,38,"married",8,5
818070221,"Egypt",1,54,"widowed",5,7
818070222,"Egypt",0,33,"single",6,3
818070223,"Egypt",0,40,"married",6,6
818070224,"Egypt",0,32,"married",5,5
818070225,"Egypt",1,30,"married",5,5
818070226,"Egypt",0,42,"married",7,7
818070227,"Egypt",1,53,"married",6,8
818070228,"Egypt",0,18,"single",9,8
818070229,"Egypt",0,52,"married",3,3
818070230,"Egypt",0,45,"divorced",5,3
818070231,"Egypt",1,42,"married",9,8
818070232,"Egypt",1,23,"married",7,8
818070233,"Egypt",1,38,"married",9,3
818070234,"Egypt",0,53,"married",9,6
818070235,"Egypt",1,33,"married",3,6
818070236,"Egypt",0,23,"single",8,3
818070237,"Egypt",0,60,"married",8,9
818070238,"Egypt",1,28,"married",6,3
818070239,"Egypt",1,40,"married",6,2
818070240,"Egypt",0,31,"married",4,8
818070241,"Egypt",0,49,"married",10,6
818070242,"Egypt",1,18,"single",8,7
818070243,"Egypt",0,35,"married",8,4
818070244,"Egypt",1,31,"married",7,7
818070245,"Egypt",0,38,"single",8,6
818070246,"Egypt",0,33,"married",7,6
818070247,"Egypt",1,30,"married",8,7
818070248,"Egypt",1,35,"married",6,10
818070249,"Egypt",1,35,"married",6,7
818070250,"Egypt",1,62,"widowed",7,5
818070251,"Egypt",1,33,"married",5,5
818070252,"Egypt",0,32,"married",4,4
818070253,"Egypt",0,61,"married",8,6
818070254,"Egypt",1,19,"married",4,4
818070255,"Egypt",1,22,"married",9,10
818070256,"Egypt",1,20,"married",6,8
818070257,"Egypt",1,56,"married",7,7
818070258,"Egypt",0,60,"married",8,6
818070259,"Egypt",0,45,"married",8,6
818070260,"Egypt",1,40,"married",8,7
818070261,"Egypt",1,37,"married",4,4
818070262,"Egypt",0,48,"married",9,6
818070263,"Egypt",1,40,"married",5,9
818070264,"Egypt",1,34,"married",9,6
818070265,"Egypt",0,45,"married",8,3
818070266,"Egypt",1,51,"married",7,NA
818070267,"Egypt",0,55,"married",7,8
818070268,"Egypt",1,54,"married",3,6
818070269,"Egypt",1,45,"married",3,4
818070270,"Egypt",1,30,"divorced",2,3
818070271,"Egypt",1,23,"married",4,5
818070272,"Egypt",0,69,"married",5,7
818070273,"Egypt",1,55,"married",9,8
818070274,"Egypt",0,40,"married",9,6
818070275,"Egypt",1,60,"widowed",7,8
818070276,"Egypt",0,29,"single",5,3
818070277,"Egypt",1,45,"married",5,3
818070278,"Egypt",0,40,"married",7,9
818070279,"Egypt",1,33,"married",7,5
818070280,"Egypt",1,45,"married",5,7
818070281,"Egypt",0,56,"married",8,6
818070282,"Egypt",0,35,"married",9,7
818070283,"Egypt",1,35,"married",2,7
818070284,"Egypt",0,20,"single",7,1
818070285,"Egypt",0,38,"married",5,3
818070286,"Egypt",1,51,"widowed",5,4
818070287,"Egypt",1,53,"widowed",3,3
818070288,"Egypt",1,30,"married",2,3
818070289,"Egypt",1,35,"widowed",9,6
818070290,"Egypt",1,55,"married",6,6
818070291,"Egypt",0,22,"single",8,9
818070292,"Egypt",1,35,"married",6,9
818070293,"Egypt",1,70,"married",5,5
818070294,"Egypt",0,19,"single",6,5
818070295,"Egypt",1,60,"widowed",8,8
818070296,"Egypt",0,22,"single",8,7
818070297,"Egypt",0,55,"married",9,9
818070298,"Egypt",0,18,"married",5,5
818070299,"Egypt",1,66,"widowed",5,6
818070300,"Egypt",0,30,"married",7,6
818070301,"Egypt",1,67,"divorced",7,10
818070302,"Egypt",0,35,"married",5,5
818070303,"Egypt",1,37,"married",4,2
818070304,"Egypt",1,59,"widowed",10,3
818070305,"Egypt",1,20,"single",5,8
818070306,"Egypt",0,24,"married",9,5
818070307,"Egypt",0,52,"married",4,2
818070308,"Egypt",0,50,"married",4,1
818070309,"Egypt",0,32,"married",4,5
818070310,"Egypt",1,45,"married",3,4
818070311,"Egypt",1,62,"widowed",9,8
818070312,"Egypt",1,34,"married",7,7
818070313,"Egypt",1,41,"single",5,3
818070314,"Egypt",0,33,"single",8,6
818070315,"Egypt",1,75,"widowed",1,1
818070316,"Egypt",0,30,"married",1,1
818070317,"Egypt",1,46,"married",7,8
818070318,"Egypt",1,21,"single",5,8
818070319,"Egypt",1,50,"separated",8,7
818070320,"Egypt",0,69,"married",7,8
818070321,"Egypt",0,60,"married",5,2
818070322,"Egypt",1,29,"married",5,2
818070323,"Egypt",0,35,"married",8,5
818070324,"Egypt",1,29,"married",7,7
818070325,"Egypt",0,18,"single",10,6
818070326,"Egypt",1,38,"widowed",7,9
818070327,"Egypt",1,50,"married",5,5
818070328,"Egypt",1,27,"single",4,7
818070329,"Egypt",1,47,"divorced",3,8
818070330,"Egypt",1,29,"married",7,10
818070331,"Egypt",1,36,"single",5,5
818070332,"Egypt",0,34,"separated",9,10
818070333,"Egypt",1,70,"married",5,4
818070334,"Egypt",1,28,"married",8,5
818070335,"Egypt",0,19,"single",3,1
818070336,"Egypt",1,60,"married",5,6
818070337,"Egypt",1,35,"married",7,8
818070338,"Egypt",0,38,"married",8,8
818070339,"Egypt",1,35,"married",5,5
818070340,"Egypt",1,51,"widowed",9,7
818070341,"Egypt",1,68,"married",7,2
818070342,"Egypt",0,65,"married",7,6
818070343,"Egypt",1,36,"married",6,6
818070344,"Egypt",0,34,"married",8,7
818070345,"Egypt",0,54,"married",8,6
818070346,"Egypt",1,24,"married",1,5
818070347,"Egypt",1,39,"single",7,6
818070348,"Egypt",1,63,"married",8,6
818070349,"Egypt",1,57,"widowed",NA,4
818070350,"Egypt",0,40,"married",6,6
818070351,"Egypt",0,25,"married",5,4
818070352,"Egypt",0,59,"married",2,3
818070353,"Egypt",1,37,"married",7,5
818070354,"Egypt",1,56,"divorced",5,7
818070355,"Egypt",0,28,"married",4,6
818070356,"Egypt",0,48,"married",9,8
818070357,"Egypt",1,30,"married",5,7
818070358,"Egypt",1,60,"widowed",9,7
818070359,"Egypt",0,19,"single",8,6
818070360,"Egypt",0,45,"married",9,7
818070361,"Egypt",0,45,"divorced",4,5
818070362,"Egypt",0,23,"single",1,2
818070363,"Egypt",1,28,"married",5,6
818070364,"Egypt",0,53,"married",9,7
818070365,"Egypt",0,68,"married",5,7
818070366,"Egypt",1,21,"single",8,7
818070367,"Egypt",1,75,"widowed",8,7
818070368,"Egypt",0,56,"married",7,5
818070369,"Egypt",0,34,"single",6,6
818070370,"Egypt",0,19,"single",4,3
818070371,"Egypt",0,30,"single",5,3
818070372,"Egypt",1,59,"married",5,7
818070373,"Egypt",0,30,"married",8,8
818070374,"Egypt",0,50,"married",8,8
818070375,"Egypt",0,35,"single",4,4
818070376,"Egypt",0,57,"separated",9,10
818070377,"Egypt",0,42,"married",8,8
818070378,"Egypt",0,19,"single",8,7
818070379,"Egypt",1,47,"married",3,1
818070380,"Egypt",1,59,"widowed",1,1
818070381,"Egypt",0,58,"single",5,3
818070382,"Egypt",0,40,"married",5,6
818070383,"Egypt",0,20,"single",10,8
818070384,"Egypt",1,49,"married",9,9
818070385,"Egypt",0,35,"single",3,6
818070386,"Egypt",1,18,"single",2,8
818070387,"Egypt",0,58,"married",6,8
818070388,"Egypt",0,34,"married",4,6
818070389,"Egypt",0,64,"married",8,7
818070390,"Egypt",1,55,"married",7,5
818070391,"Egypt",1,55,"widowed",1,1
818070392,"Egypt",0,40,"married",1,1
818070393,"Egypt",0,49,"married",9,8
818070394,"Egypt",0,25,"single",9,6
818070395,"Egypt",1,35,"married",5,3
818070396,"Egypt",0,59,"married",6,10
818070397,"Egypt",0,52,"married",5,7
818070398,"Egypt",0,55,"married",4,7
818070399,"Egypt",1,38,"married",10,10
818070400,"Egypt",0,55,"married",10,7
818070401,"Egypt",1,30,"divorced",7,5
818070402,"Egypt",0,48,"married",5,7
818070403,"Egypt",1,41,"married",6,6
818070404,"Egypt",0,54,"married",1,1
818070405,"Egypt",0,45,"separated",8,8
818070406,"Egypt",1,35,"married",8,5
818070407,"Egypt",0,35,"married",8,8
818070408,"Egypt",1,56,"widowed",5,5
818070409,"Egypt",1,39,"married",6,4
818070410,"Egypt",0,54,"married",6,7
818070411,"Egypt",0,45,"married",10,9
818070412,"Egypt",0,41,"married",4,7
818070413,"Egypt",0,40,"single",8,7
818070414,"Egypt",0,38,"married",7,6
818070415,"Egypt",0,24,"married",1,5
818070416,"Egypt",0,26,"married",4,10
818070417,"Egypt",1,35,"married",7,9
818070418,"Egypt",0,49,"married",7,7
818070419,"Egypt",0,59,"widowed",7,7
818070420,"Egypt",1,43,"married",8,7
818070421,"Egypt",0,37,"married",3,10
818070422,"Egypt",0,37,"married",1,1
818070423,"Egypt",1,41,"married",2,6
818070424,"Egypt",0,49,"married",5,5
818070425,"Egypt",0,29,"married",6,4
818070426,"Egypt",1,22,"single",3,5
818070427,"Egypt",1,59,"married",8,7
818070428,"Egypt",1,25,"married",8,7
818070429,"Egypt",0,28,"single",3,1
818070430,"Egypt",1,43,"married",2,8
818070431,"Egypt",1,44,"married",6,5
818070432,"Egypt",0,43,"married",6,4
818070433,"Egypt",0,35,"married",5,5
818070434,"Egypt",0,26,"single",2,6
818070435,"Egypt",0,55,"married",7,7
818070436,"Egypt",0,35,"married",7,8
818070437,"Egypt",0,53,"married",7,6
818070438,"Egypt",1,35,"married",7,6
818070439,"Egypt",1,37,"single",8,6
818070440,"Egypt",0,55,"married",5,7
818070441,"Egypt",1,38,"married",7,6
818070442,"Egypt",0,32,"married",8,7
818070443,"Egypt",0,55,"married",5,7
818070444,"Egypt",0,49,"married",5,7
818070445,"Egypt",0,18,"single",4,1
818070446,"Egypt",0,39,"married",4,10
818070447,"Egypt",0,59,"married",8,9
818070448,"Egypt",1,42,"widowed",9,6
818070449,"Egypt",0,50,"married",7,7
818070450,"Egypt",1,42,"married",8,8
818070451,"Egypt",0,39,"married",3,3
818070452,"Egypt",1,57,"married",3,9
818070453,"Egypt",1,45,"widowed",6,5
818070454,"Egypt",0,38,"separated",9,8
818070455,"Egypt",1,25,"married",5,5
818070456,"Egypt",0,58,"married",10,2
818070457,"Egypt",0,34,"married",9,4
818070458,"Egypt",1,58,"widowed",7,6
818070459,"Egypt",0,22,"single",8,7
818070460,"Egypt",0,21,"single",10,9
818070461,"Egypt",0,36,"married",5,10
818070462,"Egypt",1,52,"married",4,10
818070463,"Egypt",0,52,"married",7,6
818070464,"Egypt",1,27,"married",1,2
818070465,"Egypt",1,18,"single",8,6
818070466,"Egypt",0,26,"single",10,10
818070467,"Egypt",0,58,"married",4,7
818070468,"Egypt",1,22,"single",1,5
818070469,"Egypt",0,59,"single",7,7
818070470,"Egypt",0,24,"single",8,7
818070471,"Egypt",1,55,"married",6,7
818070472,"Egypt",0,38,"married",9,4
818070473,"Egypt",1,25,"married",4,2
818070474,"Egypt",0,52,"married",4,9
818070475,"Egypt",0,39,"married",6,9
818070476,"Egypt",1,51,"widowed",6,5
818070477,"Egypt",1,25,"married",8,7
818070478,"Egypt",0,23,"single",8,5
818070479,"Egypt",0,57,"married",5,6
818070480,"Egypt",1,27,"married",1,6
818070481,"Egypt",0,53,"married",6,5
818070482,"Egypt",1,27,"married",4,5
818070483,"Egypt",0,53,"married",7,5
818070484,"Egypt",1,24,"married",8,7
818070485,"Egypt",0,65,"married",9,10
818070486,"Egypt",1,61,"widowed",3,8
818070487,"Egypt",0,33,"married",4,1
818070488,"Egypt",1,30,"married",4,2
818070489,"Egypt",0,38,"married",7,6
818070490,"Egypt",1,24,"single",6,5
818070491,"Egypt",1,34,"single",8,7
818070492,"Egypt",0,36,"married",10,9
818070493,"Egypt",0,80,"married",5,5
818070494,"Egypt",1,71,"married",4,6
818070495,"Egypt",0,52,"married",10,7
818070496,"Egypt",1,41,"single",9,7
818070497,"Egypt",1,45,"married",4,1
818070498,"Egypt",0,55,"married",10,7
818070499,"Egypt",0,64,"married",5,7
818070500,"Egypt",1,29,"married",8,6
818070501,"Egypt",0,49,"married",7,5
818070502,"Egypt",1,40,"married",6,7
818070503,"Egypt",0,37,"married",8,7
818070504,"Egypt",1,59,"married",8,6
818070505,"Egypt",0,46,"married",10,4
818070506,"Egypt",1,65,"married",10,8
818070507,"Egypt",0,55,"married",5,6
818070508,"Egypt",1,45,"married",5,8
818070509,"Egypt",0,34,"single",6,6
818070510,"Egypt",1,26,"married",8,8
818070511,"Egypt",0,50,"married",6,4
818070512,"Egypt",1,47,"widowed",6,5
818070513,"Egypt",0,21,"single",8,7
818070514,"Egypt",1,57,"married",7,8
818070515,"Egypt",0,40,"married",7,9
818070516,"Egypt",1,32,"married",10,10
818070517,"Egypt",1,35,"married",7,8
818070518,"Egypt",0,33,"married",10,10
818070519,"Egypt",1,45,"married",7,7
818070520,"Egypt",0,30,"married",7,5
818070521,"Egypt",1,65,"widowed",10,10
818070522,"Egypt",1,36,"married",8,9
818070523,"Egypt",1,63,"married",7,4
818070524,"Egypt",0,75,"married",10,8
818070525,"Egypt",0,38,"married",7,8
818070526,"Egypt",0,28,"single",6,6
818070527,"Egypt",1,24,"married",7,6
818070528,"Egypt",0,20,"single",5,6
818070529,"Egypt",0,45,"married",7,7
818070530,"Egypt",1,43,"married",6,4
818070531,"Egypt",0,67,"married",7,6
818070532,"Egypt",1,20,"single",7,8
818070533,"Egypt",0,54,"married",5,7
818070534,"Egypt",0,45,"married",8,5
818070535,"Egypt",1,40,"single",10,9
818070536,"Egypt",1,35,"married",10,7
818070537,"Egypt",0,45,"married",8,7
818070538,"Egypt",1,33,"married",6,4
818070539,"Egypt",1,42,"married",7,5
818070540,"Egypt",0,22,"single",7,7
818070541,"Egypt",0,27,"married",10,9
818070542,"Egypt",1,33,"married",5,7
818070543,"Egypt",1,55,"married",7,7
818070544,"Egypt",1,24,"married",9,9
818070545,"Egypt",1,53,"widowed",10,6
818070546,"Egypt",0,52,"married",8,7
818070547,"Egypt",1,30,"single",8,8
818070548,"Egypt",0,50,"married",8,8
818070549,"Egypt",0,53,"married",8,9
818070550,"Egypt",0,60,"widowed",8,6
818070551,"Egypt",1,40,"married",7,6
818070552,"Egypt",0,58,"married",6,4
818070553,"Egypt",1,37,"married",6,7
818070554,"Egypt",1,29,"married",9,9
818070555,"Egypt",0,32,"married",10,8
818070556,"Egypt",1,35,"married",10,10
818070557,"Egypt",1,50,"married",7,10
818070558,"Egypt",0,28,"married",9,8
818070559,"Egypt",1,55,"widowed",7,5
818070560,"Egypt",0,25,"single",6,5
818070561,"Egypt",1,47,"widowed",10,4
818070562,"Egypt",1,26,"married",8,8
818070563,"Egypt",0,28,"single",10,8
818070564,"Egypt",0,65,"married",9,7
818070565,"Egypt",1,38,"married",6,5
818070566,"Egypt",1,40,"married",7,5
818070567,"Egypt",0,47,"married",6,6
818070568,"Egypt",1,35,"married",5,4
818070569,"Egypt",0,27,"single",7,5
818070570,"Egypt",1,35,"married",7,6
818070571,"Egypt",1,37,"married",7,8
818070572,"Egypt",1,55,"married",8,8
818070573,"Egypt",0,74,"married",10,8
818070574,"Egypt",0,35,"married",6,6
818070575,"Egypt",0,31,"married",5,4
818070576,"Egypt",0,43,"married",5,4
818070577,"Egypt",0,28,"single",9,6
818070578,"Egypt",0,38,"married",7,5
818070579,"Egypt",0,72,"married",9,4
818070580,"Egypt",0,39,"married",10,5
818070581,"Egypt",0,68,"married",6,5
818070582,"Egypt",0,34,"married",7,5
818070583,"Egypt",0,27,"married",3,4
818070584,"Egypt",0,53,"married",8,7
818070585,"Egypt",0,30,"married",10,6
818070586,"Egypt",0,43,"married",10,6
818070587,"Egypt",0,40,"married",8,5
818070588,"Egypt",0,40,"married",7,5
818070589,"Egypt",0,37,"married",4,5
818070590,"Egypt",0,36,"married",4,3
818070591,"Egypt",0,25,"married",4,4
818070592,"Egypt",0,31,"married",10,4
818070593,"Egypt",0,33,"married",10,5
818070594,"Egypt",1,23,"single",5,8
818070595,"Egypt",0,45,"married",10,7
818070596,"Egypt",0,52,"widowed",5,2
818070597,"Egypt",0,26,"single",10,8
818070598,"Egypt",1,18,"single",4,5
818070599,"Egypt",0,46,"married",5,4
818070600,"Egypt",1,54,"married",6,5
818070601,"Egypt",1,45,"married",7,7
818070602,"Egypt",1,55,"married",8,5
818070603,"Egypt",1,49,"widowed",7,5
818070604,"Egypt",1,45,"married",7,5
818070605,"Egypt",1,27,"married",6,4
818070606,"Egypt",1,35,"married",4,5
818070607,"Egypt",1,42,"married",6,6
818070608,"Egypt",1,32,"married",6,5
818070609,"Egypt",0,27,"married",10,7
818070610,"Egypt",1,30,"widowed",10,4
818070611,"Egypt",0,61,"married",9,6
818070612,"Egypt",1,30,"married",8,7
818070613,"Egypt",0,45,"married",6,5
818070614,"Egypt",1,27,"married",7,5
818070615,"Egypt",1,37,"married",10,10
818070616,"Egypt",0,46,"married",8,7
818070617,"Egypt",0,28,"married",7,8
818070618,"Egypt",1,41,"married",10,8
818070619,"Egypt",1,52,"married",10,4
818070620,"Egypt",0,27,"single",9,5
818070621,"Egypt",1,50,"married",7,5
818070622,"Egypt",0,38,"married",6,6
818070623,"Egypt",0,52,"married",5,4
818070624,"Egypt",1,40,"married",5,6
818070625,"Egypt",1,35,"separated",8,5
818070626,"Egypt",0,39,"single",8,7
818070627,"Egypt",0,42,"married",10,6
818070628,"Egypt",1,45,"married",8,7
818070629,"Egypt",1,52,"divorced",7,5
818070630,"Egypt",0,52,"married",6,5
818070631,"Egypt",1,24,"single",5,4
818070632,"Egypt",0,38,"single",4,3
818070633,"Egypt",1,57,"married",10,7
818070634,"Egypt",0,22,"married",8,7
818070635,"Egypt",0,24,"single",7,7
818070636,"Egypt",1,22,"married",10,1
818070637,"Egypt",0,35,"married",7,5
818070638,"Egypt",1,35,"married",7,6
818070639,"Egypt",1,22,"married",8,4
818070640,"Egypt",0,42,"married",2,1
818070641,"Egypt",0,22,"single",7,5
818070642,"Egypt",1,40,"married",6,5
818070643,"Egypt",1,45,"married",7,6
818070644,"Egypt",0,45,"married",7,6
818070645,"Egypt",0,35,"married",7,5
818070646,"Egypt",1,46,"widowed",6,5
818070647,"Egypt",0,58,"widowed",7,8
818070648,"Egypt",1,55,"married",7,9
818070649,"Egypt",0,40,"married",10,5
818070650,"Egypt",1,37,"married",8,1
818070651,"Egypt",0,40,"married",7,5
818070652,"Egypt",1,59,"widowed",7,6
818070653,"Egypt",0,18,"single",6,6
818070654,"Egypt",1,27,"married",7,6
818070655,"Egypt",0,30,"married",7,7
818070656,"Egypt",0,56,"widowed",7,6
818070657,"Egypt",1,34,"widowed",10,4
818070658,"Egypt",0,28,"married",10,4
818070659,"Egypt",0,35,"married",6,4
818070660,"Egypt",1,52,"married",6,5
818070661,"Egypt",0,59,"married",7,10
818070662,"Egypt",1,30,"married",5,5
818070663,"Egypt",1,35,"married",4,4
818070664,"Egypt",0,53,"married",7,8
818070665,"Egypt",0,23,"widowed",5,3
818070666,"Egypt",0,27,"married",10,4
818070667,"Egypt",0,50,"married",7,5
818070668,"Egypt",1,47,"married",4,5
818070669,"Egypt",1,24,"married",7,4
818070670,"Egypt",0,55,"married",10,4
818070671,"Egypt",1,45,"married",6,2
818070672,"Egypt",0,19,"single",6,7
818070673,"Egypt",1,47,"married",5,4
818070674,"Egypt",0,36,"married",5,4
818070675,"Egypt",0,45,"married",9,5
818070676,"Egypt",1,20,"single",7,5
818070677,"Egypt",1,42,"married",5,4
818070678,"Egypt",0,60,"married",4,4
818070679,"Egypt",1,27,"married",6,4
818070680,"Egypt",0,58,"married",5,5
818070681,"Egypt",1,25,"married",8,4
818070682,"Egypt",0,45,"married",10,5
818070683,"Egypt",0,41,"married",7,6
818070684,"Egypt",1,23,"married",7,5
818070685,"Egypt",0,45,"married",7,5
818070686,"Egypt",1,18,"single",5,6
818070687,"Egypt",0,45,"married",4,5
818070688,"Egypt",1,35,"married",5,6
818070689,"Egypt",1,34,"married",3,4
818070690,"Egypt",0,53,"married",3,1
818070691,"Egypt",1,33,"married",7,6
818070692,"Egypt",0,34,"married",6,5
818070693,"Egypt",0,59,"married",7,8
818070694,"Egypt",1,36,"married",7,8
818070695,"Egypt",0,35,"married",6,4
818070696,"Egypt",1,34,"married",7,6
818070697,"Egypt",0,49,"married",7,5
818070698,"Egypt",1,30,"married",7,5
818070699,"Egypt",0,39,"married",7,6
818070700,"Egypt",1,45,"married",3,1
818070701,"Egypt",0,43,"married",10,4
818070702,"Egypt",1,40,"married",4,4
818070703,"Egypt",0,60,"widowed",7,9
818070704,"Egypt",1,25,"married",8,6
818070705,"Egypt",1,40,"married",7,6
818070706,"Egypt",0,54,"married",8,7
818070707,"Egypt",0,31,"married",4,4
818070708,"Egypt",1,26,"married",5,4
818070709,"Egypt",1,45,"married",5,5
818070710,"Egypt",0,40,"married",4,1
818070711,"Egypt",0,50,"married",7,5
818070712,"Egypt",1,26,"married",7,6
818070713,"Egypt",1,48,"married",7,8
818070714,"Egypt",0,26,"single",5,4
818070715,"Egypt",1,25,"married",5,5
818070716,"Egypt",1,58,"widowed",10,10
818070717,"Egypt",0,34,"married",7,5
818070718,"Egypt",1,51,"married",6,4
818070719,"Egypt",1,39,"divorced",4,1
818070720,"Egypt",0,39,"married",5,4
818070721,"Egypt",0,58,"married",5,5
818070722,"Egypt",0,62,"married",5,5
818070723,"Egypt",0,33,"married",6,5
818070724,"Egypt",0,39,"married",10,8
818070725,"Egypt",0,60,"married",8,4
818070726,"Egypt",1,30,"married",3,5
818070727,"Egypt",0,62,"married",7,9
818070728,"Egypt",0,18,"single",7,6
818070729,"Egypt",1,18,"single",5,3
818070730,"Egypt",0,52,"married",5,5
818070731,"Egypt",0,65,"married",6,7
818070732,"Egypt",0,32,"married",9,6
818070733,"Egypt",1,54,"divorced",NA,8
818070734,"Egypt",1,41,"single",5,1
818070735,"Egypt",0,37,"married",5,5
818070736,"Egypt",0,55,"separated",5,5
818070737,"Egypt",1,25,"married",5,5
818070738,"Egypt",1,65,"married",NA,5
818070739,"Egypt",0,40,"married",NA,8
818070740,"Egypt",1,64,"widowed",5,9
818070741,"Egypt",0,29,"married",8,5
818070742,"Egypt",1,60,"married",7,10
818070743,"Egypt",0,26,"single",7,7
818070744,"Egypt",0,23,"single",8,6
818070745,"Egypt",0,35,"married",9,8
818070746,"Egypt",1,30,"married",9,2
818070747,"Egypt",1,45,"married",5,5
818070748,"Egypt",1,42,"married",10,7
818070749,"Egypt",0,54,"married",5,5
818070750,"Egypt",1,50,"married",10,10
818070751,"Egypt",0,52,"married",8,4
818070752,"Egypt",1,27,"married",8,4
818070753,"Egypt",1,35,"married",5,5
818070754,"Egypt",0,70,"widowed",5,5
818070755,"Egypt",0,29,"married",8,7
818070756,"Egypt",1,43,"divorced",8,4
818070757,"Egypt",0,35,"married",10,1
818070758,"Egypt",1,20,"single",NA,4
818070759,"Egypt",1,45,"married",6,1
818070760,"Egypt",1,43,"married",9,10
818070761,"Egypt",1,40,"married",NA,5
818070762,"Egypt",1,30,"married",NA,8
818070763,"Egypt",0,30,"married",7,1
818070764,"Egypt",0,42,"married",5,5
818070765,"Egypt",1,48,"married",5,5
818070766,"Egypt",1,37,"married",5,5
818070767,"Egypt",0,69,"widowed",8,7
818070768,"Egypt",0,18,"single",5,3
818070769,"Egypt",0,38,"married",7,8
818070770,"Egypt",1,21,"married",NA,7
818070771,"Egypt",0,32,"married",8,7
818070772,"Egypt",0,42,"married",8,9
818070773,"Egypt",0,22,"single",8,1
818070774,"Egypt",1,48,"divorced",6,5
818070775,"Egypt",1,37,"married",NA,5
818070776,"Egypt",0,46,"married",5,3
818070777,"Egypt",1,50,"married",5,6
818070778,"Egypt",1,49,"single",5,5
818070779,"Egypt",1,18,"single",7,7
818070780,"Egypt",0,47,"married",9,7
818070781,"Egypt",1,44,"widowed",4,2
818070782,"Egypt",1,48,"widowed",1,1
818070783,"Egypt",1,37,"widowed",10,10
818070784,"Egypt",1,40,"married",6,9
818070785,"Egypt",1,43,"married",5,5
818070786,"Egypt",0,18,"single",10,10
818070787,"Egypt",0,27,"married",7,6
818070788,"Egypt",1,37,"married",8,7
818070789,"Egypt",1,38,"married",7,7
818070790,"Egypt",0,58,"married",7,7
818070791,"Egypt",1,27,"married",10,10
818070792,"Egypt",1,48,"married",10,9
818070793,"Egypt",0,21,"single",5,5
818070794,"Egypt",0,35,"married",5,5
818070795,"Egypt",1,19,"single",5,5
818070796,"Egypt",1,18,"single",5,5
818070797,"Egypt",0,20,"single",6,4
818070798,"Egypt",1,38,"married",8,7
818070799,"Egypt",0,34,"married",10,7
818070800,"Egypt",1,19,"single",5,6
818070801,"Egypt",0,32,"married",7,3
818070802,"Egypt",0,34,"married",7,4
818070803,"Egypt",0,33,"married",8,7
818070804,"Egypt",0,40,"married",6,6
818070805,"Egypt",0,34,"single",10,8
818070806,"Egypt",1,34,"divorced",5,9
818070807,"Egypt",0,20,"single",7,10
818070808,"Egypt",1,37,"married",5,5
818070809,"Egypt",1,59,"widowed",9,10
818070810,"Egypt",1,48,"separated",9,9
818070811,"Egypt",0,22,"single",5,5
818070812,"Egypt",1,20,"married",5,5
818070813,"Egypt",0,51,"married",7,3
818070814,"Egypt",1,35,"married",7,4
818070815,"Egypt",1,32,"married",NA,1
818070816,"Egypt",1,43,"married",6,3
818070817,"Egypt",0,19,"single",7,3
818070818,"Egypt",1,41,"married",6,6
818070819,"Egypt",1,33,"married",NA,NA
818070820,"Egypt",1,24,"married",1,5
818070821,"Egypt",1,47,"married",6,5
818070822,"Egypt",1,27,"married",7,7
818070823,"Egypt",0,33,"married",10,5
818070824,"Egypt",0,50,"married",5,5
818070825,"Egypt",0,34,"married",10,4
818070826,"Egypt",0,31,"married",1,1
818070827,"Egypt",0,19,"single",7,3
818070828,"Egypt",0,26,"single",8,5
818070829,"Egypt",0,38,"married",5,5
818070830,"Egypt",1,40,"married",5,5
818070831,"Egypt",0,36,"married",10,9
818070832,"Egypt",0,20,"single",5,3
818070833,"Egypt",1,26,"married",6,4
818070834,"Egypt",0,26,"married",9,5
818070835,"Egypt",0,52,"married",8,6
818070836,"Egypt",0,40,"married",9,7
818070837,"Egypt",1,24,"married",5,6
818070838,"Egypt",0,32,"married",6,7
818070839,"Egypt",0,50,"married",5,6
818070840,"Egypt",0,45,"married",5,5
818070841,"Egypt",0,45,"married",6,7
818070842,"Egypt",0,40,"single",5,4
818070843,"Egypt",1,58,"widowed",8,7
818070844,"Egypt",0,19,"single",7,2
818070845,"Egypt",1,28,"married",7,9
818070846,"Egypt",1,34,"married",3,5
818070847,"Egypt",1,25,"married",5,6
818070848,"Egypt",0,26,"married",5,5
818070849,"Egypt",0,19,"single",8,8
818070850,"Egypt",1,32,"married",10,10
818070851,"Egypt",0,32,"married",8,7
818070852,"Egypt",0,23,"single",7,6
818070853,"Egypt",1,21,"single",6,5
818070854,"Egypt",0,24,"single",5,5
818070855,"Egypt",0,20,"single",5,5
818070856,"Egypt",0,48,"married",3,5
818070857,"Egypt",0,40,"married",5,6
818070858,"Egypt",1,40,"married",5,5
818070859,"Egypt",0,37,"married",7,3
818070860,"Egypt",0,23,"single",4,5
818070861,"Egypt",1,57,"married",6,5
818070862,"Egypt",0,20,"single",5,5
818070863,"Egypt",0,33,"married",7,7
818070864,"Egypt",0,50,"divorced",7,7
818070865,"Egypt",1,59,"married",9,10
818070866,"Egypt",1,30,"married",5,9
818070867,"Egypt",1,52,"single",7,4
818070868,"Egypt",1,35,"married",NA,5
818070869,"Egypt",0,26,"single",6,5
818070870,"Egypt",0,31,"single",7,6
818070871,"Egypt",1,38,"single",10,3
818070872,"Egypt",0,55,"single",5,5
818070873,"Egypt",1,52,"married",9,10
818070874,"Egypt",1,58,"married",1,2
818070875,"Egypt",1,24,"married",5,5
818070876,"Egypt",1,26,"single",8,8
818070877,"Egypt",1,45,"married",5,5
818070878,"Egypt",0,33,"married",3,3
818070879,"Egypt",0,38,"married",7,3
818070880,"Egypt",0,58,"married",7,3
818070881,"Egypt",0,52,"divorced",10,9
818070882,"Egypt",1,54,"separated",9,8
818070883,"Egypt",0,40,"married",5,5
818070884,"Egypt",1,52,"married",5,5
818070885,"Egypt",0,20,"single",8,2
818070886,"Egypt",0,39,"married",10,5
818070887,"Egypt",0,36,"married",7,3
818070888,"Egypt",0,58,"married",7,5
818070889,"Egypt",0,60,"separated",9,5
818070890,"Egypt",0,63,"widowed",5,5
818070891,"Egypt",1,60,"married",7,7
818070892,"Egypt",0,38,"married",8,3
818070893,"Egypt",1,32,"married",5,7
818070894,"Egypt",0,35,"married",9,9
818070895,"Egypt",1,19,"single",2,3
818070896,"Egypt",1,39,"married",1,1
818070897,"Egypt",0,63,"married",5,5
818070898,"Egypt",1,22,"single",5,5
818070899,"Egypt",1,53,"married",NA,5
818070900,"Egypt",1,25,"married",NA,10
818070901,"Egypt",0,48,"married",10,8
818070902,"Egypt",1,30,"single",10,10
818070903,"Egypt",0,45,"married",9,3
818070904,"Egypt",0,44,"married",8,4
818070905,"Egypt",1,24,"single",5,5
818070906,"Egypt",1,48,"married",8,7
818070907,"Egypt",0,21,"single",NA,5
818070908,"Egypt",0,42,"married",7,5
818070909,"Egypt",1,36,"married",5,5
818070910,"Egypt",1,32,"married",5,5
818070911,"Egypt",1,22,"married",7,5
818070912,"Egypt",0,26,"single",8,5
818070913,"Egypt",1,58,"widowed",5,5
818070914,"Egypt",1,40,"married",5,5
818070915,"Egypt",1,34,"divorced",5,5
818070916,"Egypt",1,29,"married",6,8
818070917,"Egypt",1,33,"married",7,6
818070918,"Egypt",0,35,"married",NA,3
818070919,"Egypt",0,20,"single",3,4
818070920,"Egypt",1,20,"single",8,7
818070921,"Egypt",0,65,"married",10,10
818070922,"Egypt",1,56,"married",NA,3
818070923,"Egypt",0,57,"married",8,7
818070924,"Egypt",0,58,"married",8,5
818070925,"Egypt",0,31,"married",6,3
818070926,"Egypt",0,40,"single",5,5
818070927,"Egypt",1,57,"widowed",5,4
818070928,"Egypt",1,48,"divorced",4,2
818070929,"Egypt",1,54,"widowed",NA,10
818070930,"Egypt",1,28,"divorced",1,5
818070931,"Egypt",1,65,"widowed",5,8
818070932,"Egypt",0,73,"widowed",3,3
818070933,"Egypt",0,58,"married",9,3
818070934,"Egypt",0,70,"married",8,5
818070935,"Egypt",0,28,"single",5,3
818070936,"Egypt",1,55,"widowed",6,5
818070937,"Egypt",1,60,"widowed",5,5
818070938,"Egypt",0,37,"married",5,5
818070939,"Egypt",1,37,"married",7,5
818070940,"Egypt",0,22,"single",6,1
818070941,"Egypt",0,32,"married",7,7
818070942,"Egypt",0,19,"single",7,6
818070943,"Egypt",1,60,"widowed",3,9
818070944,"Egypt",0,47,"married",9,5
818070945,"Egypt",0,49,"married",5,2
818070946,"Egypt",1,57,"widowed",NA,8
818070947,"Egypt",0,26,"single",8,3
818070948,"Egypt",0,42,"married",7,6
818070949,"Egypt",0,68,"married",5,5
818070950,"Egypt",1,35,"married",5,5
818070951,"Egypt",1,55,"widowed",5,5
818070952,"Egypt",0,48,"married",5,10
818070953,"Egypt",1,42,"married",8,7
818070954,"Egypt",0,61,"married",8,10
818070955,"Egypt",0,62,"married",10,8
818070956,"Egypt",1,39,"married",1,9
818070957,"Egypt",1,42,"widowed",8,5
818070958,"Egypt",0,40,"married",8,9
818070959,"Egypt",1,39,"married",9,6
818070960,"Egypt",0,28,"single",9,7
818070961,"Egypt",1,35,"widowed",6,6
818070962,"Egypt",1,35,"married",6,7
818070963,"Egypt",0,26,"single",10,10
818070964,"Egypt",0,25,"single",1,10
818070965,"Egypt",0,35,"married",8,6
818070966,"Egypt",0,41,"married",7,9
818070967,"Egypt",1,35,"married",6,6
818070968,"Egypt",1,60,"married",8,8
818070969,"Egypt",0,60,"married",7,8
818070970,"Egypt",1,43,"married",5,3
818070971,"Egypt",1,43,"widowed",10,10
818070972,"Egypt",0,21,"single",1,1
818070973,"Egypt",0,46,"married",8,10
818070974,"Egypt",1,25,"married",1,10
818070975,"Egypt",0,30,"married",8,7
818070976,"Egypt",1,30,"married",6,5
818070977,"Egypt",1,50,"married",9,9
818070978,"Egypt",0,34,"married",10,5
818070979,"Egypt",1,38,"married",8,6
818070980,"Egypt",0,57,"married",9,6
818070981,"Egypt",0,42,"divorced",9,7
818070982,"Egypt",1,59,"married",8,8
818070983,"Egypt",0,31,"married",9,7
818070984,"Egypt",1,22,"single",9,6
818070985,"Egypt",1,48,"widowed",10,8
818070986,"Egypt",0,80,"married",10,8
818070987,"Egypt",0,38,"married",7,7
818070988,"Egypt",1,54,"married",7,7
818070989,"Egypt",1,37,"married",1,1
818070990,"Egypt",0,20,"single",8,1
818070991,"Egypt",1,22,"married",10,9
818070992,"Egypt",1,31,"married",8,7
818070993,"Egypt",0,39,"married",8,8
818070994,"Egypt",1,43,"widowed",7,7
818070995,"Egypt",0,69,"divorced",1,6
818070996,"Egypt",0,39,"married",1,1
818070997,"Egypt",0,55,"single",7,8
818070998,"Egypt",1,63,"widowed",4,7
818070999,"Egypt",0,22,"single",6,6
818071000,"Egypt",0,22,"single",5,5
818071001,"Egypt",0,22,"single",10,7
818071002,"Egypt",1,24,"married",3,1
818071003,"Egypt",0,45,"married",10,6
818071004,"Egypt",0,18,"single",NA,7
818071005,"Egypt",1,34,"married",1,10
818071006,"Egypt",0,34,"married",1,1
818071007,"Egypt",0,30,"married",7,5
818071008,"Egypt",1,60,"married",8,6
818071009,"Egypt",0,20,"single",5,7
818071010,"Egypt",1,28,"married",9,9
818071011,"Egypt",0,24,"single",7,9
818071012,"Egypt",1,23,"married",4,8
818071013,"Egypt",0,27,"single",6,6
818071014,"Egypt",0,27,"married",8,9
818071015,"Egypt",1,55,"married",8,7
818071016,"Egypt",0,44,"married",6,6
818071017,"Egypt",0,25,"married",10,6
818071018,"Egypt",1,50,"widowed",7,4
818071019,"Egypt",1,24,"single",3,9
818071020,"Egypt",1,38,"widowed",7,7
818071021,"Egypt",0,52,"married",6,5
818071022,"Egypt",1,23,"married",5,5
818071023,"Egypt",0,25,"married",7,7
818071024,"Egypt",0,22,"single",8,7
818071025,"Egypt",0,58,"married",9,6
818071026,"Egypt",1,60,"married",7,7
818071027,"Egypt",1,48,"married",4,6
818071028,"Egypt",0,30,"married",7,6
818071029,"Egypt",1,36,"married",6,9
818071030,"Egypt",1,26,"married",8,8
818071031,"Egypt",0,29,"married",9,9
818071032,"Egypt",1,45,"married",NA,7
818071033,"Egypt",1,48,"married",4,6
818071034,"Egypt",1,65,"widowed",7,10
818071035,"Egypt",0,22,"single",6,8
818071036,"Egypt",1,28,"married",7,10
818071037,"Egypt",0,31,"married",10,8
818071038,"Egypt",1,62,"married",9,8
818071039,"Egypt",0,28,"single",6,6
818071040,"Egypt",0,21,"single",6,4
818071041,"Egypt",1,39,"married",8,8
818071042,"Egypt",1,20,"married",3,6
818071043,"Egypt",0,32,"single",6,6
818071044,"Egypt",1,31,"married",8,4
818071045,"Egypt",1,23,"married",8,9
818071046,"Egypt",1,38,"widowed",3,3
818071047,"Egypt",0,24,"single",10,10
818071048,"Egypt",1,21,"married",10,10
818071049,"Egypt",1,23,"married",1,1
818071050,"Egypt",1,33,"married",4,1
818071051,"Egypt",1,60,"widowed",8,4
818071052,"Egypt",1,30,"married",8,6
818071053,"Egypt",1,20,"married",6,6
818071054,"Egypt",1,23,"married",4,6
818071055,"Egypt",0,22,"single",7,6
818071056,"Egypt",1,29,"married",3,3
818071057,"Egypt",0,56,"married",10,6
818071058,"Egypt",1,40,"married",5,3
818071059,"Egypt",1,30,"married",7,5
818071060,"Egypt",1,32,"married",7,6
818071061,"Egypt",0,40,"married",7,8
818071062,"Egypt",1,42,"married",7,8
818071063,"Egypt",1,40,"married",7,9
818071064,"Egypt",1,63,"widowed",2,4
818071065,"Egypt",0,38,"married",9,7
818071066,"Egypt",0,42,"married",7,8
818071067,"Egypt",0,76,"married",7,5
818071068,"Egypt",0,63,"married",10,8
818071069,"Egypt",1,27,"married",5,8
818071070,"Egypt",1,60,"married",9,10
818071071,"Egypt",1,40,"married",5,5
818071072,"Egypt",1,55,"married",6,4
818071073,"Egypt",0,55,"married",10,8
818071074,"Egypt",0,50,"married",7,7
818071075,"Egypt",0,52,"married",3,3
818071076,"Egypt",0,27,"married",4,4
818071077,"Egypt",0,18,"single",10,10
818071078,"Egypt",0,25,"single",1,6
818071079,"Egypt",0,50,"married",10,8
818071080,"Egypt",0,27,"married",8,6
818071081,"Egypt",0,53,"married",9,5
818071082,"Egypt",0,52,"married",7,6
818071083,"Egypt",0,56,"married",9,7
818071084,"Egypt",1,50,"widowed",8,7
818071085,"Egypt",0,48,"married",9,3
818071086,"Egypt",0,59,"married",6,6
818071087,"Egypt",0,27,"married",8,4
818071088,"Egypt",0,22,"single",3,2
818071089,"Egypt",0,55,"married",7,7
818071090,"Egypt",0,45,"married",7,7
818071091,"Egypt",0,51,"married",9,8
818071092,"Egypt",1,26,"married",10,4
818071093,"Egypt",1,29,"married",9,9
818071094,"Egypt",1,54,"widowed",8,8
818071095,"Egypt",1,49,"married",6,1
818071096,"Egypt",0,41,"married",7,4
818071097,"Egypt",0,42,"married",8,8
818071098,"Egypt",1,48,"married",1,1
818071099,"Egypt",1,28,"married",1,5
818071100,"Egypt",1,57,"widowed",10,3
818071101,"Egypt",1,19,"single",7,7
818071102,"Egypt",0,43,"married",8,5
818071103,"Egypt",1,51,"widowed",5,4
818071104,"Egypt",0,51,"married",4,4
818071105,"Egypt",0,33,"married",9,8
818071106,"Egypt",1,21,"married",4,6
818071107,"Egypt",0,52,"married",7,3
818071108,"Egypt",0,58,"married",5,4
818071109,"Egypt",0,20,"single",3,3
818071110,"Egypt",0,27,"married",1,1
818071111,"Egypt",0,52,"married",8,8
818071112,"Egypt",0,52,"married",7,5
818071113,"Egypt",1,69,"widowed",1,10
818071114,"Egypt",0,59,"married",1,1
818071115,"Egypt",0,59,"married",3,4
818071116,"Egypt",1,45,"married",7,3
818071117,"Egypt",0,32,"married",9,8
818071118,"Egypt",0,45,"married",8,5
818071119,"Egypt",1,30,"married",6,6
818071120,"Egypt",0,55,"married",10,5
818071121,"Egypt",0,32,"single",6,7
818071122,"Egypt",1,40,"married",4,6
818071123,"Egypt",0,33,"married",9,9
818071124,"Egypt",0,54,"married",9,8
818071125,"Egypt",1,35,"married",4,5
818071126,"Egypt",0,45,"married",4,4
818071127,"Egypt",0,28,"married",8,7
818071128,"Egypt",1,45,"married",6,1
818071129,"Egypt",0,40,"divorced",1,1
818071130,"Egypt",0,45,"married",1,1
818071131,"Egypt",0,32,"married",6,5
818071132,"Egypt",0,25,"single",6,5
818071133,"Egypt",1,24,"married",2,8
818071134,"Egypt",0,31,"married",8,7
818071135,"Egypt",1,35,"married",10,7
818071136,"Egypt",1,26,"married",7,10
818071137,"Egypt",1,35,"married",7,4
818071138,"Egypt",1,38,"married",6,5
818071139,"Egypt",1,43,"married",7,6
818071140,"Egypt",1,37,"married",8,6
818071141,"Egypt",0,34,"single",1,1
818071142,"Egypt",0,19,"single",1,7
818071143,"Egypt",1,35,"married",10,10
818071144,"Egypt",0,18,"single",10,5
818071145,"Egypt",0,30,"married",9,5
818071146,"Egypt",1,31,"married",10,10
818071147,"Egypt",0,59,"married",5,5
818071148,"Egypt",1,48,"married",7,5
818071149,"Egypt",0,25,"single",4,5
818071150,"Egypt",1,36,"married",7,3
818071151,"Egypt",0,19,"single",9,6
818071152,"Egypt",1,50,"married",5,5
818071153,"Egypt",1,22,"married",5,7
818071154,"Egypt",0,19,"single",10,6
818071155,"Egypt",0,33,"married",8,8
818071156,"Egypt",1,39,"married",7,8
818071157,"Egypt",0,35,"married",5,5
818071158,"Egypt",0,18,"single",6,6
818071159,"Egypt",0,18,"single",10,10
818071160,"Egypt",0,20,"single",10,10
818071161,"Egypt",1,30,"married",5,5
818071162,"Egypt",1,19,"married",3,4
818071163,"Egypt",1,20,"married",7,6
818071164,"Egypt",0,59,"married",10,9
818071165,"Egypt",1,38,"married",5,1
818071166,"Egypt",1,48,"married",6,3
818071167,"Egypt",0,21,"single",9,2
818071168,"Egypt",1,45,"married",4,4
818071169,"Egypt",1,50,"married",7,8
818071170,"Egypt",1,18,"single",6,7
818071171,"Egypt",0,19,"single",6,3
818071172,"Egypt",1,28,"married",6,4
818071173,"Egypt",0,29,"married",3,4
818071174,"Egypt",1,54,"married",5,5
818071175,"Egypt",1,35,"married",NA,4
818071176,"Egypt",1,27,"married",8,5
818071177,"Egypt",1,22,"single",10,8
818071178,"Egypt",0,40,"single",10,10
818071179,"Egypt",0,27,"single",8,7
818071180,"Egypt",1,37,"married",5,6
818071181,"Egypt",1,33,"married",1,1
818071182,"Egypt",1,20,"single",10,10
818071183,"Egypt",0,30,"single",3,5
818071184,"Egypt",0,35,"married",3,5
818071185,"Egypt",1,40,"married",6,4
818071186,"Egypt",1,44,"married",7,7
818071187,"Egypt",1,35,"married",3,3
818071188,"Egypt",1,56,"widowed",4,3
818071189,"Egypt",1,29,"married",1,1
818071190,"Egypt",1,18,"single",10,5
818071191,"Egypt",0,38,"widowed",5,8
818071192,"Egypt",0,52,"married",6,9
818071193,"Egypt",0,53,"married",5,10
818071194,"Egypt",0,59,"married",5,4
818071195,"Egypt",1,26,"single",6,5
818071196,"Egypt",0,51,"married",7,7
818071197,"Egypt",1,57,"married",7,6
818071198,"Egypt",0,28,"married",6,5
818071199,"Egypt",1,34,"widowed",10,10
818071200,"Egypt",0,19,"single",8,7
