"country","gender","age","relationship_status","freedom_of_choice","satisfaction"
"Bolivia","male",60,"married",7,5
"Bolivia","male",40,"married",8,7
"Bolivia","male",25,"single",10,8
"Bolivia","female",71,"widowed",5,5
"Bolivia","female",38,"married",5,7
"Bolivia","female",20,"separated",5,3
"Bolivia","male",39,"single",5,3
"Bolivia","female",19,"single",10,8
"Bolivia","male",20,"single",6,7
"Bolivia","female",37,"married",9,8
"Bolivia","female",42,"living together as married",5,9
"Bolivia","female",73,"widowed",8,6
"Bolivia","female",32,"single",8,7
"Bolivia","male",54,"living together as married",7,7
"Bolivia","female",26,"living together as married",5,4
"Bolivia","female",26,"married",10,8
"Bolivia","female",56,"married",7,5
"Bolivia","female",22,"living together as married",6,10
"Bolivia","male",40,"married",5,10
"Bolivia","female",50,"divorced",9,9
"Bolivia","male",80,"married",8,8
"Bolivia","female",25,"single",6,6
"Bolivia","male",85,"married",10,2
"Bolivia","female",36,"living together as married",10,8
"Bolivia","male",23,"single",10,10
"Bolivia","male",35,"married",10,10
"Bolivia","female",18,"single",10,8
"Bolivia","male",51,"married",7,8
"Bolivia","male",29,"single",8,8
"Bolivia","male",25,"single",8,8
"Bolivia","female",30,"living together as married",5,9
"Bolivia","male",27,"living together as married",8,9
"Bolivia","male",39,"living together as married",3,7
"Bolivia","male",19,"single",7,10
"Bolivia","male",42,"married",9,8
"Bolivia","female",41,"married",10,8
"Bolivia","female",47,"married",5,4
"Bolivia","female",65,"married",10,5
"Bolivia","male",37,"married",5,8
"Bolivia","male",60,"married",7,8
"Bolivia","female",37,"living together as married",10,1
"Bolivia","female",22,"single",1,4
"Bolivia","male",43,"married",7,9
"Bolivia","male",71,"married",8,5
"Bolivia","female",30,"single",8,8
"Bolivia","female",18,"single",3,6
"Bolivia","male",46,"married",5,5
"Bolivia","male",27,"single",10,10
"Bolivia","female",39,"married",8,9
"Bolivia","female",67,"widowed",5,5
"Bolivia","female",35,"single",5,7
"Bolivia","male",34,"married",8,5
"Bolivia","male",19,"single",7,8
"Bolivia","male",38,"single",9,7
"Bolivia","female",27,"married",8,8
"Bolivia","female",71,"divorced",9,7
"Bolivia","female",44,"married",10,10
"Bolivia","male",20,"single",8,8
"Bolivia","female",24,"living together as married",10,10
"Bolivia","male",56,"married",5,6
"Bolivia","male",21,"living together as married",10,8
"Bolivia","female",20,"single",8,8
"Bolivia","male",20,"single",8,7
"Bolivia","male",58,"married",5,7
"Bolivia","female",29,"married",10,10
"Bolivia","male",22,"married",10,10
"Bolivia","female",18,"single",6,8
"Bolivia","male",51,"married",10,10
"Bolivia","female",25,"single",10,10
"Bolivia","female",20,"single",8,10
"Bolivia","male",37,"married",5,4
"Bolivia","male",23,"married",6,5
"Bolivia","female",40,"married",5,5
"Bolivia","male",69,"married",6,5
"Bolivia","female",21,"living together as married",6,10
"Bolivia","male",22,"living together as married",10,9
"Bolivia","male",24,"living together as married",8,7
"Bolivia","male",28,"married",9,7
"Bolivia","female",35,"married",6,7
"Bolivia","female",26,"married",7,5
"Bolivia","female",35,"living together as married",7,8
"Bolivia","female",18,"single",9,9
"Bolivia","male",20,"single",9,9
"Bolivia","female",75,"widowed",10,5
"Bolivia","male",49,"living together as married",10,10
"Bolivia","female",58,"married",1,10
"Bolivia","female",32,"married",5,9
"Bolivia","female",34,"single",6,5
"Bolivia","female",45,"married",6,3
"Bolivia","male",26,"single",8,9
"Bolivia","male",34,"married",9,8
"Bolivia","male",57,"separated",8,6
"Bolivia","male",26,"single",8,7
"Bolivia","male",40,"separated",8,5
"Bolivia","female",55,"widowed",8,9
"Bolivia","female",33,"separated",10,3
"Bolivia","female",46,"married",10,8
"Bolivia","female",67,"widowed",5,6
"Bolivia","male",60,"married",5,7
"Bolivia","male",55,"married",8,7
"Bolivia","male",36,"living together as married",8,7
"Bolivia","male",67,"married",5,6
"Bolivia","male",33,"living together as married",9,7
"Bolivia","male",35,"married",7,6
"Bolivia","female",59,"living together as married",10,5
"Bolivia","female",27,"living together as married",6,5
"Bolivia","male",18,"single",8,10
"Bolivia","female",28,"single",8,5
"Bolivia","male",19,"single",8,8
"Bolivia","female",25,"living together as married",5,8
"Bolivia","male",26,"single",4,7
"Bolivia","male",54,"married",5,6
"Bolivia","male",32,"single",10,5
"Bolivia","female",21,"living together as married",8,9
"Bolivia","female",65,"married",10,10
"Bolivia","male",22,"single",9,8
"Bolivia","female",22,"single",3,5
"Bolivia","male",47,"married",6,6
"Bolivia","female",19,"single",5,10
"Bolivia","male",22,"single",8,7
"Bolivia","female",32,"married",9,8
"Bolivia","female",20,"living together as married",4,7
"Bolivia","female",30,"married",9,8
"Bolivia","male",18,"single",9,10
"Bolivia","male",36,"married",7,5
"Bolivia","female",21,"living together as married",10,9
"Bolivia","female",44,"single",6,5
"Bolivia","female",40,"married",8,8
"Bolivia","female",49,"married",5,4
"Bolivia","male",48,"single",8,6
"Bolivia","female",43,"married",8,9
"Bolivia","female",21,"single",6,8
"Bolivia","female",48,"widowed",8,9
"Bolivia","female",49,"married",7,5
"Bolivia","male",70,"married",7,8
"Bolivia","female",26,"married",6,8
"Bolivia","male",30,"living together as married",8,9
"Bolivia","male",27,"living together as married",7,9
"Bolivia","male",40,"married",6,8
"Bolivia","male",37,"married",8,8
"Bolivia","female",37,"living together as married",9,8
"Bolivia","female",22,"living together as married",5,4
"Bolivia","male",24,"single",7,8
"Bolivia","female",37,"married",7,8
"Bolivia","male",38,"living together as married",6,8
"Bolivia","female",43,"widowed",5,5
"Bolivia","female",32,"living together as married",9,9
"Bolivia","male",22,"single",9,5
"Bolivia","male",18,"single",7,9
"Bolivia","male",58,"married",8,8
"Bolivia","female",32,"living together as married",10,6
"Bolivia","male",37,"living together as married",10,8
"Bolivia","male",21,"single",8,8
"Bolivia","female",56,"separated",10,4
"Bolivia","male",45,"living together as married",6,7
"Bolivia","male",32,"living together as married",9,9
"Bolivia","female",27,"single",3,6
"Bolivia","female",18,"single",6,8
"Bolivia","female",56,"married",9,10
"Bolivia","male",48,"living together as married",6,9
"Bolivia","male",62,"married",10,10
"Bolivia","female",18,"living together as married",9,9
"Bolivia","male",47,"married",7,7
"Bolivia","female",30,"living together as married",9,8
"Bolivia","female",71,"living together as married",4,4
"Bolivia","female",60,"single",8,8
"Bolivia","female",53,"divorced",5,5
"Bolivia","male",56,"widowed",7,10
"Bolivia","female",40,"separated",9,7
"Bolivia","female",55,"separated",8,9
"Bolivia","female",37,"married",10,10
"Bolivia","male",28,"single",8,9
"Bolivia","female",30,"single",10,6
"Bolivia","male",70,"married",10,10
"Bolivia","male",53,"divorced",5,5
"Bolivia","male",60,"married",6,5
"Bolivia","male",37,"single",9,9
"Bolivia","male",18,"single",5,4
"Bolivia","female",45,"living together as married",10,6
"Bolivia","female",32,"single",9,8
"Bolivia","male",46,"married",8,6
"Bolivia","male",37,"separated",4,5
"Bolivia","male",39,"married",7,7
"Bolivia","female",23,"single",6,7
"Bolivia","male",41,"single",6,7
"Bolivia","female",45,"married",8,8
"Bolivia","male",20,"single",6,8
"Bolivia","male",27,"single",8,8
"Bolivia","male",21,"single",7,10
"Bolivia","female",41,"living together as married",8,9
"Bolivia","female",20,"single",9,7
"Bolivia","female",76,"widowed",10,10
"Bolivia","male",46,"living together as married",7,8
"Bolivia","female",33,"separated",6,5
"Bolivia","female",43,"separated",5,8
"Bolivia","female",47,"married",9,4
"Bolivia","female",20,"single",10,10
"Bolivia","male",18,"single",10,7
"Bolivia","male",49,"married",5,5
"Bolivia","male",40,"living together as married",9,9
"Bolivia","male",30,"married",10,10
"Bolivia","male",24,"single",10,10
"Bolivia","female",74,"widowed",6,6
"Bolivia","male",28,"married",7,9
"Bolivia","female",18,"single",5,4
"Bolivia","female",33,"married",10,9
"Bolivia","male",28,"living together as married",8,9
"Bolivia","male",20,"single",6,7
"Bolivia","male",54,"married",7,9
"Bolivia","male",62,"married",8,9
"Bolivia","male",28,"single",10,8
"Bolivia","male",43,"single",8,3
"Bolivia","male",59,"married",8,8
"Bolivia","female",61,"divorced",8,6
"Bolivia","male",50,"divorced",5,5
"Bolivia","female",18,"single",6,7
"Bolivia","male",19,"single",10,9
"Bolivia","male",38,"married",1,10
"Bolivia","male",52,"divorced",4,2
"Bolivia","female",60,"single",10,10
"Bolivia","female",25,"married",9,9
"Bolivia","female",50,"married",5,5
"Bolivia","female",29,"married",9,9
"Bolivia","male",66,"married",7,5
"Bolivia","male",38,"married",9,7
"Bolivia","male",29,"living together as married",7,9
"Bolivia","female",26,"married",9,9
"Bolivia","female",58,"single",9,8
"Bolivia","female",63,"married",4,10
"Bolivia","male",29,"single",7,5
"Bolivia","female",18,"single",7,5
"Bolivia","male",24,"married",7,8
"Bolivia","female",52,"separated",1,1
"Bolivia","male",54,"married",8,8
"Bolivia","female",27,"single",10,8
"Bolivia","female",41,"married",9,10
"Bolivia","female",21,"living together as married",10,10
"Bolivia","female",22,"living together as married",5,8
"Bolivia","male",29,"single",10,8
"Bolivia","female",35,"living together as married",7,10
"Bolivia","female",83,"widowed",9,4
"Bolivia","female",30,"married",10,10
"Bolivia","female",57,"married",7,6
"Bolivia","male",41,"living together as married",9,9
"Bolivia","male",20,"living together as married",8,10
"Bolivia","male",21,"single",10,10
"Bolivia","male",62,"divorced",3,5
"Bolivia","male",46,"married",8,7
"Bolivia","male",25,"living together as married",6,8
"Bolivia","female",47,"married",7,7
"Bolivia","male",30,"divorced",5,6
"Bolivia","male",24,"separated",8,8
"Bolivia","male",26,"living together as married",8,5
"Bolivia","female",45,"married",8,8
"Bolivia","female",47,"widowed",6,6
"Bolivia","female",41,"married",10,8
"Bolivia","male",29,"single",10,10
"Bolivia","male",60,"married",8,6
"Bolivia","male",55,"married",5,8
"Bolivia","female",76,"widowed",8,5
"Bolivia","male",34,"married",10,7
"Bolivia","female",65,"widowed",7,9
"Bolivia","female",20,"single",9,9
"Bolivia","female",61,"married",4,8
"Bolivia","female",80,"single",8,5
"Bolivia","male",19,"single",9,8
"Bolivia","male",40,"separated",7,7
"Bolivia","female",62,"divorced",10,10
"Bolivia","female",40,"married",8,9
"Bolivia","female",79,"married",8,8
"Bolivia","female",42,"married",5,4
"Bolivia","female",82,"widowed",8,8
"Bolivia","female",20,"single",5,5
"Bolivia","female",49,"widowed",8,3
"Bolivia","female",30,"divorced",7,9
"Bolivia","female",30,"separated",10,9
"Bolivia","male",46,"separated",8,7
"Bolivia","female",26,"single",3,7
"Bolivia","male",56,"living together as married",5,7
"Bolivia","female",33,"living together as married",10,4
"Bolivia","female",47,"living together as married",8,7
"Bolivia","female",19,"separated",8,9
"Bolivia","male",38,"separated",7,10
"Bolivia","female",36,"single",4,4
"Bolivia","male",48,"married",8,8
"Bolivia","male",31,"single",2,8
"Bolivia","male",23,"living together as married",8,9
"Bolivia","female",31,"living together as married",8,10
"Bolivia","male",62,"living together as married",10,5
"Bolivia","male",76,"married",8,7
"Bolivia","male",35,"married",6,6
"Bolivia","female",26,"living together as married",6,8
"Bolivia","female",42,"married",9,10
"Bolivia","female",79,"widowed",4,6
"Bolivia","female",29,"married",8,9
"Bolivia","female",32,"single",5,6
"Bolivia","male",31,"living together as married",10,8
"Bolivia","male",52,"widowed",10,3
"Bolivia","female",57,"widowed",9,8
"Bolivia","male",30,"living together as married",8,8
"Bolivia","female",27,"single",8,9
"Bolivia","female",32,"separated",10,7
"Bolivia","female",29,"divorced",9,7
"Bolivia","female",25,"married",9,10
"Bolivia","female",31,"married",4,8
"Bolivia","female",28,"married",8,8
"Bolivia","female",18,"single",4,7
"Bolivia","female",22,"single",8,10
"Bolivia","male",25,"single",8,10
"Bolivia","female",28,"married",8,8
"Bolivia","male",18,"single",7,8
"Bolivia","female",32,"separated",10,10
"Bolivia","female",36,"married",9,1
"Bolivia","female",28,"living together as married",9,10
"Bolivia","female",54,"living together as married",5,5
"Bolivia","male",36,"single",8,5
"Bolivia","male",40,"married",10,10
"Bolivia","female",38,"married",10,10
"Bolivia","female",31,"married",8,9
"Bolivia","female",46,"living together as married",7,8
"Bolivia","female",42,"married",7,5
"Bolivia","female",26,"single",7,5
"Bolivia","female",19,"single",10,3
"Bolivia","male",28,"living together as married",6,10
"Bolivia","female",21,"living together as married",5,7
"Bolivia","male",64,"married",7,9
"Bolivia","female",40,"married",9,9
"Bolivia","male",29,"living together as married",8,10
"Bolivia","male",36,"living together as married",6,5
"Bolivia","female",32,"single",8,8
"Bolivia","female",74,"single",7,9
"Bolivia","male",51,"married",6,8
"Bolivia","male",49,"married",8,7
"Bolivia","female",43,"living together as married",5,5
"Bolivia","male",67,"married",6,10
"Bolivia","female",61,"married",8,4
"Bolivia","male",23,"single",10,10
"Bolivia","male",54,"married",4,6
"Bolivia","female",66,"separated",7,7
"Bolivia","female",23,"single",8,9
"Bolivia","male",19,"single",6,9
"Bolivia","male",44,"single",8,6
"Bolivia","female",29,"living together as married",10,10
"Bolivia","female",50,"married",5,7
"Bolivia","male",52,"married",10,9
"Bolivia","female",34,"married",7,8
"Bolivia","female",35,"single",7,8
"Bolivia","female",47,"married",6,10
"Bolivia","male",58,"married",6,6
"Bolivia","male",65,"widowed",5,7
"Bolivia","male",62,"married",5,8
"Bolivia","female",24,"single",5,4
"Bolivia","male",25,"married",8,8
"Bolivia","female",60,"married",8,8
"Bolivia","male",19,"living together as married",8,6
"Bolivia","female",40,"widowed",6,9
"Bolivia","male",20,"single",10,9
"Bolivia","male",24,"single",5,6
"Bolivia","male",54,"separated",4,4
"Bolivia","male",50,"single",6,10
"Bolivia","female",60,"married",6,5
"Bolivia","male",22,"single",10,7
"Bolivia","male",60,"married",8,8
"Bolivia","female",30,"single",9,8
"Bolivia","male",57,"married",8,7
"Bolivia","male",39,"married",8,9
"Bolivia","female",27,"single",9,7
"Bolivia","female",41,"living together as married",7,6
"Bolivia","male",62,"married",8,6
"Bolivia","male",26,"single",10,10
"Bolivia","male",37,"living together as married",10,10
"Bolivia","male",18,"single",7,9
"Bolivia","female",18,"single",9,10
"Bolivia","male",32,"living together as married",8,8
"Bolivia","male",46,"married",10,10
"Bolivia","male",31,"single",2,5
"Bolivia","male",22,"married",8,8
"Bolivia","female",65,"widowed",2,10
"Bolivia","female",22,"living together as married",10,10
"Bolivia","female",20,"single",7,6
"Bolivia","male",33,"living together as married",8,8
"Bolivia","male",52,"divorced",1,1
"Bolivia","male",25,"single",6,5
"Bolivia","female",19,"single",5,6
"Bolivia","female",53,"married",10,5
"Bolivia","female",29,"living together as married",6,5
"Bolivia","male",27,"single",5,6
"Bolivia","female",29,"married",7,7
"Bolivia","male",25,"living together as married",7,7
"Bolivia","male",75,"widowed",5,6
"Bolivia","female",48,"married",6,8
"Bolivia","male",62,"married",8,8
"Bolivia","female",27,"living together as married",8,8
"Bolivia","male",19,"single",8,9
"Bolivia","male",22,"single",6,9
"Bolivia","female",30,"married",5,10
"Bolivia","male",40,"married",5,9
"Bolivia","male",34,"single",9,6
"Bolivia","male",59,"married",10,10
"Bolivia","male",67,"married",5,10
"Bolivia","female",27,"single",5,7
"Bolivia","male",33,"divorced",10,6
"Bolivia","male",50,"separated",5,5
"Bolivia","male",35,"single",7,8
"Bolivia","male",45,"married",6,7
"Bolivia","male",29,"single",8,10
"Bolivia","female",23,"single",10,9
"Bolivia","female",30,"single",10,10
"Bolivia","female",40,"single",10,10
"Bolivia","female",47,"married",6,8
"Bolivia","female",67,"widowed",8,9
"Bolivia","female",27,"living together as married",6,7
"Bolivia","female",31,"living together as married",7,2
"Bolivia","female",33,"living together as married",10,10
"Bolivia","female",40,"married",1,1
"Bolivia","female",55,"single",10,7
"Bolivia","male",18,"single",5,7
"Bolivia","male",20,"single",8,9
"Bolivia","male",37,"married",8,9
"Bolivia","male",22,"single",5,8
"Bolivia","female",27,"single",8,8
"Bolivia","female",33,"married",10,10
"Bolivia","male",25,"single",8,8
"Bolivia","female",21,"married",8,6
"Bolivia","female",65,"living together as married",4,4
"Bolivia","female",46,"divorced",5,3
"Bolivia","male",61,"single",10,10
"Bolivia","female",55,"divorced",10,10
"Bolivia","male",18,"single",8,9
"Bolivia","female",38,"married",6,7
"Bolivia","male",36,"living together as married",8,2
"Bolivia","male",47,"married",8,7
"Bolivia","male",42,"married",10,10
"Bolivia","male",48,"living together as married",10,9
"Bolivia","male",43,"living together as married",7,8
"Bolivia","female",34,"married",8,5
"Bolivia","male",28,"living together as married",8,8
"Bolivia","female",28,"living together as married",6,6
"Bolivia","male",51,"married",7,7
"Bolivia","female",24,"single",7,7
"Bolivia","male",68,"married",10,6
"Bolivia","male",58,"married",9,9
"Bolivia","male",18,"single",6,7
"Bolivia","female",29,"married",10,10
"Bolivia","female",21,"living together as married",7,9
"Bolivia","female",52,"living together as married",5,5
"Bolivia","male",36,"married",8,8
"Bolivia","male",45,"separated",10,7
"Bolivia","female",28,"married",10,8
"Bolivia","female",63,"widowed",10,10
"Bolivia","male",33,"single",7,8
"Bolivia","male",20,"single",6,10
"Bolivia","male",40,"married",9,7
"Bolivia","female",23,"living together as married",5,10
"Bolivia","female",29,"living together as married",4,5
"Bolivia","female",20,"single",7,9
"Bolivia","male",39,"married",6,8
"Bolivia","female",38,"single",7,8
"Bolivia","female",31,"single",5,3
"Bolivia","male",19,"living together as married",2,6
"Bolivia","female",54,"separated",8,6
"Bolivia","female",43,"married",5,4
"Bolivia","male",27,"living together as married",5,5
"Bolivia","female",23,"single",5,10
"Bolivia","female",26,"married",7,5
"Bolivia","male",36,"living together as married",9,2
"Bolivia","male",21,"single",8,10
"Bolivia","male",72,"married",3,8
"Bolivia","female",66,"married",3,4
"Bolivia","male",27,"single",9,9
"Bolivia","female",72,"widowed",7,6
"Bolivia","female",44,"married",4,8
"Bolivia","female",38,"separated",10,7
"Bolivia","male",25,"single",1,2
"Bolivia","female",43,"living together as married",5,7
"Bolivia","female",28,"married",5,8
"Bolivia","female",38,"married",8,5
"Bolivia","female",38,"married",5,7
"Bolivia","male",45,"married",10,10
"Bolivia","female",66,"living together as married",5,4
"Bolivia","female",55,"widowed",5,5
"Bolivia","male",44,"married",10,8
"Bolivia","female",42,"married",9,9
"Bolivia","male",35,"married",10,5
"Bolivia","female",24,"single",8,7
"Bolivia","female",49,"separated",6,4
"Bolivia","female",28,"married",8,10
"Bolivia","male",68,"single",5,4
"Bolivia","male",18,"single",5,8
"Bolivia","male",30,"single",8,7
"Bolivia","male",28,"living together as married",7,7
"Bolivia","male",31,"single",9,7
"Bolivia","female",28,"married",8,6
"Bolivia","female",45,"widowed",8,6
"Bolivia","female",18,"single",10,6
"Bolivia","male",22,"single",8,7
"Bolivia","male",21,"single",7,8
"Bolivia","male",74,"married",7,9
"Bolivia","female",22,"married",6,4
"Bolivia","male",18,"single",10,10
"Bolivia","male",72,"married",10,2
"Bolivia","female",35,"married",10,10
"Bolivia","male",18,"single",8,9
"Bolivia","female",32,"separated",10,8
"Bolivia","female",20,"living together as married",6,8
"Bolivia","female",29,"married",10,7
"Bolivia","female",28,"single",9,7
"Bolivia","male",52,"separated",5,10
"Bolivia","male",63,"married",10,10
"Bolivia","male",27,"single",7,8
"Bolivia","female",28,"married",8,7
"Bolivia","male",51,"separated",6,6
"Bolivia","male",69,"married",7,5
"Bolivia","male",45,"married",8,10
"Bolivia","male",45,"divorced",10,10
"Bolivia","male",25,"single",10,6
"Bolivia","male",25,"single",7,7
"Bolivia","female",31,"living together as married",7,9
"Bolivia","female",53,"married",5,9
"Bolivia","female",57,"married",10,10
"Bolivia","female",49,"married",10,8
"Bolivia","female",33,"living together as married",8,9
"Bolivia","female",49,"living together as married",4,5
"Bolivia","female",76,"widowed",9,9
"Bolivia","male",26,"single",6,7
"Bolivia","male",57,"married",8,7
"Bolivia","female",67,"divorced",8,9
"Bolivia","male",23,"living together as married",10,8
"Bolivia","female",20,"single",9,10
"Bolivia","female",25,"single",10,7
"Bolivia","male",82,"married",6,7
"Bolivia","male",68,"married",10,5
"Bolivia","female",46,"married",7,9
"Bolivia","male",21,"single",8,7
"Bolivia","female",20,"single",9,8
"Bolivia","female",20,"single",7,4
"Bolivia","female",57,"widowed",9,9
"Bolivia","female",44,"married",6,5
"Bolivia","female",60,"divorced",7,7
"Bolivia","male",45,"married",10,10
"Bolivia","female",39,"married",10,9
"Bolivia","male",18,"single",10,4
"Bolivia","male",48,"married",10,9
"Bolivia","male",44,"single",8,8
"Bolivia","female",36,"widowed",9,9
"Bolivia","female",30,"married",10,10
"Bolivia","male",50,"married",7,7
"Bolivia","female",41,"married",10,10
"Bolivia","female",56,"widowed",10,10
"Bolivia","male",56,"married",10,1
"Bolivia","male",24,"living together as married",8,8
"Bolivia","male",24,"single",10,10
"Bolivia","male",42,"married",10,10
"Bolivia","female",28,"single",9,5
"Bolivia","male",44,"married",6,7
"Bolivia","male",62,"living together as married",6,6
"Bolivia","male",46,"married",6,6
"Bolivia","male",18,"single",8,6
"Bolivia","female",48,"married",8,10
"Bolivia","female",32,"living together as married",7,4
"Bolivia","male",32,"married",9,6
"Bolivia","female",25,"single",6,10
"Bolivia","male",46,"married",8,7
"Bolivia","male",45,"living together as married",6,7
"Bolivia","male",22,"single",8,8
"Bolivia","female",20,"single",5,5
"Bolivia","male",65,"married",8,9
"Bolivia","male",28,"single",9,8
"Bolivia","female",27,"living together as married",6,9
"Bolivia","male",27,"married",6,7
"Bolivia","male",50,"single",7,10
"Bolivia","female",54,"married",5,10
"Bolivia","female",67,"widowed",10,9
"Bolivia","female",25,"single",8,8
"Bolivia","female",21,"living together as married",7,9
"Bolivia","female",52,"married",6,4
"Bolivia","female",44,"married",7,9
"Bolivia","female",65,"widowed",7,7
"Bolivia","female",19,"single",6,4
"Bolivia","female",34,"married",5,6
"Bolivia","female",38,"widowed",9,5
"Bolivia","male",36,"married",8,8
"Bolivia","female",21,"married",3,10
"Bolivia","male",30,"single",6,7
"Bolivia","female",23,"single",6,4
"Bolivia","male",36,"single",1,6
"Bolivia","male",50,"living together as married",8,8
"Bolivia","male",19,"single",10,10
"Bolivia","male",79,"living together as married",6,4
"Bolivia","female",18,"single",10,10
"Bolivia","male",20,"single",5,7
"Bolivia","male",27,"single",7,8
"Bolivia","male",18,"single",8,10
"Bolivia","female",20,"single",10,8
"Bolivia","female",40,"married",7,6
"Bolivia","female",24,"living together as married",4,9
"Bolivia","female",19,"single",5,2
"Bolivia","male",37,"married",6,7
"Bolivia","female",19,"living together as married",1,10
"Bolivia","female",26,"living together as married",6,7
"Bolivia","male",29,"living together as married",10,7
"Bolivia","male",41,"living together as married",5,6
"Bolivia","male",23,"living together as married",7,7
"Bolivia","male",19,"single",8,9
"Bolivia","female",18,"living together as married",5,7
"Bolivia","male",26,"living together as married",4,5
"Bolivia","male",34,"single",8,8
"Bolivia","male",26,"single",5,8
"Bolivia","male",21,"single",7,8
"Bolivia","female",43,"married",6,8
"Bolivia","female",59,"married",6,10
"Bolivia","female",18,"living together as married",10,9
"Bolivia","female",20,"single",6,10
"Bolivia","male",20,"single",6,6
"Bolivia","female",45,"living together as married",4,5
"Bolivia","female",63,"married",8,5
"Bolivia","female",21,"living together as married",10,7
"Bolivia","male",47,"living together as married",8,9
"Bolivia","male",45,"married",6,9
"Bolivia","male",46,"married",5,4
"Bolivia","male",36,"married",8,10
"Bolivia","female",32,"living together as married",5,5
"Bolivia","female",29,"single",6,8
"Bolivia","female",35,"single",10,7
"Bolivia","male",60,"married",7,6
"Bolivia","female",18,"single",7,8
"Bolivia","female",33,"married",10,9
"Bolivia","male",64,"living together as married",3,6
"Bolivia","female",48,"living together as married",9,9
"Bolivia","female",35,"living together as married",6,1
"Bolivia","female",56,"married",10,10
"Bolivia","male",20,"single",8,8
"Bolivia","male",59,"married",6,6
"Bolivia","male",34,"living together as married",6,8
"Bolivia","female",28,"living together as married",6,9
"Bolivia","female",18,"single",9,8
"Bolivia","female",55,"married",8,9
"Bolivia","male",20,"single",8,10
"Bolivia","female",40,"married",8,5
"Bolivia","female",19,"single",8,9
"Bolivia","female",31,"married",9,8
"Bolivia","female",34,"divorced",7,8
"Bolivia","male",74,"widowed",5,8
"Bolivia","female",34,"separated",10,10
"Bolivia","female",78,"widowed",5,10
"Bolivia","male",31,"married",8,3
"Bolivia","male",39,"living together as married",8,8
"Bolivia","male",34,"living together as married",5,7
"Bolivia","male",22,"single",10,9
"Bolivia","female",30,"single",9,10
"Bolivia","female",52,"widowed",10,10
"Bolivia","female",38,"married",10,10
"Bolivia","female",34,"married",5,6
"Bolivia","female",35,"living together as married",10,10
"Bolivia","female",38,"living together as married",8,6
"Bolivia","male",38,"living together as married",8,6
"Bolivia","male",51,"married",5,6
"Bolivia","male",25,"single",9,10
"Bolivia","male",41,"living together as married",8,5
"Bolivia","male",27,"single",7,7
"Bolivia","male",20,"single",10,6
"Bolivia","male",62,"married",9,10
"Bolivia","male",49,"married",7,6
"Bolivia","male",56,"married",10,10
"Bolivia","female",60,"married",5,5
"Bolivia","male",23,"single",3,10
"Bolivia","female",29,"living together as married",8,9
"Bolivia","female",26,"living together as married",5,10
"Bolivia","female",38,"married",10,10
"Bolivia","male",22,"single",8,8
"Bolivia","male",28,"living together as married",5,5
"Bolivia","female",71,"widowed",7,7
"Bolivia","male",47,"single",6,3
"Bolivia","female",59,"living together as married",7,7
"Bolivia","female",62,"married",10,6
"Bolivia","male",25,"single",10,9
"Bolivia","female",22,"married",7,7
"Bolivia","male",44,"living together as married",8,9
"Bolivia","female",34,"living together as married",6,5
"Bolivia","male",34,"married",8,8
"Bolivia","female",20,"single",7,8
"Bolivia","male",19,"single",8,7
"Bolivia","female",64,"married",6,7
"Bolivia","female",18,"single",8,8
"Bolivia","male",77,"separated",7,7
"Bolivia","male",42,"married",8,6
"Bolivia","male",42,"married",10,10
"Bolivia","male",55,"married",10,9
"Bolivia","female",33,"married",8,9
"Bolivia","female",69,"single",10,10
"Bolivia","female",32,"separated",8,7
"Bolivia","female",40,"single",5,5
"Bolivia","female",27,"single",8,10
"Bolivia","male",22,"single",8,7
"Bolivia","male",65,"married",5,6
"Bolivia","female",19,"single",9,9
"Bolivia","female",32,"married",6,6
"Bolivia","male",42,"married",7,8
"Bolivia","male",48,"married",6,5
"Bolivia","male",22,"single",8,7
"Bolivia","male",21,"living together as married",3,5
"Bolivia","female",45,"married",10,8
"Bolivia","male",18,"single",5,5
"Bolivia","female",23,"single",8,8
"Bolivia","female",18,"living together as married",7,8
"Bolivia","male",60,"married",10,10
"Bolivia","male",31,"married",7,8
"Bolivia","female",30,"married",8,10
"Bolivia","male",60,"married",7,7
"Bolivia","male",67,"married",4,5
"Bolivia","male",25,"single",9,8
"Bolivia","female",33,"living together as married",8,10
"Bolivia","female",55,"married",10,10
"Bolivia","female",26,"married",10,10
"Bolivia","female",37,"married",8,9
"Bolivia","male",63,"living together as married",10,5
"Bolivia","female",38,"living together as married",8,8
"Bolivia","female",25,"single",8,8
"Bolivia","female",42,"married",7,8
"Bolivia","female",55,"single",5,8
"Bolivia","female",36,"married",6,5
"Bolivia","female",48,"married",9,8
"Bolivia","female",36,"married",7,8
"Bolivia","male",22,"single",10,8
"Bolivia","male",34,"single",6,3
"Bolivia","male",55,"married",8,7
"Bolivia","female",19,"single",6,8
"Bolivia","male",25,"single",9,8
"Bolivia","male",19,"single",7,9
"Bolivia","female",39,"living together as married",6,7
"Bolivia","male",59,"married",8,8
"Bolivia","male",23,"living together as married",10,8
"Bolivia","female",44,"married",5,5
"Bolivia","female",45,"married",8,5
"Bolivia","female",41,"married",9,10
"Bolivia","male",73,"married",4,5
"Bolivia","female",25,"married",9,8
"Bolivia","male",32,"living together as married",8,8
"Bolivia","male",78,"married",10,10
"Bolivia","female",19,"single",5,8
"Bolivia","male",18,"single",5,8
"Bolivia","female",28,"living together as married",5,7
"Bolivia","male",51,"living together as married",6,6
"Bolivia","female",24,"married",7,8
"Bolivia","female",49,"living together as married",10,10
"Bolivia","female",51,"married",10,5
"Bolivia","male",21,"single",6,5
"Bolivia","male",30,"married",8,6
"Bolivia","male",18,"single",8,9
"Bolivia","male",53,"married",7,8
"Bolivia","male",28,"single",9,7
"Bolivia","female",18,"separated",8,10
"Bolivia","female",31,"living together as married",10,10
"Bolivia","male",52,"living together as married",5,5
"Bolivia","male",37,"living together as married",7,6
"Bolivia","female",19,"living together as married",10,10
"Bolivia","male",24,"single",10,10
"Bolivia","female",68,"married",7,5
"Bolivia","male",22,"single",8,9
"Bolivia","female",78,"married",7,8
"Bolivia","male",30,"living together as married",5,10
"Bolivia","male",35,"single",10,10
"Bolivia","male",62,"married",7,9
"Bolivia","male",31,"living together as married",7,7
"Bolivia","male",22,"single",7,9
"Bolivia","female",20,"married",10,8
"Bolivia","male",53,"married",10,10
"Bolivia","male",45,"married",5,4
"Bolivia","male",31,"single",7,10
"Bolivia","female",68,"married",10,5
"Bolivia","male",67,"living together as married",8,8
"Bolivia","male",47,"married",7,7
"Bolivia","female",20,"married",6,6
"Bolivia","male",29,"living together as married",8,7
"Bolivia","female",43,"married",9,9
"Bolivia","male",37,"single",9,9
"Bolivia","female",37,"single",10,8
"Bolivia","male",31,"single",10,10
"Bolivia","female",28,"living together as married",10,10
"Bolivia","female",55,"married",6,6
"Bolivia","female",63,"married",6,9
"Bolivia","female",21,"living together as married",7,5
"Bolivia","female",18,"single",3,10
"Bolivia","female",33,"living together as married",8,10
"Bolivia","male",46,"living together as married",7,10
"Bolivia","female",46,"separated",8,7
"Bolivia","female",22,"living together as married",10,9
"Bolivia","female",29,"married",5,7
"Bolivia","female",75,"widowed",10,9
"Bolivia","female",24,"single",4,5
"Bolivia","female",42,"living together as married",4,9
"Bolivia","male",67,"married",5,3
"Bolivia","female",52,"married",8,8
"Bolivia","male",45,"married",9,10
"Bolivia","female",20,"single",9,9
"Bolivia","female",43,"married",8,7
"Bolivia","male",42,"married",10,10
"Bolivia","male",20,"single",8,10
"Bolivia","male",42,"living together as married",2,8
"Bolivia","female",35,"living together as married",10,10
"Bolivia","female",37,"living together as married",8,8
"Bolivia","female",31,"married",8,10
"Bolivia","female",69,"single",9,5
"Bolivia","female",18,"single",3,4
"Bolivia","female",20,"single",8,6
"Bolivia","female",20,"single",10,10
"Bolivia","male",60,"divorced",4,4
"Bolivia","female",18,"single",5,9
"Bolivia","male",63,"married",6,3
"Bolivia","female",41,"married",6,8
"Bolivia","female",28,"single",8,8
"Bolivia","male",65,"married",5,6
"Bolivia","female",44,"married",5,5
"Bolivia","female",38,"living together as married",7,8
"Bolivia","male",23,"living together as married",8,10
"Bolivia","female",22,"single",5,5
"Bolivia","male",40,"married",7,8
"Bolivia","male",25,"married",6,7
"Bolivia","female",40,"married",10,8
"Bolivia","male",30,"single",8,10
"Bolivia","male",40,"separated",7,6
"Bolivia","female",25,"divorced",5,7
"Bolivia","female",30,"single",7,9
"Bolivia","female",57,"separated",9,9
"Bolivia","female",60,"widowed",10,4
"Bolivia","male",35,"single",7,8
"Bolivia","male",38,"living together as married",6,7
"Bolivia","male",29,"single",9,6
"Bolivia","male",55,"separated",5,9
"Bolivia","male",31,"single",6,9
"Bolivia","male",38,"married",7,8
"Bolivia","male",28,"single",7,8
"Bolivia","female",18,"single",5,9
"Bolivia","female",59,"married",10,10
"Bolivia","male",76,"widowed",5,8
"Bolivia","female",43,"married",10,10
"Bolivia","male",57,"living together as married",4,3
"Bolivia","male",41,"married",7,8
"Bolivia","male",24,"single",8,10
"Bolivia","male",40,"married",10,10
"Bolivia","male",23,"living together as married",9,10
"Bolivia","female",21,"living together as married",6,8
"Bolivia","female",22,"single",6,8
"Bolivia","female",20,"single",8,8
"Bolivia","female",23,"married",8,8
"Bolivia","female",65,"widowed",8,2
"Bolivia","male",19,"single",6,8
"Bolivia","male",20,"single",10,8
"Bolivia","female",51,"divorced",6,10
"Bolivia","female",20,"single",7,4
"Bolivia","female",18,"living together as married",10,1
"Bolivia","female",31,"single",10,10
"Bolivia","female",44,"married",6,6
"Bolivia","male",27,"single",5,9
"Bolivia","female",31,"married",3,2
"Bolivia","male",29,"married",10,10
"Bolivia","male",68,"married",8,5
"Bolivia","male",46,"married",6,7
"Bolivia","male",20,"single",8,9
"Bolivia","male",18,"single",8,9
"Bolivia","female",52,"married",5,6
"Bolivia","male",27,"married",9,8
"Bolivia","female",49,"living together as married",5,5
"Bolivia","male",58,"married",8,4
"Bolivia","female",60,"single",7,6
"Bolivia","female",18,"single",5,7
"Bolivia","male",19,"single",8,8
"Bolivia","female",34,"living together as married",5,10
"Bolivia","female",64,"widowed",10,6
"Bolivia","male",27,"married",4,4
"Bolivia","female",23,"living together as married",7,8
"Bolivia","male",24,"living together as married",8,8
"Bolivia","female",32,"married",5,6
"Bolivia","male",45,"married",10,10
"Bolivia","female",24,"living together as married",10,10
"Bolivia","male",26,"married",9,9
"Bolivia","male",60,"married",5,5
"Bolivia","female",36,"married",9,10
"Bolivia","male",56,"divorced",10,7
"Bolivia","female",31,"living together as married",6,4
"Bolivia","female",26,"living together as married",7,10
"Bolivia","male",22,"living together as married",8,8
"Bolivia","male",48,"separated",5,6
"Bolivia","female",35,"living together as married",7,8
"Bolivia","male",32,"married",8,8
"Bolivia","male",22,"single",10,10
"Bolivia","male",19,"single",5,4
"Bolivia","female",34,"living together as married",9,9
"Bolivia","male",48,"married",7,6
"Bolivia","female",26,"married",10,8
"Bolivia","male",18,"single",8,6
"Bolivia","male",40,"single",5,5
"Bolivia","male",43,"married",6,5
"Bolivia","female",24,"single",5,9
"Bolivia","male",67,"married",6,1
"Bolivia","female",31,"married",2,6
"Bolivia","female",30,"married",10,10
"Bolivia","female",22,"living together as married",8,9
"Bolivia","female",39,"living together as married",8,8
"Bolivia","female",37,"married",7,7
"Bolivia","female",42,"married",10,10
"Bolivia","female",24,"living together as married",6,10
"Bolivia","female",56,"married",10,10
"Bolivia","male",25,"married",5,10
"Bolivia","female",45,"living together as married",10,6
"Bolivia","female",25,"living together as married",7,8
"Bolivia","male",57,"married",5,10
"Bolivia","male",21,"single",8,10
"Bolivia","female",38,"separated",6,5
"Bolivia","male",19,"single",7,5
"Bolivia","female",40,"single",10,9
"Bolivia","female",24,"married",8,10
"Bolivia","male",31,"living together as married",8,9
"Bolivia","male",33,"married",8,9
"Bolivia","male",35,"living together as married",8,8
"Bolivia","female",28,"married",3,6
"Bolivia","female",46,"living together as married",5,10
"Bolivia","male",34,"single",6,7
"Bolivia","male",18,"single",5,6
"Bolivia","male",57,"married",4,8
"Bolivia","male",70,"separated",8,10
"Bolivia","male",37,"living together as married",7,8
"Bolivia","female",26,"married",5,8
"Bolivia","female",26,"married",7,7
"Bolivia","female",33,"married",6,8
"Bolivia","male",66,"married",10,10
"Bolivia","female",80,"widowed",8,5
"Bolivia","female",34,"married",8,8
"Bolivia","female",27,"single",5,8
"Bolivia","female",58,"separated",8,9
"Bolivia","female",29,"married",9,6
"Bolivia","female",69,"living together as married",1,9
"Bolivia","female",30,"living together as married",7,4
"Bolivia","male",32,"single",7,6
"Bolivia","male",58,"married",6,8
"Bolivia","female",58,"married",4,4
"Bolivia","male",67,"widowed",8,9
"Bolivia","male",71,"divorced",10,10
"Bolivia","male",69,"married",10,10
"Bolivia","female",22,"single",8,8
"Bolivia","female",34,"married",7,8
"Bolivia","male",18,"single",7,6
"Bolivia","male",48,"married",8,9
"Bolivia","female",27,"living together as married",6,5
"Bolivia","male",53,"married",6,8
"Bolivia","male",20,"single",4,5
"Bolivia","female",24,"living together as married",7,7
"Bolivia","female",62,"married",3,4
"Bolivia","male",20,"living together as married",8,10
"Bolivia","male",34,"married",6,8
"Bolivia","male",20,"single",8,8
"Bolivia","female",18,"single",6,8
"Bolivia","female",75,"married",4,3
"Bolivia","male",23,"single",7,8
"Bolivia","male",22,"single",9,6
"Bolivia","female",58,"married",10,10
"Bolivia","male",23,"single",8,7
"Bolivia","male",24,"single",7,8
"Bolivia","male",42,"single",10,6
"Bolivia","female",25,"married",10,10
"Bolivia","male",42,"separated",7,8
"Bolivia","male",54,"married",10,10
"Bolivia","female",56,"married",8,6
"Bolivia","male",39,"living together as married",5,6
"Bolivia","female",19,"living together as married",8,10
"Bolivia","male",26,"single",8,7
"Bolivia","male",50,"married",5,7
"Bolivia","female",33,"living together as married",7,8
"Bolivia","male",75,"separated",5,7
"Bolivia","male",84,"widowed",10,9
"Bolivia","male",52,"divorced",7,5
"Bolivia","male",24,"living together as married",9,10
"Bolivia","male",18,"single",8,9
"Bolivia","female",38,"living together as married",8,5
"Bolivia","female",48,"married",6,10
"Bolivia","male",44,"married",7,6
"Bolivia","female",29,"married",8,10
"Bolivia","female",30,"married",10,10
"Bolivia","male",55,"living together as married",10,10
"Bolivia","male",53,"living together as married",8,8
"Bolivia","male",22,"single",4,10
"Bolivia","female",59,"single",7,5
"Bolivia","female",20,"separated",10,10
"Bolivia","female",40,"separated",10,6
"Bolivia","female",58,"separated",10,10
"Bolivia","female",22,"single",8,8
"Bolivia","male",50,"married",10,8
"Bolivia","male",21,"single",8,9
"Bolivia","female",35,"living together as married",10,10
"Bolivia","female",59,"married",8,9
"Bolivia","female",50,"living together as married",8,7
"Bolivia","male",39,"living together as married",8,8
"Bolivia","male",30,"living together as married",10,5
"Bolivia","female",67,"married",6,5
"Bolivia","female",30,"living together as married",8,4
"Bolivia","female",45,"married",5,9
"Bolivia","female",30,"single",9,4
"Bolivia","male",25,"living together as married",7,9
"Bolivia","male",18,"single",8,8
"Bolivia","male",19,"single",5,8
"Bolivia","female",45,"married",10,10
"Bolivia","female",35,"married",10,8
"Bolivia","male",40,"married",8,6
"Bolivia","female",46,"living together as married",10,1
"Bolivia","male",32,"single",10,10
"Bolivia","male",21,"single",8,10
"Bolivia","female",42,"married",10,10
"Bolivia","male",69,"married",10,5
"Bolivia","female",45,"living together as married",8,7
"Bolivia","male",45,"widowed",8,6
"Bolivia","male",44,"married",10,8
"Bolivia","male",45,"married",5,7
"Bolivia","male",31,"living together as married",8,9
"Bolivia","male",43,"married",10,10
"Bolivia","female",63,"widowed",7,8
"Bolivia","male",19,"single",6,2
"Bolivia","male",28,"living together as married",10,9
"Bolivia","female",28,"married",8,8
"Bolivia","female",46,"separated",10,5
"Bolivia","male",42,"married",8,7
"Bolivia","female",27,"living together as married",6,7
"Bolivia","male",19,"single",5,8
"Bolivia","female",34,"married",10,2
"Bolivia","male",73,"married",6,8
"Bolivia","male",28,"single",5,8
"Bolivia","female",59,"married",10,8
"Bolivia","female",32,"living together as married",7,8
"Bolivia","male",18,"single",7,5
"Bolivia","female",22,"married",9,6
"Bolivia","male",65,"married",10,10
"Bolivia","female",31,"living together as married",5,5
"Bolivia","male",30,"single",10,8
"Bolivia","female",38,"married",8,8
"Bolivia","female",23,"single",10,8
"Bolivia","female",42,"single",5,7
"Bolivia","female",27,"single",6,3
"Bolivia","female",47,"living together as married",2,2
"Bolivia","male",18,"single",7,8
"Bolivia","female",29,"married",9,8
"Bolivia","male",42,"living together as married",10,10
"Bolivia","female",27,"living together as married",10,10
"Bolivia","female",19,"single",6,5
"Bolivia","female",60,"married",6,5
"Bolivia","female",46,"living together as married",10,10
"Bolivia","male",51,"married",5,6
"Bolivia","male",29,"living together as married",9,10
"Bolivia","female",26,"living together as married",10,5
"Bolivia","male",50,"divorced",3,5
"Bolivia","female",44,"separated",9,9
"Bolivia","female",64,"single",8,10
"Bolivia","male",32,"living together as married",10,7
"Bolivia","male",53,"married",10,10
"Bolivia","male",36,"married",10,8
"Bolivia","female",45,"married",5,5
"Bolivia","female",66,"married",4,10
"Bolivia","male",39,"married",5,8
"Bolivia","female",29,"living together as married",7,7
"Bolivia","male",63,"divorced",10,10
"Bolivia","female",34,"single",9,9
"Bolivia","female",69,"separated",10,10
"Bolivia","male",56,"married",10,9
"Bolivia","male",33,"married",8,8
"Bolivia","female",20,"living together as married",7,10
"Bolivia","female",46,"single",10,10
"Bolivia","male",40,"living together as married",5,10
"Bolivia","female",61,"widowed",9,9
"Bolivia","male",55,"widowed",10,8
"Bolivia","female",26,"single",7,5
"Bolivia","male",53,"married",9,9
"Bolivia","male",49,"married",7,8
"Bolivia","female",20,"single",5,8
"Bolivia","female",19,"single",6,8
"Bolivia","male",43,"living together as married",6,7
"Bolivia","female",21,"single",8,10
"Bolivia","male",19,"single",7,10
"Bolivia","female",56,"separated",5,2
"Bolivia","male",24,"single",9,10
"Bolivia","female",26,"living together as married",9,10
"Bolivia","female",44,"married",8,7
"Bolivia","male",22,"living together as married",8,8
"Bolivia","male",22,"single",10,10
"Bolivia","male",57,"living together as married",5,6
"Bolivia","male",21,"single",8,8
"Bolivia","male",25,"single",7,5
"Bolivia","female",61,"separated",9,9
"Bolivia","female",26,"married",10,10
"Bolivia","female",21,"single",6,9
"Bolivia","female",22,"married",5,8
"Bolivia","male",33,"divorced",7,7
"Bolivia","male",38,"single",8,10
"Bolivia","male",52,"single",4,5
"Bolivia","female",44,"married",5,6
"Bolivia","male",27,"married",10,10
"Bolivia","female",39,"living together as married",2,7
"Bolivia","female",50,"widowed",8,8
"Bolivia","female",31,"single",6,6
"Bolivia","female",65,"married",10,6
"Bolivia","female",35,"married",9,8
"Bolivia","female",22,"single",10,10
"Bolivia","female",57,"widowed",6,7
"Bolivia","male",32,"single",9,9
"Bolivia","female",32,"married",8,7
"Bolivia","male",23,"single",7,7
"Bolivia","male",32,"living together as married",10,9
"Bolivia","male",30,"living together as married",5,6
"Bolivia","male",27,"single",10,10
"Bolivia","male",54,"married",7,7
"Bolivia","female",36,"living together as married",5,8
"Bolivia","male",25,"single",7,5
"Bolivia","male",24,"living together as married",8,10
"Bolivia","female",20,"married",9,7
"Bolivia","male",31,"single",7,7
"Bolivia","male",32,"single",8,10
"Bolivia","female",18,"single",7,6
"Bolivia","male",20,"single",7,8
"Bolivia","male",56,"married",9,8
"Bolivia","female",68,"divorced",10,4
"Bolivia","male",18,"single",10,8
"Bolivia","female",38,"married",8,9
"Bolivia","male",24,"single",10,10
"Bolivia","female",54,"single",10,10
"Bolivia","male",23,"single",8,10
"Bolivia","male",47,"married",10,10
"Bolivia","female",19,"single",6,6
"Bolivia","male",58,"married",6,6
"Bolivia","female",25,"living together as married",7,7
"Bolivia","male",65,"living together as married",6,1
"Bolivia","female",23,"married",5,7
"Bolivia","female",60,"married",10,10
"Bolivia","male",23,"single",5,8
"Bolivia","male",27,"living together as married",7,10
"Bolivia","male",63,"married",6,8
"Bolivia","male",53,"living together as married",6,9
"Bolivia","male",23,"single",8,8
"Bolivia","male",25,"single",10,8
"Bolivia","female",40,"living together as married",8,10
"Bolivia","male",19,"single",6,4
"Bolivia","female",41,"living together as married",6,10
"Bolivia","male",75,"married",10,8
"Bolivia","male",28,"single",6,6
"Bolivia","female",48,"married",8,8
"Bolivia","female",40,"single",7,8
"Bolivia","male",22,"single",8,4
"Bolivia","male",41,"married",9,9
"Bolivia","male",18,"single",8,9
"Bolivia","female",60,"divorced",8,5
"Bolivia","female",38,"married",8,6
"Bolivia","male",27,"single",7,8
"Bolivia","female",52,"married",6,6
"Bolivia","male",58,"widowed",6,7
"Bolivia","female",28,"married",5,8
"Bolivia","male",28,"single",10,7
"Bolivia","female",36,"living together as married",8,8
"Bolivia","male",45,"married",8,10
"Bolivia","female",33,"living together as married",8,10
"Bolivia","female",47,"married",6,5
"Bolivia","female",47,"widowed",4,5
"Bolivia","female",23,"single",7,9
"Bolivia","female",22,"single",6,7
"Bolivia","female",62,"married",10,9
"Bolivia","female",74,"widowed",10,10
"Bolivia","male",37,"separated",8,9
"Bolivia","male",48,"married",10,7
"Bolivia","female",25,"single",10,9
"Bolivia","male",24,"single",6,10
"Bolivia","male",34,"married",7,8
"Bolivia","female",66,"single",8,5
"Bolivia","female",67,"widowed",9,6
"Bolivia","male",70,"married",10,8
"Bolivia","female",23,"divorced",6,5
"Bolivia","male",59,"married",7,5
"Bolivia","male",23,"single",6,5
"Bolivia","male",25,"single",8,7
"Bolivia","female",24,"single",6,8
"Bolivia","female",18,"single",8,9
"Bolivia","female",27,"single",7,5
"Bolivia","female",22,"married",10,10
"Bolivia","female",40,"married",7,8
"Bolivia","female",20,"single",8,9
"Bolivia","female",38,"married",8,9
"Bolivia","female",45,"married",10,8
"Bolivia","male",63,"living together as married",7,8
"Bolivia","male",35,"married",8,7
"Bolivia","female",53,"separated",8,8
"Bolivia","male",31,"single",10,5
"Bolivia","male",28,"single",8,5
"Bolivia","female",73,"married",7,8
"Bolivia","male",42,"divorced",8,10
"Bolivia","female",29,"single",7,8
"Bolivia","female",31,"married",10,7
"Bolivia","male",74,"married",10,10
"Bolivia","female",80,"married",10,10
"Bolivia","male",41,"married",6,8
"Bolivia","female",42,"married",7,7
"Bolivia","female",22,"living together as married",7,8
"Bolivia","female",30,"single",8,9
"Bolivia","female",24,"married",8,9
"Bolivia","male",29,"living together as married",8,8
"Bolivia","female",66,"living together as married",4,10
"Bolivia","male",28,"single",8,8
"Bolivia","female",41,"married",10,8
"Bolivia","male",40,"married",8,8
"Bolivia","female",25,"single",7,6
"Bolivia","male",19,"single",10,10
"Bolivia","male",33,"married",5,8
"Bolivia","male",36,"living together as married",6,5
"Bolivia","female",42,"separated",10,10
"Bolivia","male",36,"divorced",10,9
"Bolivia","male",34,"widowed",4,5
"Bolivia","male",27,"living together as married",10,10
"Bolivia","female",22,"single",10,10
"Bolivia","female",37,"divorced",10,6
"Bolivia","female",55,"separated",10,8
"Bolivia","male",21,"single",8,9
"Bolivia","female",32,"separated",8,6
"Bolivia","female",34,"widowed",6,6
"Bolivia","male",45,"married",4,5
"Bolivia","male",72,"married",7,5
"Bolivia","female",25,"single",1,10
"Bolivia","female",18,"single",6,10
"Bolivia","female",28,"living together as married",10,8
"Bolivia","male",18,"single",9,7
"Bolivia","male",20,"single",7,7
"Bolivia","female",25,"living together as married",7,5
"Bolivia","female",32,"married",8,10
"Bolivia","female",18,"living together as married",10,8
"Bolivia","male",55,"married",8,8
"Bolivia","female",30,"married",6,5
"Bolivia","female",32,"married",10,8
"Bolivia","female",47,"married",8,6
"Bolivia","female",19,"single",7,8
"Bolivia","female",18,"single",8,9
"Bolivia","female",22,"single",8,9
"Bolivia","female",41,"married",10,10
"Bolivia","female",59,"married",10,1
"Bolivia","male",55,"married",7,9
"Bolivia","female",56,"widowed",5,9
"Bolivia","male",30,"single",8,6
"Bolivia","male",54,"widowed",8,5
"Bolivia","male",25,"single",9,10
"Bolivia","female",28,"married",9,10
"Bolivia","female",63,"married",10,5
"Bolivia","female",40,"married",6,7
"Bolivia","male",54,"single",9,10
"Bolivia","male",23,"single",10,10
"Bolivia","female",40,"divorced",10,5
"Bolivia","male",24,"single",7,8
"Bolivia","female",45,"divorced",10,10
"Bolivia","male",42,"single",10,10
"Bolivia","female",23,"married",9,10
"Bolivia","female",36,"living together as married",7,6
"Bolivia","female",29,"married",7,7
"Bolivia","male",59,"married",6,9
"Bolivia","female",18,"single",5,8
"Bolivia","female",23,"married",10,10
"Bolivia","female",19,"single",6,5
"Bolivia","male",56,"widowed",5,5
"Bolivia","male",56,"married",10,9
"Bolivia","male",46,"single",7,7
"Bolivia","male",21,"single",8,9
"Bolivia","male",18,"single",7,10
"Bolivia","male",31,"single",10,9
"Bolivia","male",31,"single",7,7
"Bolivia","female",66,"widowed",10,5
"Bolivia","female",19,"single",10,10
"Bolivia","male",19,"living together as married",8,10
"Bolivia","male",29,"single",8,7
"Bolivia","female",36,"married",10,10
"Bolivia","female",48,"separated",10,8
"Bolivia","male",19,"single",5,5
"Bolivia","male",26,"living together as married",10,10
"Bolivia","female",60,"married",3,4
"Bolivia","male",44,"married",8,8
"Bolivia","male",65,"married",10,10
"Bolivia","female",25,"married",5,7
"Bolivia","male",77,"married",5,6
"Bolivia","male",44,"married",5,4
"Bolivia","male",48,"married",8,6
"Bolivia","male",35,"married",10,10
"Bolivia","male",31,"married",10,10
"Bolivia","female",59,"married",10,10
"Bolivia","male",40,"living together as married",7,8
"Bolivia","female",64,"married",8,9
"Bolivia","male",55,"married",5,4
"Bolivia","female",66,"widowed",10,10
"Bolivia","female",29,"married",8,9
"Bolivia","female",30,"single",8,8
"Bolivia","female",24,"living together as married",10,8
"Bolivia","female",50,"married",10,8
"Bolivia","female",32,"married",8,6
"Bolivia","female",40,"married",10,8
"Bolivia","male",59,"married",5,7
"Bolivia","male",46,"divorced",8,8
"Bolivia","male",31,"married",7,7
"Bolivia","female",50,"living together as married",7,8
"Bolivia","male",21,"single",9,5
"Bolivia","female",64,"single",8,7
"Bolivia","female",49,"married",5,6
"Bolivia","female",34,"separated",8,6
"Bolivia","female",36,"married",7,6
"Bolivia","male",46,"married",10,10
"Bolivia","male",23,"living together as married",8,10
"Bolivia","male",37,"separated",7,5
"Bolivia","female",27,"living together as married",6,4
"Bolivia","male",40,"widowed",8,7
"Bolivia","male",57,"living together as married",8,5
"Bolivia","female",24,"married",7,7
"Bolivia","male",68,"married",10,10
"Bolivia","female",33,"married",6,5
"Bolivia","female",26,"single",7,8
"Bolivia","male",42,"married",5,9
"Bolivia","female",49,"married",5,5
"Bolivia","female",47,"married",4,6
"Bolivia","male",40,"married",4,5
"Bolivia","male",28,"married",10,10
"Bolivia","female",22,"single",9,4
"Bolivia","female",24,"living together as married",9,9
"Bolivia","male",60,"married",6,4
"Bolivia","female",25,"living together as married",6,6
"Bolivia","female",19,"single",9,7
"Bolivia","female",19,"single",9,6
"Bolivia","female",48,"married",9,9
"Bolivia","male",31,"married",10,10
"Bolivia","female",33,"living together as married",8,10
"Bolivia","male",40,"living together as married",6,5
"Bolivia","male",47,"married",9,5
"Bolivia","female",22,"living together as married",7,10
"Bolivia","male",20,"single",8,6
"Bolivia","male",18,"single",1,10
"Bolivia","male",35,"married",5,6
"Bolivia","male",24,"living together as married",10,10
"Bolivia","female",38,"married",5,6
"Bolivia","female",35,"widowed",10,10
"Bolivia","female",23,"single",7,7
"Bolivia","male",47,"living together as married",7,5
"Bolivia","female",49,"married",7,10
"Bolivia","male",41,"single",9,5
"Bolivia","female",19,"single",2,3
"Bolivia","female",31,"married",5,8
"Bolivia","female",33,"married",4,2
"Bolivia","female",25,"single",10,7
"Bolivia","male",53,"widowed",8,6
"Bolivia","male",21,"single",9,7
"Bolivia","male",18,"single",6,5
"Bolivia","female",69,"married",4,10
"Bolivia","female",49,"separated",6,5
"Bolivia","female",36,"living together as married",10,5
"Bolivia","female",54,"single",9,8
"Bolivia","male",30,"living together as married",10,6
"Bolivia","male",55,"married",6,5
"Bolivia","female",60,"widowed",10,5
"Bolivia","female",53,"single",9,7
"Bolivia","male",31,"living together as married",7,6
"Bolivia","male",29,"living together as married",10,10
"Bolivia","female",26,"married",10,10
"Bolivia","male",68,"widowed",10,10
"Bolivia","male",49,"single",5,5
"Bolivia","male",37,"married",5,10
"Bolivia","female",39,"married",7,8
"Bolivia","male",19,"single",8,7
"Bolivia","male",19,"single",7,8
"Bolivia","female",58,"married",5,6
"Bolivia","male",58,"married",6,5
"Bolivia","male",27,"living together as married",5,7
"Bolivia","female",45,"living together as married",7,8
"Bolivia","male",36,"living together as married",5,7
"Bolivia","male",36,"married",6,8
"Bolivia","male",23,"living together as married",10,10
"Bolivia","male",61,"married",8,8
"Bolivia","male",25,"married",10,10
"Bolivia","male",70,"widowed",10,10
"Bolivia","male",21,"living together as married",8,10
"Bolivia","female",26,"living together as married",7,8
"Bolivia","male",53,"widowed",5,5
"Bolivia","female",28,"living together as married",7,9
"Bolivia","male",70,"married",8,7
"Bolivia","female",30,"living together as married",9,6
"Bolivia","female",43,"married",8,8
"Bolivia","male",23,"single",8,5
"Bolivia","female",37,"living together as married",10,6
"Bolivia","female",28,"living together as married",7,7
"Bolivia","female",33,"single",6,6
"Bolivia","female",20,"living together as married",4,4
"Bolivia","male",22,"living together as married",5,10
"Bolivia","female",45,"married",8,6
"Bolivia","male",43,"married",2,5
"Bolivia","male",28,"single",10,9
"Bolivia","female",51,"married",2,3
"Bolivia","female",25,"married",8,8
"Bolivia","male",32,"single",8,10
"Bolivia","female",43,"widowed",4,4
"Bolivia","male",24,"single",6,8
"Bolivia","female",18,"single",8,7
"Bolivia","female",67,"separated",10,5
"Bolivia","male",40,"married",8,7
"Bolivia","female",50,"married",8,8
"Bolivia","male",63,"widowed",8,7
"Bolivia","female",43,"separated",5,10
"Bolivia","male",62,"married",6,7
"Bolivia","female",25,"single",6,5
"Bolivia","male",31,"single",10,5
"Bolivia","female",33,"married",9,9
"Bolivia","male",43,"married",7,8
"Bolivia","male",42,"living together as married",8,7
"Bolivia","male",21,"single",9,10
"Bolivia","female",64,"married",6,9
"Bolivia","male",38,"married",5,8
"Bolivia","female",60,"married",8,7
"Bolivia","female",37,"married",5,5
"Bolivia","male",48,"married",7,8
"Bolivia","female",18,"single",6,8
"Bolivia","male",70,"widowed",7,8
"Bolivia","male",33,"living together as married",5,6
"Bolivia","female",22,"living together as married",10,5
"Bolivia","male",40,"living together as married",5,6
"Bolivia","female",29,"married",10,10
"Bolivia","male",53,"married",4,6
"Bolivia","male",40,"married",5,7
"Bolivia","female",44,"separated",10,5
"Bolivia","male",20,"single",6,7
"Bolivia","female",55,"single",5,2
"Bolivia","male",52,"single",1,1
"Bolivia","male",25,"single",5,10
"Bolivia","female",60,"married",8,5
"Bolivia","male",74,"single",7,7
"Bolivia","female",52,"married",10,9
"Bolivia","female",30,"married",6,5
"Bolivia","female",50,"married",9,8
"Bolivia","male",40,"married",7,5
"Bolivia","male",51,"married",10,8
"Bolivia","male",39,"single",8,10
"Bolivia","female",29,"single",8,8
"Bolivia","female",56,"living together as married",5,10
"Bolivia","female",25,"married",8,10
"Bolivia","female",38,"married",8,8
"Bolivia","male",35,"single",10,8
"Bolivia","male",50,"single",9,8
"Bolivia","female",21,"single",8,6
"Bolivia","female",44,"married",8,3
"Bolivia","male",42,"married",5,10
"Bolivia","male",28,"single",8,8
"Bolivia","male",55,"married",10,8
"Bolivia","female",38,"living together as married",8,7
"Bolivia","male",30,"living together as married",9,5
"Bolivia","male",20,"living together as married",10,10
"Bolivia","male",35,"married",5,7
"Bolivia","female",23,"single",7,10
"Bolivia","female",28,"married",5,8
"Bolivia","female",43,"married",9,9
"Bolivia","male",18,"single",7,5
"Bolivia","male",56,"living together as married",10,6
"Bolivia","male",26,"single",5,8
"Bolivia","female",31,"living together as married",8,5
"Bolivia","female",25,"living together as married",6,6
"Bolivia","female",65,"married",6,6
"Bolivia","female",20,"single",5,4
"Bolivia","male",30,"living together as married",5,5
"Bolivia","male",74,"married",3,5
"Bolivia","female",24,"living together as married",7,8
"Bolivia","male",49,"married",2,1
"Bolivia","female",55,"married",7,6
"Bolivia","female",29,"married",6,6
"Bolivia","male",39,"living together as married",7,7
"Bolivia","male",45,"married",10,9
"Bolivia","male",47,"married",7,6
"Bolivia","female",30,"living together as married",7,6
"Bolivia","female",24,"living together as married",8,9
"Bolivia","male",53,"married",5,8
"Bolivia","male",27,"single",8,5
"Bolivia","male",33,"living together as married",9,9
"Bolivia","male",31,"living together as married",5,8
"Bolivia","male",32,"married",7,8
"Bolivia","male",25,"married",7,8
"Bolivia","male",65,"widowed",8,10
"Bolivia","female",46,"single",9,10
"Bolivia","female",42,"married",8,9
"Bolivia","male",56,"married",7,8
"Bolivia","female",69,"separated",8,6
"Bolivia","female",20,"living together as married",10,10
"Bolivia","female",56,"married",9,8
"Bolivia","female",56,"married",8,5
"Bolivia","female",23,"living together as married",5,8
"Bolivia","female",22,"married",7,8
"Bolivia","male",60,"separated",10,8
"Bolivia","female",78,"widowed",10,1
"Bolivia","female",26,"single",10,10
"Bolivia","female",23,"living together as married",10,5
"Bolivia","female",25,"living together as married",10,10
"Bolivia","male",22,"single",8,8
"Bolivia","female",23,"single",10,10
"Bolivia","male",61,"married",8,8
"Bolivia","female",26,"married",8,8
"Bolivia","female",50,"single",7,8
"Bolivia","male",62,"married",10,10
"Bolivia","female",33,"divorced",10,10
"Bolivia","female",55,"widowed",5,5
"Bolivia","male",64,"widowed",10,4
"Bolivia","male",62,"married",10,9
"Bolivia","male",20,"single",10,7
"Bolivia","male",44,"living together as married",10,3
"Bolivia","male",60,"married",8,7
"Bolivia","male",26,"married",9,6
"Bolivia","male",21,"single",10,8
"Bolivia","male",53,"married",5,3
"Bolivia","female",20,"living together as married",7,6
"Bolivia","male",45,"married",7,7
"Bolivia","female",33,"living together as married",5,5
"Bolivia","female",24,"single",7,9
"Bolivia","female",21,"single",5,8
"Bolivia","female",21,"single",7,7
"Bolivia","male",43,"married",8,8
"Bolivia","female",18,"living together as married",10,10
"Bolivia","female",81,"married",10,8
"Bolivia","male",21,"living together as married",8,9
"Bolivia","male",30,"living together as married",8,10
"Bolivia","male",20,"single",3,9
"Bolivia","female",38,"married",9,10
"Bolivia","male",20,"single",7,9
"Bolivia","male",70,"married",10,10
"Bolivia","male",45,"single",10,10
"Bolivia","female",24,"living together as married",10,10
"Bolivia","female",34,"living together as married",9,8
"Bolivia","male",50,"living together as married",7,5
"Bolivia","female",47,"married",10,5
"Bolivia","female",72,"married",10,7
"Bolivia","female",24,"single",7,6
"Bolivia","female",46,"married",6,5
"Bolivia","male",20,"single",7,9
"Bolivia","female",63,"widowed",6,8
"Bolivia","female",22,"married",6,8
"Bolivia","female",56,"married",4,8
"Bolivia","male",35,"living together as married",6,8
"Bolivia","male",55,"widowed",9,9
"Bolivia","female",26,"living together as married",5,10
"Bolivia","female",34,"separated",9,5
"Bolivia","male",50,"married",1,10
"Bolivia","female",29,"married",8,10
"Bolivia","female",31,"single",5,6
"Bolivia","female",23,"single",10,8
"Bolivia","female",38,"married",8,8
"Bolivia","female",58,"living together as married",8,10
"Bolivia","male",18,"single",8,7
"Bolivia","male",57,"living together as married",8,10
"Bolivia","male",56,"married",8,5
"Bolivia","female",56,"married",5,6
"Bolivia","male",31,"living together as married",9,7
"Bolivia","male",47,"married",5,8
"Bolivia","male",56,"married",9,8
"Bolivia","male",62,"divorced",10,7
"Bolivia","female",35,"married",8,6
"Bolivia","male",67,"widowed",8,9
"Bolivia","male",41,"married",6,8
"Bolivia","male",25,"living together as married",3,9
"Bolivia","male",51,"married",5,8
"Bolivia","female",38,"married",10,8
"Bolivia","female",41,"married",4,5
"Bolivia","female",40,"married",10,10
"Bolivia","male",40,"married",10,10
"Bolivia","female",18,"single",10,8
"Bolivia","male",24,"living together as married",8,8
"Bolivia","male",27,"single",10,7
"Bolivia","male",26,"single",4,8
"Bolivia","female",40,"married",8,10
"Bolivia","male",54,"widowed",6,10
"Bolivia","male",56,"widowed",8,7
"Bolivia","female",61,"married",5,8
"Bolivia","male",20,"single",9,9
"Bolivia","male",84,"widowed",10,3
"Bolivia","female",22,"living together as married",4,6
"Bolivia","female",21,"single",7,8
"Bolivia","male",33,"living together as married",1,10
"Bolivia","female",32,"married",5,8
"Bolivia","male",18,"single",9,9
"Bolivia","female",29,"married",5,5
"Bolivia","female",31,"separated",10,1
"Bolivia","male",25,"living together as married",5,10
"Bolivia","male",35,"living together as married",5,9
"Bolivia","male",55,"single",8,9
"Bolivia","female",43,"married",8,10
"Bolivia","female",32,"married",6,8
"Bolivia","male",21,"single",8,9
"Bolivia","male",33,"living together as married",1,10
"Bolivia","male",61,"living together as married",10,10
"Bolivia","male",41,"single",10,9
"Bolivia","male",29,"single",10,7
"Bolivia","male",46,"married",4,6
"Bolivia","female",25,"single",8,10
"Bolivia","female",20,"single",10,10
"Bolivia","female",58,"separated",9,7
"Bolivia","male",46,"living together as married",7,7
"Bolivia","female",25,"living together as married",8,8
"Bolivia","male",31,"married",8,6
"Bolivia","male",57,"separated",9,8
"Bolivia","female",45,"married",5,5
"Bolivia","male",50,"married",10,8
"Bolivia","female",59,"separated",8,8
"Bolivia","female",19,"living together as married",6,8
"Bolivia","female",47,"married",10,8
"Bolivia","male",24,"single",7,8
"Bolivia","male",19,"single",7,5
"Bolivia","male",23,"single",8,7
"Bolivia","female",35,"married",4,10
"Bolivia","male",36,"married",5,7
"Bolivia","male",37,"divorced",9,8
"Bolivia","female",70,"divorced",8,7
"Bolivia","male",66,"married",10,10
"Bolivia","male",18,"single",8,10
"Bolivia","male",34,"single",7,9
"Bolivia","female",56,"married",1,8
"Bolivia","male",71,"married",7,5
"Bolivia","female",18,"single",7,8
"Bolivia","male",41,"married",7,5
"Bolivia","male",47,"single",5,8
"Bolivia","male",59,"separated",7,7
"Bolivia","male",19,"single",6,3
"Bolivia","male",18,"single",5,6
"Bolivia","female",48,"living together as married",10,8
"Bolivia","female",20,"single",6,8
"Bolivia","female",20,"single",10,9
"Bolivia","female",21,"single",4,8
"Bolivia","male",30,"married",10,7
"Bolivia","female",59,"married",8,5
"Bolivia","male",27,"single",5,4
"Bolivia","female",31,"living together as married",8,5
"Bolivia","male",33,"living together as married",10,9
"Bolivia","female",21,"living together as married",10,10
"Bolivia","female",40,"married",5,6
"Bolivia","male",36,"separated",7,7
"Bolivia","male",22,"living together as married",8,10
"Bolivia","female",57,"widowed",3,6
"Bolivia","male",18,"single",7,6
"Bolivia","male",32,"living together as married",8,9
"Bolivia","female",19,"single",8,10
"Bolivia","female",65,"widowed",10,10
"Bolivia","male",60,"married",7,8
"Bolivia","female",25,"living together as married",7,7
"Bolivia","female",27,"single",10,8
"Bolivia","female",45,"widowed",4,5
"Bolivia","male",21,"living together as married",5,7
"Bolivia","male",36,"living together as married",7,8
"Bolivia","female",43,"separated",5,1
"Bolivia","male",21,"single",10,10
"Bolivia","male",20,"single",9,9
"Bolivia","female",19,"single",5,10
"Bolivia","female",20,"living together as married",9,8
"Bolivia","female",39,"single",5,5
"Bolivia","female",20,"single",9,9
"Bolivia","female",70,"married",8,9
"Bolivia","male",45,"married",8,9
"Bolivia","male",63,"single",10,6
"Bolivia","female",36,"married",6,6
"Bolivia","male",34,"married",10,8
"Bolivia","female",20,"single",9,9
"Bolivia","male",65,"married",6,4
"Bolivia","female",20,"single",5,8
"Bolivia","female",56,"married",7,5
"Bolivia","male",32,"married",8,9
"Bolivia","male",61,"married",10,10
"Bolivia","female",32,"separated",6,6
"Bolivia","female",29,"living together as married",9,6
"Bolivia","female",26,"single",8,8
"Bolivia","female",59,"living together as married",5,7
"Bolivia","female",52,"married",10,10
"Bolivia","male",60,"married",6,9
"Bolivia","male",54,"living together as married",4,8
"Bolivia","male",33,"married",9,6
"Bolivia","male",34,"living together as married",5,8
"Bolivia","male",39,"married",9,9
"Bolivia","male",40,"married",6,6
"Bolivia","male",67,"married",10,6
"Bolivia","male",67,"married",6,9
"Bolivia","female",35,"married",5,5
"Bolivia","female",58,"married",5,5
"Bolivia","female",21,"separated",10,6
"Bolivia","male",24,"single",8,9
"Bolivia","female",34,"single",8,9
"Bolivia","female",42,"married",8,7
"Bolivia","male",61,"living together as married",2,3
"Bolivia","female",44,"married",10,10
"Bolivia","female",54,"widowed",6,4
"Bolivia","male",67,"married",6,8
"Bolivia","female",40,"married",9,5
"Bolivia","female",18,"living together as married",5,3
"Bolivia","male",21,"single",9,9
"Bolivia","female",29,"married",9,8
"Bolivia","female",21,"single",9,5
"Bolivia","female",18,"single",8,10
"Bolivia","female",18,"living together as married",7,9
"Bolivia","male",30,"single",10,5
"Bolivia","female",76,"widowed",10,5
"Bolivia","male",18,"single",6,10
"Bolivia","male",52,"separated",8,7
"Bolivia","female",21,"single",6,10
"Bolivia","male",20,"single",10,8
"Bolivia","male",21,"single",8,10
"Bolivia","female",34,"living together as married",7,8
"Bolivia","male",26,"living together as married",5,5
"Bolivia","female",22,"single",10,10
"Bolivia","male",49,"married",8,9
"Bolivia","female",35,"separated",10,6
"Bolivia","female",67,"widowed",9,5
"Bolivia","male",59,"widowed",8,10
"Bolivia","male",35,"divorced",7,7
"Bolivia","female",42,"married",10,10
"Bolivia","male",23,"living together as married",9,10
"Bolivia","male",22,"single",10,10
"Bolivia","male",58,"married",8,6
"Bolivia","female",28,"living together as married",2,1
"Bolivia","female",34,"married",10,10
"Bolivia","male",26,"single",5,8
"Bolivia","female",44,"living together as married",10,5
"Bolivia","female",41,"living together as married",4,5
"Bolivia","female",82,"widowed",2,3
"Bolivia","male",20,"single",10,10
"Bolivia","female",18,"living together as married",8,3
"Bolivia","female",40,"married",8,10
"Bolivia","female",27,"married",6,8
"Bolivia","female",56,"married",6,5
"Bolivia","female",23,"single",10,5
"Bolivia","female",60,"married",9,10
"Bolivia","female",23,"single",10,10
"Bolivia","male",39,"married",10,10
"Bolivia","female",38,"separated",4,3
"Bolivia","male",34,"living together as married",7,5
"Bolivia","male",35,"single",8,8
"Bolivia","female",44,"married",10,10
"Bolivia","female",27,"single",10,10
"Bolivia","male",19,"single",10,10
"Bolivia","male",70,"married",8,9
"Bolivia","female",70,"married",5,5
"Bolivia","male",18,"single",8,9
"Bolivia","female",71,"single",10,5
"Bolivia","female",23,"married",7,5
"Bolivia","male",19,"single",7,8
"Bolivia","male",33,"single",10,10
"Bolivia","female",35,"single",7,7
"Bolivia","male",62,"married",5,6
"Bolivia","female",64,"separated",9,10
"Bolivia","female",36,"living together as married",8,10
"Bolivia","male",22,"single",7,8
"Bolivia","male",49,"married",10,5
"Bolivia","female",18,"single",6,8
"Bolivia","male",18,"living together as married",7,5
"Bolivia","male",18,"single",9,10
"Bolivia","female",19,"single",8,9
"Bolivia","male",64,"living together as married",10,5
"Bolivia","male",19,"single",6,7
"Bolivia","male",45,"married",3,8
"Bolivia","male",24,"single",8,6
"Bolivia","male",54,"married",5,10
"Bolivia","male",40,"married",6,8
"Bolivia","male",35,"married",10,10
"Bolivia","female",28,"single",8,10
"Bolivia","female",23,"living together as married",5,10
"Bolivia","female",31,"single",6,8
"Bolivia","male",50,"single",10,6
"Bolivia","male",19,"living together as married",10,10
"Bolivia","male",22,"single",8,10
"Bolivia","male",26,"living together as married",8,10
"Bolivia","female",47,"married",6,8
"Bolivia","female",40,"married",6,6
"Bolivia","male",21,"single",7,8
"Bolivia","female",20,"single",8,7
"Bolivia","male",23,"single",6,7
"Bolivia","female",62,"married",10,10
"Bolivia","male",38,"living together as married",4,5
"Bolivia","male",20,"single",4,3
"Bolivia","female",51,"married",10,5
"Bolivia","female",31,"single",9,9
"Bolivia","male",37,"married",10,9
"Bolivia","male",40,"married",10,10
"Bolivia","male",36,"married",9,9
"Bolivia","male",42,"married",10,6
"Bolivia","female",53,"married",7,5
"Bolivia","female",57,"widowed",10,3
"Bolivia","female",40,"living together as married",4,5
"Bolivia","female",71,"widowed",4,6
"Bolivia","female",54,"widowed",5,6
"Bolivia","female",28,"living together as married",8,8
"Bolivia","female",31,"single",10,10
"Bolivia","male",18,"single",5,6
"Bolivia","male",23,"single",8,9
"Bolivia","male",31,"living together as married",8,9
"Bolivia","female",30,"living together as married",10,10
"Bolivia","female",30,"living together as married",9,9
"Bolivia","female",37,"living together as married",6,8
"Bolivia","male",58,"married",5,3
"Bolivia","male",19,"single",8,9
"Bolivia","male",32,"single",5,5
"Bolivia","female",22,"married",9,10
"Bolivia","male",46,"married",5,9
"Bolivia","male",43,"living together as married",8,6
"Bolivia","female",31,"divorced",7,10
"Bolivia","male",34,"married",10,10
"Bolivia","male",76,"widowed",2,3
"Bolivia","male",79,"divorced",10,10
"Bolivia","female",23,"married",5,5
"Bolivia","male",32,"married",9,10
"Bolivia","male",18,"single",7,8
"Bolivia","male",30,"single",10,10
"Bolivia","male",34,"single",9,5
"Bolivia","male",20,"single",6,5
"Bolivia","female",55,"divorced",8,7
"Bolivia","male",54,"married",7,7
"Bolivia","male",43,"living together as married",9,10
"Bolivia","female",58,"separated",6,8
"Bolivia","male",58,"married",9,9
"Bolivia","female",31,"married",7,6
"Bolivia","female",40,"married",5,6
"Bolivia","male",43,"married",6,7
"Bolivia","female",42,"single",5,4
"Bolivia","female",39,"single",10,6
"Bolivia","female",49,"married",8,8
"Bolivia","female",60,"living together as married",5,6
"Bolivia","male",20,"single",6,7
"Bolivia","female",32,"married",8,9
"Bolivia","female",43,"married",7,8
"Bolivia","female",25,"single",10,10
"Bolivia","male",45,"married",8,8
"Bolivia","female",34,"single",8,8
"Bolivia","female",34,"married",6,7
"Bolivia","male",30,"married",8,7
"Bolivia","female",31,"married",7,5
"Bolivia","male",21,"single",8,7
"Bolivia","male",52,"married",8,6
"Bolivia","female",22,"living together as married",7,8
"Bolivia","female",20,"single",8,6
"Bolivia","male",40,"married",8,8
"Bolivia","male",66,"married",9,9
"Bolivia","male",50,"married",7,8
"Bolivia","female",46,"living together as married",8,7
"Bolivia","female",62,"married",9,10
"Bolivia","male",37,"married",7,8
"Bolivia","female",50,"married",10,10
"Bolivia","male",23,"single",5,9
"Bolivia","male",57,"married",10,10
"Bolivia","female",30,"living together as married",5,6
"Bolivia","female",20,"living together as married",8,10
"Bolivia","female",35,"married",10,10
"Bolivia","female",42,"married",10,6
"Bolivia","male",26,"single",7,6
"Bolivia","male",20,"single",8,7
"Bolivia","female",26,"living together as married",7,7
"Bolivia","male",54,"living together as married",7,8
"Bolivia","male",20,"single",9,10
"Bolivia","female",20,"single",8,7
"Bolivia","male",49,"living together as married",8,7
"Bolivia","male",19,"single",8,9
"Bolivia","female",32,"living together as married",10,10
"Bolivia","male",22,"single",9,10
"Bolivia","female",33,"single",10,10
"Bolivia","male",24,"single",9,9
"Bolivia","female",69,"widowed",10,6
"Bolivia","female",60,"married",9,8
"Bolivia","female",26,"living together as married",10,8
"Bolivia","male",20,"single",10,9
"Bolivia","female",52,"divorced",4,5
"Bolivia","female",25,"married",8,7
"Bolivia","female",48,"separated",10,7
"Bolivia","female",55,"married",7,5
"Bolivia","female",34,"married",10,10
"Bolivia","female",28,"living together as married",8,8
"Bolivia","male",61,"single",10,10
"Bolivia","male",32,"single",10,8
"Bolivia","male",23,"single",9,9
"Bolivia","female",33,"separated",7,8
"Bolivia","female",26,"separated",10,10
"Bolivia","female",30,"living together as married",9,9
"Bolivia","female",56,"single",8,8
"Bolivia","male",76,"married",9,8
"Bolivia","male",33,"married",10,10
"Bolivia","female",49,"married",6,8
"Bolivia","female",64,"single",4,5
"Bolivia","male",38,"married",3,5
"Bolivia","male",22,"single",5,10
"Bolivia","male",35,"separated",7,4
"Bolivia","male",32,"married",8,7
"Bolivia","male",74,"married",10,10
"Bolivia","female",27,"living together as married",7,7
"Bolivia","male",50,"separated",8,10
"Bolivia","male",21,"single",7,6
"Bolivia","male",72,"married",8,8
"Bolivia","male",22,"married",10,9
"Bolivia","male",21,"living together as married",6,7
"Bolivia","female",46,"separated",10,5
"Bolivia","female",30,"married",10,10
"Bolivia","female",32,"married",7,7
"Bolivia","female",39,"single",8,10
"Bolivia","female",44,"married",9,10
"Bolivia","female",22,"living together as married",5,4
"Bolivia","female",77,"living together as married",7,4
"Bolivia","female",31,"married",8,10
"Bolivia","male",23,"single",9,10
"Bolivia","male",31,"single",7,5
"Bolivia","male",61,"living together as married",8,7
"Bolivia","male",70,"married",8,2
"Bolivia","male",41,"married",6,5
"Bolivia","female",27,"single",7,8
"Bolivia","male",46,"married",10,8
"Bolivia","male",23,"single",8,8
"Bolivia","female",62,"single",5,9
"Bolivia","male",53,"married",6,3
"Bolivia","male",20,"single",7,7
"Bolivia","female",28,"married",8,6
"Bolivia","male",28,"living together as married",8,5
"Bolivia","female",50,"living together as married",10,10
"Bolivia","female",50,"living together as married",5,8
"Bolivia","male",70,"married",8,7
"Bolivia","male",43,"married",10,10
"Bolivia","male",48,"married",6,6
"Bolivia","female",18,"single",7,4
"Bolivia","male",37,"married",8,7
"Bolivia","male",30,"single",10,9
"Bolivia","male",56,"divorced",8,7
"Bolivia","female",68,"widowed",5,8
"Bolivia","male",33,"living together as married",9,7
"Bolivia","male",63,"married",10,8
"Bolivia","male",22,"single",10,10
"Bolivia","male",18,"single",8,9
"Bolivia","female",43,"married",5,5
"Bolivia","male",24,"single",6,7
"Bolivia","male",35,"separated",9,7
"Bolivia","female",30,"married",6,6
"Bolivia","male",44,"married",8,9
"Bolivia","male",32,"married",10,9
"Bolivia","male",19,"single",8,7
"Bolivia","female",43,"married",10,9
"Bolivia","female",70,"widowed",1,5
"Bolivia","female",22,"living together as married",10,5
"Bolivia","female",27,"living together as married",6,9
"Bolivia","female",21,"single",6,8
"Bolivia","female",35,"living together as married",10,10
"Bolivia","male",54,"separated",9,8
"Bolivia","male",44,"living together as married",7,7
"Bolivia","female",55,"living together as married",7,6
"Bolivia","female",54,"divorced",5,1
"Bolivia","female",38,"living together as married",4,8
"Bolivia","female",19,"single",8,7
"Bolivia","male",33,"single",6,5
"Bolivia","male",27,"single",6,7
"Bolivia","male",33,"single",5,10
"Bolivia","male",58,"separated",8,8
"Bolivia","female",37,"separated",10,10
"Bolivia","female",37,"living together as married",5,8
"Bolivia","male",45,"married",8,8
"Bolivia","male",29,"living together as married",8,8
"Bolivia","female",57,"married",5,6
"Bolivia","male",19,"single",7,8
"Bolivia","male",26,"married",6,7
"Bolivia","male",57,"married",9,7
"Bolivia","male",26,"married",9,10
"Bolivia","male",40,"married",10,10
"Bolivia","male",19,"single",10,7
"Bolivia","female",26,"living together as married",7,9
"Bolivia","female",32,"single",10,7
"Bolivia","male",57,"married",10,7
"Bolivia","male",43,"single",6,6
"Bolivia","female",31,"single",10,10
"Bolivia","male",55,"divorced",10,5
"Bolivia","female",24,"living together as married",10,10
"Bolivia","female",29,"living together as married",5,5
"Bolivia","female",76,"divorced",3,10
"Bolivia","female",20,"single",10,10
"Bolivia","male",23,"single",7,8
"Bolivia","male",28,"single",8,10
"Bolivia","female",41,"married",10,8
"Bolivia","female",50,"married",9,7
"Bolivia","female",20,"single",5,10
"Bolivia","female",28,"living together as married",5,5
"Bolivia","male",33,"living together as married",8,9
"Bolivia","female",60,"separated",10,8
"Bolivia","female",69,"married",8,3
"Bolivia","female",25,"living together as married",10,9
"Bolivia","male",19,"single",8,10
"Bolivia","female",73,"widowed",5,8
"Bolivia","male",41,"living together as married",5,7
"Bolivia","female",57,"single",8,3
"Bolivia","female",25,"married",7,7
"Bolivia","female",36,"married",8,8
"Bolivia","male",19,"single",6,7
"Bolivia","female",26,"single",9,8
"Bolivia","female",20,"single",10,10
"Bolivia","male",74,"married",8,9
"Bolivia","male",47,"living together as married",6,8
"Bolivia","female",40,"married",7,10
"Bolivia","male",20,"single",8,8
"Bolivia","male",69,"living together as married",7,10
"Bolivia","male",24,"single",6,7
"Bolivia","female",40,"separated",10,7
"Bolivia","male",53,"living together as married",4,1
"Bolivia","male",24,"single",8,8
"Bolivia","male",18,"single",8,8
"Bolivia","male",31,"single",9,10
"Bolivia","female",53,"married",10,6
"Bolivia","female",25,"single",8,7
"Bolivia","female",56,"married",8,5
"Bolivia","male",55,"widowed",8,8
"Bolivia","female",72,"living together as married",10,10
"Bolivia","male",82,"married",8,8
"Bolivia","female",24,"married",8,8
"Bolivia","female",39,"married",4,1
"Bolivia","female",31,"married",4,8
"Bolivia","female",34,"living together as married",6,8
"Bolivia","male",33,"married",8,9
"Bolivia","male",32,"married",10,10
"Bolivia","female",30,"separated",5,6
"Bolivia","male",30,"married",10,10
"Bolivia","female",80,"widowed",10,2
"Bolivia","female",20,"single",5,10
"Bolivia","male",40,"married",10,9
"Bolivia","male",24,"living together as married",10,10
"Bolivia","male",64,"married",10,10
"Bolivia","female",45,"married",8,7
"Bolivia","female",20,"living together as married",10,9
"Bolivia","male",21,"single",8,10
"Bolivia","male",28,"living together as married",8,9
"Bolivia","female",57,"living together as married",10,10
"Bolivia","male",53,"married",10,7
"Bolivia","male",30,"living together as married",6,5
"Bolivia","male",65,"married",6,10
"Bolivia","male",34,"married",10,8
"Bolivia","female",23,"single",2,4
"Bolivia","male",33,"married",10,8
"Bolivia","female",50,"single",6,6
"Bolivia","male",38,"separated",6,8
"Bolivia","male",39,"single",8,7
"Bolivia","female",24,"single",8,6
"Bolivia","female",56,"married",8,8
"Bolivia","male",26,"single",5,7
"Bolivia","male",57,"married",4,5
"Bolivia","female",18,"single",7,6
"Bolivia","female",30,"living together as married",7,7
"Bolivia","female",31,"single",7,8
"Bolivia","female",40,"living together as married",3,4
"Bolivia","male",45,"married",10,8
"Bolivia","male",24,"single",10,6
"Bolivia","male",56,"married",7,7
"Bolivia","female",59,"widowed",5,5
"Bolivia","male",55,"separated",8,4
"Bolivia","male",19,"single",5,4
"Bolivia","female",19,"single",5,7
"Bolivia","female",27,"married",10,8
"Bolivia","male",60,"married",8,10
"Bolivia","male",21,"single",7,7
"Bolivia","female",34,"single",10,8
"Bolivia","female",20,"living together as married",6,5
"Bolivia","female",33,"married",4,5
"Bolivia","male",24,"single",5,5
"Bolivia","female",24,"single",7,8
"Bolivia","male",42,"living together as married",7,7
"Bolivia","female",44,"living together as married",5,1
"Bolivia","female",47,"married",10,10
"Bolivia","female",58,"married",5,10
"Bolivia","male",20,"single",7,7
"Bolivia","male",40,"married",10,9
"Bolivia","male",25,"single",5,8
"Bolivia","male",31,"single",10,8
"Bolivia","female",56,"widowed",7,8
"Bolivia","male",58,"married",4,7
"Bolivia","female",58,"widowed",10,5
"Bolivia","female",31,"living together as married",10,1
"Bolivia","male",56,"separated",8,8
"Bolivia","female",30,"single",8,9
"Bolivia","female",61,"married",6,4
"Bolivia","male",36,"married",7,7
"Bolivia","male",18,"single",10,5
"Bolivia","male",20,"single",7,4
"Iran","male",32,"single",10,5
"Iran","male",62,"married",5,3
"Iran","female",34,"married",2,8
"Iran","female",18,"single",6,6
"Iran","male",45,"married",1,5
"Iran","male",38,"married",5,5
"Iran","male",18,"single",6,10
"Iran","male",48,"married",8,6
"Iran","female",19,"single",5,5
"Iran","male",38,"married",8,6
"Iran","female",51,"married",4,6
"Iran","female",31,"single",7,5
"Iran","female",47,"married",5,5
"Iran","male",69,"married",10,10
"Iran","male",19,"single",4,7
"Iran","male",41,"married",10,8
"Iran","male",40,"married",8,8
"Iran","male",58,"married",5,6
"Iran","female",55,"married",5,5
"Iran","male",47,"married",10,10
"Iran","female",24,"married",8,5
"Iran","female",70,"married",10,10
"Iran","female",46,"married",10,5
"Iran","male",19,"single",1,10
"Iran","male",25,"single",10,1
"Iran","female",46,"married",5,3
"Iran","male",43,"married",1,1
"Iran","male",41,"married",1,1
"Iran","male",68,"married",6,2
"Iran","male",18,"single",10,9
"Iran","female",51,"married",6,5
"Iran","male",46,"married",2,1
"Iran","male",70,"married",10,10
"Iran","male",67,"married",10,8
"Iran","female",46,"married",10,5
"Iran","female",19,"single",6,8
"Iran","female",40,"married",5,2
"Iran","female",58,"married",5,6
"Iran","male",67,"married",9,8
"Iran","male",18,"single",5,7
"Iran","female",54,"married",8,9
"Iran","male",21,"single",5,3
"Iran","male",54,"married",10,1
"Iran","female",47,"widowed",5,3
"Iran","female",58,"married",8,7
"Iran","female",40,"married",7,6
"Iran","male",48,"married",6,10
"Iran","male",45,"married",10,7
"Iran","female",36,"divorced",9,9
"Iran","female",48,"married",7,8
"Iran","male",20,"single",8,5
"Iran","female",37,"married",10,8
"Iran","male",44,"married",5,8
"Iran","female",19,"married",10,10
"Iran","female",49,"single",7,6
"Iran","female",39,"married",1,1
"Iran","female",34,"divorced",5,7
"Iran","female",70,"divorced",10,5
"Iran","male",45,"married",5,2
"Iran","female",36,"married",5,6
"Iran","male",63,"married",8,8
"Iran","male",61,"married",10,7
"Iran","male",48,"married",5,6
"Iran","male",52,"married",6,3
"Iran","female",19,"single",5,7
"Iran","male",26,"single",8,5
"Iran","female",36,"married",8,9
"Iran","male",35,"married",6,7
"Iran","male",67,"married",5,5
"Iran","male",18,"single",8,7
"Iran","male",40,"married",8,8
"Iran","male",27,"single",2,10
"Iran","female",51,"married",10,4
"Iran","male",40,"married",10,8
"Iran","male",42,"married",10,5
"Iran","female",58,"married",10,6
"Iran","male",53,"married",8,6
"Iran","female",43,"married",1,5
"Iran","female",39,"married",9,8
"Iran","male",22,"single",9,8
"Iran","male",61,"married",5,5
"Iran","female",31,"married",10,10
"Iran","male",35,"living together as married",1,1
"Iran","male",56,"married",5,6
"Iran","female",19,"single",8,5
"Iran","female",63,"married",9,5
"Iran","female",39,"married",10,5
"Iran","female",36,"single",7,5
"Iran","female",37,"married",2,8
"Iran","male",33,"married",10,1
"Iran","female",33,"married",10,6
"Iran","female",60,"widowed",10,1
"Iran","female",51,"divorced",2,1
"Iran","male",48,"married",6,7
"Iran","female",28,"married",8,7
"Iran","female",28,"single",9,10
"Iran","female",26,"divorced",1,2
"Iran","female",40,"married",8,5
"Iran","male",26,"single",5,6
"Iran","male",46,"married",7,7
"Iran","female",41,"married",8,6
"Iran","male",21,"single",5,10
"Iran","male",49,"married",6,5
"Iran","female",41,"married",6,5
"Iran","female",38,"married",4,1
"Iran","male",44,"married",10,3
"Iran","male",41,"married",1,1
"Iran","male",41,"married",9,9
"Iran","male",54,"married",5,5
"Iran","male",24,"single",7,10
"Iran","male",69,"married",10,10
"Iran","male",47,"married",8,5
"Iran","female",34,"married",5,2
"Iran","male",60,"married",5,8
"Iran","male",23,"single",8,10
"Iran","male",52,"married",5,6
"Iran","female",68,"widowed",5,8
"Iran","female",27,"married",8,6
"Iran","male",67,"married",10,4
"Iran","female",60,"married",5,5
"Iran","male",30,"married",7,6
"Iran","female",55,"widowed",5,6
"Iran","male",22,"single",5,8
"Iran","male",36,"married",8,7
"Iran","female",58,"married",5,7
"Iran","female",38,"single",5,6
"Iran","female",33,"married",8,9
"Iran","female",37,"married",8,9
"Iran","female",49,"married",5,3
"Iran","male",39,"married",9,8
"Iran","male",50,"married",2,4
"Iran","female",39,"married",5,5
"Iran","female",41,"married",5,2
"Iran","male",23,"single",5,5
"Iran","male",41,"married",5,4
"Iran","female",33,"single",8,7
"Iran","female",23,"married",10,6
"Iran","male",64,"married",8,5
"Iran","female",53,"married",3,1
"Iran","male",41,"married",8,5
"Iran","male",36,"married",10,8
"Iran","male",70,"married",5,1
"Iran","male",50,"married",9,6
"Iran","male",40,"married",10,5
"Iran","male",70,"married",8,7
"Iran","male",37,"married",8,9
"Iran","male",46,"married",10,10
"Iran","male",37,"married",10,4
"Iran","female",36,"married",7,5
"Iran","female",67,"married",10,9
"Iran","female",32,"single",8,7
"Iran","male",28,"single",4,3
"Iran","female",56,"widowed",7,5
"Iran","male",46,"married",5,6
"Iran","female",49,"married",7,7
"Iran","female",33,"married",5,7
"Iran","female",51,"widowed",8,1
"Iran","female",20,"single",4,1
"Iran","female",35,"single",7,9
"Iran","male",20,"single",8,8
"Iran","male",44,"married",5,8
"Iran","male",39,"married",10,10
"Iran","female",20,"single",7,8
"Iran","male",55,"married",10,6
"Iran","male",48,"married",10,9
"Iran","female",27,"married",5,7
"Iran","female",28,"single",9,8
"Iran","female",54,"married",2,9
"Iran","male",37,"married",10,10
"Iran","male",39,"married",1,6
"Iran","male",23,"single",8,7
"Iran","male",26,"single",5,5
"Iran","female",63,"married",1,10
"Iran","female",41,"married",8,9
"Iran","male",30,"married",8,10
"Iran","male",50,"married",6,5
"Iran","female",34,"married",8,5
"Iran","male",52,"married",8,10
"Iran","male",18,"single",8,5
"Iran","male",18,"single",5,5
"Iran","female",20,"single",8,10
"Iran","male",45,"married",8,5
"Iran","female",19,"single",6,7
"Iran","female",57,"married",10,8
"Iran","female",45,"married",10,5
"Iran","male",32,"separated",5,6
"Iran","male",24,"single",10,4
"Iran","male",21,"single",7,10
"Iran","female",46,"married",8,9
"Iran","female",65,"married",8,7
"Iran","female",25,"single",10,1
"Iran","female",23,"married",5,7
"Iran","male",80,"married",10,1
"Iran","female",19,"single",5,10
"Iran","male",43,"single",3,1
"Iran","female",38,"married",8,4
"Iran","female",33,"married",10,8
"Iran","male",25,"single",3,7
"Iran","male",40,"married",4,1
"Iran","male",32,"single",4,5
"Iran","male",26,"single",5,8
"Iran","male",28,"single",10,10
"Iran","female",33,"married",8,7
"Iran","female",49,"married",5,8
"Iran","female",35,"married",9,3
"Iran","male",21,"single",8,1
"Iran","male",18,"single",10,10
"Iran","female",34,"married",10,8
"Iran","male",40,"married",8,6
"Iran","female",48,"single",5,5
"Iran","female",41,"married",8,10
"Iran","female",73,"widowed",5,6
"Iran","male",65,"married",10,8
"Iran","male",18,"single",6,1
"Iran","female",21,"married",4,3
"Iran","female",38,"married",10,6
"Iran","male",43,"married",8,8
"Iran","male",28,"single",8,7
"Iran","male",40,"married",10,5
"Iran","female",35,"married",5,7
"Iran","female",27,"married",5,4
"Iran","male",43,"married",1,1
"Iran","male",31,"married",10,6
"Iran","male",25,"single",7,6
"Iran","male",38,"married",8,1
"Iran","female",18,"single",5,6
"Iran","female",29,"married",7,9
"Iran","male",35,"married",8,7
"Iran","female",32,"married",5,10
"Iran","male",56,"married",10,9
"Iran","female",18,"single",5,5
"Iran","female",34,"married",8,6
"Iran","female",49,"married",8,6
"Iran","male",75,"married",8,1
"Iran","female",39,"married",5,7
"Iran","female",41,"single",5,5
"Iran","female",35,"divorced",10,4
"Iran","male",21,"married",1,7
"Iran","male",18,"single",5,5
"Iran","female",53,"married",5,10
"Iran","male",20,"single",10,5
"Iran","male",42,"married",8,7
"Iran","female",19,"married",10,10
"Iran","female",63,"widowed",10,6
"Iran","female",27,"married",8,8
"Iran","male",55,"married",4,3
"Iran","female",18,"married",6,3
"Iran","male",34,"single",8,8
"Iran","male",32,"married",8,9
"Iran","male",67,"married",10,10
"Iran","female",29,"single",10,8
"Iran","female",40,"married",8,10
"Iran","male",43,"married",5,10
"Iran","female",60,"single",7,5
"Iran","female",39,"married",6,1
"Iran","male",34,"married",1,3
"Iran","female",37,"married",5,8
"Iran","female",48,"married",8,5
"Iran","male",36,"married",10,7
"Iran","male",64,"married",5,7
"Iran","female",35,"married",10,6
"Iran","female",18,"single",8,6
"Iran","female",20,"married",5,5
"Iran","male",28,"single",8,1
"Iran","female",41,"married",5,7
"Iran","male",23,"single",8,8
"Iran","male",48,"married",8,10
"Iran","male",33,"married",3,4
"Iran","female",27,"single",10,8
"Iran","male",73,"married",7,8
"Iran","male",58,"married",8,8
"Iran","female",23,"married",6,6
"Iran","female",19,"single",10,5
"Iran","female",34,"married",5,8
"Iran","female",78,"widowed",9,9
"Iran","female",34,"married",7,6
"Iran","female",37,"married",7,7
"Iran","male",34,"divorced",10,5
"Iran","female",47,"widowed",10,6
"Iran","female",34,"married",10,8
"Iran","female",49,"married",10,10
"Iran","male",19,"single",8,9
"Iran","female",34,"married",5,9
"Iran","female",23,"married",7,2
"Iran","female",99,"single",8,6
"Iran","female",52,"married",10,10
"Iran","male",32,"single",5,7
"Iran","male",60,"single",5,10
"Iran","male",63,"married",1,7
"Iran","female",18,"single",7,10
"Iran","female",20,"single",7,8
"Iran","female",39,"separated",10,10
"Iran","male",63,"married",7,4
"Iran","female",39,"married",7,5
"Iran","female",18,"single",5,10
"Iran","male",32,"married",5,3
"Iran","female",20,"single",9,8
"Iran","female",39,"married",10,3
"Iran","male",67,"married",10,4
"Iran","male",38,"married",5,3
"Iran","male",45,"married",8,7
"Iran","male",25,"single",4,1
"Iran","female",29,"married",5,5
"Iran","male",70,"married",4,2
"Iran","female",49,"married",7,10
"Iran","male",27,"single",1,3
"Iran","female",37,"married",10,5
"Iran","female",56,"married",5,9
"Iran","male",49,"married",7,8
"Iran","female",18,"single",8,8
"Iran","female",21,"single",8,5
"Iran","female",42,"married",5,6
"Iran","male",53,"married",8,1
"Iran","male",40,"married",10,7
"Iran","male",66,"married",10,7
"Iran","female",30,"single",4,8
"Iran","female",45,"married",5,5
"Iran","male",50,"married",5,5
"Iran","male",39,"married",5,9
"Iran","male",51,"married",6,8
"Iran","female",38,"married",9,6
"Iran","male",19,"single",10,8
"Iran","male",21,"single",8,5
"Iran","female",18,"single",8,8
"Iran","male",18,"single",5,9
"Iran","male",24,"separated",10,1
"Iran","female",24,"single",3,9
"Iran","female",33,"single",5,9
"Iran","male",48,"married",3,5
"Iran","female",38,"married",7,9
"Iran","female",19,"single",6,8
"Iran","male",45,"married",10,5
"Iran","male",37,"married",7,9
"Iran","female",22,"single",8,10
"Iran","female",28,"single",8,8
"Iran","female",21,"single",8,7
"Iran","female",36,"married",10,10
"Iran","female",35,"married",8,5
"Iran","female",19,"single",5,5
"Iran","female",37,"married",6,7
"Iran","male",50,"married",4,8
"Iran","male",49,"married",6,6
"Iran","female",46,"married",8,8
"Iran","female",22,"single",5,8
"Iran","male",26,"married",8,5
"Iran","female",30,"married",7,8
"Iran","male",59,"married",7,5
"Iran","female",47,"married",6,8
"Iran","male",33,"married",10,6
"Iran","female",73,"widowed",10,6
"Iran","female",35,"single",8,8
"Iran","male",19,"single",10,10
"Iran","female",18,"single",1,7
"Iran","female",99,"widowed",8,8
"Iran","male",46,"married",8,9
"Iran","female",37,"married",5,8
"Iran","male",20,"single",10,7
"Iran","female",33,"married",7,7
"Iran","female",31,"single",5,7
"Iran","male",38,"married",8,7
"Iran","male",33,"married",8,8
"Iran","female",52,"married",8,10
"Iran","female",27,"married",7,7
"Iran","male",32,"married",10,8
"Iran","male",39,"married",5,7
"Iran","female",67,"married",10,5
"Iran","female",36,"single",10,10
"Iran","female",99,"single",9,10
"Iran","male",47,"married",5,6
"Iran","female",18,"single",5,9
"Iran","male",65,"married",10,10
"Iran","male",39,"married",8,3
"Iran","male",44,"married",8,5
"Iran","female",19,"single",8,7
"Iran","male",56,"married",5,3
"Iran","female",57,"married",10,6
"Iran","female",41,"married",9,8
"Iran","female",55,"married",8,3
"Iran","female",59,"single",8,7
"Iran","male",22,"single",8,7
"Iran","female",22,"married",1,1
"Iran","male",63,"married",10,10
"Iran","male",18,"single",7,6
"Iran","female",19,"single",6,1
"Iran","male",20,"single",7,10
"Iran","female",34,"divorced",10,8
"Iran","male",53,"married",10,6
"Iran","male",56,"married",8,7
"Iran","male",35,"married",5,8
"Iran","male",70,"married",5,6
"Iran","female",74,"widowed",10,6
"Iran","female",74,"widowed",10,4
"Iran","female",36,"married",8,6
"Iran","male",34,"married",7,3
"Iran","female",31,"married",9,7
"Iran","female",63,"widowed",10,10
"Iran","female",48,"married",5,7
"Iran","male",75,"married",6,6
"Iran","male",29,"married",5,8
"Iran","male",40,"married",5,1
"Iran","female",33,"married",5,9
"Iran","female",19,"single",1,5
"Iran","female",26,"single",8,6
"Iran","female",29,"married",3,5
"Iran","female",19,"single",9,10
"Iran","female",38,"married",5,6
"Iran","male",18,"single",5,10
"Iran","male",42,"married",8,1
"Iran","female",48,"divorced",10,3
"Iran","male",20,"single",5,10
"Iran","male",30,"single",6,6
"Iran","male",46,"married",2,5
"Iran","male",25,"single",8,8
"Iran","male",81,"married",1,1
"Iran","male",53,"married",5,1
"Iran","male",33,"married",10,6
"Iran","male",20,"single",10,5
"Iran","male",47,"married",1,7
"Iran","female",32,"married",6,8
"Iran","male",51,"married",8,8
"Iran","female",59,"married",10,5
"Iran","female",48,"married",5,1
"Iran","female",19,"single",9,8
"Iran","male",52,"married",5,7
"Iran","female",38,"married",5,8
"Iran","male",41,"married",6,1
"Iran","male",41,"married",7,4
"Iran","female",39,"married",10,7
"Iran","female",32,"married",10,5
"Iran","female",39,"married",9,10
"Iran","male",40,"married",5,10
"Iran","male",20,"single",10,8
"Iran","male",28,"single",10,5
"Iran","male",44,"married",1,5
"Iran","male",38,"single",5,2
"Iran","female",24,"married",8,6
"Iran","female",37,"married",6,3
"Iran","male",32,"married",7,10
"Iran","male",18,"single",7,7
"Iran","female",18,"single",10,5
"Iran","male",33,"married",1,5
"Iran","female",39,"married",8,6
"Iran","male",35,"married",4,7
"Iran","female",46,"married",10,6
"Iran","male",21,"single",5,3
"Iran","male",28,"single",10,9
"Iran","female",26,"single",8,5
"Iran","male",40,"married",5,7
"Iran","female",19,"single",10,8
"Iran","male",39,"married",10,10
"Iran","female",30,"single",10,6
"Iran","male",34,"single",5,8
"Iran","male",40,"married",10,8
"Iran","male",29,"single",10,10
"Iran","male",45,"married",5,3
"Iran","female",39,"married",5,5
"Iran","male",42,"married",7,7
"Iran","male",39,"married",7,1
"Iran","female",39,"married",5,1
"Iran","female",24,"married",9,7
"Iran","female",20,"single",10,7
"Iran","female",72,"widowed",8,8
"Iran","male",39,"divorced",6,3
"Iran","female",21,"single",7,3
"Iran","female",20,"single",8,9
"Iran","male",60,"married",7,6
"Iran","female",21,"married",8,8
"Iran","female",39,"divorced",7,7
"Iran","male",27,"single",7,6
"Iran","female",40,"married",5,1
"Iran","female",46,"married",7,10
"Iran","male",40,"married",1,2
"Iran","female",67,"widowed",8,5
"Iran","female",59,"widowed",10,1
"Iran","female",27,"single",5,1
"Iran","female",36,"single",5,5
"Iran","male",29,"single",5,9
"Iran","male",19,"single",1,10
"Iran","male",19,"single",8,8
"Iran","male",42,"married",10,5
"Iran","male",60,"married",6,6
"Iran","male",65,"married",10,6
"Iran","male",35,"married",10,8
"Iran","female",49,"widowed",1,1
"Iran","female",72,"married",1,1
"Iran","female",19,"single",5,1
"Iran","female",38,"married",8,6
"Iran","female",23,"single",10,9
"Iran","male",18,"single",7,5
"Iran","female",31,"single",10,4
"Iran","female",38,"married",10,9
"Iran","female",50,"married",10,1
"Iran","male",55,"married",8,10
"Iran","male",48,"single",10,8
"Iran","female",22,"single",7,6
"Iran","male",44,"married",5,6
"Iran","male",18,"single",8,10
"Iran","female",34,"married",5,5
"Iran","female",36,"married",5,5
"Iran","female",26,"single",6,1
"Iran","female",38,"married",1,8
"Iran","female",51,"married",5,7
"Iran","male",59,"single",10,10
"Iran","male",54,"married",10,1
"Iran","female",18,"single",7,8
"Iran","female",21,"single",9,10
"Iran","male",21,"single",8,5
"Iran","female",27,"single",1,10
"Iran","male",61,"married",8,8
"Iran","female",40,"married",7,6
"Iran","male",50,"married",10,6
"Iran","female",63,"single",10,5
"Iran","female",20,"single",8,8
"Iran","male",57,"married",7,3
"Iran","male",39,"married",5,8
"Iran","male",48,"married",10,8
"Iran","male",19,"single",8,5
"Iran","male",35,"married",10,6
"Iran","female",57,"married",5,6
"Iran","female",38,"married",10,8
"Iran","female",57,"single",5,6
"Iran","male",45,"married",5,5
"Iran","male",31,"single",7,6
"Iran","male",46,"married",5,9
"Iran","female",53,"married",10,10
"Iran","male",27,"single",2,3
"Iran","male",38,"married",5,7
"Iran","male",19,"single",6,4
"Iran","female",38,"married",10,10
"Iran","male",43,"married",10,4
"Iran","male",52,"married",10,10
"Iran","female",30,"married",5,2
"Iran","male",21,"single",5,5
"Iran","male",28,"single",10,10
"Iran","female",18,"single",6,5
"Iran","female",56,"widowed",10,10
"Iran","female",18,"single",7,5
"Iran","male",41,"married",10,8
"Iran","male",35,"married",5,8
"Iran","female",40,"married",7,7
"Iran","female",27,"married",8,9
"Iran","male",30,"single",10,5
"Iran","female",43,"separated",1,5
"Iran","female",99,"single",5,1
"Iran","female",34,"single",7,7
"Iran","female",48,"married",10,7
"Iran","male",63,"married",8,5
"Iran","female",20,"single",7,5
"Iran","male",62,"married",10,1
"Iran","female",18,"married",5,8
"Iran","female",62,"married",7,3
"Iran","male",22,"single",8,10
"Iran","female",31,"single",10,5
"Iran","female",39,"married",7,5
"Iran","male",47,"married",10,5
"Iran","female",29,"married",9,5
"Iran","female",52,"married",5,5
"Iran","female",30,"married",10,5
"Iran","female",35,"married",5,7
"Iran","male",25,"single",5,10
"Iran","female",19,"married",6,7
"Iran","female",29,"single",6,8
"Iran","male",56,"married",10,8
"Iran","male",35,"married",5,3
"Iran","male",63,"married",4,8
"Iran","male",39,"married",5,5
"Iran","female",47,"married",5,8
"Iran","male",55,"married",4,1
"Iran","female",59,"widowed",10,7
"Iran","male",23,"single",7,10
"Iran","male",20,"single",10,7
"Iran","male",26,"single",10,9
"Iran","female",37,"married",1,10
"Iran","female",75,"married",5,7
"Iran","male",28,"single",5,6
"Iran","male",55,"married",10,8
"Iran","female",34,"married",5,6
"Iran","female",18,"single",10,10
"Iran","male",34,"married",8,5
"Iran","male",21,"single",7,9
"Iran","female",47,"widowed",1,5
"Iran","female",30,"married",10,8
"Iran","female",43,"single",10,8
"Iran","female",55,"married",5,10
"Iran","male",46,"married",1,5
"Iran","female",41,"married",4,1
"Iran","male",42,"married",10,10
"Iran","female",32,"single",8,8
"Iran","female",18,"single",4,8
"Iran","male",64,"married",8,1
"Iran","female",43,"married",5,7
"Iran","female",39,"married",6,2
"Iran","female",29,"married",8,8
"Iran","female",62,"married",7,5
"Iran","male",36,"married",3,7
"Iran","male",63,"married",8,8
"Iran","female",35,"married",10,5
"Iran","male",56,"married",6,3
"Iran","female",48,"married",3,3
"Iran","male",46,"married",10,6
"Iran","female",38,"married",5,10
"Iran","female",48,"married",10,10
"Iran","male",58,"married",3,4
"Iran","female",35,"married",1,4
"Iran","female",54,"married",10,10
"Iran","male",29,"married",5,5
"Iran","male",57,"married",7,5
"Iran","female",28,"single",2,6
"Iran","male",54,"married",8,7
"Iran","male",30,"single",5,6
"Iran","male",36,"married",7,5
"Iran","female",42,"married",9,5
"Iran","male",34,"divorced",10,1
"Iran","male",43,"married",10,8
"Iran","male",18,"single",10,7
"Iran","female",50,"married",10,6
"Iran","male",32,"married",8,1
"Iran","female",56,"married",6,7
"Iran","female",46,"married",9,6
"Iran","female",55,"married",5,6
"Iran","male",18,"single",7,9
"Iran","female",30,"married",10,7
"Iran","female",49,"married",10,8
"Iran","male",36,"married",8,5
"Iran","male",29,"married",7,7
"Iran","female",59,"widowed",2,2
"Iran","female",32,"married",8,3
"Iran","female",45,"married",7,5
"Iran","female",35,"married",8,9
"Iran","female",20,"single",8,1
"Iran","female",34,"single",7,7
"Iran","female",35,"married",5,7
"Iran","female",26,"married",10,6
"Iran","female",36,"married",6,9
"Iran","female",18,"single",10,10
"Iran","male",52,"married",10,10
"Iran","male",60,"married",10,5
"Iran","male",26,"single",8,4
"Iran","male",37,"married",5,1
"Iran","male",36,"single",6,7
"Iran","female",43,"single",6,1
"Iran","female",23,"single",8,9
"Iran","female",52,"married",9,8
"Iran","female",40,"married",1,4
"Iran","female",31,"widowed",5,5
"Iran","female",37,"married",7,7
"Iran","male",38,"married",9,5
"Iran","male",46,"married",5,5
"Iran","male",35,"married",8,9
"Iran","female",25,"married",7,7
"Iran","female",70,"divorced",8,3
"Iran","male",31,"married",7,7
"Iran","male",42,"married",5,5
"Iran","male",56,"married",1,3
"Iran","male",20,"single",7,7
"Iran","female",35,"married",2,3
"Iran","male",53,"married",5,5
"Iran","female",27,"married",9,6
"Iran","female",29,"married",8,5
"Iran","female",34,"divorced",9,6
"Iran","female",20,"single",8,7
"Iran","female",41,"married",6,6
"Iran","female",35,"married",1,5
"Iran","male",21,"single",10,6
"Iran","female",39,"married",7,8
"Iran","female",40,"married",9,9
"Iran","male",45,"married",10,7
"Iran","female",37,"married",10,5
"Iran","male",46,"married",8,6
"Iran","male",54,"married",5,6
"Iran","male",18,"single",8,9
"Iran","female",42,"divorced",10,1
"Iran","male",43,"married",1,5
"Iran","female",39,"married",10,10
"Iran","female",53,"married",8,6
"Iran","female",30,"married",7,4
"Iran","male",29,"single",5,6
"Iran","male",50,"married",8,8
"Iran","male",18,"single",10,10
"Iran","female",43,"married",8,7
"Iran","female",41,"single",5,9
"Iran","male",19,"single",7,9
"Iran","female",58,"widowed",10,6
"Iran","male",58,"single",5,5
"Iran","male",20,"single",8,6
"Iran","female",24,"single",10,6
"Iran","female",42,"married",6,8
"Iran","male",18,"single",6,6
"Iran","male",36,"married",7,5
"Iran","male",35,"separated",8,5
"Iran","female",22,"single",5,7
"Iran","female",51,"married",10,5
"Iran","female",25,"married",9,7
"Iran","female",19,"single",8,8
"Iran","female",38,"married",4,4
"Iran","female",42,"married",8,7
"Iran","male",56,"married",7,3
"Iran","male",66,"married",6,7
"Iran","female",57,"widowed",8,6
"Iran","female",19,"single",8,6
"Iran","female",48,"married",6,1
"Iran","male",47,"married",9,1
"Iran","male",41,"married",8,9
"Iran","female",38,"married",1,1
"Iran","male",26,"separated",5,5
"Iran","female",36,"married",5,8
"Iran","female",41,"married",10,3
"Iran","female",38,"married",1,1
"Iran","male",36,"married",10,7
"Iran","male",35,"married",8,5
"Iran","female",41,"married",8,7
"Iran","male",28,"single",8,10
"Iran","female",30,"married",6,5
"Iran","male",26,"married",8,1
"Iran","female",26,"single",7,5
"Iran","male",45,"married",9,5
"Iran","male",72,"married",5,8
"Iran","male",32,"single",7,8
"Iran","female",31,"married",5,10
"Iran","female",36,"married",8,9
"Iran","male",27,"single",7,7
"Iran","male",31,"married",10,10
"Iran","female",31,"married",10,10
"Iran","female",39,"married",3,6
"Iran","female",29,"single",10,1
"Iran","female",35,"single",8,8
"Iran","female",40,"married",10,1
"Iran","male",34,"married",8,10
"Iran","male",51,"married",5,5
"Iran","female",38,"single",8,10
"Iran","female",49,"married",7,9
"Iran","male",28,"married",8,7
"Iran","male",48,"married",9,8
"Iran","male",47,"married",8,10
"Iran","female",44,"married",10,9
"Iran","female",42,"married",8,5
"Iran","male",43,"married",4,3
"Iran","male",64,"married",7,5
"Iran","female",25,"single",8,5
"Iran","female",39,"married",8,9
"Iran","male",69,"widowed",4,3
"Iran","female",48,"married",5,1
"Iran","female",33,"married",8,8
"Iran","female",20,"single",8,5
"Iran","male",55,"married",8,8
"Iran","female",32,"married",2,5
"Iran","male",41,"married",8,9
"Iran","female",20,"married",5,4
"Iran","male",68,"married",5,1
"Iran","female",41,"married",10,10
"Iran","male",53,"married",10,9
"Iran","female",50,"married",5,5
"Iran","male",55,"married",7,8
"Iran","male",39,"married",10,10
"Iran","female",26,"married",6,6
"Iran","female",37,"married",7,4
"Iran","male",67,"married",10,10
"Iran","male",65,"married",9,10
"Iran","male",25,"single",10,7
"Iran","male",71,"married",5,7
"Iran","female",21,"single",5,7
"Iran","male",33,"married",10,6
"Iran","male",25,"single",8,5
"Iran","female",23,"single",10,8
"Iran","female",57,"married",10,10
"Iran","female",52,"married",8,7
"Iran","male",22,"single",6,1
"Iran","male",54,"married",10,5
"Iran","female",24,"single",5,10
"Iran","male",31,"married",8,6
"Iran","female",41,"married",8,9
"Iran","male",33,"single",10,5
"Iran","female",60,"married",1,1
"Iran","male",70,"married",6,9
"Iran","female",60,"married",5,5
"Iran","male",49,"married",5,6
"Iran","male",38,"married",5,5
"Iran","male",48,"married",7,5
"Iran","female",30,"single",7,5
"Iran","male",20,"married",3,5
"Iran","female",34,"married",10,10
"Iran","male",42,"married",8,9
"Iran","female",22,"single",5,4
"Iran","female",59,"widowed",8,5
"Iran","male",38,"married",6,7
"Iran","male",37,"married",6,5
"Iran","female",31,"single",4,8
"Iran","male",34,"married",4,6
"Iran","male",72,"married",10,6
"Iran","male",18,"single",8,10
"Iran","male",39,"married",10,10
"Iran","male",55,"married",8,5
"Iran","male",34,"married",10,10
"Iran","male",42,"married",8,8
"Iran","female",30,"married",2,5
"Iran","male",66,"married",10,10
"Iran","male",24,"married",5,7
"Iran","male",38,"married",5,7
"Iran","female",61,"married",1,6
"Iran","female",40,"married",6,7
"Iran","female",57,"married",7,7
"Iran","male",46,"married",1,5
"Iran","male",60,"married",10,8
"Iran","male",45,"married",5,8
"Iran","male",28,"single",6,3
"Iran","male",67,"married",5,10
"Iran","female",65,"married",10,10
"Iran","male",68,"married",10,6
"Iran","female",63,"widowed",10,6
"Iran","male",48,"married",5,6
"Iran","male",72,"married",10,10
"Iran","female",45,"married",8,7
"Iran","male",18,"single",10,5
"Iran","female",47,"married",10,1
"Iran","male",19,"single",9,8
"Iran","female",65,"single",5,1
"Iran","male",61,"married",5,5
"Iran","male",72,"married",1,3
"Iran","male",43,"married",7,8
"Iran","male",83,"married",6,4
"Iran","male",68,"married",8,10
"Iran","male",23,"single",5,2
"Iran","female",45,"divorced",7,5
"Iran","male",42,"married",10,2
"Iran","female",40,"married",1,3
"Iran","male",19,"single",8,10
"Iran","female",19,"single",7,8
"Iran","male",25,"single",6,10
"Iran","female",67,"married",5,5
"Iran","male",43,"married",1,8
"Iran","female",30,"married",6,3
"Iran","female",33,"married",9,8
"Iran","female",18,"single",7,10
"Iran","male",57,"married",7,10
"Iran","female",61,"married",5,1
"Iran","female",25,"single",10,5
"Iran","female",40,"single",5,8
"Iran","male",24,"married",7,8
"Iran","male",63,"married",9,10
"Iran","male",35,"married",8,1
"Iran","male",47,"married",10,5
"Iran","female",27,"married",9,6
"Iran","male",21,"single",6,2
"Iran","female",42,"married",8,5
"Iran","male",37,"married",10,5
"Iran","male",66,"married",8,5
"Iran","female",20,"single",10,9
"Iran","male",29,"single",5,9
"Iran","male",40,"married",9,5
"Iran","male",72,"single",10,5
"Iran","female",41,"married",8,10
"Iran","female",41,"married",10,2
"Iran","male",39,"married",5,5
"Iran","male",28,"single",7,10
"Iran","male",28,"married",10,10
"Iran","female",38,"married",5,1
"Iran","male",42,"married",7,8
"Iran","male",60,"married",10,6
"Iran","male",48,"married",5,5
"Iran","female",35,"single",5,6
"Iran","female",59,"married",10,10
"Iran","female",25,"single",8,6
"Iran","male",99,"single",10,5
"Iran","female",70,"divorced",10,10
"Iran","male",33,"single",10,1
"Iran","male",41,"married",5,4
"Iran","female",36,"married",2,8
"Iran","male",40,"married",5,10
"Iran","female",64,"married",8,8
"Iran","female",44,"single",6,5
"Iran","male",37,"married",6,7
"Iran","female",30,"single",10,7
"Iran","female",50,"married",4,5
"Iran","male",36,"married",8,9
"Iran","female",20,"single",7,2
"Iran","male",67,"married",8,5
"Iran","female",32,"married",7,5
"Iran","male",39,"married",5,8
"Iran","female",46,"widowed",8,8
"Iran","male",44,"married",10,8
"Iran","male",18,"single",6,6
"Iran","male",61,"married",7,8
"Iran","female",32,"married",9,8
"Iran","male",61,"married",10,8
"Iran","male",21,"single",10,9
"Iran","male",57,"married",7,6
"Iran","female",31,"single",10,7
"Iran","female",48,"married",5,4
"Iran","female",33,"married",8,9
"Iran","male",28,"married",1,6
"Iran","female",20,"single",8,8
"Iran","male",31,"single",8,9
"Iran","male",30,"single",10,5
"Iran","male",19,"single",8,6
"Iran","male",37,"married",10,4
"Iran","male",50,"married",5,6
"Iran","male",59,"married",10,10
"Iran","male",23,"single",5,10
"Iran","female",55,"married",7,8
"Iran","female",19,"single",8,6
"Iran","male",45,"married",2,2
"Iran","female",38,"married",5,4
"Iran","female",52,"married",6,6
"Iran","male",28,"married",6,8
"Iran","male",38,"married",8,10
"Iran","male",41,"married",7,1
"Iran","female",44,"single",1,1
"Iran","male",48,"married",6,5
"Iran","female",33,"married",7,10
"Iran","male",19,"single",9,10
"Iran","male",36,"married",6,5
"Iran","male",42,"married",6,5
"Iran","female",26,"married",5,5
"Iran","female",30,"single",8,10
"Iran","female",33,"married",10,6
"Iran","male",26,"separated",4,1
"Iran","female",38,"divorced",7,6
"Iran","female",31,"married",7,4
"Iran","female",28,"married",8,7
"Iran","male",41,"married",7,9
"Iran","male",19,"single",7,7
"Iran","male",25,"single",10,4
"Iran","male",26,"single",3,8
"Iran","male",43,"married",6,5
"Iran","male",49,"married",6,9
"Iran","female",57,"married",5,4
"Iran","female",25,"married",1,6
"Iran","female",36,"married",8,8
"Iran","male",24,"single",5,4
"Iran","female",40,"married",5,8
"Iran","male",24,"single",6,4
"Iran","female",20,"single",8,10
"Iran","male",68,"married",10,8
"Iran","female",38,"single",6,6
"Iran","female",29,"single",7,6
"Iran","male",57,"married",5,3
"Iran","female",18,"married",8,8
"Iran","male",38,"married",5,5
"Iran","male",53,"married",10,5
"Iran","male",18,"single",5,3
"Iran","male",19,"single",7,7
"Iran","female",43,"married",8,7
"Iran","male",49,"married",10,6
"Iran","male",21,"single",9,8
"Iran","female",41,"married",9,10
"Iran","male",47,"married",5,4
"Iran","female",26,"single",5,3
"Iran","male",25,"single",8,8
"Iran","female",26,"single",1,1
"Iran","female",18,"married",3,5
"Iran","female",45,"married",7,5
"Iran","female",22,"single",5,5
"Iran","female",43,"widowed",10,6
"Iran","female",36,"married",3,5
"Iran","female",22,"single",8,6
"Iran","female",37,"single",5,7
"Iran","male",57,"married",5,4
"Iran","female",48,"married",8,10
"Iran","male",43,"married",10,3
"Iran","female",41,"married",8,9
"Iran","female",41,"married",8,8
"Iran","male",90,"widowed",7,8
"Iran","male",23,"single",10,1
"Iran","male",18,"single",10,8
"Iran","male",19,"single",7,8
"Iran","male",32,"married",8,4
"Iran","female",43,"divorced",5,8
"Iran","female",45,"married",10,5
"Iran","male",19,"single",7,6
"Iran","female",43,"married",1,2
"Iran","male",29,"single",8,10
"Iran","female",38,"single",10,6
"Iran","female",62,"widowed",10,5
"Iran","male",30,"single",9,1
"Iran","male",34,"single",8,10
"Iran","male",34,"separated",7,8
"Iran","female",63,"married",10,10
"Iran","female",48,"married",5,6
"Iran","female",19,"single",8,5
"Iran","male",41,"married",7,5
"Iran","female",45,"married",8,6
"Iran","male",51,"married",5,7
"Iran","female",35,"divorced",8,8
"Iran","female",24,"single",8,5
"Iran","male",39,"married",5,5
"Iran","female",27,"single",8,10
"Iran","male",19,"single",6,5
"Iran","male",49,"married",10,6
"Iran","female",42,"married",8,7
"Iran","male",64,"married",10,7
"Iran","male",34,"married",1,1
"Iran","female",46,"widowed",7,7
"Iran","female",20,"married",4,6
"Iran","male",43,"married",10,9
"Iran","male",45,"married",4,4
"Iran","male",31,"single",1,5
"Iran","female",36,"married",6,1
"Iran","female",42,"married",5,7
"Iran","male",44,"married",6,4
"Iran","male",79,"married",10,8
"Iran","male",57,"married",8,8
"Iran","female",42,"married",6,8
"Iran","female",39,"married",5,8
"Iran","male",50,"married",5,1
"Iran","female",54,"married",8,8
"Iran","male",50,"married",5,7
"Iran","male",29,"single",9,8
"Iran","female",47,"married",10,10
"Iran","male",38,"married",10,10
"Iran","male",61,"married",6,7
"Iran","male",40,"married",1,5
"Iran","male",38,"single",5,8
"Iran","female",36,"married",9,9
"Iran","male",42,"married",5,7
"Iran","female",41,"married",4,5
"Iran","male",44,"single",7,6
"Iran","female",33,"married",5,8
"Iran","male",34,"single",5,1
"Iran","female",50,"divorced",10,5
"Iran","male",33,"married",8,6
"Iran","female",21,"single",7,7
"Iran","male",43,"single",10,7
"Iran","female",43,"widowed",10,6
"Iran","male",41,"married",10,5
"Iran","female",41,"married",10,1
"Iran","female",43,"married",10,6
"Iran","female",42,"married",5,6
"Iran","male",23,"single",10,8
"Iran","male",50,"divorced",5,1
"Iran","male",20,"single",8,8
"Iran","female",38,"single",2,7
"Iran","male",62,"married",5,5
"Iran","female",40,"married",8,5
"Iran","female",32,"married",8,5
"Iran","female",55,"married",10,6
"Iran","male",43,"married",5,9
"Iran","female",26,"single",10,8
"Iran","male",45,"married",5,7
"Iran","female",18,"single",8,9
"Iran","male",22,"single",7,8
"Iran","female",40,"married",8,7
"Iran","male",18,"single",3,7
"Iran","male",42,"married",9,6
"Iran","female",46,"married",5,8
"Iran","female",21,"single",8,9
"Iran","male",32,"married",10,3
"Iran","male",21,"single",10,3
"Iran","male",59,"married",10,5
"Iran","female",23,"single",8,6
"Iran","male",18,"single",7,8
"Iran","male",38,"married",6,7
"Iran","male",52,"married",6,7
"Iran","male",40,"married",6,1
"Iran","male",80,"married",8,10
"Iran","female",40,"married",8,3
"Iran","male",35,"married",8,8
"Iran","female",41,"married",9,6
"Iran","male",50,"divorced",10,8
"Iran","female",22,"married",7,1
"Iran","male",28,"single",9,6
"Iran","female",50,"married",10,10
"Iran","female",56,"married",10,8
"Iran","female",25,"single",5,8
"Iran","male",36,"married",5,3
"Iran","male",24,"single",8,8
"Iran","male",41,"married",5,8
"Iran","female",45,"married",1,6
"Iran","male",51,"married",5,6
"Iran","male",35,"single",5,5
"Iran","female",29,"single",10,6
"Iran","female",28,"single",7,8
"Iran","male",43,"married",9,7
"Iran","male",27,"single",8,6
"Iran","male",56,"married",5,6
"Iran","female",54,"married",10,8
"Iran","female",39,"married",10,8
"Iran","female",36,"married",1,1
"Iran","female",18,"single",5,10
"Iran","male",40,"married",7,10
"Iran","female",46,"married",7,6
"Iran","female",50,"married",6,5
"Iran","female",37,"married",8,1
"Iran","female",38,"widowed",8,4
"Iran","female",27,"married",8,10
"Iran","female",36,"married",10,10
"Iran","female",66,"divorced",8,10
"Iran","male",20,"single",6,9
"Iran","male",85,"married",4,10
"Iran","female",55,"married",5,5
"Iran","female",18,"single",7,10
"Iran","female",26,"married",8,5
"Iran","female",38,"married",7,5
"Iran","female",50,"widowed",5,5
"Iran","male",56,"married",5,5
"Iran","female",19,"single",5,9
"Iran","female",33,"married",10,6
"Iran","male",36,"married",8,10
"Iran","male",41,"married",10,7
"Iran","female",33,"married",8,10
"Iran","male",56,"married",7,5
"Iran","female",29,"married",7,9
"Iran","male",44,"married",9,10
"Iran","male",19,"single",8,8
"Iran","female",44,"married",5,3
"Iran","male",43,"married",6,10
"Iran","female",39,"married",3,3
"Iran","male",54,"married",7,2
"Iran","male",41,"married",1,1
"Iran","female",39,"married",10,10
"Iran","female",45,"single",6,9
"Iran","male",49,"married",8,5
"Iran","male",49,"married",8,9
"Iran","female",30,"single",10,8
"Iran","female",47,"married",9,10
"Iran","male",56,"married",5,1
"Iran","male",37,"married",5,1
"Iran","male",29,"single",10,6
"Iran","female",44,"married",8,8
"Iran","male",50,"married",6,7
"Iran","male",36,"single",7,5
"Iran","female",35,"married",8,1
"Iran","female",20,"single",8,7
"Iran","male",40,"married",7,5
"Iran","female",69,"widowed",10,5
"Iran","female",32,"married",9,4
"Iran","female",18,"single",7,5
"Iran","male",40,"married",5,5
"Iran","male",37,"married",9,8
"Iran","female",63,"widowed",5,5
"Iran","male",34,"single",5,5
"Iran","male",42,"married",4,5
"Iran","male",25,"single",5,8
"Iran","female",22,"married",10,6
"Iran","male",25,"single",5,3
"Iran","male",18,"single",5,10
"Iran","male",60,"married",1,10
"Iran","female",18,"married",1,6
"Iran","male",37,"married",6,10
"Iran","male",38,"married",7,7
"Iran","female",36,"single",1,10
"Iran","male",47,"married",9,10
"Iran","male",55,"married",6,6
"Iran","female",47,"married",8,2
"Iran","female",28,"married",1,9
"Iran","female",23,"single",6,1
"Iran","male",62,"married",3,2
"Iran","female",34,"single",10,10
"Iran","female",36,"married",8,5
"Iran","male",48,"married",10,10
"Iran","male",65,"married",5,1
"Iran","female",49,"married",7,8
"Iran","female",34,"married",5,1
"Iran","female",40,"married",8,8
"Iran","male",60,"divorced",1,1
"Iran","female",41,"divorced",5,7
"Iran","female",26,"single",10,7
"Iran","female",20,"single",7,10
"Iran","male",50,"widowed",4,5
"Iran","male",41,"married",7,5
"Iran","male",37,"married",10,8
"Iran","male",72,"married",7,7
"Iran","female",29,"married",5,10
"Iran","male",18,"single",10,10
"Iran","male",44,"married",5,7
"Iran","male",39,"married",9,2
"Iran","male",44,"married",8,2
"Iran","male",18,"single",7,7
"Iran","male",27,"single",5,9
"Iran","male",55,"married",10,8
"Iran","female",40,"married",5,1
"Iran","male",32,"separated",1,1
"Iran","male",44,"married",3,1
"Iran","female",20,"single",8,8
"Iran","male",18,"single",5,7
"Iran","female",25,"married",10,6
"Iran","male",29,"married",10,10
"Iran","female",50,"married",9,9
"Iran","female",38,"single",5,5
"Iran","male",30,"married",8,8
"Iran","male",56,"married",5,6
"Iran","male",39,"married",8,7
"Iran","male",37,"married",7,10
"Iran","male",31,"married",1,5
"Iran","female",49,"single",7,8
"Iran","female",64,"married",5,8
"Iran","male",19,"single",8,7
"Iran","male",34,"single",8,7
"Iran","female",33,"married",8,10
"Iran","male",25,"single",9,10
"Iran","female",48,"married",6,8
"Iran","female",36,"married",8,5
"Iran","female",43,"single",8,5
"Iran","male",35,"single",6,8
"Iran","male",51,"married",10,10
"Iran","female",18,"single",6,6
"Iran","male",58,"married",10,10
"Iran","male",37,"single",1,1
"Iran","male",47,"married",5,1
"Iran","female",35,"married",5,1
"Iran","male",51,"married",7,8
"Iran","male",41,"married",1,1
"Iran","male",50,"married",7,5
"Iran","female",36,"single",9,7
"Iran","female",39,"married",10,8
"Iran","female",25,"married",10,6
"Iran","male",40,"married",8,8
"Iran","female",22,"married",1,5
"Iran","female",19,"single",8,10
"Iran","female",45,"married",5,4
"Iran","female",58,"married",7,1
"Iran","female",19,"single",5,3
"Iran","male",31,"single",3,5
"Iran","female",36,"single",5,7
"Iran","male",56,"married",10,1
"Iran","male",39,"married",5,8
"Iran","female",24,"married",5,8
"Iran","male",60,"married",5,6
"Iran","female",23,"single",7,8
"Iran","female",52,"married",5,6
"Iran","male",40,"married",4,5
"Iran","female",21,"single",8,6
"Iran","female",40,"married",10,7
"Iran","female",33,"married",5,6
"Iran","male",30,"married",10,4
"Iran","female",19,"single",5,6
"Iran","male",45,"married",10,8
"Iran","male",54,"married",10,6
"Iran","male",35,"single",6,1
"Iran","male",40,"married",5,1
"Iran","male",40,"married",6,4
"Iran","female",26,"married",10,10
"Iran","female",39,"widowed",8,5
"Iran","female",24,"single",8,9
"Iran","female",29,"single",7,4
"Iran","male",41,"married",8,10
"Iran","female",76,"widowed",2,2
"Iran","male",46,"married",10,5
"Iran","male",21,"single",8,8
"Iran","male",59,"married",8,4
"Iran","male",47,"married",8,7
"Iran","male",18,"single",3,5
"Iran","male",49,"married",6,1
"Iran","male",35,"married",7,5
"Iran","female",38,"married",4,4
"Iran","female",39,"married",5,3
"Iran","male",40,"married",10,8
"Iran","female",44,"married",5,7
"Iran","female",41,"married",10,9
"Iran","male",48,"married",7,5
"Iran","female",18,"single",5,5
"Iran","female",49,"married",10,5
"Iran","female",30,"married",6,10
"Iran","male",55,"married",7,6
"Iran","male",35,"single",5,6
"Iran","female",39,"married",7,7
"Iran","male",26,"single",10,8
"Iran","male",32,"single",4,1
"Iran","female",32,"married",10,8
"Iran","female",41,"married",7,9
"Iran","male",20,"single",10,10
"Iran","male",38,"married",9,7
"Iran","female",57,"divorced",10,10
"Iran","male",21,"living together as married",10,3
"Iran","female",42,"married",10,7
"Iran","female",18,"single",4,8
"Iran","female",28,"single",7,5
"Iran","male",82,"married",5,5
"Iran","female",21,"single",7,7
"Iran","male",60,"married",5,1
"Iran","male",55,"married",10,10
"Iran","male",26,"single",5,5
"Iran","female",21,"single",8,10
"Iran","female",34,"married",10,4
"Iran","female",27,"married",6,4
"Iran","female",63,"married",5,3
"Iran","male",73,"married",8,10
"Iran","female",60,"married",10,5
"Iran","female",28,"married",10,10
"Iran","female",21,"single",6,1
"Iran","female",38,"married",10,6
"Iran","male",52,"married",10,10
"Iran","male",54,"married",1,1
"Iran","female",45,"married",8,8
"Iran","female",26,"married",8,9
"Iran","male",51,"married",8,6
"Iran","female",62,"widowed",5,5
"Iran","female",19,"single",9,9
"Iran","female",36,"married",7,4
"Iran","male",27,"single",8,10
"Iran","male",19,"married",5,9
"Iran","male",99,"married",7,6
"Iran","female",20,"single",5,10
"Iran","female",38,"married",5,5
"Iran","female",69,"married",1,8
"Iran","female",27,"single",10,8
"Iran","male",18,"single",7,8
"Iran","male",38,"separated",4,8
"Iran","male",48,"married",8,7
"Iran","female",41,"married",5,6
"Iran","female",34,"married",5,5
"Iran","female",43,"married",6,5
"Iran","male",49,"married",5,5
"Iran","male",21,"single",3,8
"Iran","male",41,"married",8,9
"Iran","female",19,"single",1,5
"Iran","female",54,"married",8,10
"Iran","female",49,"separated",7,1
"Iran","male",38,"married",10,6
"Iran","female",27,"married",8,2
"Iran","male",32,"married",7,7
"Iran","male",20,"single",9,8
"Iran","female",24,"married",5,8
"Iran","male",20,"single",5,10
"Iran","male",18,"single",5,8
"Iran","male",19,"single",9,10
"Iran","male",24,"single",10,4
"Iran","female",32,"married",10,6
"Iran","male",46,"married",5,4
"Iran","male",32,"single",2,3
"Iran","female",18,"single",7,10
"Iran","female",21,"single",8,8
"Iran","male",65,"married",8,10
"Iran","female",19,"single",8,5
"Iran","male",28,"single",1,1
"Iran","male",18,"single",7,8
"Iran","female",32,"single",10,3
"Iran","male",36,"single",4,1
"Iran","male",48,"married",10,8
"Iran","male",42,"married",5,6
"Iran","female",41,"married",8,4
"Iran","male",47,"married",10,4
"Iran","female",36,"married",5,7
"Iran","female",39,"married",8,8
"Iran","male",64,"married",5,7
"Iran","male",66,"married",5,5
"Iran","female",38,"married",5,6
"Iran","male",99,"married",10,8
"Iran","female",38,"single",9,8
"Iran","male",62,"married",5,5
"Iran","male",39,"married",7,8
"Iran","male",52,"married",7,5
"Iran","female",18,"single",5,5
"Iran","female",31,"married",8,10
"Iran","male",40,"married",2,5
"Iran","male",21,"single",3,10
"Iran","male",35,"single",5,1
"Iran","female",35,"married",10,10
"Iran","female",29,"married",5,8
"Iran","male",99,"single",5,10
"Iran","female",34,"married",5,6
"Iran","male",58,"married",9,8
"Iran","female",45,"married",3,7
"Iran","male",60,"married",3,1
"Iran","male",42,"married",10,5
"Iran","male",42,"married",7,8
"Iran","female",19,"single",8,6
"Iran","male",58,"married",7,4
"Iran","male",33,"married",5,7
"Iran","female",35,"married",7,8
"Iran","male",27,"married",9,7
"Iran","female",22,"single",6,8
"Iran","male",41,"single",5,4
"Iran","female",38,"single",9,1
"Iran","female",38,"married",8,4
"Iran","male",60,"single",10,9
"Iran","female",26,"single",6,5
"Iran","male",31,"single",10,5
"Iran","female",22,"single",10,5
"Iran","female",22,"single",5,5
"Iran","male",23,"single",9,5
"Iran","male",45,"married",10,5
"Iran","female",25,"single",7,7
"Iran","male",46,"married",6,6
"Iran","female",34,"divorced",8,7
"Iran","female",44,"divorced",1,4
"Iran","male",21,"married",7,8
"Iran","female",39,"married",5,3
"Iran","female",49,"married",10,10
"Iran","female",19,"single",5,5
"Iran","male",46,"married",10,8
"Iran","male",25,"single",10,10
"Iran","male",18,"single",8,3
"Iran","male",50,"married",10,9
"Iran","female",33,"married",6,8
"Iran","male",20,"single",5,1
"Iran","female",38,"married",10,10
"Iran","female",53,"married",7,4
"Iran","male",26,"single",10,7
"Iran","female",54,"married",9,6
"Iran","female",40,"married",9,5
"Iran","male",23,"living together as married",7,7
"Iran","female",30,"single",10,5
"Iran","male",24,"single",8,7
"Iran","male",30,"single",10,8
"Iran","female",23,"single",5,8
"Iran","male",47,"married",3,3
"Iran","female",49,"married",5,5
"Iran","male",54,"married",5,8
"Iran","female",40,"married",7,8
"Iran","female",41,"married",7,10
"Iran","female",52,"married",5,6
"Iran","male",18,"single",1,1
"Iran","male",44,"married",3,8
"Iran","male",33,"married",5,5
"Iran","female",36,"single",7,8
"Iran","female",42,"married",7,7
"Iran","male",48,"married",6,6
"Iran","male",53,"married",7,8
"Iran","male",60,"married",5,1
"Iran","female",47,"married",5,5
"Iran","male",52,"married",10,8
"Iran","female",64,"widowed",10,10
"Iran","male",42,"married",10,9
"Iran","female",30,"married",7,5
"Iran","male",55,"married",8,9
"Iran","male",32,"married",5,5
"Iran","female",53,"married",10,10
"Iran","female",59,"separated",8,5
"Iran","male",35,"married",10,6
"Iran","male",36,"single",8,5
"Iran","female",30,"single",7,5
"Iran","female",29,"married",10,7
"Iran","female",19,"single",5,7
"Iran","male",47,"married",10,1
"Iran","female",42,"married",10,6
"Iran","female",38,"divorced",1,10
"Iran","female",18,"single",5,10
"Iran","female",29,"single",5,1
"Iran","female",45,"married",7,8
"Iran","male",45,"married",7,8
"Iran","male",68,"married",8,4
"Iran","female",54,"married",9,2
"Iran","female",25,"married",5,3
"Iran","female",32,"single",8,8
"Iran","male",69,"married",5,6
"Iran","male",65,"married",10,10
"Iran","female",29,"married",10,6
"Iran","female",38,"married",3,6
"Iran","male",19,"single",7,7
"Iran","male",26,"married",5,1
"Iran","male",38,"married",10,7
"Iran","female",34,"married",6,5
"Iran","male",54,"married",4,1
"Iran","male",29,"single",1,2
"Iran","male",26,"single",5,7
"Iran","male",59,"married",7,1
"Iran","male",19,"single",5,8
"Iran","male",21,"single",5,6
"Iran","female",44,"married",4,5
"Iran","female",25,"single",7,8
"Iran","male",43,"married",5,1
"Iran","male",40,"married",5,1
"Iran","female",39,"married",1,1
"Iran","male",42,"married",5,6
"Iran","female",35,"single",8,2
"Iran","female",21,"single",5,6
"Iran","female",42,"single",8,7
"Iran","female",28,"married",6,3
"Iran","male",46,"married",5,5
"Iran","male",54,"married",7,5
"Iran","female",45,"married",1,1
"Iran","female",39,"married",5,1
"Iran","male",24,"single",1,2
"Iran","male",50,"married",7,1
"Iran","male",55,"married",10,7
"Iran","male",19,"single",5,8
"Iran","male",71,"married",4,7
"Iran","female",99,"married",7,5
"Iran","male",39,"married",8,10
"Iran","female",57,"widowed",5,5
"Iran","male",61,"married",5,3
"Iran","male",46,"married",5,5
"Iran","male",27,"single",7,6
"Iran","female",21,"single",6,8
"Iran","male",18,"single",8,7
"Iran","male",53,"married",10,6
"Iran","male",72,"married",5,1
"Iran","female",42,"married",8,10
"Iran","female",33,"married",10,10
"Iran","male",28,"single",10,5
"Iran","female",42,"married",10,8
"Iran","male",26,"married",8,1
"Iran","female",46,"married",5,3
"Iran","male",62,"married",10,5
"Iran","male",28,"married",5,3
"Iran","male",44,"married",10,5
"Iran","male",65,"married",8,1
"Iran","male",52,"married",5,4
"Iran","female",50,"married",1,5
"Iran","male",47,"married",5,9
"Iran","male",37,"married",10,9
"Iran","male",39,"married",7,7
"Iran","male",32,"married",6,5
"Iran","female",23,"single",8,9
"Iran","male",52,"married",6,1
"Iran","male",43,"married",10,9
"Iran","male",33,"married",7,7
"Iran","female",63,"married",10,7
"Iran","male",36,"married",8,8
"Iraq","female",56,"widowed",5,5
"Iraq","male",52,"married",8,7
"Iraq","female",18,"single",4,4
"Iraq","male",64,"married",4,4
"Iraq","male",30,"married",8,5
"Iraq","female",42,"married",6,5
"Iraq","male",33,"married",8,5
"Iraq","male",33,"married",9,4
"Iraq","male",19,"single",7,5
"Iraq","female",64,"widowed",5,5
"Iraq","female",40,"married",6,4
"Iraq","male",65,"married",8,8
"Iraq","female",60,"married",5,5
"Iraq","female",33,"married",7,7
"Iraq","male",20,"single",7,7
"Iraq","male",33,"married",7,3
"Iraq","female",18,"single",8,9
"Iraq","female",48,"married",5,3
"Iraq","male",27,"single",5,7
"Iraq","male",39,"married",8,8
"Iraq","male",33,"married",8,5
"Iraq","female",64,"widowed",3,3
"Iraq","male",20,"single",7,3
"Iraq","male",27,"single",7,5
"Iraq","female",37,"married",5,5
"Iraq","female",19,"single",4,4
"Iraq","male",39,"married",10,5
"Iraq","male",44,"married",9,5
"Iraq","female",29,"single",7,7
"Iraq","female",19,"single",6,4
"Iraq","male",60,"married",10,5
"Iraq","female",34,"married",7,3
"Iraq","male",20,"single",5,4
"Iraq","female",25,"single",5,4
"Iraq","female",49,"married",9,8
"Iraq","male",52,"married",6,5
"Iraq","female",23,"single",3,4
"Iraq","female",48,"married",6,2
"Iraq","female",38,"married",6,4
"Iraq","male",32,"married",8,3
"Iraq","female",22,"single",3,5
"Iraq","female",26,"single",8,4
"Iraq","female",24,"single",6,4
"Iraq","female",35,"married",7,5
"Iraq","male",65,"married",4,5
"Iraq","male",31,"married",9,5
"Iraq","male",23,"single",8,5
"Iraq","male",25,"single",7,8
"Iraq","male",37,"married",6,5
"Iraq","female",58,"married",7,4
"Iraq","male",56,"widowed",8,5
"Iraq","male",29,"single",8,9
"Iraq","male",58,"widowed",10,9
"Iraq","male",19,"single",7,6
"Iraq","female",46,"married",9,6
"Iraq","male",28,"married",10,4
"Iraq","male",32,"separated",5,5
"Iraq","female",39,"married",8,8
"Iraq","female",37,"married",8,7
"Iraq","female",31,"married",9,7
"Iraq","female",44,"divorced",9,7
"Iraq","female",22,"single",8,8
"Iraq","female",24,"single",6,3
"Iraq","male",33,"married",10,9
"Iraq","male",19,"single",9,5
"Iraq","female",27,"single",7,4
"Iraq","female",61,"widowed",3,3
"Iraq","male",39,"married",8,4
"Iraq","male",26,"single",9,5
"Iraq","female",18,"single",4,4
"Iraq","male",33,"married",10,5
"Iraq","male",40,"married",9,5
"Iraq","male",54,"married",6,5
"Iraq","male",30,"single",8,3
"Iraq","female",40,"married",6,5
"Iraq","female",20,"single",3,5
"Iraq","female",45,"married",6,2
"Iraq","male",56,"married",7,3
"Iraq","male",47,"married",5,6
"Iraq","female",19,"single",6,7
"Iraq","female",33,"married",2,4
"Iraq","female",27,"married",7,4
"Iraq","male",40,"married",9,4
"Iraq","female",20,"married",6,3
"Iraq","male",19,"single",1,9
"Iraq","male",54,"married",5,5
"Iraq","male",45,"married",5,5
"Iraq","female",18,"single",6,7
"Iraq","female",33,"married",3,3
"Iraq","male",26,"married",7,4
"Iraq","female",48,"married",7,3
"Iraq","female",19,"single",9,4
"Iraq","male",20,"single",10,4
"Iraq","male",26,"married",7,4
"Iraq","female",43,"married",9,3
"Iraq","female",20,"married",6,4
"Iraq","male",20,"single",10,4
"Iraq","female",33,"married",8,8
"Iraq","male",38,"single",4,5
"Iraq","female",24,"married",5,3
"Iraq","female",30,"married",5,3
"Iraq","male",36,"married",6,5
"Iraq","male",29,"single",8,2
"Iraq","female",33,"married",6,2
"Iraq","female",28,"married",8,5
"Iraq","female",38,"married",5,4
"Iraq","female",28,"married",4,3
"Iraq","female",31,"married",6,4
"Iraq","female",32,"married",5,5
"Iraq","female",34,"married",10,8
"Iraq","male",19,"single",8,8
"Iraq","female",39,"married",6,1
"Iraq","female",30,"married",5,3
"Iraq","male",48,"married",7,5
"Iraq","male",30,"married",8,4
"Iraq","female",33,"single",6,7
"Iraq","female",58,"married",6,5
"Iraq","female",22,"single",5,5
"Iraq","male",51,"married",3,5
"Iraq","male",63,"married",4,3
"Iraq","male",30,"married",2,4
"Iraq","male",44,"married",6,3
"Iraq","male",46,"married",6,4
"Iraq","female",58,"married",7,5
"Iraq","female",33,"married",8,2
"Iraq","female",23,"married",7,3
"Iraq","male",56,"married",6,4
"Iraq","male",64,"married",6,5
"Iraq","male",31,"married",5,3
"Iraq","male",28,"married",6,4
"Iraq","male",47,"married",5,5
"Iraq","male",50,"married",5,2
"Iraq","male",30,"married",4,4
"Iraq","male",53,"married",7,4
"Iraq","male",41,"married",5,4
"Iraq","female",48,"married",7,5
"Iraq","female",28,"married",6,4
"Iraq","female",25,"married",5,8
"Iraq","female",30,"married",6,5
"Iraq","female",30,"married",6,5
"Iraq","male",40,"married",5,4
"Iraq","female",25,"married",7,4
"Iraq","female",37,"married",9,5
"Iraq","female",26,"single",5,4
"Iraq","male",23,"single",8,5
"Iraq","male",25,"single",9,3
"Iraq","male",33,"married",5,4
"Iraq","female",35,"married",7,5
"Iraq","female",19,"single",5,4
"Iraq","female",28,"single",5,4
"Iraq","female",27,"married",6,5
"Iraq","male",24,"single",8,5
"Iraq","male",37,"married",5,5
"Iraq","female",35,"married",6,3
"Iraq","male",31,"widowed",6,5
"Iraq","female",41,"married",6,3
"Iraq","male",32,"married",7,5
"Iraq","male",38,"married",6,5
"Iraq","male",30,"married",10,5
"Iraq","male",43,"married",9,4
"Iraq","female",28,"married",9,4
"Iraq","female",19,"single",6,3
"Iraq","female",42,"married",10,4
"Iraq","male",31,"single",2,3
"Iraq","male",35,"married",5,5
"Iraq","female",35,"married",5,3
"Iraq","male",47,"single",5,5
"Iraq","male",31,"married",7,3
"Iraq","male",25,"married",9,3
"Iraq","male",55,"single",10,4
"Iraq","female",25,"single",10,4
"Iraq","male",24,"single",10,10
"Iraq","male",20,"single",10,4
"Iraq","male",25,"single",9,8
"Iraq","male",25,"single",7,6
"Iraq","female",33,"single",5,3
"Iraq","female",23,"married",3,5
"Iraq","female",65,"married",10,5
"Iraq","female",25,"married",7,2
"Iraq","male",28,"married",9,4
"Iraq","male",23,"married",10,2
"Iraq","male",30,"married",8,4
"Iraq","male",33,"married",8,5
"Iraq","male",24,"married",6,2
"Iraq","male",28,"married",5,5
"Iraq","female",51,"married",10,4
"Iraq","female",56,"married",10,2
"Iraq","male",33,"married",10,2
"Iraq","female",61,"widowed",5,5
"Iraq","male",55,"married",6,3
"Iraq","female",28,"married",5,5
"Iraq","female",39,"married",10,5
"Iraq","male",41,"married",5,4
"Iraq","male",59,"married",7,3
"Iraq","male",18,"single",6,6
"Iraq","female",28,"married",10,5
"Iraq","female",19,"single",8,5
"Iraq","male",42,"married",9,9
"Iraq","female",34,"married",1,5
"Iraq","female",22,"single",6,3
"Iraq","female",19,"married",10,3
"Iraq","female",43,"married",5,2
"Iraq","male",64,"married",4,5
"Iraq","male",32,"married",4,1
"Iraq","male",43,"married",5,2
"Iraq","male",28,"married",9,9
"Iraq","female",62,"married",6,3
"Iraq","male",56,"married",8,3
"Iraq","female",55,"married",10,2
"Iraq","male",52,"married",10,5
"Iraq","male",23,"single",9,9
"Iraq","female",49,"married",1,1
"Iraq","male",48,"married",4,2
"Iraq","female",35,"married",3,5
"Iraq","male",59,"married",10,3
"Iraq","female",33,"married",6,3
"Iraq","female",28,"married",5,2
"Iraq","male",30,"single",10,10
"Iraq","female",55,"married",10,5
"Iraq","male",33,"married",9,5
"Iraq","female",50,"married",10,3
"Iraq","female",24,"married",1,1
"Iraq","male",36,"married",4,5
"Iraq","male",41,"married",5,2
"Iraq","male",51,"married",10,10
"Iraq","male",30,"married",10,5
"Iraq","female",59,"married",8,3
"Iraq","male",21,"single",5,5
"Iraq","male",36,"married",7,5
"Iraq","male",58,"married",10,4
"Iraq","male",48,"married",6,4
"Iraq","male",48,"married",7,3
"Iraq","female",21,"married",10,4
"Iraq","female",33,"married",3,3
"Iraq","female",20,"single",8,4
"Iraq","female",23,"married",1,1
"Iraq","female",51,"married",5,3
"Iraq","male",22,"single",8,4
"Iraq","male",50,"married",5,4
"Iraq","male",38,"married",6,4
"Iraq","male",23,"single",10,5
"Iraq","male",52,"married",1,1
"Iraq","female",19,"single",5,7
"Iraq","female",38,"married",9,7
"Iraq","female",32,"married",9,4
"Iraq","female",22,"married",10,4
"Iraq","female",29,"married",8,4
"Iraq","male",44,"married",10,5
"Iraq","male",32,"married",2,3
"Iraq","male",40,"married",5,4
"Iraq","male",30,"married",10,10
"Iraq","male",31,"divorced",10,5
"Iraq","female",21,"married",10,4
"Iraq","female",30,"married",7,3
"Iraq","female",21,"single",9,5
"Iraq","female",25,"married",4,5
"Iraq","female",39,"married",7,5
"Iraq","male",32,"single",1,2
"Iraq","male",28,"married",8,3
"Iraq","male",27,"married",4,4
"Iraq","male",30,"married",4,3
"Iraq","male",21,"single",10,2
"Iraq","female",27,"married",5,4
"Iraq","female",19,"single",7,7
"Iraq","female",49,"married",2,1
"Iraq","female",30,"married",7,3
"Iraq","female",34,"married",8,3
"Iraq","male",38,"married",5,5
"Iraq","female",23,"widowed",8,5
"Iraq","male",26,"single",9,8
"Iraq","male",20,"single",9,10
"Iraq","female",21,"married",10,4
"Iraq","male",64,"married",10,2
"Iraq","female",42,"married",9,4
"Iraq","male",30,"married",5,4
"Iraq","male",18,"single",6,7
"Iraq","female",49,"widowed",10,5
"Iraq","male",44,"married",10,4
"Iraq","female",39,"married",9,5
"Iraq","female",26,"married",7,5
"Iraq","male",22,"single",10,4
"Iraq","male",54,"married",9,10
"Iraq","male",22,"married",10,4
"Iraq","male",27,"married",8,3
"Iraq","male",33,"married",6,2
"Iraq","female",36,"married",9,3
"Iraq","female",48,"married",10,5
"Iraq","female",53,"married",5,2
"Iraq","female",40,"married",7,5
"Iraq","male",28,"married",10,4
"Iraq","male",40,"married",8,3
"Iraq","male",41,"married",9,3
"Iraq","male",21,"single",10,8
"Iraq","male",18,"single",10,3
"Iraq","female",30,"married",7,5
"Iraq","female",32,"married",1,5
"Iraq","female",29,"married",5,3
"Iraq","female",44,"married",4,4
"Iraq","female",36,"married",10,1
"Iraq","male",24,"married",5,5
"Iraq","male",58,"married",6,3
"Iraq","female",38,"married",6,3
"Iraq","female",35,"married",10,5
"Iraq","female",43,"married",1,1
"Iraq","male",22,"married",6,3
"Iraq","male",31,"married",3,3
"Iraq","male",52,"married",9,10
"Iraq","male",18,"single",3,3
"Iraq","female",35,"married",9,3
"Iraq","female",32,"married",3,5
"Iraq","female",33,"married",1,3
"Iraq","female",38,"married",1,1
"Iraq","male",61,"married",9,2
"Iraq","male",50,"married",9,2
"Iraq","male",40,"married",6,2
"Iraq","male",27,"married",7,2
"Iraq","male",42,"married",6,2
"Iraq","male",30,"married",2,2
"Iraq","female",34,"married",10,1
"Iraq","female",45,"married",1,5
"Iraq","male",29,"married",9,3
"Iraq","male",46,"married",2,1
"Iraq","male",28,"single",9,1
"Iraq","male",33,"married",10,5
"Iraq","male",26,"single",9,9
"Iraq","female",34,"married",5,5
"Iraq","female",35,"married",5,3
"Iraq","female",34,"married",5,3
"Iraq","female",31,"married",10,10
"Iraq","male",41,"married",7,4
"Iraq","male",33,"married",9,3
"Iraq","male",38,"married",9,4
"Iraq","male",28,"single",9,8
"Iraq","male",28,"separated",10,3
"Iraq","female",32,"married",6,4
"Iraq","female",26,"married",10,5
"Iraq","female",37,"married",8,3
"Iraq","female",26,"married",8,6
"Iraq","female",27,"married",10,5
"Iraq","male",45,"married",5,3
"Iraq","male",23,"single",5,6
"Iraq","female",50,"married",8,4
"Iraq","male",18,"single",8,4
"Iraq","female",26,"single",6,5
"Iraq","female",58,"married",5,5
"Iraq","female",39,"married",5,5
"Iraq","male",58,"married",8,5
"Iraq","male",20,"single",9,3
"Iraq","male",30,"married",8,3
"Iraq","female",28,"married",8,5
"Iraq","male",34,"married",5,5
"Iraq","male",33,"married",8,5
"Iraq","male",20,"single",8,5
"Iraq","male",30,"married",6,4
"Iraq","female",22,"single",5,10
"Iraq","female",24,"married",5,7
"Iraq","female",28,"married",5,4
"Iraq","male",18,"single",5,1
"Iraq","male",24,"single",8,4
"Iraq","female",31,"married",5,4
"Iraq","female",58,"married",6,5
"Iraq","male",29,"divorced",8,4
"Iraq","male",22,"single",1,7
"Iraq","male",22,"divorced",1,4
"Iraq","male",25,"single",5,5
"Iraq","female",30,"married",8,8
"Iraq","male",25,"divorced",8,4
"Iraq","male",20,"single",1,3
"Iraq","female",38,"married",5,4
"Iraq","female",53,"married",7,4
"Iraq","female",30,"married",6,5
"Iraq","female",24,"married",9,4
"Iraq","female",32,"married",5,5
"Iraq","male",25,"single",10,4
"Iraq","male",29,"separated",6,4
"Iraq","male",38,"married",5,5
"Iraq","male",37,"married",8,8
"Iraq","female",29,"married",5,9
"Iraq","female",45,"married",5,5
"Iraq","male",19,"single",10,9
"Iraq","male",26,"married",5,5
"Iraq","male",37,"married",9,5
"Iraq","female",23,"married",7,6
"Iraq","male",61,"married",8,5
"Iraq","male",24,"single",5,5
"Iraq","male",34,"married",5,5
"Iraq","male",27,"married",8,3
"Iraq","male",22,"single",7,3
"Iraq","male",26,"single",10,10
"Iraq","female",27,"married",8,4
"Iraq","female",33,"married",6,5
"Iraq","female",58,"married",10,10
"Iraq","male",24,"married",8,7
"Iraq","female",65,"widowed",7,4
"Iraq","male",25,"single",6,3
"Iraq","male",26,"married",8,3
"Iraq","female",44,"single",5,5
"Iraq","female",22,"single",6,3
"Iraq","female",56,"married",5,5
"Iraq","female",28,"married",8,4
"Iraq","male",25,"married",6,5
"Iraq","female",28,"single",8,4
"Iraq","male",18,"single",6,4
"Iraq","male",21,"married",9,3
"Iraq","male",33,"separated",6,5
"Iraq","female",20,"single",8,5
"Iraq","female",22,"married",4,5
"Iraq","female",23,"married",10,9
"Iraq","male",23,"married",7,4
"Iraq","female",25,"single",3,4
"Iraq","male",64,"married",8,8
"Iraq","male",55,"single",3,3
"Iraq","female",24,"married",6,7
"Iraq","female",61,"married",8,8
"Iraq","female",24,"married",8,8
"Iraq","female",33,"married",9,9
"Iraq","male",65,"married",1,1
"Iraq","male",32,"married",6,4
"Iraq","male",62,"married",5,4
"Iraq","male",36,"married",5,5
"Iraq","male",37,"single",5,5
"Iraq","male",38,"single",5,5
"Iraq","female",39,"single",10,10
"Iraq","female",34,"separated",1,1
"Iraq","male",35,"married",10,5
"Iraq","male",36,"single",10,7
"Iraq","female",37,"married",1,1
"Iraq","female",38,"married",6,10
"Iraq","female",39,"widowed",5,4
"Iraq","female",63,"married",5,1
"Iraq","female",19,"married",9,4
"Iraq","male",34,"single",1,7
"Iraq","male",35,"married",10,5
"Iraq","male",60,"married",6,3
"Iraq","female",28,"married",5,5
"Iraq","female",65,"married",1,1
"Iraq","female",22,"married",8,4
"Iraq","female",21,"married",10,4
"Iraq","female",24,"single",1,5
"Iraq","male",28,"widowed",1,3
"Iraq","female",65,"widowed",1,3
"Iraq","female",63,"married",10,4
"Iraq","female",20,"married",6,5
"Iraq","male",54,"married",10,5
"Iraq","male",21,"married",8,3
"Iraq","male",23,"single",10,1
"Iraq","male",50,"married",5,1
"Iraq","male",64,"married",5,5
"Iraq","female",27,"single",10,10
"Iraq","male",23,"single",10,5
"Iraq","male",26,"divorced",9,5
"Iraq","female",64,"married",9,4
"Iraq","male",61,"married",5,5
"Iraq","male",60,"married",10,4
"Iraq","male",60,"married",10,10
"Iraq","female",62,"married",5,4
"Iraq","male",63,"married",9,4
"Iraq","male",61,"single",8,5
"Iraq","female",60,"married",5,3
"Iraq","male",59,"married",9,4
"Iraq","female",53,"married",9,3
"Iraq","male",59,"married",7,5
"Iraq","male",65,"married",10,10
"Iraq","female",54,"widowed",9,4
"Iraq","female",61,"widowed",9,5
"Iraq","female",62,"single",9,4
"Iraq","female",64,"married",10,5
"Iraq","male",51,"married",10,3
"Iraq","male",65,"single",10,4
"Iraq","female",62,"married",10,3
"Iraq","male",61,"single",8,4
"Iraq","male",60,"single",8,5
"Iraq","female",61,"married",9,9
"Iraq","female",60,"married",9,9
"Iraq","female",62,"married",10,9
"Iraq","male",63,"single",9,4
"Iraq","male",61,"married",9,3
"Iraq","female",52,"widowed",10,5
"Iraq","female",64,"married",10,3
"Iraq","male",65,"married",7,5
"Iraq","female",31,"divorced",10,2
"Iraq","female",32,"married",1,1
"Iraq","female",54,"married",10,9
"Iraq","female",33,"married",1,4
"Iraq","female",64,"married",5,5
"Iraq","female",65,"single",6,5
"Iraq","female",60,"married",7,4
"Iraq","male",63,"married",7,5
"Iraq","female",64,"married",10,4
"Iraq","female",63,"widowed",10,5
"Iraq","male",58,"married",10,5
"Iraq","male",65,"married",8,3
"Iraq","female",65,"widowed",6,5
"Iraq","female",25,"married",10,4
"Iraq","female",26,"married",8,5
"Iraq","female",40,"married",5,4
"Iraq","female",23,"married",10,10
"Iraq","female",25,"single",10,3
"Iraq","female",26,"married",10,5
"Iraq","male",24,"married",10,10
"Iraq","male",63,"married",9,4
"Iraq","male",63,"married",7,4
"Iraq","male",20,"married",8,5
"Iraq","female",28,"married",3,3
"Iraq","female",53,"single",10,8
"Iraq","female",56,"widowed",8,4
"Iraq","male",28,"married",8,8
"Iraq","male",29,"single",8,4
"Iraq","male",59,"married",7,5
"Iraq","female",51,"widowed",6,8
"Iraq","male",21,"married",8,4
"Iraq","male",22,"married",9,8
"Iraq","male",65,"married",5,1
"Iraq","male",61,"married",7,3
"Iraq","male",26,"married",7,4
"Iraq","male",25,"single",5,4
"Iraq","female",29,"married",6,5
"Iraq","male",21,"single",5,10
"Iraq","female",27,"married",7,5
"Iraq","male",23,"married",10,7
"Iraq","female",28,"married",2,2
"Iraq","male",27,"married",3,3
"Iraq","male",48,"married",9,5
"Iraq","male",65,"single",10,10
"Iraq","male",65,"single",7,4
"Iraq","female",65,"married",8,5
"Iraq","female",63,"divorced",6,5
"Iraq","male",62,"married",9,4
"Iraq","male",60,"single",9,5
"Iraq","male",59,"single",7,5
"Iraq","female",56,"married",10,4
"Iraq","male",65,"married",9,5
"Iraq","male",19,"single",8,10
"Iraq","male",21,"single",7,8
"Iraq","male",26,"married",7,5
"Iraq","female",28,"married",10,3
"Iraq","female",28,"married",8,7
"Iraq","female",29,"divorced",8,3
"Iraq","male",18,"married",7,8
"Iraq","female",19,"married",8,5
"Iraq","male",22,"single",8,7
"Iraq","male",51,"married",5,6
"Iraq","male",43,"married",9,6
"Iraq","female",26,"married",6,8
"Iraq","male",24,"single",10,5
"Iraq","female",54,"married",10,3
"Iraq","female",27,"married",7,8
"Iraq","female",22,"single",7,6
"Iraq","male",46,"married",5,4
"Iraq","female",52,"married",5,3
"Iraq","male",52,"married",8,3
"Iraq","female",25,"married",7,5
"Iraq","female",54,"married",8,4
"Iraq","male",46,"married",9,4
"Iraq","female",28,"married",10,3
"Iraq","female",27,"married",8,3
"Iraq","male",28,"married",8,9
"Iraq","female",49,"married",4,5
"Iraq","female",55,"married",7,6
"Iraq","male",23,"married",2,5
"Iraq","female",52,"widowed",6,5
"Iraq","male",29,"married",9,4
"Iraq","female",43,"married",7,4
"Iraq","female",18,"married",7,3
"Iraq","female",19,"married",8,5
"Iraq","male",43,"married",7,7
"Iraq","male",28,"married",6,8
"Iraq","female",29,"married",10,4
"Iraq","female",20,"married",7,8
"Iraq","male",29,"married",6,4
"Iraq","male",28,"married",10,4
"Iraq","female",20,"single",8,4
"Iraq","female",52,"widowed",8,3
"Iraq","male",25,"single",6,4
"Iraq","female",23,"married",8,4
"Iraq","female",21,"separated",7,4
"Iraq","male",25,"married",7,4
"Iraq","male",27,"single",8,5
"Iraq","female",23,"married",5,8
"Iraq","female",62,"married",7,3
"Iraq","female",62,"married",5,8
"Iraq","male",20,"single",2,5
"Iraq","female",61,"married",2,2
"Iraq","male",29,"married",8,3
"Iraq","female",24,"married",6,5
"Iraq","male",55,"married",6,4
"Iraq","male",58,"married",6,1
"Iraq","male",27,"married",10,5
"Iraq","male",21,"married",8,5
"Iraq","male",21,"single",4,5
"Iraq","male",60,"single",2,1
"Iraq","male",52,"married",5,3
"Iraq","male",41,"married",8,7
"Iraq","female",25,"married",10,5
"Iraq","male",22,"single",8,5
"Iraq","female",26,"married",8,7
"Iraq","male",51,"married",5,3
"Iraq","male",45,"married",8,4
"Iraq","female",27,"married",8,3
"Iraq","male",27,"married",8,4
"Iraq","male",44,"married",10,4
"Iraq","female",24,"married",10,6
"Iraq","male",25,"married",10,10
"Iraq","male",22,"married",7,5
"Iraq","female",48,"married",10,5
"Iraq","male",51,"married",10,5
"Iraq","female",28,"married",6,4
"Iraq","male",28,"married",8,7
"Iraq","male",45,"married",7,4
"Iraq","female",28,"single",5,3
"Iraq","female",24,"married",5,5
"Iraq","male",29,"married",8,9
"Iraq","male",26,"married",6,3
"Iraq","female",42,"married",5,5
"Iraq","female",46,"married",5,5
"Iraq","female",26,"divorced",3,2
"Iraq","female",46,"married",4,5
"Iraq","male",21,"single",8,2
"Iraq","female",44,"married",5,10
"Iraq","female",47,"married",5,5
"Iraq","female",19,"married",3,5
"Iraq","female",56,"married",7,8
"Iraq","female",55,"married",7,9
"Iraq","male",54,"married",10,5
"Iraq","female",18,"married",6,3
"Iraq","male",26,"single",5,1
"Iraq","female",43,"married",8,4
"Iraq","female",22,"married",8,5
"Iraq","female",63,"married",9,5
"Iraq","male",20,"single",7,8
"Iraq","male",22,"married",10,4
"Iraq","male",20,"married",5,5
"Iraq","male",50,"married",10,2
"Iraq","female",40,"married",5,5
"Iraq","female",21,"married",8,3
"Iraq","female",62,"married",10,5
"Iraq","female",21,"married",8,8
"Iraq","female",23,"married",5,2
"Iraq","female",44,"married",7,8
"Iraq","female",61,"married",9,5
"Iraq","female",24,"married",10,2
"Iraq","female",23,"single",6,9
"Iraq","male",24,"married",9,6
"Iraq","male",29,"single",9,5
"Iraq","male",45,"married",9,5
"Iraq","female",22,"single",6,2
"Iraq","male",27,"married",9,5
"Iraq","female",49,"married",9,4
"Iraq","female",24,"married",6,5
"Iraq","female",25,"married",8,4
"Iraq","female",26,"married",9,5
"Iraq","male",56,"married",5,5
"Iraq","female",27,"married",9,10
"Iraq","male",56,"married",5,3
"Iraq","female",28,"widowed",5,5
"Iraq","male",29,"single",5,3
"Iraq","female",49,"married",7,3
"Iraq","female",40,"married",5,4
"Iraq","male",49,"married",3,4
"Iraq","female",24,"married",2,4
"Iraq","male",47,"married",10,5
"Iraq","male",23,"single",9,10
"Iraq","male",19,"single",10,4
"Iraq","male",22,"single",10,10
"Iraq","male",24,"single",1,4
"Iraq","female",47,"married",5,5
"Iraq","female",23,"single",8,2
"Iraq","male",19,"married",9,5
"Iraq","female",45,"married",9,3
"Iraq","female",24,"single",5,5
"Iraq","female",20,"married",3,4
"Iraq","female",18,"married",9,4
"Iraq","male",27,"single",9,4
"Iraq","female",38,"married",5,3
"Iraq","male",25,"single",8,1
"Iraq","female",21,"married",10,4
"Iraq","female",21,"married",9,4
"Iraq","female",63,"married",6,5
"Iraq","male",38,"married",10,7
"Iraq","female",55,"widowed",6,3
"Iraq","female",18,"married",5,3
"Iraq","male",43,"married",8,2
"Iraq","male",46,"separated",3,3
"Iraq","male",20,"divorced",10,4
"Iraq","male",57,"married",8,4
"Iraq","male",65,"married",8,4
"Iraq","female",65,"widowed",6,4
"Iraq","female",27,"married",5,2
"Iraq","female",49,"widowed",5,5
"Iraq","female",47,"married",9,3
"Iraq","female",44,"married",10,4
"Iraq","female",58,"married",2,4
"Iraq","male",18,"single",7,4
"Iraq","female",61,"widowed",10,10
"Iraq","male",24,"single",6,4
"Iraq","female",54,"married",5,4
"Iraq","female",19,"married",9,5
"Iraq","female",27,"married",5,4
"Iraq","female",20,"married",8,3
"Iraq","female",58,"married",8,4
"Iraq","female",23,"married",6,4
"Iraq","female",20,"married",2,5
"Iraq","female",26,"married",5,5
"Iraq","female",21,"single",8,4
"Iraq","female",18,"married",9,5
"Iraq","female",65,"married",2,3
"Iraq","male",19,"single",5,5
"Iraq","female",23,"single",8,8
"Iraq","male",50,"married",10,10
"Iraq","female",24,"married",5,5
"Iraq","male",41,"married",10,4
"Iraq","female",18,"married",6,3
"Iraq","male",43,"married",9,9
"Iraq","male",43,"married",6,5
"Iraq","female",21,"married",9,5
"Iraq","female",45,"married",7,4
"Iraq","female",29,"married",10,10
"Iraq","female",27,"married",5,3
"Iraq","male",58,"married",7,5
"Iraq","male",25,"married",9,4
"Iraq","female",37,"married",7,3
"Iraq","female",45,"married",8,4
"Iraq","female",34,"married",3,4
"Iraq","female",50,"married",5,5
"Iraq","male",43,"married",9,3
"Iraq","male",52,"married",9,4
"Iraq","female",29,"single",5,10
"Iraq","female",39,"married",5,5
"Iraq","female",20,"married",5,4
"Iraq","female",46,"married",5,5
"Iraq","male",42,"married",9,4
"Iraq","female",21,"single",5,6
"Iraq","female",24,"separated",1,1
"Iraq","female",28,"married",9,4
"Iraq","male",49,"married",8,3
"Iraq","male",61,"married",10,4
"Iraq","female",45,"married",5,3
"Iraq","male",41,"married",7,5
"Iraq","female",28,"married",9,4
"Iraq","female",53,"widowed",4,4
"Iraq","female",23,"single",4,4
"Iraq","female",61,"married",6,4
"Iraq","female",29,"married",7,5
"Iraq","male",60,"married",9,4
"Iraq","male",23,"married",4,5
"Iraq","female",29,"single",8,5
"Iraq","male",28,"married",7,4
"Iraq","female",45,"divorced",3,5
"Iraq","female",35,"married",2,2
"Iraq","female",43,"married",4,5
"Iraq","female",38,"married",5,5
"Iraq","male",36,"married",5,4
"Iraq","male",23,"single",6,3
"Iraq","male",31,"married",1,2
"Iraq","male",33,"married",8,3
"Iraq","female",28,"single",6,3
"Iraq","male",35,"married",10,10
"Iraq","male",39,"married",6,3
"Iraq","female",31,"single",7,3
"Iraq","female",49,"married",3,3
"Iraq","female",19,"single",9,4
"Iraq","female",37,"married",2,3
"Iraq","male",30,"married",8,2
"Iraq","female",26,"married",5,1
"Iraq","female",48,"married",6,4
"Iraq","female",20,"single",5,3
"Iraq","male",31,"married",9,4
"Iraq","male",18,"single",5,3
"Iraq","female",42,"married",6,4
"Iraq","female",49,"married",9,10
"Iraq","male",35,"married",8,3
"Iraq","female",32,"married",7,8
"Iraq","female",48,"divorced",5,3
"Iraq","female",28,"married",8,5
"Iraq","female",33,"married",6,4
"Iraq","male",35,"married",6,4
"Iraq","female",24,"single",5,5
"Iraq","female",21,"single",6,1
"Iraq","male",46,"married",8,7
"Iraq","male",18,"single",6,4
"Iraq","male",32,"married",4,4
"Iraq","male",38,"married",7,4
"Iraq","male",19,"single",9,3
"Iraq","female",29,"separated",5,4
"Iraq","female",52,"married",3,4
"Iraq","male",36,"married",3,5
"Iraq","female",39,"married",7,3
"Iraq","male",23,"married",7,7
"Iraq","female",28,"single",5,5
"Iraq","female",23,"single",6,3
"Iraq","female",48,"married",5,5
"Iraq","female",36,"married",9,6
"Iraq","male",28,"married",9,4
"Iraq","male",42,"married",6,4
"Iraq","female",32,"married",10,4
"Iraq","male",40,"married",6,3
"Iraq","female",23,"married",7,3
"Iraq","male",43,"married",8,5
"Iraq","female",35,"single",3,2
"Iraq","female",32,"married",2,3
"Iraq","female",36,"married",6,5
"Iraq","male",35,"married",5,4
"Iraq","female",63,"widowed",10,5
"Iraq","female",35,"married",5,1
"Iraq","female",23,"single",2,2
"Iraq","male",33,"divorced",10,3
"Iraq","male",21,"single",6,5
"Iraq","female",52,"married",1,1
"Iraq","female",36,"married",8,8
"Iraq","female",44,"married",6,5
"Iraq","female",28,"single",6,5
"Iraq","female",34,"married",6,5
"Iraq","female",21,"single",9,4
"Iraq","male",19,"single",4,4
"Iraq","male",18,"single",8,3
"Iraq","female",47,"married",10,7
"Iraq","female",38,"married",4,3
"Iraq","female",27,"married",8,5
"Iraq","female",34,"married",7,4
"Iraq","female",43,"single",2,8
"Iraq","male",30,"married",9,3
"Iraq","female",44,"married",5,5
"Iraq","male",38,"married",5,3
"Iraq","male",48,"married",8,7
"Iraq","male",43,"married",7,5
"Iraq","male",28,"married",8,5
"Iraq","male",33,"married",5,4
"Iraq","male",48,"married",8,4
"Iraq","male",35,"married",8,3
"Iraq","male",37,"married",8,7
"Iraq","male",48,"married",4,5
"Iraq","female",32,"married",6,1
"Iraq","male",31,"married",6,1
"Iraq","female",48,"married",9,5
"Iraq","male",43,"married",10,4
"Iraq","female",32,"married",1,1
"Iraq","female",26,"single",3,4
"Iraq","male",33,"married",1,1
"Iraq","female",44,"widowed",7,4
"Iraq","male",39,"married",8,4
"Iraq","female",23,"married",8,4
"Iraq","female",18,"single",6,5
"Iraq","female",45,"married",1,1
"Iraq","female",40,"married",5,1
"Iraq","female",30,"single",10,4
"Iraq","female",25,"married",5,5
"Iraq","male",34,"married",8,4
"Iraq","male",37,"married",10,7
"Iraq","female",33,"married",6,3
"Iraq","male",48,"married",4,3
"Iraq","male",30,"married",9,4
"Iraq","male",21,"single",3,5
"Iraq","female",19,"single",5,5
"Iraq","female",30,"married",5,3
"Iraq","female",50,"married",10,4
"Iraq","female",35,"married",10,5
"Iraq","female",45,"married",10,4
"Iraq","female",43,"married",5,6
"Iraq","male",28,"single",2,2
"Iraq","male",38,"married",9,2
"Iraq","male",44,"married",1,1
"Iraq","female",30,"single",4,5
"Iraq","female",43,"married",5,3
"Iraq","female",58,"widowed",7,5
"Iraq","female",29,"married",5,1
"Iraq","female",22,"single",1,5
"Iraq","female",46,"married",7,5
"Iraq","female",18,"single",10,5
"Iraq","female",29,"married",5,2
"Iraq","female",22,"single",1,5
"Iraq","female",46,"married",5,4
"Iraq","female",34,"married",4,3
"Iraq","female",38,"married",10,3
"Iraq","female",38,"married",9,4
"Iraq","female",38,"married",8,4
"Iraq","female",34,"married",6,5
"Iraq","female",23,"single",2,4
"Iraq","male",62,"married",8,4
"Iraq","female",31,"married",9,9
"Iraq","female",20,"single",9,9
"Iraq","female",39,"married",8,4
"Iraq","male",46,"married",3,4
"Iraq","female",53,"married",5,4
"Iraq","male",64,"married",7,5
"Iraq","male",38,"married",8,5
"Iraq","male",39,"married",10,5
"Iraq","female",62,"married",3,3
"Iraq","male",18,"single",4,3
"Iraq","female",43,"married",7,7
"Iraq","male",38,"single",8,7
"Iraq","female",50,"married",6,5
"Iraq","female",23,"married",7,5
"Iraq","female",18,"single",7,5
"Iraq","female",28,"married",5,5
"Iraq","female",58,"married",6,4
"Iraq","male",27,"married",8,5
"Iraq","male",30,"married",6,7
"Iraq","female",64,"widowed",5,3
"Iraq","male",47,"married",9,6
"Iraq","female",35,"married",6,3
"Iraq","male",53,"married",4,5
"Iraq","male",55,"married",7,5
"Iraq","male",64,"married",3,3
"Iraq","male",33,"married",9,5
"Iraq","male",30,"married",8,5
"Iraq","male",63,"married",7,4
"Iraq","female",21,"married",4,4
"Iraq","female",45,"married",5,5
"Iraq","female",35,"married",5,3
"Iraq","male",27,"married",9,5
"Iraq","male",35,"married",4,3
"Iraq","male",41,"married",6,5
"Iraq","female",57,"divorced",6,5
"Iraq","male",36,"married",9,5
"Iraq","male",45,"married",10,4
"Iraq","male",60,"married",7,3
"Iraq","male",28,"married",7,4
"Iraq","female",23,"married",6,4
"Iraq","male",64,"married",10,3
"Iraq","male",27,"married",10,4
"Iraq","female",60,"married",6,5
"Iraq","male",19,"single",5,8
"Iraq","male",38,"married",7,4
"Iraq","male",32,"married",8,4
"Iraq","female",41,"married",7,3
"Iraq","female",21,"single",6,3
"Iraq","female",51,"married",8,3
"Iraq","male",28,"married",7,3
"Iraq","male",30,"married",6,3
"Iraq","male",31,"single",6,4
"Iraq","female",45,"married",6,3
"Iraq","female",38,"married",7,6
"Iraq","male",62,"married",7,3
"Iraq","male",27,"married",7,5
"Iraq","male",23,"married",10,3
"Iraq","male",36,"married",10,4
"Iraq","female",40,"married",6,3
"Iraq","male",47,"married",8,6
"Iraq","male",18,"single",8,7
"Iraq","female",20,"single",7,4
"Iraq","female",48,"married",6,3
"Iraq","female",22,"single",8,5
"Iraq","female",54,"married",6,4
"Iraq","male",49,"married",10,4
"Iraq","male",36,"married",9,8
"Iraq","female",29,"single",4,4
"Iraq","male",59,"married",8,5
"Iraq","male",28,"married",7,4
"Iraq","female",46,"married",5,3
"Iraq","male",50,"married",5,5
"Iraq","male",32,"married",7,5
"Iraq","male",38,"single",9,3
"Iraq","male",18,"single",4,8
"Iraq","male",26,"married",8,8
"Iraq","male",55,"married",6,4
"Iraq","female",45,"married",4,5
"Iraq","female",23,"married",4,3
"Iraq","male",18,"single",4,3
"Iraq","female",43,"married",7,3
"Iraq","male",60,"married",9,3
"Iraq","male",49,"married",8,4
"Iraq","female",45,"married",5,5
"Iraq","female",47,"married",6,3
"Iraq","male",46,"married",8,4
"Iraq","male",60,"married",8,7
"Iraq","female",33,"married",7,3
"Iraq","male",18,"single",7,4
"Iraq","male",25,"single",5,5
"Iraq","male",37,"married",5,4
"Iraq","female",48,"married",4,5
"Iraq","female",41,"married",8,4
"Iraq","female",27,"married",10,3
"Iraq","female",40,"single",6,5
"Iraq","female",60,"married",6,5
"Iraq","male",33,"married",8,7
"Iraq","male",38,"married",8,6
"Iraq","female",50,"married",5,4
"Iraq","male",26,"married",5,5
"Iraq","male",39,"married",10,4
"Iraq","female",28,"married",10,5
"Iraq","female",43,"married",7,3
"Iraq","female",33,"married",7,4
"Iraq","male",53,"married",8,5
"Iraq","male",38,"married",8,4
"Iraq","male",25,"single",8,6
"Iraq","female",64,"married",5,5
"Iraq","male",35,"married",6,3
"Iraq","female",53,"married",6,5
"Iraq","female",43,"married",4,3
"Iraq","male",54,"married",7,3
"Iraq","male",21,"married",7,5
"Iraq","male",38,"married",6,3
"Iraq","female",47,"married",4,4
"Iraq","male",59,"married",5,4
"Iraq","female",43,"married",5,5
"Iraq","female",48,"married",5,5
"Iraq","female",35,"married",7,5
"Iraq","male",39,"married",6,3
"Iraq","male",34,"married",5,5
"Iraq","male",36,"married",6,3
"Iraq","female",20,"single",5,5
"Iraq","female",32,"married",7,3
"Iraq","female",34,"single",5,3
"Iraq","female",20,"single",7,5
"Iraq","female",28,"married",5,4
"Iraq","female",46,"separated",8,5
"Iraq","female",36,"married",3,5
"Iraq","male",23,"single",7,4
"Iraq","male",50,"married",6,3
"Iraq","male",47,"married",5,5
"Iraq","female",36,"married",5,3
"Iraq","male",18,"single",8,3
"Iraq","male",45,"married",8,4
"Iraq","male",18,"single",5,4
"Iraq","female",18,"single",5,4
"Iraq","female",38,"married",9,3
"Iraq","female",36,"married",7,3
"Iraq","male",53,"married",5,5
"Iraq","male",30,"married",8,5
"Iraq","male",40,"divorced",10,4
"Iraq","male",52,"married",6,4
"Iraq","male",51,"married",6,3
"Iraq","male",58,"married",6,3
"Iraq","male",60,"married",10,5
"Iraq","female",41,"married",8,4
"Iraq","male",63,"married",3,2
"Iraq","male",41,"married",6,2
"Iraq","female",18,"single",10,3
"Iraq","female",34,"married",8,2
"Iraq","female",48,"married",7,3
"Iraq","male",19,"married",6,3
"Iraq","female",29,"married",7,10
"Iraq","female",39,"single",6,4
"Iraq","male",29,"married",7,5
"Iraq","male",25,"single",6,4
"Iraq","male",19,"single",5,5
"Iraq","male",55,"married",5,5
"Iraq","female",48,"married",6,3
"Iraq","female",30,"married",7,4
"Iraq","male",48,"married",5,5
"Iraq","male",24,"single",10,5
"Iraq","male",24,"married",10,5
"Iraq","male",28,"married",5,4
"Iraq","male",30,"single",5,5
"Iraq","male",22,"married",5,1
"Iraq","male",29,"single",9,5
"Iraq","female",63,"widowed",10,4
"Iraq","male",52,"married",7,5
"Iraq","male",22,"single",6,3
"Iraq","male",20,"single",6,6
"Iraq","male",31,"married",9,7
"Iraq","male",45,"married",6,3
"Iraq","female",34,"married",10,3
"Iraq","female",26,"married",8,5
"Iraq","female",39,"married",6,4
"Iraq","male",32,"married",1,2
"Iraq","male",22,"single",10,5
"Iraq","male",30,"married",5,3
"Iraq","male",22,"married",8,3
"Iraq","female",36,"married",7,3
"Iraq","male",25,"single",5,5
"Iraq","male",27,"married",5,2
"Iraq","female",33,"married",6,5
"Iraq","male",23,"single",8,5
"Iraq","male",20,"single",7,4
"Iraq","male",21,"married",5,3
"Iraq","female",38,"married",6,5
"Iraq","male",46,"married",10,4
"Iraq","male",41,"married",8,3
"Iraq","male",24,"widowed",8,5
"Iraq","female",29,"married",10,10
"Iraq","male",47,"married",6,3
"Iraq","male",38,"married",7,3
"Iraq","female",63,"married",7,3
"Iraq","male",40,"widowed",8,1
"Iraq","female",48,"married",10,5
"Iraq","female",52,"married",10,5
"Iraq","female",28,"married",10,1
"Iraq","male",29,"married",7,10
"Iraq","male",38,"married",8,4
"Iraq","female",39,"single",6,2
"Iraq","female",18,"single",1,4
"Iraq","female",38,"married",10,2
"Iraq","female",37,"married",6,5
"Iraq","female",39,"married",8,5
"Iraq","male",49,"married",9,4
"Iraq","male",42,"married",5,5
"Iraq","male",50,"married",5,3
"Iraq","female",41,"married",7,4
"Iraq","female",33,"married",8,4
"Iraq","female",36,"married",9,5
"Iraq","female",48,"married",8,4
"Iraq","female",28,"married",7,4
"Iraq","male",36,"married",6,4
"Iraq","male",41,"married",7,3
"Iraq","male",46,"married",8,3
"Iraq","male",25,"single",8,3
"Iraq","female",30,"married",3,1
"Iraq","female",22,"single",4,3
"Iraq","male",19,"single",7,3
"Iraq","male",22,"married",5,2
"Iraq","male",25,"married",7,5
"Iraq","male",54,"married",6,5
"Iraq","male",27,"single",10,5
"Iraq","male",24,"single",6,5
"Iraq","male",37,"married",9,3
"Iraq","female",22,"single",10,8
"Iraq","female",50,"married",10,3
"Iraq","female",52,"married",8,9
"Iraq","female",33,"married",10,3
"Iraq","female",38,"married",6,5
"Iraq","male",28,"single",8,5
"Iraq","male",19,"single",6,3
"Iraq","male",25,"married",9,5
"Iraq","female",39,"married",7,5
"Iraq","male",35,"married",6,5
"Iraq","male",65,"married",10,3
"Iraq","male",30,"single",5,1
"Iraq","male",29,"married",7,5
"Iraq","male",36,"married",5,5
"Iraq","male",36,"married",4,5
"Iraq","male",21,"married",10,10
"Iraq","female",60,"married",7,3
"Iraq","female",35,"divorced",8,3
"Iraq","female",38,"married",5,5
"Iraq","female",18,"single",6,3
"Iraq","female",30,"married",8,4
"Iraq","female",30,"married",6,5
"Iraq","female",40,"single",6,3
"Iraq","female",36,"separated",5,1
"Iraq","male",41,"married",5,5
"Iraq","male",50,"married",5,5
"Iraq","male",23,"married",6,3
"Iraq","male",53,"single",6,3
"Iraq","male",33,"married",6,3
"Iraq","female",33,"married",7,4
"Iraq","male",36,"married",8,4
"Iraq","female",58,"married",6,4
"Iraq","female",65,"married",10,4
"Iraq","male",35,"married",6,3
"Iraq","male",55,"married",6,3
"Iraq","male",44,"married",5,5
"Iraq","male",44,"married",10,4
"Iraq","male",24,"single",5,2
"Iraq","male",45,"married",1,1
"Iraq","female",29,"married",10,2
"Iraq","female",54,"married",8,3
"Iraq","male",34,"married",6,2
"Iraq","male",26,"married",6,3
"Iraq","male",30,"single",8,4
"Iraq","female",34,"married",5,7
"Iraq","male",20,"single",2,2
"Iraq","male",26,"married",4,3
"Iraq","male",26,"single",6,5
"Iraq","male",35,"married",9,1
"Iraq","female",44,"married",5,3
"Iraq","male",42,"married",8,3
"Iraq","female",49,"married",3,3
"Iraq","female",37,"married",6,5
"Iraq","male",48,"married",7,1
"Iraq","female",52,"widowed",8,3
"Iraq","male",33,"married",9,5
"Iraq","male",47,"single",10,2
"Iraq","male",26,"single",7,5
"Iraq","male",28,"single",6,3
"Iraq","male",55,"married",10,4
"Iraq","male",49,"married",7,5
"Iraq","female",27,"married",6,4
"Iraq","male",29,"divorced",7,5
"Iraq","male",28,"single",6,1
"Iraq","female",20,"single",10,5
"Iraq","male",24,"single",8,2
"Iraq","male",48,"married",4,5
"Iraq","male",46,"married",8,4
"Iraq","male",22,"single",5,3
"Iraq","male",47,"married",10,4
"Iraq","male",26,"single",7,3
"Iraq","female",33,"married",7,3
"Iraq","female",29,"divorced",8,3
"Iraq","male",53,"married",9,9
"Iraq","female",28,"married",10,9
"Iraq","male",30,"married",10,6
"Iraq","female",47,"married",10,2
"Iraq","male",23,"single",4,5
"Iraq","male",44,"single",7,1
"Iraq","male",46,"married",7,7
"Iraq","male",28,"married",5,4
"Iraq","male",33,"married",5,10
"Iraq","female",38,"married",5,5
"Iraq","female",21,"single",8,5
"Iraq","female",44,"married",7,2
"Iraq","male",31,"married",8,8
"Iraq","male",30,"married",7,7
"Iraq","male",23,"single",4,5
"Iraq","male",23,"single",6,5
"Iraq","female",45,"married",7,8
"Iraq","male",23,"single",9,9
"Iraq","male",19,"single",5,3
"Iraq","male",46,"married",8,8
"Iraq","female",22,"single",7,5
"Japan","male",70,"married",8,7
"Japan","male",86,"married",7,8
"Japan","male",70,"married",6,7
"Japan","female",80,"widowed",2,1
"Japan","female",31,"married",8,9
"Japan","female",56,"married",5,5
"Japan","female",68,"married",4,6
"Japan","male",43,"married",5,8
"Japan","male",28,"single",5,4
"Japan","male",59,"married",7,8
"Japan","female",24,"single",7,8
"Japan","female",66,"married",5,7
"Japan","male",36,"single",5,5
"Japan","female",39,"married",6,5
"Japan","male",56,"married",8,8
"Japan","female",80,"divorced",5,5
"Japan","female",76,"married",5,5
"Japan","male",72,"married",7,7
"Japan","female",36,"married",6,8
"Japan","female",68,"divorced",8,9
"Japan","female",74,"widowed",7,8
"Japan","male",80,"married",6,8
"Japan","female",33,"married",8,8
"Japan","female",43,"married",8,9
"Japan","female",46,"married",3,5
"Japan","female",78,"widowed",6,5
"Japan","male",40,"divorced",7,6
"Japan","female",24,"single",7,8
"Japan","female",25,"single",7,6
"Japan","male",27,"single",3,4
"Japan","male",36,"married",6,5
"Japan","male",63,"married",7,8
"Japan","female",53,"married",7,8
"Japan","male",53,"married",7,8
"Japan","male",35,"single",8,8
"Japan","female",80,"married",4,7
"Japan","male",69,"married",6,7
"Japan","male",43,"married",3,4
"Japan","male",23,"single",7,8
"Japan","male",65,"married",5,5
"Japan","female",76,"widowed",8,8
"Japan","female",81,"widowed",6,7
"Japan","male",25,"single",5,7
"Japan","female",42,"married",4,6
"Japan","female",43,"married",7,6
"Japan","female",78,"married",6,7
"Japan","male",64,"married",4,5
"Japan","male",48,"married",9,8
"Japan","male",23,"single",6,6
"Japan","female",49,"single",5,6
"Japan","female",36,"married",8,8
"Japan","female",41,"married",8,8
"Japan","male",57,"married",7,7
"Japan","male",55,"married",3,3
"Japan","male",32,"married",8,7
"Japan","female",61,"married",5,7
"Japan","female",60,"married",7,7
"Japan","female",57,"married",5,8
"Japan","female",58,"married",8,8
"Japan","male",34,"single",4,3
"Japan","female",64,"married",3,5
"Japan","female",63,"widowed",2,7
"Japan","female",60,"widowed",5,5
"Japan","male",82,"married",6,6
"Japan","female",56,"married",4,4
"Japan","female",30,"married",9,7
"Japan","female",79,"married",6,8
"Japan","male",52,"married",8,7
"Japan","female",54,"married",5,5
"Japan","female",75,"married",6,8
"Japan","male",74,"married",5,4
"Japan","female",24,"single",10,8
"Japan","male",33,"married",4,5
"Japan","female",67,"married",3,5
"Japan","female",42,"married",8,7
"Japan","male",66,"married",7,8
"Japan","female",73,"married",4,8
"Japan","female",61,"living together as married",7,7
"Japan","male",50,"married",4,3
"Japan","female",35,"married",8,7
"Japan","female",37,"married",7,7
"Japan","male",35,"married",5,10
"Japan","female",32,"single",5,1
"Japan","female",58,"married",6,8
"Japan","male",47,"married",5,7
"Japan","female",63,"married",7,8
"Japan","male",81,"married",5,8
"Japan","male",53,"married",5,3
"Japan","male",57,"married",3,1
"Japan","female",88,"widowed",6,6
"Japan","male",76,"married",4,7
"Japan","female",77,"married",1,5
"Japan","female",77,"widowed",8,7
"Japan","male",66,"married",6,7
"Japan","female",57,"married",8,8
"Japan","female",55,"married",7,8
"Japan","female",50,"widowed",4,6
"Japan","male",77,"married",7,7
"Japan","male",53,"married",8,7
"Japan","female",62,"married",8,8
"Japan","male",50,"married",8,8
"Japan","male",55,"married",5,8
"Japan","male",55,"single",5,5
"Japan","male",43,"widowed",3,2
"Japan","male",45,"married",5,8
"Japan","male",27,"single",6,6
"Japan","female",67,"widowed",5,8
"Japan","male",69,"widowed",3,7
"Japan","male",57,"married",6,8
"Japan","female",49,"married",4,3
"Japan","female",63,"married",5,8
"Japan","female",82,"married",1,5
"Japan","male",49,"married",9,9
"Japan","female",36,"married",4,4
"Japan","male",82,"married",7,8
"Japan","male",25,"single",8,7
"Japan","female",46,"married",6,8
"Japan","female",66,"widowed",7,8
"Japan","female",28,"single",8,8
"Japan","male",40,"married",7,7
"Japan","female",67,"married",8,7
"Japan","female",19,"single",7,7
"Japan","male",80,"single",8,10
"Japan","female",57,"married",8,10
"Japan","male",54,"married",6,6
"Japan","male",63,"married",7,10
"Japan","female",91,"married",5,9
"Japan","female",56,"divorced",8,7
"Japan","male",79,"married",10,8
"Japan","female",23,"married",3,3
"Japan","male",31,"married",10,7
"Japan","male",69,"married",6,9
"Japan","male",67,"married",8,9
"Japan","male",57,"married",4,6
"Japan","male",32,"single",6,6
"Japan","male",41,"married",5,9
"Japan","female",54,"married",8,8
"Japan","female",19,"single",8,7
"Japan","female",53,"married",4,7
"Japan","female",32,"married",8,9
"Japan","female",64,"married",8,9
"Japan","female",48,"married",5,5
"Japan","male",47,"married",7,9
"Japan","female",47,"married",5,5
"Japan","male",38,"married",10,4
"Japan","female",43,"married",7,7
"Japan","male",72,"widowed",8,7
"Japan","female",25,"single",5,7
"Japan","female",64,"married",7,8
"Japan","male",65,"single",7,3
"Japan","female",58,"married",7,8
"Japan","female",26,"single",8,10
"Japan","female",57,"married",8,10
"Japan","female",58,"married",6,7
"Japan","female",71,"married",9,9
"Japan","male",48,"married",6,7
"Japan","female",55,"married",5,5
"Japan","male",52,"married",6,8
"Japan","female",80,"widowed",7,6
"Japan","male",37,"married",8,8
"Japan","female",73,"divorced",7,3
"Japan","male",79,"married",3,7
"Japan","female",32,"married",7,7
"Japan","male",63,"married",4,7
"Japan","female",80,"married",6,7
"Japan","male",45,"married",3,7
"Japan","male",43,"married",5,5
"Japan","male",80,"married",5,5
"Japan","female",44,"married",6,8
"Japan","female",39,"married",8,8
"Japan","male",35,"married",7,8
"Japan","male",77,"married",5,7
"Japan","female",55,"divorced",5,9
"Japan","female",63,"married",7,8
"Japan","male",21,"single",10,9
"Japan","male",42,"divorced",3,4
"Japan","male",57,"married",8,8
"Japan","female",59,"divorced",5,9
"Japan","male",60,"married",8,8
"Japan","male",49,"married",3,5
"Japan","male",51,"single",5,6
"Japan","male",61,"married",5,8
"Japan","male",81,"married",5,7
"Japan","male",39,"married",4,6
"Japan","female",77,"widowed",5,8
"Japan","female",25,"single",8,8
"Japan","female",75,"widowed",1,1
"Japan","female",59,"married",5,8
"Japan","male",45,"married",6,6
"Japan","male",81,"married",8,6
"Japan","male",57,"married",7,7
"Japan","female",47,"married",8,8
"Japan","male",72,"married",5,4
"Japan","male",49,"married",4,4
"Japan","male",46,"married",7,7
"Japan","male",44,"married",4,6
"Japan","male",72,"married",5,7
"Japan","female",43,"married",2,6
"Japan","male",46,"married",4,8
"Japan","female",85,"widowed",6,7
"Japan","male",39,"married",7,7
"Japan","female",65,"married",7,7
"Japan","female",55,"married",6,6
"Japan","female",31,"married",4,5
"Japan","male",77,"married",6,4
"Japan","female",46,"married",5,9
"Japan","female",37,"married",5,4
"Japan","male",59,"married",8,9
"Japan","male",37,"single",7,8
"Japan","male",66,"married",8,8
"Japan","female",57,"married",7,6
"Japan","female",41,"married",6,8
"Japan","male",71,"married",6,7
"Japan","female",22,"single",8,4
"Japan","female",81,"single",3,6
"Japan","male",65,"married",8,8
"Japan","female",53,"married",7,6
"Japan","female",82,"widowed",3,7
"Japan","female",60,"married",4,8
"Japan","male",72,"married",7,9
"Japan","female",43,"married",6,6
"Japan","male",53,"single",6,7
"Japan","female",54,"living together as married",7,5
"Japan","female",31,"married",5,9
"Japan","female",80,"married",5,6
"Japan","male",82,"married",8,7
"Japan","male",70,"married",6,9
"Japan","female",65,"married",5,8
"Japan","female",58,"married",5,6
"Japan","male",80,"married",7,6
"Japan","female",66,"married",5,6
"Japan","female",52,"married",6,9
"Japan","male",46,"married",10,7
"Japan","male",50,"married",9,8
"Japan","male",21,"single",8,7
"Japan","female",62,"married",8,7
"Japan","female",54,"married",8,8
"Japan","male",64,"married",2,6
"Japan","female",73,"married",5,8
"Japan","female",77,"divorced",8,8
"Japan","male",73,"married",10,10
"Japan","female",30,"single",5,7
"Japan","male",81,"married",5,6
"Japan","male",81,"widowed",5,7
"Japan","female",64,"married",5,10
"Japan","female",71,"widowed",4,8
"Japan","female",27,"married",4,6
"Japan","male",40,"married",10,10
"Japan","female",70,"widowed",7,7
"Japan","male",81,"widowed",4,5
"Japan","male",47,"married",6,9
"Japan","female",71,"married",3,5
"Japan","female",28,"married",3,2
"Japan","female",63,"married",7,7
"Japan","female",75,"married",5,10
"Japan","male",78,"married",3,5
"Japan","female",53,"married",7,8
"Japan","male",43,"married",8,9
"Japan","female",37,"married",4,8
"Japan","female",47,"married",7,6
"Japan","female",21,"single",8,9
"Japan","male",59,"married",8,9
"Japan","female",34,"married",7,7
"Japan","female",36,"married",8,9
"Japan","male",69,"married",5,5
"Japan","female",64,"married",5,8
"Japan","male",68,"married",8,9
"Japan","male",31,"married",6,8
"Japan","male",76,"divorced",1,9
"Japan","male",64,"married",8,10
"Japan","female",55,"married",5,6
"Japan","female",56,"married",8,5
"Japan","male",32,"single",4,5
"Japan","female",63,"married",3,5
"Japan","female",80,"married",5,7
"Japan","female",20,"single",7,7
"Japan","female",58,"married",7,7
"Japan","female",68,"single",5,7
"Japan","female",59,"married",7,9
"Japan","female",67,"widowed",6,6
"Japan","male",64,"married",4,5
"Japan","female",77,"widowed",5,8
"Japan","male",64,"married",6,7
"Japan","male",44,"married",7,6
"Japan","female",48,"married",7,8
"Japan","female",53,"divorced",10,7
"Japan","female",68,"married",7,8
"Japan","male",56,"single",5,7
"Japan","female",39,"married",8,7
"Japan","male",50,"single",8,8
"Japan","female",80,"married",5,4
"Japan","female",74,"married",7,8
"Japan","male",78,"widowed",6,7
"Japan","male",76,"married",5,5
"Japan","male",65,"married",8,8
"Japan","male",69,"married",5,4
"Japan","female",38,"married",8,8
"Japan","male",81,"married",7,7
"Japan","female",77,"married",8,8
"Japan","male",56,"married",5,5
"Japan","male",47,"married",9,8
"Japan","male",69,"married",2,6
"Japan","female",71,"married",7,8
"Japan","female",46,"married",4,5
"Japan","female",75,"divorced",4,3
"Japan","female",38,"married",8,9
"Japan","female",71,"married",5,10
"Japan","female",70,"married",1,1
"Japan","male",72,"married",3,3
"Japan","female",64,"married",7,8
"Japan","male",55,"married",7,8
"Japan","female",60,"married",5,8
"Japan","female",86,"widowed",8,8
"Japan","female",62,"married",7,7
"Japan","male",73,"married",5,5
"Japan","male",69,"married",10,8
"Japan","male",73,"married",5,7
"Japan","male",34,"married",4,9
"Japan","female",47,"married",5,8
"Japan","female",22,"single",7,7
"Japan","female",81,"married",10,10
"Japan","male",74,"married",5,5
"Japan","female",25,"married",4,6
"Japan","female",62,"married",6,6
"Japan","female",60,"married",3,9
"Japan","male",75,"married",4,6
"Japan","male",43,"married",7,6
"Japan","male",43,"single",7,7
"Japan","female",49,"married",8,8
"Japan","male",70,"married",2,1
"Japan","female",19,"single",8,8
"Japan","female",31,"single",6,4
"Japan","female",27,"married",7,8
"Japan","female",40,"married",6,7
"Japan","male",45,"single",5,2
"Japan","female",26,"married",5,8
"Japan","female",24,"single",7,5
"Japan","female",50,"single",8,7
"Japan","male",41,"married",8,8
"Japan","female",80,"married",7,7
"Japan","male",60,"married",5,5
"Japan","female",49,"married",6,6
"Japan","male",65,"married",5,9
"Japan","female",41,"married",3,1
"Japan","male",78,"married",8,8
"Japan","female",45,"married",8,10
"Japan","male",71,"single",7,7
"Japan","female",71,"married",8,9
"Japan","male",72,"married",5,3
"Japan","male",20,"single",6,7
"Japan","male",81,"married",7,8
"Japan","male",81,"married",7,7
"Japan","male",70,"married",6,8
"Japan","female",76,"married",8,9
"Japan","female",77,"married",5,7
"Japan","female",49,"married",1,1
"Japan","female",80,"widowed",8,8
"Japan","female",49,"married",7,6
"Japan","male",76,"married",4,7
"Japan","male",56,"married",5,7
"Japan","male",76,"married",4,6
"Japan","male",20,"single",5,6
"Japan","female",52,"married",5,7
"Japan","male",74,"married",2,9
"Japan","male",68,"married",2,6
"Japan","male",68,"divorced",7,5
"Japan","male",37,"married",7,7
"Japan","female",39,"divorced",3,5
"Japan","male",71,"married",7,7
"Japan","male",60,"divorced",6,9
"Japan","male",65,"married",3,2
"Japan","female",35,"married",7,8
"Japan","male",78,"married",3,5
"Japan","male",19,"single",5,5
"Japan","female",63,"married",7,7
"Japan","female",25,"single",6,5
"Japan","female",72,"single",8,8
"Japan","female",23,"married",3,7
"Japan","female",30,"married",5,6
"Japan","female",29,"married",1,8
"Japan","male",45,"single",6,4
"Japan","male",69,"married",6,7
"Japan","female",70,"married",9,9
"Japan","female",25,"single",7,8
"Japan","female",80,"widowed",10,10
"Japan","female",75,"married",5,5
"Japan","male",49,"married",8,10
"Japan","female",71,"married",6,7
"Japan","male",41,"married",5,7
"Japan","female",42,"married",8,4
"Japan","female",76,"married",3,7
"Japan","female",69,"widowed",5,8
"Japan","male",61,"married",7,8
"Japan","female",68,"married",5,7
"Japan","female",76,"divorced",4,4
"Japan","female",88,"widowed",7,8
"Japan","male",82,"married",7,8
"Japan","male",67,"married",6,8
"Japan","female",34,"married",10,9
"Japan","female",42,"divorced",7,8
"Japan","male",70,"married",3,6
"Japan","female",21,"single",4,4
"Japan","male",37,"married",10,8
"Japan","female",58,"married",10,10
"Japan","female",43,"single",7,6
"Japan","male",63,"married",7,8
"Japan","female",75,"married",6,7
"Japan","female",81,"married",7,7
"Japan","female",55,"married",7,9
"Japan","male",78,"married",7,6
"Japan","male",70,"married",4,8
"Japan","female",26,"single",5,7
"Japan","female",39,"married",7,7
"Japan","female",56,"married",5,4
"Japan","female",41,"married",6,6
"Japan","male",56,"married",2,5
"Japan","female",81,"divorced",5,5
"Japan","male",29,"married",8,9
"Japan","female",82,"widowed",8,10
"Japan","female",44,"married",9,10
"Japan","female",63,"widowed",5,3
"Japan","male",61,"married",10,2
"Japan","male",69,"married",8,7
"Japan","female",45,"married",6,6
"Japan","female",52,"divorced",5,7
"Japan","male",47,"married",10,8
"Japan","female",33,"married",8,8
"Japan","male",22,"single",7,8
"Japan","male",35,"single",5,5
"Japan","female",65,"married",9,8
"Japan","male",71,"married",4,8
"Japan","male",61,"married",6,7
"Japan","male",79,"married",4,4
"Japan","male",80,"married",5,6
"Japan","male",58,"married",5,7
"Japan","female",42,"married",8,8
"Japan","female",39,"married",5,7
"Japan","male",39,"married",2,2
"Japan","female",59,"married",7,6
"Japan","male",64,"divorced",4,3
"Japan","female",45,"married",6,6
"Japan","male",45,"married",8,5
"Japan","female",58,"married",7,7
"Japan","male",76,"married",7,7
"Japan","female",71,"separated",5,6
"Japan","male",71,"married",8,7
"Japan","male",80,"married",7,7
"Japan","female",70,"divorced",5,5
"Japan","female",46,"married",8,6
"Japan","male",66,"married",6,8
"Japan","female",44,"married",5,10
"Japan","female",71,"married",7,6
"Japan","male",70,"married",6,7
"Japan","female",64,"married",5,5
"Japan","male",82,"widowed",5,6
"Japan","female",50,"divorced",3,5
"Japan","female",80,"married",5,8
"Japan","female",71,"widowed",7,9
"Japan","female",82,"widowed",10,10
"Japan","female",23,"single",3,3
"Japan","male",38,"married",5,5
"Japan","female",59,"married",5,6
"Japan","female",70,"married",1,6
"Japan","female",53,"married",8,6
"Japan","male",40,"married",9,10
"Japan","female",42,"divorced",6,7
"Japan","male",70,"married",6,8
"Japan","female",61,"married",7,8
"Japan","male",39,"divorced",8,6
"Japan","male",59,"married",7,8
"Japan","female",40,"married",5,7
"Japan","male",60,"married",7,8
"Japan","female",32,"married",4,7
"Japan","female",22,"single",8,9
"Japan","male",64,"married",4,5
"Japan","female",81,"single",3,10
"Japan","female",69,"divorced",6,9
"Japan","female",73,"widowed",6,7
"Japan","female",82,"married",1,5
"Japan","female",42,"married",7,10
"Japan","female",62,"married",8,9
"Japan","male",78,"married",8,10
"Japan","female",81,"widowed",7,6
"Japan","female",36,"divorced",9,7
"Japan","male",49,"married",7,7
"Japan","male",76,"married",7,7
"Japan","male",80,"married",10,10
"Japan","male",48,"married",9,9
"Japan","male",55,"married",4,3
"Japan","male",66,"married",10,9
"Japan","male",65,"married",8,8
"Japan","female",52,"divorced",5,8
"Japan","female",45,"married",7,8
"Japan","male",65,"divorced",3,6
"Japan","male",81,"married",7,5
"Japan","male",66,"married",6,4
"Japan","female",63,"married",2,4
"Japan","female",52,"married",7,6
"Japan","male",19,"single",3,7
"Japan","male",45,"married",4,9
"Japan","male",54,"married",3,3
"Japan","female",62,"married",3,9
"Japan","male",61,"married",7,4
"Japan","female",39,"married",7,9
"Japan","female",48,"married",6,7
"Japan","female",82,"married",7,8
"Japan","male",94,"widowed",5,8
"Japan","female",66,"married",5,9
"Japan","male",82,"married",6,5
"Japan","female",45,"single",10,8
"Japan","female",60,"married",5,7
"Japan","male",60,"married",3,3
"Japan","male",54,"divorced",7,6
"Japan","male",45,"single",4,5
"Japan","male",64,"married",3,3
"Japan","male",69,"married",5,9
"Japan","female",60,"single",7,7
"Japan","male",71,"married",3,4
"Japan","female",54,"married",8,8
"Japan","male",73,"married",7,8
"Japan","male",75,"widowed",10,10
"Japan","male",41,"married",8,7
"Japan","male",57,"married",7,7
"Japan","female",34,"married",9,8
"Japan","female",33,"married",6,8
"Japan","male",28,"married",3,3
"Japan","female",67,"married",6,7
"Japan","male",59,"married",6,7
"Japan","female",91,"widowed",1,10
"Japan","female",46,"divorced",3,2
"Japan","male",46,"living together as married",7,5
"Japan","male",30,"divorced",3,2
"Japan","female",40,"married",3,8
"Japan","female",22,"single",10,5
"Japan","male",73,"married",3,6
"Japan","female",41,"married",8,7
"Japan","male",77,"married",8,8
"Japan","male",66,"married",5,9
"Japan","male",40,"married",7,6
"Japan","male",53,"married",7,7
"Japan","male",33,"married",8,5
"Japan","female",36,"single",4,6
"Japan","female",70,"married",7,7
"Japan","female",64,"divorced",5,7
"Japan","female",42,"married",8,8
"Japan","female",35,"married",8,8
"Japan","female",58,"married",8,8
"Japan","male",44,"married",4,4
"Japan","female",33,"single",3,3
"Japan","female",37,"married",7,9
"Japan","female",80,"married",6,7
"Japan","female",41,"married",7,9
"Japan","female",51,"married",8,8
"Japan","female",60,"married",8,9
"Japan","female",65,"married",6,8
"Japan","female",25,"single",7,7
"Japan","female",66,"married",7,7
"Japan","female",31,"married",8,8
"Japan","female",45,"married",6,9
"Japan","female",22,"single",10,10
"Japan","female",53,"married",5,4
"Japan","female",68,"married",4,3
"Japan","male",44,"married",8,8
"Japan","female",48,"married",5,6
"Japan","female",45,"married",5,7
"Japan","male",56,"married",1,1
"Japan","male",22,"single",7,8
"Japan","female",40,"married",5,5
"Japan","female",75,"married",7,4
"Japan","male",45,"married",3,6
"Japan","male",80,"married",8,9
"Japan","female",60,"married",4,7
"Japan","male",71,"married",8,9
"Japan","female",66,"widowed",2,6
"Japan","male",75,"married",5,8
"Japan","female",61,"married",8,8
"Japan","female",70,"married",5,5
"Japan","male",50,"divorced",3,3
"Japan","male",71,"married",4,9
"Japan","female",75,"married",7,7
"Japan","male",49,"living together as married",5,7
"Japan","female",56,"married",2,2
"Japan","female",74,"married",9,9
"Japan","female",80,"married",6,8
"Japan","male",57,"married",6,7
"Japan","male",51,"married",8,8
"Japan","male",68,"married",5,8
"Japan","female",33,"married",6,8
"Japan","female",25,"divorced",8,1
"Japan","male",70,"married",5,5
"Japan","male",77,"married",7,7
"Japan","male",81,"married",7,9
"Japan","female",60,"married",5,7
"Japan","female",71,"married",6,7
"Japan","female",37,"single",7,7
"Japan","male",34,"married",5,5
"Japan","female",20,"single",8,8
"Japan","male",51,"married",6,7
"Japan","female",82,"widowed",8,9
"Japan","male",74,"married",10,8
"Japan","female",40,"married",2,3
"Japan","female",20,"single",9,9
"Japan","male",80,"married",4,8
"Japan","male",39,"married",8,9
"Japan","female",72,"married",7,7
"Japan","female",66,"married",8,8
"Japan","female",82,"married",5,6
"Japan","female",19,"single",5,4
"Japan","female",71,"married",6,5
"Japan","female",46,"married",7,7
"Japan","male",76,"married",5,8
"Japan","female",45,"married",4,8
"Japan","female",47,"married",3,3
"Japan","male",52,"married",4,7
"Japan","male",81,"widowed",5,6
"Japan","female",43,"married",8,7
"Japan","male",63,"married",8,8
"Japan","male",40,"single",3,3
"Japan","female",33,"married",8,8
"Japan","male",21,"single",7,7
"Japan","female",28,"married",5,6
"Japan","female",45,"married",7,9
"Japan","male",48,"married",8,8
"Japan","female",60,"married",7,8
"Japan","male",79,"married",4,9
"Japan","male",69,"married",5,5
"Japan","male",48,"married",5,5
"Japan","male",18,"single",5,7
"Japan","male",53,"married",8,7
"Japan","male",32,"married",9,9
"Japan","female",76,"married",5,6
"Japan","female",55,"single",5,7
"Japan","female",66,"married",5,8
"Japan","female",73,"married",5,8
"Japan","male",53,"married",8,4
"Japan","male",39,"married",7,7
"Japan","female",60,"married",5,8
"Japan","male",54,"married",2,5
"Japan","female",74,"married",4,8
"Japan","female",30,"married",8,5
"Japan","male",49,"married",7,8
"Japan","male",52,"married",7,7
"Japan","male",36,"married",9,3
"Japan","male",68,"married",5,8
"Japan","male",39,"married",1,3
"Japan","female",65,"widowed",7,8
"Japan","female",42,"divorced",5,10
"Japan","female",59,"married",8,10
"Japan","female",81,"married",9,9
"Japan","female",35,"married",7,7
"Japan","female",61,"married",3,5
"Japan","female",82,"married",5,7
"Japan","male",44,"married",5,8
"Japan","male",53,"married",6,7
"Japan","female",69,"married",3,7
"Japan","male",63,"married",5,5
"Japan","female",72,"married",7,7
"Japan","female",69,"widowed",7,6
"Japan","male",40,"married",6,8
"Japan","male",53,"married",6,6
"Japan","female",80,"widowed",6,8
"Japan","male",81,"married",6,8
"Japan","male",68,"married",7,8
"Japan","male",64,"married",5,7
"Japan","male",36,"married",6,7
"Japan","female",56,"living together as married",9,5
"Japan","male",42,"married",8,8
"Japan","female",40,"married",7,8
"Japan","male",69,"married",4,5
"Japan","female",69,"married",2,4
"Japan","female",69,"widowed",8,8
"Japan","male",62,"married",8,8
"Japan","female",80,"widowed",5,7
"Japan","female",77,"widowed",7,10
"Japan","male",43,"divorced",10,6
"Japan","female",73,"married",4,6
"Japan","male",54,"married",5,10
"Japan","male",65,"single",8,9
"Japan","female",73,"married",4,7
"Japan","female",82,"widowed",10,9
"Japan","male",47,"living together as married",8,8
"Japan","female",51,"married",3,5
"Japan","female",75,"widowed",1,9
"Japan","male",56,"single",8,8
"Japan","female",42,"married",4,3
"Japan","female",60,"married",1,1
"Japan","female",42,"married",8,8
"Japan","male",60,"divorced",10,7
"Japan","female",74,"single",5,10
"Japan","male",75,"married",7,10
"Japan","male",64,"married",4,5
"Japan","female",63,"married",3,2
"Japan","male",55,"married",4,8
"Japan","male",63,"married",8,9
"Japan","male",21,"single",8,8
"Japan","male",48,"married",6,6
"Japan","male",53,"living together as married",8,7
"Japan","male",64,"married",6,7
"Japan","male",26,"married",7,9
"Japan","female",72,"married",6,8
"Japan","female",45,"married",7,7
"Japan","male",40,"married",8,9
"Japan","female",44,"married",9,7
"Japan","female",80,"divorced",4,8
"Japan","male",35,"married",6,6
"Japan","female",71,"married",5,5
"Japan","female",35,"married",7,8
"Japan","female",72,"married",7,7
"Japan","female",65,"divorced",5,7
"Japan","male",75,"married",7,8
"Japan","female",31,"married",7,8
"Japan","male",69,"widowed",7,8
"Japan","male",53,"married",6,6
"Japan","male",82,"married",7,9
"Japan","female",61,"widowed",10,9
"Japan","female",78,"married",6,8
"Japan","female",65,"married",7,9
"Japan","female",65,"widowed",5,5
"Japan","male",51,"single",5,5
"Japan","male",61,"married",9,8
"Japan","female",42,"divorced",7,7
"Japan","male",51,"married",5,8
"Japan","female",60,"married",7,7
"Japan","female",38,"married",5,8
"Japan","male",36,"married",9,8
"Japan","female",42,"married",8,8
"Japan","female",44,"married",6,7
"Japan","female",83,"married",6,7
"Japan","female",65,"married",8,9
"Japan","female",74,"widowed",8,10
"Japan","female",67,"married",5,6
"Japan","female",35,"married",5,4
"Japan","female",47,"living together as married",3,3
"Japan","male",71,"living together as married",6,6
"Japan","female",73,"married",5,2
"Japan","male",43,"married",7,8
"Japan","female",68,"married",5,6
"Japan","male",48,"married",6,4
"Japan","male",37,"married",4,4
"Japan","female",77,"married",6,5
"Japan","male",36,"married",7,8
"Japan","female",65,"married",7,8
"Japan","male",35,"married",7,8
"Japan","male",68,"married",2,8
"Japan","male",65,"married",5,6
"Japan","female",67,"married",8,9
"Japan","male",76,"divorced",7,7
"Japan","female",44,"divorced",3,5
"Japan","female",29,"married",8,9
"Japan","female",26,"married",6,7
"Japan","female",67,"married",5,9
"Japan","female",51,"separated",6,7
"Japan","female",38,"married",5,5
"Japan","male",28,"married",5,4
"Japan","male",49,"married",7,8
"Japan","male",42,"married",3,5
"Japan","female",36,"married",6,6
"Japan","female",37,"married",8,8
"Japan","female",34,"married",6,8
"Japan","male",21,"single",8,7
"Japan","female",52,"married",6,6
"Japan","female",36,"married",9,8
"Japan","male",81,"married",3,6
"Japan","male",63,"widowed",5,3
"Japan","male",21,"single",4,4
"Japan","male",75,"married",8,5
"Japan","female",29,"married",8,9
"Japan","female",35,"married",5,7
"Japan","male",83,"married",3,7
"Japan","male",26,"single",6,3
"Japan","female",55,"married",8,8
"Japan","female",54,"divorced",2,2
"Japan","female",80,"widowed",4,7
"Japan","female",24,"single",6,10
"Japan","male",47,"married",7,8
"Japan","male",81,"married",7,8
"Japan","female",45,"married",7,8
"Japan","female",80,"married",3,2
"Japan","female",30,"married",6,3
"Japan","male",52,"married",8,7
"Japan","male",20,"single",5,7
"Japan","female",38,"married",7,9
"Japan","male",64,"married",7,8
"Japan","female",83,"widowed",5,7
"Japan","female",67,"married",8,8
"Japan","male",26,"married",8,9
"Japan","male",55,"married",7,6
"Japan","male",82,"married",5,7
"Japan","male",72,"married",5,5
"Japan","male",68,"married",3,6
"Japan","female",28,"single",7,9
"Japan","male",52,"single",3,5
"Japan","male",46,"married",6,3
"Japan","male",72,"married",7,10
"Japan","female",44,"separated",2,7
"Japan","male",41,"married",5,5
"Japan","female",68,"married",5,5
"Japan","female",57,"married",7,8
"Japan","male",78,"married",7,8
"Japan","male",82,"married",6,7
"Japan","female",29,"married",6,7
"Japan","female",56,"divorced",8,7
"Japan","female",38,"married",5,5
"Japan","female",43,"divorced",3,3
"Japan","male",22,"single",6,7
"Japan","male",81,"separated",4,4
"Japan","male",82,"married",6,4
"Japan","female",63,"married",6,9
"Japan","female",33,"married",7,8
"Japan","female",72,"married",8,8
"Japan","male",45,"single",4,5
"Japan","male",27,"single",7,7
"Japan","female",35,"married",5,8
"Japan","female",59,"married",7,7
"Japan","male",64,"married",2,6
"Japan","male",36,"married",5,8
"Japan","male",26,"single",7,6
"Japan","female",26,"married",7,7
"Japan","male",56,"married",3,4
"Japan","female",66,"married",3,3
"Japan","female",61,"married",5,7
"Japan","male",72,"married",7,7
"Japan","female",19,"single",7,9
"Japan","female",48,"married",6,8
"Japan","female",74,"widowed",8,8
"Japan","male",51,"married",8,8
"Japan","male",81,"married",6,7
"Japan","male",78,"married",6,7
"Japan","female",69,"married",8,8
"Japan","female",80,"widowed",5,5
"Japan","female",73,"widowed",5,7
"Japan","female",74,"married",3,5
"Japan","female",61,"married",8,9
"Japan","female",34,"married",5,4
"Japan","male",69,"single",8,8
"Japan","male",74,"married",7,7
"Japan","male",48,"living together as married",7,7
"Japan","female",87,"widowed",5,9
"Japan","male",58,"married",4,3
"Japan","female",61,"married",5,7
"Japan","male",46,"married",7,6
"Japan","male",91,"widowed",5,5
"Japan","male",58,"married",3,4
"Japan","male",64,"married",7,8
"Japan","male",67,"married",7,7
"Japan","male",43,"married",5,10
"Japan","female",40,"married",4,7
"Japan","male",33,"married",7,7
"Japan","female",82,"widowed",7,4
"Japan","male",45,"married",8,8
"Japan","female",48,"married",8,8
"Japan","male",58,"married",2,2
"Japan","female",45,"married",7,8
"Japan","female",32,"married",8,8
"Japan","female",80,"living together as married",10,10
"Japan","male",63,"married",1,6
"Japan","female",65,"married",7,7
"Japan","female",65,"married",6,8
"Japan","female",35,"married",8,9
"Japan","female",42,"married",8,8
"Japan","male",54,"married",8,10
"Japan","female",33,"married",7,7
"Japan","female",82,"married",5,9
"Japan","male",44,"married",6,8
"Japan","male",36,"married",5,5
"Japan","female",67,"married",8,3
"Japan","female",43,"married",5,9
"Japan","male",41,"married",7,7
"Japan","female",55,"married",4,8
"Japan","male",39,"married",9,8
"Japan","male",20,"single",2,4
"Japan","female",52,"married",8,10
"Japan","female",82,"widowed",3,7
"Japan","female",58,"married",3,7
"Japan","female",69,"married",8,8
"Japan","female",40,"married",5,7
"Japan","female",70,"married",3,5
"Japan","male",54,"married",8,10
"Japan","male",81,"married",8,9
"Japan","female",83,"married",8,8
"Japan","male",38,"married",10,3
"Japan","female",40,"married",6,8
"Japan","female",55,"married",5,5
"Japan","female",81,"married",4,5
"Japan","male",33,"single",6,6
"Japan","male",48,"married",5,7
"Japan","female",83,"married",5,5
"Japan","female",83,"married",6,7
"Japan","female",45,"single",7,8
"Japan","male",78,"married",8,8
"Japan","male",69,"married",5,8
"Japan","female",47,"married",5,6
"Japan","male",33,"married",7,10
"Japan","female",74,"married",5,7
"Japan","male",67,"married",3,3
"Japan","female",49,"married",3,6
"Japan","male",71,"married",7,7
"Japan","male",58,"married",3,8
"Japan","female",82,"widowed",3,7
"Japan","male",31,"married",5,7
"Japan","female",44,"married",6,5
"Japan","female",37,"married",4,4
"Japan","female",29,"married",7,9
"Japan","male",58,"married",3,2
"Japan","female",53,"married",7,7
"Japan","female",63,"married",6,7
"Japan","male",80,"married",5,6
"Japan","female",81,"married",6,6
"Japan","female",81,"married",6,8
"Japan","female",75,"widowed",6,6
"Japan","male",39,"married",1,1
"Japan","female",38,"married",10,8
"Japan","female",55,"married",3,2
"Japan","female",56,"married",7,7
"Japan","male",61,"married",7,8
"Japan","male",82,"married",7,8
"Japan","female",64,"married",8,10
"Japan","female",42,"married",8,8
"Japan","female",91,"widowed",5,8
"Japan","female",80,"married",8,10
"Japan","male",78,"married",6,7
"Japan","male",22,"single",6,6
"Japan","male",75,"married",6,7
"Japan","female",64,"married",5,3
"Japan","male",67,"married",8,8
"Japan","female",83,"widowed",6,10
"Japan","female",84,"widowed",5,10
"Japan","female",79,"widowed",6,8
"Japan","female",39,"married",8,9
"Japan","female",44,"married",4,4
"Japan","female",55,"divorced",9,7
"Japan","female",81,"married",4,8
"Japan","female",48,"married",4,4
"Japan","male",50,"married",8,7
"Japan","female",55,"married",5,10
"Japan","male",56,"married",8,7
"Japan","male",69,"married",5,7
"Japan","female",77,"married",5,5
"Japan","male",72,"married",5,7
"Japan","male",70,"married",5,8
"Japan","female",50,"married",3,3
"Japan","female",76,"divorced",3,4
"Japan","female",35,"married",7,8
"Japan","female",72,"married",7,7
"Japan","male",58,"married",8,8
"Japan","female",49,"married",7,7
"Japan","female",37,"single",7,6
"Japan","female",41,"married",5,5
"Japan","male",68,"married",4,6
"Japan","female",86,"married",5,10
"Japan","female",49,"married",6,8
"Japan","male",71,"divorced",3,5
"Japan","female",39,"married",7,8
"Japan","female",73,"married",7,10
"Japan","male",76,"married",8,7
"Japan","male",52,"married",7,10
"Japan","male",61,"married",6,8
"Japan","male",65,"married",5,8
"Japan","female",25,"single",10,9
"Japan","male",21,"single",6,6
"Japan","female",58,"married",5,8
"Japan","female",72,"single",7,8
"Japan","female",75,"married",7,8
"Japan","female",63,"married",7,8
"Japan","female",27,"married",8,6
"Japan","male",28,"single",8,9
"Japan","male",22,"single",6,7
"Japan","female",44,"married",6,8
"Japan","female",67,"single",7,8
"Japan","female",72,"widowed",9,9
"Japan","female",64,"married",5,10
"Japan","female",28,"married",8,9
"Japan","female",54,"married",7,7
"Japan","female",46,"married",3,5
"Japan","female",41,"married",3,3
"Japan","male",32,"married",8,9
"Japan","male",73,"married",6,6
"Japan","female",64,"married",7,8
"Japan","female",92,"widowed",7,7
"Japan","male",30,"married",5,3
"Japan","male",40,"married",8,10
"Japan","female",82,"married",4,6
"Japan","female",20,"single",10,3
"Japan","male",25,"single",1,5
"Japan","female",69,"married",7,8
"Japan","male",54,"married",8,8
"Japan","male",81,"married",5,8
"Japan","male",21,"single",6,8
"Japan","female",48,"single",6,6
"Japan","female",71,"widowed",6,8
"Japan","female",45,"married",9,9
"Japan","female",79,"widowed",8,8
"Japan","female",62,"married",7,7
"Japan","female",37,"married",7,8
"Japan","male",55,"married",5,4
"Japan","female",67,"married",3,5
"Japan","male",33,"single",8,8
"Japan","male",28,"single",3,3
"Japan","female",38,"married",5,9
"Japan","female",71,"married",5,6
"Japan","female",18,"single",2,8
"Japan","female",57,"married",6,6
"Japan","male",69,"widowed",5,8
"Japan","female",82,"widowed",7,7
"Japan","male",69,"married",3,3
"Japan","female",37,"married",6,7
"Japan","male",63,"married",7,6
"Japan","female",61,"married",6,7
"Japan","female",50,"married",7,8
"Japan","female",70,"widowed",5,8
"Japan","female",70,"married",5,6
"Japan","female",53,"married",8,9
"Japan","female",73,"widowed",2,9
"Japan","male",48,"married",4,3
"Japan","female",69,"married",8,8
"Japan","female",29,"married",6,7
"Japan","male",46,"single",7,3
"Japan","female",70,"married",7,7
"Japan","female",91,"widowed",5,5
"Japan","male",19,"single",7,8
"Japan","female",71,"widowed",2,2
"Japan","female",29,"single",10,7
"Japan","male",71,"married",9,2
"Japan","female",45,"married",6,7
"Japan","male",58,"married",6,8
"Japan","male",59,"married",8,8
"Japan","female",47,"divorced",5,5
"Japan","female",33,"married",7,4
"Japan","female",63,"married",4,7
"Japan","male",60,"married",6,6
"Japan","male",49,"married",3,3
"Japan","female",70,"divorced",5,5
"Japan","female",47,"married",8,9
"Japan","female",20,"single",4,8
"Japan","male",53,"single",4,4
"Japan","male",28,"married",8,6
"Japan","female",61,"married",8,7
"Japan","male",64,"married",6,8
"Japan","female",57,"married",8,6
"Japan","male",68,"married",2,6
"Japan","female",79,"married",8,9
"Japan","female",60,"married",7,7
"Japan","female",23,"single",4,9
"Japan","female",42,"married",6,8
"Japan","male",71,"married",7,7
"Japan","female",50,"married",3,5
"Japan","male",19,"single",10,10
"Japan","female",39,"married",8,8
"Japan","female",58,"single",5,5
"Japan","male",70,"married",1,1
"Japan","female",51,"married",6,7
"Japan","male",70,"married",8,8
"Japan","male",38,"married",6,5
"Japan","male",52,"married",7,7
"Japan","male",18,"single",7,7
"Japan","male",64,"single",5,4
"Japan","male",50,"married",7,8
"Japan","male",56,"married",6,6
"Japan","male",63,"married",4,7
"Japan","male",71,"married",5,6
"Japan","male",34,"married",10,10
"Japan","male",81,"married",6,5
"Japan","female",40,"married",4,5
"Japan","female",72,"married",5,5
"Japan","female",62,"married",6,8
"Japan","male",42,"married",6,7
"Japan","female",32,"single",3,4
"Japan","male",69,"married",8,7
"Japan","male",66,"married",6,4
"Japan","female",30,"single",8,8
"Japan","female",76,"married",6,5
"Japan","female",27,"single",10,5
"Japan","female",74,"married",8,9
"Japan","male",89,"married",8,8
"Japan","male",42,"single",7,1
"Japan","female",22,"single",5,6
"Japan","male",48,"married",5,7
"Japan","female",77,"married",6,8
"Japan","female",82,"married",6,5
"Japan","female",22,"single",7,7
"Japan","male",62,"married",5,3
"Japan","female",80,"widowed",4,7
"Japan","male",21,"single",5,8
"Japan","male",37,"married",7,5
"Japan","female",35,"married",7,9
"Japan","female",82,"married",8,8
"Japan","male",67,"married",8,10
"Japan","female",48,"married",7,8
"Japan","female",41,"married",5,7
"Japan","male",35,"married",7,9
"Japan","male",69,"living together as married",6,8
"Japan","female",42,"married",4,6
"Japan","female",76,"married",5,5
"Japan","female",34,"married",6,7
"Japan","female",67,"married",6,6
"Japan","female",36,"married",8,9
"Japan","male",70,"married",6,8
"Japan","female",55,"divorced",5,3
"Japan","male",45,"single",4,4
"Japan","female",46,"married",9,8
"Japan","female",61,"widowed",5,5
"Japan","female",62,"married",6,7
"Japan","female",21,"single",6,5
"Japan","female",48,"married",6,6
"Japan","female",72,"married",6,7
"Japan","male",38,"married",7,7
"Japan","female",36,"single",4,6
"Japan","female",81,"widowed",1,3
"Japan","male",53,"married",7,8
"Japan","male",42,"married",6,3
"Japan","female",55,"married",4,4
"Japan","male",28,"single",9,9
"Japan","female",64,"married",7,8
"Japan","female",22,"single",8,4
"Japan","female",34,"married",10,9
"Japan","female",83,"divorced",8,8
"Japan","male",67,"married",2,6
"Japan","female",45,"married",8,10
"Japan","female",61,"married",4,6
"Japan","female",43,"married",5,8
"Japan","male",77,"married",5,8
"Japan","male",85,"married",5,6
"Japan","male",36,"married",8,8
"Japan","male",61,"married",7,5
"Japan","female",49,"married",10,10
"Japan","female",80,"widowed",5,5
"Japan","male",27,"living together as married",1,1
"Japan","male",48,"married",8,3
"Japan","female",40,"single",3,5
"Japan","female",61,"widowed",8,10
"Japan","male",45,"divorced",8,8
"Japan","male",69,"divorced",7,8
"Japan","female",82,"married",10,10
"Japan","male",48,"married",4,3
"Japan","female",31,"single",5,7
"Japan","female",73,"widowed",5,8
"Japan","female",56,"widowed",7,9
"Japan","male",55,"married",5,8
"Japan","male",31,"single",5,5
"Japan","male",67,"married",4,6
"Japan","female",85,"married",2,7
"Japan","female",46,"married",5,9
"Japan","female",68,"married",7,7
"Japan","male",70,"married",8,8
"Japan","male",45,"married",6,6
"Japan","male",53,"married",4,4
"Japan","female",75,"widowed",7,7
"Japan","male",38,"married",7,4
"Japan","female",38,"married",2,3
"Japan","female",64,"married",5,7
"Japan","female",76,"married",7,7
"Japan","male",46,"married",7,4
"Japan","female",72,"married",6,7
"Japan","female",28,"single",5,4
"Japan","female",21,"single",8,8
"Japan","female",53,"married",8,9
"Japan","female",41,"married",7,8
"Japan","female",25,"single",8,6
"Japan","female",30,"divorced",8,8
"Japan","female",55,"married",5,5
"Japan","male",52,"married",6,5
"Japan","female",70,"married",7,7
"Japan","female",55,"married",4,8
"Japan","female",65,"married",8,9
"Japan","female",28,"single",8,8
"Japan","female",69,"divorced",7,6
"Japan","female",58,"married",5,6
"Japan","female",38,"divorced",5,9
"Japan","male",45,"married",7,7
"Japan","female",19,"single",8,9
"Japan","female",18,"single",7,10
"Japan","female",62,"married",5,7
"Japan","female",65,"married",8,9
"Japan","female",51,"married",3,4
"Japan","male",65,"married",5,8
"Japan","female",34,"single",5,7
"Japan","male",66,"married",7,6
"Japan","male",70,"married",6,7
"Japan","male",51,"widowed",8,6
"Japan","female",73,"widowed",7,6
"Japan","female",70,"married",7,6
"Japan","female",33,"married",5,5
"Japan","male",58,"married",10,7
"Japan","male",38,"married",7,8
"Japan","female",41,"married",8,8
"Japan","male",61,"married",8,8
"Japan","female",59,"married",8,8
"Japan","female",42,"married",5,2
"Japan","female",25,"single",10,10
"Japan","female",73,"widowed",7,8
"Japan","female",26,"married",7,7
"Japan","female",22,"single",6,6
"Japan","female",29,"married",6,6
"Japan","male",37,"married",6,6
"Japan","male",38,"married",4,3
"Japan","female",56,"married",4,2
"Japan","female",35,"married",6,8
"Japan","female",48,"married",6,4
"Japan","female",63,"married",10,8
"Japan","female",71,"divorced",9,8
"Japan","male",67,"single",4,4
"Japan","female",26,"single",6,10
"Japan","male",65,"married",8,9
"Japan","female",55,"married",7,5
"Japan","male",79,"married",5,3
"Japan","male",71,"married",5,5
"Japan","female",22,"single",7,7
"Japan","male",35,"single",5,5
"Japan","female",29,"single",3,5
"Japan","male",54,"married",5,8
"Japan","male",33,"married",4,5
"Japan","female",48,"divorced",3,5
"Japan","male",37,"married",7,7
"Japan","male",21,"single",5,5
"Japan","female",40,"married",2,8
"Japan","female",72,"married",2,2
"Japan","male",69,"married",7,7
"Japan","male",58,"married",7,8
"Japan","female",41,"single",8,7
"Japan","male",29,"married",8,7
"Japan","male",24,"married",3,6
"Japan","female",58,"married",6,8
"Japan","male",57,"single",3,3
"Japan","male",44,"married",7,4
"Japan","female",40,"divorced",9,8
"Japan","male",28,"married",7,7
"Japan","male",55,"married",4,4
"Japan","female",63,"married",5,7
"Japan","male",71,"married",6,7
"Japan","male",37,"married",5,7
"Japan","male",63,"married",5,5
"Japan","female",30,"single",8,6
"Japan","female",42,"separated",6,4
"Japan","female",38,"married",4,7
"Japan","female",66,"married",6,8
"Japan","male",57,"married",8,8
"Japan","female",48,"married",8,8
"Japan","female",41,"married",8,9
"Japan","male",80,"married",7,6
"Japan","female",59,"married",7,8
"Japan","male",34,"married",7,8
"Japan","male",46,"living together as married",4,5
"Japan","female",36,"married",8,8
"Japan","female",40,"married",6,8
"Japan","male",80,"married",8,10
"Japan","female",82,"widowed",8,8
"Japan","male",47,"married",5,8
"Japan","female",40,"married",8,7
"Japan","female",48,"married",7,6
"Japan","male",32,"married",9,9
"Japan","male",36,"married",7,7
"Japan","female",77,"married",5,5
"Japan","male",63,"married",6,5
"Japan","female",36,"married",3,9
"Japan","female",60,"widowed",4,7
"Japan","female",37,"married",6,7
"Japan","female",52,"married",5,7
"Japan","female",37,"divorced",8,6
"Japan","male",49,"married",6,7
"Japan","female",66,"married",7,7
"Japan","male",22,"single",6,6
"Japan","female",44,"married",7,8
"Japan","female",20,"single",4,8
"Japan","female",23,"single",5,4
"Japan","female",71,"married",7,7
"Japan","female",34,"married",8,7
"Japan","male",50,"married",7,7
"Japan","male",23,"single",6,6
"Japan","male",50,"married",6,6
"Japan","female",72,"married",8,8
"Japan","female",38,"married",9,9
"Japan","male",35,"married",6,7
"Japan","female",46,"married",7,6
"Japan","male",72,"married",7,6
"Japan","male",66,"married",8,8
"Japan","female",28,"single",10,9
"Japan","female",37,"married",7,7
"Japan","female",82,"widowed",8,10
"Japan","male",36,"married",8,8
"Japan","female",47,"married",8,8
"Japan","female",63,"married",5,8
"Japan","female",29,"married",6,7
"Japan","male",75,"married",4,4
"Japan","female",45,"married",6,7
"Japan","female",43,"married",5,8
"Japan","female",51,"married",3,7
"Japan","female",54,"married",5,5
"Japan","female",50,"married",5,5
"Japan","female",64,"married",3,5
"Japan","male",77,"married",7,4
"Japan","female",53,"married",7,8
"Japan","female",76,"married",5,5
"Japan","female",50,"divorced",5,3
"Japan","female",24,"single",9,5
"Japan","female",50,"married",7,7
"Japan","male",81,"married",7,7
"Japan","male",64,"divorced",7,6
"Japan","male",53,"married",4,6
"Japan","female",44,"married",4,4
"Japan","male",31,"married",7,8
"Japan","female",63,"married",4,7
"Japan","male",81,"widowed",6,7
"Japan","female",33,"single",2,4
"Japan","male",41,"married",7,8
"Japan","male",54,"married",7,8
"Japan","female",50,"married",8,9
"Japan","female",49,"divorced",6,5
"Japan","female",38,"married",6,7
"Japan","female",76,"married",6,7
"Japan","female",75,"married",5,5
"Japan","female",70,"married",3,4
"Japan","female",53,"married",4,4
"Japan","female",55,"divorced",4,6
"Japan","female",32,"married",3,2
"Japan","male",48,"married",8,8
"Japan","male",45,"married",7,9
"Japan","female",67,"divorced",10,7
"Japan","female",82,"married",5,7
"Japan","male",49,"married",3,2
"Japan","female",55,"married",8,8
"Japan","female",32,"married",7,8
"Japan","female",53,"single",7,6
"Japan","male",52,"single",6,7
"Japan","female",47,"single",8,10
"Japan","male",50,"divorced",3,5
"Japan","male",53,"married",5,4
"Japan","female",75,"widowed",4,7
"Japan","male",26,"married",5,7
"Japan","female",76,"widowed",1,10
"Japan","female",19,"single",7,5
"Japan","female",38,"married",4,6
"Japan","male",76,"married",5,7
"Japan","male",20,"single",10,7
"Japan","female",71,"widowed",5,5
"Japan","female",72,"married",8,8
"Japan","female",25,"divorced",4,5
"Japan","male",82,"married",7,8
"Japan","female",77,"widowed",1,1
"Japan","male",65,"married",5,5
"Japan","female",77,"married",7,8
"Japan","female",21,"single",7,7
"Japan","male",34,"married",8,4
"Japan","male",34,"married",5,4
"Japan","male",54,"married",8,8
"Japan","male",46,"divorced",9,9
"Japan","male",46,"married",5,5
"Japan","female",83,"married",8,9
"Japan","female",27,"married",7,7
"Japan","female",63,"married",8,9
"Japan","male",56,"married",8,8
"Japan","male",78,"married",9,8
"Japan","male",38,"married",6,8
"Japan","female",23,"single",6,4
"Korea","female",64,"married",8,7
"Korea","male",67,"married",5,6
"Korea","male",58,"married",8,8
"Korea","female",57,"married",5,6
"Korea","male",29,"single",8,8
"Korea","female",44,"divorced",4,5
"Korea","female",38,"married",4,7
"Korea","male",24,"single",6,9
"Korea","female",68,"married",7,7
"Korea","male",50,"married",8,8
"Korea","female",60,"married",8,8
"Korea","female",48,"married",8,7
"Korea","male",48,"married",7,8
"Korea","female",39,"married",7,6
"Korea","female",25,"single",7,4
"Korea","female",59,"married",8,7
"Korea","female",28,"single",7,6
"Korea","female",64,"married",6,6
"Korea","male",21,"single",8,7
"Korea","female",52,"married",6,5
"Korea","male",63,"married",9,7
"Korea","female",62,"married",5,6
"Korea","male",50,"married",7,6
"Korea","male",63,"married",9,8
"Korea","male",30,"married",7,8
"Korea","male",54,"married",7,7
"Korea","female",35,"married",8,7
"Korea","male",20,"single",6,6
"Korea","female",39,"married",9,5
"Korea","male",57,"married",7,8
"Korea","male",50,"married",8,7
"Korea","male",26,"single",7,6
"Korea","female",59,"married",7,6
"Korea","male",48,"married",6,6
"Korea","female",48,"married",7,6
"Korea","female",29,"married",6,7
"Korea","female",56,"widowed",7,6
"Korea","female",52,"married",8,5
"Korea","female",50,"married",7,7
"Korea","female",55,"married",8,6
"Korea","female",63,"married",7,8
"Korea","male",68,"married",8,7
"Korea","female",37,"married",7,7
"Korea","male",78,"married",7,7
"Korea","female",18,"single",8,7
"Korea","male",46,"married",4,5
"Korea","male",18,"single",5,5
"Korea","female",60,"married",7,7
"Korea","male",44,"single",4,5
"Korea","male",69,"married",8,7
"Korea","female",49,"married",8,7
"Korea","male",26,"single",7,7
"Korea","male",54,"married",7,7
"Korea","male",43,"married",7,6
"Korea","female",82,"married",7,6
"Korea","male",39,"married",7,7
"Korea","female",47,"married",7,8
"Korea","male",28,"single",8,7
"Korea","male",56,"married",7,6
"Korea","male",33,"married",7,7
"Korea","male",48,"divorced",7,6
"Korea","female",42,"married",9,7
"Korea","male",28,"single",6,6
"Korea","female",36,"married",7,8
"Korea","male",30,"single",8,8
"Korea","female",58,"married",7,7
"Korea","female",28,"married",4,4
"Korea","female",47,"married",6,7
"Korea","male",40,"married",9,8
"Korea","female",45,"married",8,8
"Korea","male",44,"single",9,6
"Korea","male",25,"single",7,7
"Korea","female",49,"married",5,7
"Korea","female",51,"married",8,7
"Korea","female",60,"married",8,8
"Korea","female",19,"single",7,4
"Korea","female",54,"married",7,7
"Korea","female",33,"married",7,8
"Korea","female",46,"married",5,7
"Korea","male",58,"married",7,7
"Korea","male",44,"married",7,5
"Korea","female",25,"single",8,6
"Korea","female",48,"married",4,6
"Korea","female",62,"married",7,7
"Korea","male",25,"married",8,7
"Korea","male",59,"married",3,6
"Korea","male",22,"single",7,7
"Korea","male",65,"married",5,5
"Korea","female",33,"married",9,7
"Korea","female",52,"married",6,7
"Korea","male",30,"single",9,8
"Korea","female",38,"married",7,8
"Korea","female",50,"married",4,5
"Korea","male",53,"married",8,7
"Korea","female",61,"married",8,8
"Korea","female",42,"married",9,8
"Korea","male",62,"married",8,6
"Korea","female",45,"married",9,7
"Korea","female",23,"single",8,8
"Korea","male",57,"married",8,8
"Korea","female",60,"living together as married",2,4
"Korea","female",27,"single",5,7
"Korea","male",44,"married",9,8
"Korea","female",59,"married",5,5
"Korea","male",20,"single",8,7
"Korea","male",35,"single",10,9
"Korea","male",40,"married",7,8
"Korea","female",63,"married",5,5
"Korea","female",18,"single",6,5
"Korea","male",57,"married",7,6
"Korea","male",58,"single",6,6
"Korea","male",28,"single",7,7
"Korea","female",34,"married",7,8
"Korea","male",69,"married",9,4
"Korea","female",88,"widowed",7,4
"Korea","female",79,"widowed",7,4
"Korea","female",39,"married",6,8
"Korea","male",21,"single",7,7
"Korea","male",64,"married",4,4
"Korea","male",56,"married",4,4
"Korea","male",53,"married",9,7
"Korea","female",62,"married",7,7
"Korea","female",50,"married",7,7
"Korea","female",32,"single",8,7
"Korea","male",27,"single",7,5
"Korea","male",48,"married",5,6
"Korea","male",31,"single",8,8
"Korea","male",38,"married",8,7
"Korea","female",45,"married",7,7
"Korea","female",29,"married",7,8
"Korea","male",46,"married",8,8
"Korea","male",37,"single",7,8
"Korea","female",55,"married",6,6
"Korea","female",79,"married",6,5
"Korea","male",47,"single",3,4
"Korea","male",38,"married",5,7
"Korea","male",60,"married",7,6
"Korea","female",41,"married",6,7
"Korea","female",56,"married",6,6
"Korea","male",70,"married",7,9
"Korea","male",19,"single",3,3
"Korea","female",40,"married",10,6
"Korea","male",53,"married",7,7
"Korea","female",21,"single",8,8
"Korea","male",38,"single",7,7
"Korea","male",33,"single",5,6
"Korea","male",38,"married",7,7
"Korea","male",75,"married",6,8
"Korea","male",57,"married",6,6
"Korea","male",65,"married",7,6
"Korea","female",57,"married",7,5
"Korea","female",44,"married",7,7
"Korea","female",71,"married",5,6
"Korea","male",43,"married",7,7
"Korea","female",41,"married",7,7
"Korea","male",21,"single",7,7
"Korea","female",28,"single",7,8
"Korea","male",28,"single",5,6
"Korea","male",49,"married",3,5
"Korea","male",24,"single",7,6
"Korea","female",35,"married",6,7
"Korea","female",26,"married",8,7
"Korea","male",34,"single",6,7
"Korea","female",38,"married",7,7
"Korea","female",44,"married",6,6
"Korea","male",55,"married",7,7
"Korea","male",46,"married",4,5
"Korea","male",47,"married",7,6
"Korea","female",58,"married",8,8
"Korea","female",20,"single",9,8
"Korea","female",60,"married",7,7
"Korea","female",42,"married",8,7
"Korea","male",32,"single",8,7
"Korea","male",60,"married",7,5
"Korea","female",62,"married",5,4
"Korea","male",62,"married",7,8
"Korea","female",58,"married",7,6
"Korea","female",40,"married",7,7
"Korea","male",32,"single",8,7
"Korea","male",62,"married",8,6
"Korea","female",20,"single",7,7
"Korea","female",27,"single",8,8
"Korea","male",63,"married",7,7
"Korea","female",59,"married",8,6
"Korea","female",32,"married",8,8
"Korea","female",64,"married",8,7
"Korea","male",20,"single",8,5
"Korea","male",59,"married",7,6
"Korea","female",60,"married",7,8
"Korea","male",55,"married",7,6
"Korea","female",51,"married",7,8
"Korea","male",75,"married",7,7
"Korea","female",56,"married",9,6
"Korea","male",49,"married",6,7
"Korea","female",20,"single",8,8
"Korea","male",18,"single",9,9
"Korea","male",50,"single",8,8
"Korea","male",63,"married",9,8
"Korea","male",33,"single",8,8
"Korea","female",59,"widowed",9,6
"Korea","female",62,"married",7,9
"Korea","female",58,"married",6,7
"Korea","female",18,"single",8,8
"Korea","female",47,"married",6,7
"Korea","male",48,"married",5,5
"Korea","male",48,"married",7,8
"Korea","female",59,"widowed",7,7
"Korea","female",35,"married",7,7
"Korea","female",47,"married",8,8
"Korea","male",37,"single",7,6
"Korea","male",69,"married",5,5
"Korea","female",47,"married",8,7
"Korea","female",18,"single",7,6
"Korea","male",48,"married",8,7
"Korea","male",28,"single",8,8
"Korea","male",61,"married",8,6
"Korea","male",46,"married",7,8
"Korea","male",35,"married",8,5
"Korea","male",24,"single",5,7
"Korea","male",66,"married",8,8
"Korea","male",24,"single",8,8
"Korea","male",45,"married",8,8
"Korea","male",65,"married",5,5
"Korea","female",28,"single",7,8
"Korea","female",27,"single",8,7
"Korea","female",57,"married",8,6
"Korea","male",59,"married",5,5
"Korea","female",46,"single",7,7
"Korea","male",18,"single",7,5
"Korea","female",61,"married",8,8
"Korea","female",55,"married",6,6
"Korea","male",44,"married",7,6
"Korea","male",29,"single",9,7
"Korea","female",49,"married",6,6
"Korea","male",18,"single",7,5
"Korea","female",67,"married",6,6
"Korea","female",44,"married",8,6
"Korea","male",41,"married",4,7
"Korea","male",57,"married",8,7
"Korea","female",34,"single",7,7
"Korea","female",46,"married",6,5
"Korea","female",69,"widowed",8,8
"Korea","female",56,"separated",5,4
"Korea","female",42,"married",8,8
"Korea","female",56,"married",8,7
"Korea","male",24,"single",9,9
"Korea","female",54,"married",8,7
"Korea","female",64,"married",9,9
"Korea","male",55,"married",8,9
"Korea","male",62,"married",6,6
"Korea","female",34,"single",6,5
"Korea","male",32,"single",8,7
"Korea","female",29,"single",4,3
"Korea","female",42,"married",5,6
"Korea","male",43,"married",7,7
"Korea","male",38,"married",7,7
"Korea","female",52,"married",8,7
"Korea","female",50,"married",6,5
"Korea","female",34,"married",4,4
"Korea","male",57,"married",8,8
"Korea","female",57,"widowed",10,3
"Korea","female",26,"single",7,4
"Korea","female",64,"married",5,6
"Korea","male",64,"married",5,4
"Korea","female",81,"married",3,5
"Korea","female",52,"married",7,8
"Korea","female",40,"married",7,7
"Korea","male",68,"married",5,7
"Korea","female",19,"single",7,8
"Korea","female",54,"married",7,7
"Korea","female",21,"single",6,6
"Korea","male",57,"married",8,3
"Korea","male",62,"married",8,7
"Korea","male",47,"married",7,7
"Korea","male",51,"married",7,6
"Korea","female",61,"married",5,6
"Korea","male",53,"married",5,5
"Korea","female",36,"married",7,8
"Korea","female",56,"married",8,9
"Korea","male",35,"single",8,7
"Korea","female",60,"married",7,6
"Korea","female",30,"married",8,9
"Korea","male",61,"married",4,6
"Korea","male",59,"married",8,7
"Korea","male",37,"single",9,8
"Korea","male",35,"married",8,7
"Korea","female",26,"single",7,6
"Korea","female",59,"married",7,6
"Korea","female",51,"married",7,7
"Korea","female",45,"married",6,7
"Korea","female",45,"married",7,8
"Korea","male",65,"married",7,6
"Korea","male",20,"single",7,8
"Korea","female",38,"married",6,6
"Korea","female",39,"married",8,7
"Korea","female",22,"single",8,7
"Korea","male",53,"married",7,7
"Korea","male",28,"single",6,7
"Korea","female",56,"married",7,7
"Korea","female",46,"married",7,6
"Korea","female",37,"married",7,6
"Korea","male",61,"married",8,7
"Korea","female",60,"married",8,8
"Korea","female",35,"married",7,7
"Korea","male",49,"married",8,7
"Korea","male",24,"single",8,8
"Korea","female",37,"married",7,6
"Korea","male",45,"married",7,7
"Korea","female",80,"widowed",5,5
"Korea","male",41,"married",6,6
"Korea","female",63,"married",8,8
"Korea","male",48,"married",6,6
"Korea","male",45,"married",8,7
"Korea","male",40,"married",7,7
"Korea","male",50,"married",6,7
"Korea","male",58,"married",7,9
"Korea","female",26,"single",3,4
"Korea","male",26,"single",8,7
"Korea","female",32,"married",9,7
"Korea","male",50,"single",6,4
"Korea","female",55,"married",7,6
"Korea","female",18,"single",7,5
"Korea","female",28,"married",8,9
"Korea","female",40,"married",9,8
"Korea","male",23,"single",5,6
"Korea","female",32,"married",8,7
"Korea","male",50,"married",8,7
"Korea","female",34,"married",6,7
"Korea","female",33,"single",8,5
"Korea","female",43,"married",7,6
"Korea","female",52,"married",6,6
"Korea","female",24,"single",7,7
"Korea","male",36,"married",7,8
"Korea","male",23,"single",8,8
"Korea","male",40,"married",7,8
"Korea","male",23,"single",7,5
"Korea","male",65,"married",7,7
"Korea","female",62,"married",7,7
"Korea","male",49,"married",7,8
"Korea","male",38,"married",5,7
"Korea","male",43,"married",7,7
"Korea","male",28,"single",8,7
"Korea","male",30,"single",6,6
"Korea","female",35,"married",9,8
"Korea","female",26,"married",4,7
"Korea","male",46,"married",8,7
"Korea","female",47,"married",8,7
"Korea","female",63,"married",7,6
"Korea","male",44,"single",8,7
"Korea","male",18,"single",7,6
"Korea","female",61,"married",9,8
"Korea","male",32,"single",7,8
"Korea","female",25,"single",7,7
"Korea","male",56,"married",7,6
"Korea","male",54,"married",5,7
"Korea","female",56,"married",7,8
"Korea","male",47,"married",7,8
"Korea","male",57,"married",8,5
"Korea","male",26,"single",8,6
"Korea","female",49,"married",5,4
"Korea","male",62,"married",8,8
"Korea","male",53,"married",6,7
"Korea","female",34,"married",8,7
"Korea","female",18,"single",7,5
"Korea","male",75,"widowed",8,8
"Korea","male",50,"married",3,8
"Korea","female",23,"single",7,7
"Korea","female",53,"married",7,7
"Korea","female",52,"married",5,5
"Korea","male",24,"single",8,7
"Korea","male",60,"married",7,8
"Korea","male",34,"single",8,6
"Korea","female",29,"single",10,8
"Korea","male",45,"married",8,7
"Korea","female",64,"married",8,8
"Korea","male",61,"married",6,6
"Korea","male",43,"married",8,5
"Korea","male",47,"married",7,5
"Korea","male",39,"married",8,8
"Korea","male",27,"single",7,8
"Korea","female",44,"married",8,7
"Korea","female",32,"single",7,6
"Korea","female",42,"married",8,8
"Korea","male",65,"married",7,4
"Korea","female",61,"married",7,7
"Korea","male",33,"married",6,6
"Korea","female",61,"married",8,8
"Korea","female",43,"married",8,2
"Korea","female",51,"married",8,9
"Korea","male",22,"single",6,7
"Korea","female",43,"married",7,6
"Korea","female",55,"married",6,6
"Korea","female",59,"married",6,5
"Korea","male",37,"married",8,8
"Korea","male",19,"single",8,8
"Korea","female",51,"married",8,9
"Korea","male",29,"married",7,7
"Korea","female",40,"married",8,8
"Korea","female",65,"married",6,6
"Korea","male",48,"married",8,8
"Korea","male",43,"married",4,5
"Korea","male",37,"married",4,6
"Korea","female",60,"married",7,8
"Korea","female",72,"married",5,5
"Korea","male",26,"single",6,5
"Korea","female",60,"married",8,6
"Korea","male",22,"single",4,4
"Korea","male",75,"married",9,7
"Korea","female",25,"single",7,5
"Korea","female",61,"married",6,7
"Korea","male",37,"married",7,7
"Korea","male",63,"married",9,9
"Korea","male",68,"married",8,8
"Korea","female",62,"married",7,6
"Korea","male",45,"married",7,5
"Korea","male",42,"married",9,8
"Korea","female",58,"married",8,6
"Korea","female",23,"single",10,10
"Korea","male",44,"married",9,8
"Korea","male",22,"single",6,6
"Korea","female",63,"married",7,7
"Korea","male",59,"married",4,7
"Korea","male",28,"single",8,8
"Korea","female",48,"married",6,7
"Korea","female",33,"married",6,6
"Korea","female",67,"married",7,6
"Korea","female",47,"married",8,8
"Korea","male",80,"married",8,8
"Korea","male",24,"single",8,3
"Korea","female",48,"married",7,8
"Korea","female",72,"married",7,7
"Korea","male",53,"married",7,6
"Korea","male",37,"married",7,7
"Korea","male",32,"single",8,8
"Korea","female",52,"married",8,4
"Korea","female",22,"single",5,6
"Korea","male",45,"married",8,8
"Korea","male",54,"married",5,5
"Korea","female",30,"married",7,7
"Korea","female",76,"widowed",8,7
"Korea","male",38,"married",8,7
"Korea","male",26,"single",6,6
"Korea","female",37,"married",5,6
"Korea","female",37,"married",7,7
"Korea","female",56,"married",3,6
"Korea","male",57,"married",7,7
"Korea","female",71,"married",7,6
"Korea","female",62,"married",5,5
"Korea","male",37,"single",5,5
"Korea","male",74,"married",6,7
"Korea","female",41,"married",8,8
"Korea","female",46,"married",7,7
"Korea","male",25,"single",6,5
"Korea","male",59,"married",7,6
"Korea","male",50,"married",9,7
"Korea","male",41,"married",6,6
"Korea","female",62,"married",8,7
"Korea","female",27,"single",8,7
"Korea","female",62,"widowed",7,7
"Korea","male",41,"married",8,7
"Korea","male",47,"married",7,6
"Korea","male",20,"single",3,3
"Korea","female",40,"married",9,8
"Korea","male",37,"single",8,7
"Korea","male",23,"single",7,7
"Korea","male",27,"single",7,8
"Korea","female",45,"married",8,6
"Korea","male",33,"single",7,7
"Korea","male",60,"married",6,7
"Korea","female",65,"married",8,7
"Korea","female",64,"married",6,7
"Korea","male",28,"single",7,7
"Korea","female",23,"single",7,8
"Korea","female",53,"married",9,8
"Korea","male",64,"married",7,6
"Korea","male",29,"single",8,5
"Korea","male",34,"married",7,7
"Korea","female",48,"married",6,6
"Korea","female",69,"married",9,7
"Korea","male",51,"married",6,7
"Korea","male",26,"single",6,4
"Korea","female",32,"single",8,8
"Korea","female",20,"single",8,7
"Korea","female",53,"married",9,8
"Korea","male",63,"married",8,7
"Korea","male",24,"single",8,7
"Korea","female",36,"married",6,6
"Korea","male",30,"single",8,7
"Korea","female",25,"single",5,4
"Korea","female",50,"married",7,6
"Korea","female",53,"married",6,6
"Korea","female",38,"married",8,7
"Korea","male",61,"married",8,8
"Korea","male",60,"married",8,8
"Korea","female",56,"married",7,5
"Korea","male",57,"married",8,7
"Korea","female",42,"married",8,6
"Korea","female",67,"married",8,7
"Korea","male",45,"married",8,6
"Korea","male",48,"married",7,6
"Korea","female",27,"single",2,7
"Korea","male",34,"single",6,9
"Korea","female",48,"married",8,6
"Korea","male",69,"married",7,7
"Korea","female",53,"married",7,7
"Korea","female",37,"married",5,8
"Korea","male",55,"married",7,8
"Korea","female",61,"married",6,6
"Korea","male",49,"single",8,2
"Korea","male",25,"single",8,7
"Korea","male",46,"single",8,7
"Korea","female",53,"married",7,6
"Korea","male",35,"married",8,8
"Korea","female",50,"married",7,7
"Korea","male",59,"married",7,6
"Korea","female",73,"married",7,6
"Korea","male",53,"married",8,8
"Korea","female",37,"married",7,7
"Korea","male",36,"married",7,7
"Korea","female",53,"married",7,7
"Korea","male",43,"married",8,7
"Korea","female",50,"married",8,7
"Korea","female",61,"married",4,5
"Korea","female",25,"single",8,7
"Korea","male",41,"married",8,7
"Korea","female",53,"married",8,6
"Korea","male",65,"married",9,5
"Korea","male",57,"married",7,6
"Korea","female",37,"married",8,8
"Korea","female",63,"married",8,7
"Korea","female",40,"married",6,8
"Korea","male",25,"single",7,5
"Korea","female",61,"married",7,7
"Korea","female",62,"married",7,7
"Korea","female",64,"married",7,8
"Korea","male",64,"married",6,6
"Korea","male",59,"married",5,7
"Korea","female",40,"married",7,7
"Korea","female",55,"married",7,7
"Korea","female",48,"married",7,6
"Korea","female",58,"married",6,8
"Korea","male",65,"married",7,7
"Korea","male",24,"single",7,8
"Korea","male",46,"single",8,7
"Korea","female",61,"married",8,7
"Korea","male",29,"single",8,7
"Korea","female",25,"single",7,7
"Korea","female",64,"married",8,7
"Korea","female",29,"married",7,7
"Korea","male",49,"married",9,8
"Korea","female",21,"single",7,7
"Korea","male",33,"married",8,7
"Korea","male",35,"single",10,8
"Korea","female",28,"married",8,8
"Korea","male",65,"married",7,6
"Korea","female",25,"single",7,8
"Korea","male",64,"married",9,7
"Korea","male",21,"single",7,7
"Korea","female",21,"single",6,6
"Korea","male",35,"married",7,6
"Korea","male",29,"single",8,8
"Korea","female",60,"married",8,6
"Korea","female",64,"married",8,8
"Korea","male",62,"married",6,6
"Korea","female",61,"married",7,8
"Korea","female",37,"married",10,10
"Korea","male",40,"married",7,7
"Korea","male",46,"married",7,7
"Korea","female",37,"married",8,6
"Korea","male",19,"single",7,7
"Korea","male",40,"married",9,8
"Korea","female",64,"married",6,7
"Korea","female",47,"married",7,6
"Korea","female",21,"single",5,6
"Korea","female",44,"married",10,8
"Korea","male",33,"single",5,6
"Korea","female",51,"married",7,7
"Korea","female",60,"married",7,5
"Korea","female",60,"married",9,9
"Korea","female",18,"single",7,5
"Korea","female",26,"single",7,7
"Korea","male",66,"married",8,8
"Korea","female",45,"single",7,6
"Korea","male",69,"married",6,7
"Korea","female",56,"married",7,8
"Korea","male",50,"married",7,7
"Korea","male",25,"single",8,5
"Korea","male",47,"married",5,6
"Korea","male",26,"single",7,4
"Korea","male",50,"married",7,4
"Korea","female",28,"single",8,8
"Korea","male",45,"married",8,7
"Korea","male",29,"single",8,8
"Korea","male",73,"married",7,7
"Korea","male",57,"married",6,7
"Korea","female",30,"married",7,7
"Korea","female",21,"single",5,6
"Korea","female",30,"single",3,8
"Korea","female",62,"married",8,7
"Korea","male",47,"married",3,8
"Korea","female",38,"married",6,6
"Korea","male",64,"married",8,8
"Korea","male",51,"married",8,7
"Korea","female",57,"married",7,7
"Korea","male",22,"single",7,7
"Korea","female",40,"married",9,8
"Korea","female",86,"married",9,9
"Korea","male",46,"married",8,7
"Korea","female",28,"married",9,8
"Korea","female",35,"married",7,8
"Korea","male",29,"married",5,6
"Korea","male",65,"married",8,7
"Korea","female",41,"married",8,8
"Korea","male",20,"single",8,6
"Korea","female",59,"widowed",7,8
"Korea","male",46,"married",7,7
"Korea","female",32,"married",4,7
"Korea","male",25,"single",7,6
"Korea","male",68,"married",7,5
"Korea","male",23,"single",7,5
"Korea","female",41,"married",7,7
"Korea","female",25,"single",8,8
"Korea","female",38,"married",6,6
"Korea","male",23,"single",6,6
"Korea","male",64,"married",3,3
"Korea","female",19,"single",6,6
"Korea","female",46,"married",4,6
"Korea","female",64,"married",7,6
"Korea","female",61,"married",7,8
"Korea","male",23,"single",7,5
"Korea","male",65,"widowed",9,3
"Korea","female",54,"married",7,7
"Korea","female",46,"married",7,6
"Korea","female",48,"married",7,6
"Korea","male",48,"single",7,7
"Korea","female",49,"married",9,8
"Korea","male",49,"married",8,7
"Korea","female",52,"married",7,8
"Korea","female",52,"married",8,8
"Korea","female",71,"married",7,7
"Korea","male",29,"single",8,7
"Korea","male",53,"married",7,6
"Korea","female",38,"married",7,7
"Korea","female",38,"married",8,7
"Korea","female",27,"single",6,7
"Korea","male",47,"married",7,7
"Korea","male",52,"married",8,7
"Korea","female",47,"married",5,5
"Korea","female",45,"married",8,8
"Korea","male",22,"single",6,6
"Korea","female",61,"widowed",8,7
"Korea","male",58,"married",7,7
"Korea","female",37,"married",8,8
"Korea","male",44,"married",8,8
"Korea","female",52,"married",7,6
"Korea","female",46,"married",8,8
"Korea","female",34,"single",8,9
"Korea","male",27,"single",7,7
"Korea","male",64,"married",7,6
"Korea","male",62,"married",7,6
"Korea","male",52,"married",7,7
"Korea","male",27,"married",7,6
"Korea","female",60,"married",8,7
"Korea","male",47,"married",8,8
"Korea","female",35,"married",5,5
"Korea","male",30,"single",9,8
"Korea","male",45,"married",8,8
"Korea","male",64,"married",8,8
"Korea","female",18,"single",8,5
"Korea","female",22,"single",7,7
"Korea","female",31,"married",10,8
"Korea","male",30,"single",8,7
"Korea","male",58,"married",8,8
"Korea","male",47,"married",5,6
"Korea","male",51,"married",8,7
"Korea","female",56,"married",5,5
"Korea","female",63,"married",5,4
"Korea","female",52,"married",7,7
"Korea","female",36,"married",7,8
"Korea","male",37,"married",8,8
"Korea","male",45,"married",5,7
"Korea","female",51,"married",8,8
"Korea","female",58,"married",7,7
"Korea","male",50,"married",7,8
"Korea","female",47,"married",7,8
"Korea","male",34,"married",5,9
"Korea","female",22,"single",6,6
"Korea","female",65,"married",7,8
"Korea","female",46,"married",7,8
"Korea","female",26,"single",7,8
"Korea","male",52,"married",10,9
"Korea","male",37,"married",8,8
"Korea","male",44,"married",7,6
"Korea","female",47,"married",7,6
"Korea","female",55,"married",5,6
"Korea","male",54,"married",7,6
"Korea","male",64,"married",5,4
"Korea","female",51,"married",7,6
"Korea","female",61,"married",5,7
"Korea","male",69,"divorced",5,6
"Korea","female",64,"married",7,6
"Korea","female",25,"single",8,6
"Korea","female",50,"married",6,6
"Korea","male",48,"married",7,6
"Korea","female",23,"single",7,7
"Korea","female",56,"married",6,7
"Korea","female",48,"married",7,6
"Korea","male",39,"single",6,6
"Korea","female",60,"married",7,6
"Korea","male",60,"married",5,7
"Korea","female",48,"married",6,7
"Korea","male",74,"married",7,7
"Korea","female",62,"married",8,7
"Korea","female",42,"married",6,6
"Korea","male",37,"married",7,6
"Korea","male",52,"married",8,7
"Korea","male",35,"married",7,5
"Korea","female",65,"married",8,8
"Korea","male",59,"married",7,6
"Korea","male",67,"married",6,6
"Korea","female",38,"married",8,6
"Korea","male",41,"married",7,7
"Korea","female",60,"married",7,6
"Korea","female",68,"married",7,7
"Korea","male",27,"single",6,6
"Korea","female",61,"married",8,5
"Korea","female",35,"married",8,7
"Korea","female",72,"married",6,6
"Korea","male",64,"married",7,7
"Korea","male",45,"married",7,6
"Korea","female",52,"married",7,7
"Korea","female",38,"married",7,8
"Korea","female",25,"single",9,7
"Korea","female",29,"single",7,4
"Korea","male",51,"married",7,6
"Korea","male",44,"single",8,8
"Korea","male",53,"married",6,6
"Korea","female",40,"married",7,8
"Korea","female",61,"married",7,7
"Korea","female",63,"married",7,7
"Korea","male",65,"married",8,7
"Korea","female",58,"married",6,6
"Korea","male",47,"divorced",6,6
"Korea","female",36,"married",7,6
"Korea","female",30,"married",8,7
"Korea","male",66,"married",7,7
"Korea","female",60,"married",7,6
"Korea","male",33,"single",7,6
"Korea","male",29,"married",7,8
"Korea","male",57,"married",7,8
"Korea","male",35,"married",8,7
"Korea","male",43,"married",4,8
"Korea","male",28,"single",6,5
"Korea","female",49,"married",8,8
"Korea","male",21,"single",7,8
"Korea","male",25,"single",7,8
"Korea","male",68,"married",8,5
"Korea","male",25,"single",8,6
"Korea","male",55,"married",7,8
"Korea","male",22,"single",7,8
"Korea","female",59,"married",8,7
"Korea","female",29,"single",4,4
"Korea","male",52,"married",7,7
"Korea","male",26,"single",7,8
"Korea","female",45,"married",8,8
"Korea","female",39,"single",6,7
"Korea","male",39,"married",8,5
"Korea","female",28,"single",7,7
"Korea","male",60,"married",7,7
"Korea","female",25,"married",7,7
"Korea","female",18,"single",7,7
"Korea","male",46,"married",7,7
"Korea","female",28,"single",3,6
"Korea","female",59,"married",6,7
"Korea","male",28,"single",7,7
"Korea","male",56,"married",7,5
"Korea","male",23,"single",9,9
"Korea","female",47,"married",7,5
"Korea","female",67,"widowed",6,7
"Korea","female",37,"married",7,7
"Korea","male",26,"single",7,6
"Korea","male",63,"married",6,8
"Korea","male",47,"married",7,7
"Korea","female",21,"single",6,7
"Korea","male",47,"married",8,6
"Korea","female",69,"married",6,7
"Korea","female",64,"married",7,7
"Korea","male",44,"married",8,8
"Korea","female",29,"single",7,7
"Korea","female",47,"married",6,5
"Korea","female",29,"married",8,7
"Korea","female",51,"married",7,6
"Korea","male",56,"married",7,5
"Korea","female",22,"single",6,5
"Korea","male",34,"single",6,8
"Korea","male",37,"married",8,7
"Korea","male",58,"married",6,5
"Korea","female",26,"single",6,6
"Korea","female",40,"single",9,5
"Korea","female",25,"single",7,7
"Korea","female",61,"married",6,7
"Korea","male",58,"married",8,8
"Korea","female",65,"married",8,7
"Korea","female",54,"married",7,7
"Korea","female",38,"married",5,6
"Korea","male",55,"married",8,7
"Korea","male",47,"married",8,7
"Korea","male",23,"single",8,7
"Korea","female",43,"married",7,7
"Korea","male",60,"married",8,8
"Korea","female",69,"widowed",5,6
"Korea","female",38,"married",7,8
"Korea","male",73,"married",6,7
"Korea","male",44,"married",6,6
"Korea","female",61,"married",6,5
"Korea","male",57,"married",9,8
"Korea","female",60,"married",7,7
"Korea","female",18,"single",4,7
"Korea","female",59,"married",7,6
"Korea","female",67,"married",7,5
"Korea","female",62,"married",7,7
"Korea","male",38,"married",4,4
"Korea","female",56,"married",5,5
"Korea","female",43,"married",7,5
"Korea","female",25,"single",8,7
"Korea","female",60,"married",7,7
"Korea","female",51,"married",7,7
"Korea","male",28,"single",5,5
"Korea","male",50,"married",4,6
"Korea","female",37,"married",8,7
"Korea","female",52,"married",9,8
"Korea","female",54,"married",7,7
"Korea","male",59,"married",9,8
"Korea","female",45,"married",9,8
"Korea","female",61,"married",6,7
"Korea","female",65,"married",9,8
"Korea","female",54,"married",8,7
"Korea","female",30,"single",7,5
"Korea","female",38,"married",5,5
"Korea","male",56,"married",7,6
"Korea","male",62,"married",7,8
"Korea","female",76,"married",4,4
"Korea","male",34,"single",4,6
"Korea","male",60,"married",8,6
"Korea","female",47,"married",8,7
"Korea","female",74,"married",8,7
"Korea","female",42,"married",8,5
"Korea","male",63,"married",7,6
"Korea","male",32,"single",7,5
"Korea","male",49,"married",7,6
"Korea","male",62,"married",7,6
"Korea","male",49,"married",8,7
"Korea","female",61,"married",4,5
"Korea","female",62,"married",8,8
"Korea","male",51,"married",7,6
"Korea","female",45,"married",4,5
"Korea","male",68,"married",8,7
"Korea","male",47,"married",9,7
"Korea","male",49,"married",7,7
"Korea","female",50,"married",6,6
"Korea","male",52,"married",7,8
"Korea","female",37,"married",8,8
"Korea","female",30,"single",8,4
"Korea","male",63,"married",6,5
"Korea","male",44,"married",7,8
"Korea","male",35,"married",7,7
"Korea","female",22,"single",5,7
"Korea","female",77,"married",6,4
"Korea","male",23,"single",7,7
"Korea","female",39,"married",7,8
"Korea","male",38,"single",7,6
"Korea","female",36,"married",7,6
"Korea","male",55,"married",7,5
"Korea","male",47,"married",7,6
"Korea","male",51,"married",7,6
"Korea","female",49,"married",8,7
"Korea","female",58,"married",7,3
"Korea","female",65,"married",7,6
"Korea","female",35,"married",9,9
"Korea","female",55,"married",7,7
"Korea","male",60,"married",7,6
"Korea","male",38,"married",7,7
"Korea","male",52,"married",7,7
"Korea","female",63,"married",9,9
"Korea","female",37,"married",4,6
"Korea","male",32,"married",8,9
"Korea","male",57,"married",8,8
"Korea","male",43,"married",10,10
"Korea","female",54,"married",2,2
"Korea","male",24,"single",5,6
"Korea","male",30,"single",5,6
"Korea","male",59,"married",8,7
"Korea","female",34,"married",6,7
"Korea","male",61,"married",6,8
"Korea","male",20,"single",8,7
"Korea","female",60,"married",7,6
"Korea","female",55,"married",6,6
"Korea","male",52,"married",7,7
"Korea","male",19,"single",8,4
"Korea","female",47,"married",8,7
"Korea","female",47,"married",8,8
"Korea","male",37,"married",7,8
"Korea","female",28,"single",7,6
"Korea","male",39,"single",6,6
"Korea","female",59,"married",8,6
"Korea","male",44,"married",7,7
"Korea","male",24,"single",7,7
"Korea","female",62,"married",6,4
"Korea","female",19,"single",7,7
"Korea","male",36,"married",6,7
"Korea","female",22,"single",7,7
"Korea","male",32,"single",7,8
"Korea","female",49,"married",7,6
"Korea","female",57,"married",7,7
"Korea","male",38,"married",3,7
"Korea","male",27,"single",7,6
"Korea","female",42,"married",3,4
"Korea","female",63,"married",7,7
"Korea","male",32,"married",6,5
"Korea","female",60,"married",7,7
"Korea","female",48,"married",7,6
"Korea","male",19,"single",8,8
"Korea","male",43,"married",6,7
"Korea","male",46,"married",8,6
"Korea","male",46,"divorced",8,7
"Korea","female",55,"married",3,8
"Korea","female",49,"married",8,7
"Korea","female",53,"married",6,8
"Korea","female",37,"married",7,7
"Korea","male",20,"single",7,5
"Korea","male",26,"single",8,6
"Korea","female",20,"single",8,7
"Korea","female",40,"married",9,8
"Korea","male",62,"married",6,6
"Korea","male",44,"married",4,8
"Korea","male",61,"married",8,6
"Korea","male",49,"married",8,8
"Korea","female",35,"married",6,5
"Korea","female",21,"single",8,7
"Korea","female",48,"married",9,4
"Korea","female",40,"married",5,4
"Korea","male",75,"married",6,6
"Korea","female",20,"single",9,8
"Korea","male",51,"married",7,5
"Korea","male",61,"married",5,7
"Korea","female",56,"married",7,7
"Korea","male",54,"married",7,7
"Korea","female",40,"married",9,7
"Korea","female",33,"married",7,7
"Korea","female",36,"married",8,9
"Korea","male",47,"married",8,8
"Korea","male",36,"married",8,9
"Korea","female",21,"single",8,6
"Korea","male",18,"single",6,7
"Korea","male",72,"married",8,8
"Korea","male",34,"married",10,7
"Korea","female",60,"married",8,7
"Korea","male",52,"married",8,7
"Korea","female",28,"single",7,8
"Korea","male",38,"married",7,8
"Korea","male",39,"married",5,5
"Korea","male",52,"married",7,7
"Korea","female",20,"single",6,6
"Korea","male",25,"single",7,7
"Korea","female",54,"married",4,4
"Korea","female",43,"married",7,7
"Korea","male",47,"married",7,8
"Korea","female",25,"single",7,6
"Korea","female",49,"married",6,5
"Korea","male",50,"married",4,7
"Korea","female",47,"married",5,5
"Korea","female",20,"single",3,7
"Korea","female",59,"married",5,7
"Korea","male",59,"married",9,6
"Korea","female",39,"single",8,6
"Korea","male",25,"single",10,5
"Korea","male",48,"married",7,7
"Korea","female",43,"married",6,5
"Korea","female",32,"married",4,4
"Korea","female",60,"married",5,2
"Korea","female",21,"single",7,7
"Korea","male",60,"married",7,8
"Korea","male",36,"married",7,7
"Korea","female",47,"married",7,8
"Korea","female",60,"married",7,7
"Korea","female",37,"married",6,5
"Korea","female",55,"married",7,7
"Korea","female",62,"married",7,7
"Korea","male",52,"married",7,7
"Korea","female",69,"married",8,7
"Korea","male",27,"single",7,8
"Korea","male",62,"married",7,7
"Korea","male",22,"single",7,6
"Korea","female",36,"married",6,7
"Korea","female",54,"married",7,8
"Korea","female",49,"married",5,5
"Korea","female",66,"married",7,7
"Korea","female",41,"married",7,8
"Korea","male",58,"married",7,7
"Korea","female",52,"married",7,8
"Korea","male",48,"married",5,7
"Korea","female",27,"married",7,6
"Korea","female",67,"married",9,8
"Korea","female",61,"married",8,8
"Korea","male",59,"married",8,9
"Korea","female",25,"single",4,5
"Korea","male",38,"single",9,7
"Korea","male",49,"married",7,6
"Korea","female",59,"married",7,7
"Korea","female",47,"married",7,6
"Korea","female",49,"married",3,5
"Korea","male",68,"married",9,8
"Korea","female",37,"married",8,8
"Korea","male",21,"single",7,6
"Korea","male",62,"married",6,6
"Korea","male",53,"married",7,5
"Korea","male",43,"married",7,5
"Korea","female",61,"married",9,7
"Korea","male",21,"single",8,9
"Korea","male",56,"divorced",8,6
"Korea","female",52,"married",8,9
"Korea","female",65,"married",8,5
"Korea","female",47,"married",8,7
"Korea","male",23,"single",7,4
"Korea","female",43,"married",9,8
"Korea","male",37,"married",8,7
"Korea","male",58,"married",7,7
"Korea","female",60,"married",4,6
"Korea","male",52,"married",8,7
"Korea","female",36,"married",7,8
"Korea","male",23,"single",7,6
"Korea","female",32,"married",7,7
"Korea","female",31,"married",8,7
"Korea","male",42,"married",7,7
"Korea","male",41,"single",8,4
"Korea","male",33,"single",1,2
"Korea","male",48,"married",7,7
"Korea","female",38,"married",7,5
"Korea","male",45,"single",9,7
"Korea","female",57,"married",7,6
"Korea","female",28,"married",8,9
"Korea","male",23,"single",4,4
"Korea","male",26,"single",9,7
"Korea","male",44,"married",8,8
"Korea","male",35,"married",8,7
"Korea","male",41,"married",8,9
"Korea","male",21,"single",8,7
"Korea","female",22,"single",8,7
"Korea","male",26,"single",7,7
"Korea","female",46,"married",6,5
"Korea","female",40,"married",7,8
"Korea","female",61,"married",8,6
"Korea","female",25,"single",7,6
"Korea","male",32,"married",7,7
"Korea","male",59,"married",8,7
"Korea","male",51,"married",8,7
"Korea","male",21,"single",8,9
"Korea","male",32,"single",6,5
"Korea","male",31,"married",6,5
"Korea","male",69,"married",7,7
"Korea","female",65,"married",7,6
"Korea","male",32,"married",5,5
"Korea","female",27,"single",8,7
"Korea","male",19,"single",4,4
"Korea","male",61,"widowed",6,6
"Korea","male",26,"single",7,6
"Korea","male",63,"married",8,7
"Korea","female",23,"single",7,7
"Korea","female",30,"single",8,7
"Korea","male",42,"married",7,6
"Korea","female",42,"married",9,8
"Korea","male",32,"married",8,8
"Korea","female",28,"married",7,7
"Korea","female",62,"married",8,7
"Korea","male",63,"married",7,8
"Korea","female",61,"married",5,6
"Korea","male",56,"divorced",6,6
"Korea","female",26,"single",7,8
"Korea","male",32,"married",8,8
"Korea","male",45,"married",7,7
"Korea","male",37,"married",10,10
"Korea","female",49,"married",8,8
"Korea","female",21,"single",7,8
"Korea","female",38,"married",8,8
"Korea","female",64,"married",7,8
"Korea","male",40,"married",8,7
"Korea","male",23,"single",7,7
"Korea","male",31,"single",7,7
"Korea","male",19,"single",8,7
"Korea","female",31,"married",9,8
"Korea","female",42,"married",8,7
"Korea","male",61,"married",7,7
"Korea","male",62,"married",6,5
"Korea","male",26,"single",4,7
"Korea","female",20,"single",7,5
"Korea","female",53,"married",5,7
"Korea","male",56,"divorced",5,6
"Korea","male",48,"married",8,8
"Korea","female",58,"married",5,5
"Korea","male",38,"single",10,7
"Korea","male",27,"single",6,7
"Korea","female",25,"single",7,8
"Korea","female",62,"married",7,8
"Korea","female",61,"married",8,8
"Korea","female",49,"married",8,8
"Korea","female",41,"married",6,6
"Korea","male",61,"married",6,7
"Korea","male",37,"married",7,8
"Korea","female",41,"married",4,6
"Korea","female",29,"single",8,8
"Korea","male",47,"married",7,7
"Korea","female",38,"married",7,6
"Korea","male",63,"married",8,6
"Korea","male",30,"single",7,9
"Korea","male",56,"married",5,5
"Korea","male",50,"married",7,8
"Korea","female",29,"married",7,7
"Korea","female",73,"widowed",8,9
"Korea","male",28,"single",7,7
"Korea","female",22,"single",5,4
"Korea","male",79,"married",9,9
"Korea","female",36,"married",7,7
"Korea","female",30,"single",7,7
"Korea","female",41,"married",6,7
"Korea","male",60,"married",5,6
"Korea","female",27,"single",9,7
"Korea","male",30,"single",6,4
"Korea","female",51,"married",7,6
"Korea","female",67,"married",7,7
"Korea","female",49,"married",7,8
"Korea","female",66,"married",7,7
"Korea","male",64,"married",8,7
"Korea","male",57,"married",6,6
"Korea","male",43,"married",7,7
"Korea","male",26,"single",7,7
"Korea","male",26,"single",7,7
"Korea","female",47,"single",9,8
"Korea","female",37,"married",4,7
"Korea","male",56,"married",8,8
"Korea","male",45,"married",7,7
"Korea","male",47,"married",3,8
"Korea","female",51,"married",9,8
"Korea","female",69,"married",8,8
"Korea","male",35,"single",7,8
"Korea","male",27,"single",9,9
"Korea","female",30,"single",8,8
"Korea","female",40,"married",9,10
"Korea","female",57,"married",5,5
"Korea","female",70,"married",7,6
"Korea","male",71,"married",8,8
"Korea","female",73,"married",7,7
"Korea","female",60,"married",5,5
"Korea","male",53,"married",9,9
"Korea","female",49,"married",1,6
"Korea","female",64,"married",7,7
"Korea","female",32,"married",3,8
"Korea","female",59,"married",9,9
"Korea","male",20,"married",7,7
"Korea","female",57,"married",7,6
"Korea","male",25,"single",7,7
"Korea","female",56,"married",9,8
"Korea","male",38,"married",7,8
"Korea","female",41,"married",8,8
"Korea","female",58,"married",6,5
"Korea","female",56,"married",4,3
"Korea","female",68,"widowed",9,9
"Korea","female",35,"single",7,8
"Korea","male",19,"single",7,8
"Korea","male",51,"married",8,7
"Korea","male",77,"married",6,5
"Korea","female",69,"married",5,6
"Korea","male",71,"widowed",6,5
"Korea","male",36,"single",6,7
"Korea","female",46,"married",9,8
"Korea","male",44,"single",5,5
"Korea","female",58,"widowed",5,5
"Korea","male",75,"married",5,5
"Korea","female",75,"married",5,5
"Korea","male",56,"married",8,7
"Korea","female",57,"married",8,8
"Korea","female",37,"single",10,10
"Korea","female",28,"single",6,7
"Korea","male",43,"married",10,10
"Korea","female",43,"married",4,7
"Korea","female",47,"married",10,10
"Korea","female",38,"married",8,7
"Korea","male",62,"married",10,8
"Korea","male",24,"single",4,3
"Korea","male",54,"married",10,8
"Korea","male",71,"married",8,8
"Korea","female",60,"married",10,9
"Korea","male",23,"single",4,5
"Korea","female",61,"married",10,9
"Korea","female",64,"married",10,10
"Korea","male",54,"married",7,8
"Korea","female",48,"married",4,6
"Korea","male",46,"married",2,8
"Korea","female",48,"married",8,7
"Korea","male",50,"married",8,6
"Korea","male",45,"single",6,6
"Korea","male",76,"married",8,7
"Korea","female",76,"widowed",9,4
"Korea","female",75,"widowed",10,9
"Korea","male",42,"married",6,7
"Korea","female",64,"married",8,8
"Korea","male",58,"married",6,8
"Korea","female",25,"single",8,5
"Korea","female",51,"married",10,8
"Korea","male",54,"married",4,7
"Korea","male",63,"married",9,9
"Korea","female",50,"married",7,8
"Korea","female",61,"married",7,8
"Korea","female",36,"married",5,7
"Korea","male",58,"single",7,5
"Korea","male",85,"married",7,7
"Korea","male",54,"married",8,8
"Korea","female",50,"married",8,7
"Korea","male",24,"single",6,7
"Korea","male",42,"married",7,5
"Korea","male",42,"married",7,7
"Korea","male",63,"married",7,8
"Korea","male",28,"single",5,5
"Korea","female",62,"widowed",9,9
"Korea","female",27,"single",8,8
"Korea","male",38,"married",7,7
"Korea","male",49,"married",7,8
"Korea","male",56,"married",8,5
"Korea","female",57,"married",5,6
"Korea","female",42,"married",6,7
"Korea","female",67,"widowed",7,6
"Korea","female",42,"married",5,6
"Korea","male",59,"married",7,7
"Korea","female",65,"married",8,8
"Korea","female",27,"single",8,8
"Korea","female",45,"married",8,8
"Korea","male",60,"married",7,7
"Korea","female",68,"married",9,7
"Korea","male",32,"married",8,8
"Korea","female",64,"married",8,8
"Korea","female",52,"married",8,7
"Korea","female",62,"widowed",9,7
"Korea","male",36,"married",7,7
"Korea","male",54,"married",5,7
"Korea","female",24,"single",4,5
"Korea","male",61,"married",9,9
"Egypt","male",46,"married",5,7
"Egypt","female",30,"married",8,3
"Egypt","female",25,"married",7,8
"Egypt","male",60,"married",10,10
"Egypt","female",56,"married",5,3
"Egypt","male",45,"married",8,10
"Egypt","male",46,"married",10,8
"Egypt","female",45,"widowed",8,8
"Egypt","male",57,"married",7,8
"Egypt","female",57,"widowed",7,7
"Egypt","male",20,"single",6,7
"Egypt","female",18,"single",6,7
"Egypt","male",47,"married",7,10
"Egypt","female",39,"married",9,7
"Egypt","male",33,"married",3,4
"Egypt","female",24,"married",8,5
"Egypt","female",45,"married",6,6
"Egypt","male",42,"married",1,7
"Egypt","female",55,"widowed",7,4
"Egypt","male",54,"widowed",6,2
"Egypt","male",28,"single",9,5
"Egypt","female",30,"married",7,10
"Egypt","male",30,"divorced",5,3
"Egypt","female",19,"single",9,9
"Egypt","male",40,"married",8,5
"Egypt","male",23,"single",8,1
"Egypt","female",38,"married",5,5
"Egypt","male",32,"married",8,4
"Egypt","female",60,"widowed",7,8
"Egypt","male",31,"married",6,4
"Egypt","male",48,"married",5,4
"Egypt","female",19,"married",4,9
"Egypt","male",31,"married",5,6
"Egypt","female",50,"married",7,9
"Egypt","female",57,"widowed",8,10
"Egypt","male",33,"married",9,9
"Egypt","female",28,"married",7,7
"Egypt","female",38,"married",10,5
"Egypt","male",53,"married",6,7
"Egypt","female",32,"married",10,1
"Egypt","female",65,"widowed",5,7
"Egypt","male",53,"married",3,8
"Egypt","female",59,"married",4,5
"Egypt","male",38,"married",8,8
"Egypt","female",35,"married",5,10
"Egypt","male",67,"married",10,1
"Egypt","female",57,"married",6,10
"Egypt","male",33,"married",3,3
"Egypt","female",49,"single",8,7
"Egypt","female",35,"married",6,8
"Egypt","male",24,"single",7,6
"Egypt","female",23,"single",7,9
"Egypt","female",19,"single",5,6
"Egypt","male",55,"married",10,10
"Egypt","male",57,"married",7,9
"Egypt","female",29,"married",4,7
"Egypt","female",46,"married",8,6
"Egypt","male",48,"married",6,5
"Egypt","female",46,"married",8,8
"Egypt","male",30,"single",8,8
"Egypt","female",20,"single",3,10
"Egypt","female",61,"married",4,8
"Egypt","male",19,"single",5,10
"Egypt","female",33,"married",7,8
"Egypt","female",19,"single",6,9
"Egypt","female",40,"married",3,2
"Egypt","female",40,"divorced",5,1
"Egypt","male",24,"single",4,3
"Egypt","female",69,"married",4,5
"Egypt","male",52,"married",6,6
"Egypt","female",33,"divorced",1,1
"Egypt","male",53,"married",9,10
"Egypt","male",30,"married",10,5
"Egypt","male",21,"single",7,6
"Egypt","male",41,"married",5,10
"Egypt","female",55,"married",1,1
"Egypt","female",19,"single",7,10
"Egypt","female",57,"widowed",4,5
"Egypt","male",42,"married",8,9
"Egypt","female",39,"divorced",10,7
"Egypt","female",55,"married",5,6
"Egypt","male",60,"married",8,6
"Egypt","male",58,"married",8,5
"Egypt","female",29,"married",3,7
"Egypt","male",38,"married",8,8
"Egypt","female",40,"married",7,10
"Egypt","female",52,"married",4,3
"Egypt","male",45,"married",9,7
"Egypt","male",38,"married",8,8
"Egypt","male",54,"married",8,7
"Egypt","male",59,"married",8,8
"Egypt","female",38,"married",5,5
"Egypt","female",30,"married",7,7
"Egypt","male",22,"single",10,3
"Egypt","male",29,"single",9,4
"Egypt","female",31,"married",3,6
"Egypt","female",47,"married",5,5
"Egypt","male",44,"single",1,3
"Egypt","male",59,"married",8,8
"Egypt","male",28,"married",9,8
"Egypt","female",41,"married",9,8
"Egypt","male",38,"divorced",7,6
"Egypt","female",45,"married",10,9
"Egypt","female",45,"married",6,5
"Egypt","male",59,"married",3,1
"Egypt","male",35,"married",9,5
"Egypt","male",35,"married",5,2
"Egypt","female",30,"separated",6,1
"Egypt","male",27,"single",6,10
"Egypt","female",25,"single",6,6
"Egypt","female",23,"married",6,7
"Egypt","female",59,"widowed",8,6
"Egypt","male",58,"married",6,6
"Egypt","female",40,"married",8,9
"Egypt","male",19,"single",6,5
"Egypt","female",58,"widowed",3,1
"Egypt","female",36,"married",7,10
"Egypt","male",58,"married",10,3
"Egypt","female",34,"married",6,3
"Egypt","male",40,"married",10,6
"Egypt","male",57,"widowed",10,3
"Egypt","male",19,"single",5,1
"Egypt","female",50,"married",6,2
"Egypt","female",24,"divorced",4,6
"Egypt","male",50,"married",10,1
"Egypt","female",30,"married",1,1
"Egypt","female",47,"divorced",3,3
"Egypt","male",58,"married",6,5
"Egypt","female",56,"separated",7,3
"Egypt","male",50,"married",9,9
"Egypt","female",30,"married",5,2
"Egypt","male",25,"single",6,9
"Egypt","female",40,"married",10,3
"Egypt","female",33,"married",5,5
"Egypt","female",37,"married",10,1
"Egypt","female",18,"single",5,7
"Egypt","female",46,"married",10,3
"Egypt","male",19,"single",10,4
"Egypt","male",48,"separated",6,3
"Egypt","female",37,"married",5,1
"Egypt","male",28,"married",9,6
"Egypt","female",56,"married",8,8
"Egypt","female",55,"widowed",5,5
"Egypt","male",55,"married",5,2
"Egypt","male",53,"married",7,8
"Egypt","male",45,"married",7,8
"Egypt","male",52,"married",5,7
"Egypt","male",22,"single",7,5
"Egypt","female",57,"divorced",7,10
"Egypt","male",52,"married",7,5
"Egypt","male",35,"single",9,9
"Egypt","female",42,"married",5,5
"Egypt","male",32,"married",7,7
"Egypt","female",23,"single",5,10
"Egypt","male",34,"married",5,1
"Egypt","female",28,"divorced",10,10
"Egypt","female",33,"married",7,8
"Egypt","male",31,"married",2,4
"Egypt","male",21,"single",8,8
"Egypt","female",28,"married",8,10
"Egypt","male",19,"single",3,5
"Egypt","female",51,"married",5,5
"Egypt","female",53,"widowed",8,5
"Egypt","male",23,"married",6,6
"Egypt","male",38,"married",8,9
"Egypt","female",27,"divorced",2,1
"Egypt","male",22,"single",6,4
"Egypt","female",48,"married",5,8
"Egypt","male",45,"married",8,10
"Egypt","female",22,"single",8,9
"Egypt","female",39,"married",5,5
"Egypt","female",46,"married",5,8
"Egypt","female",30,"married",6,8
"Egypt","male",23,"married",7,3
"Egypt","male",19,"single",7,5
"Egypt","female",54,"married",7,5
"Egypt","male",46,"married",3,3
"Egypt","female",46,"widowed",7,7
"Egypt","male",30,"married",8,8
"Egypt","female",58,"widowed",8,5
"Egypt","male",39,"married",7,5
"Egypt","female",41,"married",7,7
"Egypt","female",18,"single",10,10
"Egypt","male",50,"married",10,4
"Egypt","female",28,"married",5,5
"Egypt","male",35,"single",8,6
"Egypt","female",38,"separated",10,5
"Egypt","male",22,"single",10,8
"Egypt","female",35,"married",7,9
"Egypt","male",45,"single",8,7
"Egypt","male",24,"single",6,5
"Egypt","male",54,"married",10,10
"Egypt","male",65,"married",8,9
"Egypt","female",52,"married",7,8
"Egypt","female",41,"married",7,8
"Egypt","male",23,"single",8,4
"Egypt","male",26,"single",9,9
"Egypt","female",40,"widowed",7,6
"Egypt","female",47,"single",6,4
"Egypt","female",18,"single",7,1
"Egypt","male",32,"married",8,6
"Egypt","male",38,"married",8,8
"Egypt","male",58,"married",7,1
"Egypt","male",39,"married",7,5
"Egypt","male",49,"married",10,5
"Egypt","female",38,"separated",8,4
"Egypt","female",54,"divorced",8,8
"Egypt","male",18,"single",8,8
"Egypt","female",29,"married",5,5
"Egypt","male",54,"married",5,10
"Egypt","male",59,"married",9,10
"Egypt","female",36,"married",7,8
"Egypt","female",37,"separated",10,2
"Egypt","female",53,"separated",3,5
"Egypt","female",37,"married",6,7
"Egypt","female",34,"married",3,6
"Egypt","male",57,"married",5,5
"Egypt","male",60,"married",5,5
"Egypt","male",21,"single",10,5
"Egypt","male",38,"married",8,5
"Egypt","female",54,"widowed",5,7
"Egypt","male",33,"single",6,3
"Egypt","male",40,"married",6,6
"Egypt","male",32,"married",5,5
"Egypt","female",30,"married",5,5
"Egypt","male",42,"married",7,7
"Egypt","female",53,"married",6,8
"Egypt","male",18,"single",9,8
"Egypt","male",52,"married",3,3
"Egypt","male",45,"divorced",5,3
"Egypt","female",42,"married",9,8
"Egypt","female",23,"married",7,8
"Egypt","female",38,"married",9,3
"Egypt","male",53,"married",9,6
"Egypt","female",33,"married",3,6
"Egypt","male",23,"single",8,3
"Egypt","male",60,"married",8,9
"Egypt","female",28,"married",6,3
"Egypt","female",40,"married",6,2
"Egypt","male",31,"married",4,8
"Egypt","male",49,"married",10,6
"Egypt","female",18,"single",8,7
"Egypt","male",35,"married",8,4
"Egypt","female",31,"married",7,7
"Egypt","male",38,"single",8,6
"Egypt","male",33,"married",7,6
"Egypt","female",30,"married",8,7
"Egypt","female",35,"married",6,10
"Egypt","female",35,"married",6,7
"Egypt","female",62,"widowed",7,5
"Egypt","female",33,"married",5,5
"Egypt","male",32,"married",4,4
"Egypt","male",61,"married",8,6
"Egypt","female",19,"married",4,4
"Egypt","female",22,"married",9,10
"Egypt","female",20,"married",6,8
"Egypt","female",56,"married",7,7
"Egypt","male",60,"married",8,6
"Egypt","male",45,"married",8,6
"Egypt","female",40,"married",8,7
"Egypt","female",37,"married",4,4
"Egypt","male",48,"married",9,6
"Egypt","female",40,"married",5,9
"Egypt","female",34,"married",9,6
"Egypt","male",45,"married",8,3
"Egypt","female",51,"married",7,8
"Egypt","male",55,"married",7,8
"Egypt","female",54,"married",3,6
"Egypt","female",45,"married",3,4
"Egypt","female",30,"divorced",2,3
"Egypt","female",23,"married",4,5
"Egypt","male",69,"married",5,7
"Egypt","female",55,"married",9,8
"Egypt","male",40,"married",9,6
"Egypt","female",60,"widowed",7,8
"Egypt","male",29,"single",5,3
"Egypt","female",45,"married",5,3
"Egypt","male",40,"married",7,9
"Egypt","female",33,"married",7,5
"Egypt","female",45,"married",5,7
"Egypt","male",56,"married",8,6
"Egypt","male",35,"married",9,7
"Egypt","female",35,"married",2,7
"Egypt","male",20,"single",7,1
"Egypt","male",38,"married",5,3
"Egypt","female",51,"widowed",5,4
"Egypt","female",53,"widowed",3,3
"Egypt","female",30,"married",2,3
"Egypt","female",35,"widowed",9,6
"Egypt","female",55,"married",6,6
"Egypt","male",22,"single",8,9
"Egypt","female",35,"married",6,9
"Egypt","female",70,"married",5,5
"Egypt","male",19,"single",6,5
"Egypt","female",60,"widowed",8,8
"Egypt","male",22,"single",8,7
"Egypt","male",55,"married",9,9
"Egypt","male",18,"married",5,5
"Egypt","female",66,"widowed",5,6
"Egypt","male",30,"married",7,6
"Egypt","female",67,"divorced",7,10
"Egypt","male",35,"married",5,5
"Egypt","female",37,"married",4,2
"Egypt","female",59,"widowed",10,3
"Egypt","female",20,"single",5,8
"Egypt","male",24,"married",9,5
"Egypt","male",52,"married",4,2
"Egypt","male",50,"married",4,1
"Egypt","male",32,"married",4,5
"Egypt","female",45,"married",3,4
"Egypt","female",62,"widowed",9,8
"Egypt","female",34,"married",7,7
"Egypt","female",41,"single",5,3
"Egypt","male",33,"single",8,6
"Egypt","female",75,"widowed",1,1
"Egypt","male",30,"married",1,1
"Egypt","female",46,"married",7,8
"Egypt","female",21,"single",5,8
"Egypt","female",50,"separated",8,7
"Egypt","male",69,"married",7,8
"Egypt","male",60,"married",5,2
"Egypt","female",29,"married",5,2
"Egypt","male",35,"married",8,5
"Egypt","female",29,"married",7,7
"Egypt","male",18,"single",10,6
"Egypt","female",38,"widowed",7,9
"Egypt","female",50,"married",5,5
"Egypt","female",27,"single",4,7
"Egypt","female",47,"divorced",3,8
"Egypt","female",29,"married",7,10
"Egypt","female",36,"single",5,5
"Egypt","male",34,"separated",9,10
"Egypt","female",70,"married",5,4
"Egypt","female",28,"married",8,5
"Egypt","male",19,"single",3,1
"Egypt","female",60,"married",5,6
"Egypt","female",35,"married",7,8
"Egypt","male",38,"married",8,8
"Egypt","female",35,"married",5,5
"Egypt","female",51,"widowed",9,7
"Egypt","female",68,"married",7,2
"Egypt","male",65,"married",7,6
"Egypt","female",36,"married",6,6
"Egypt","male",34,"married",8,7
"Egypt","male",54,"married",8,6
"Egypt","female",24,"married",1,5
"Egypt","female",39,"single",7,6
"Egypt","female",63,"married",8,6
"Egypt","female",57,"widowed",5,4
"Egypt","male",40,"married",6,6
"Egypt","male",25,"married",5,4
"Egypt","male",59,"married",2,3
"Egypt","female",37,"married",7,5
"Egypt","female",56,"divorced",5,7
"Egypt","male",28,"married",4,6
"Egypt","male",48,"married",9,8
"Egypt","female",30,"married",5,7
"Egypt","female",60,"widowed",9,7
"Egypt","male",19,"single",8,6
"Egypt","male",45,"married",9,7
"Egypt","male",45,"divorced",4,5
"Egypt","male",23,"single",1,2
"Egypt","female",28,"married",5,6
"Egypt","male",53,"married",9,7
"Egypt","male",68,"married",5,7
"Egypt","female",21,"single",8,7
"Egypt","female",75,"widowed",8,7
"Egypt","male",56,"married",7,5
"Egypt","male",34,"single",6,6
"Egypt","male",19,"single",4,3
"Egypt","male",30,"single",5,3
"Egypt","female",59,"married",5,7
"Egypt","male",30,"married",8,8
"Egypt","male",50,"married",8,8
"Egypt","male",35,"single",4,4
"Egypt","male",57,"separated",9,10
"Egypt","male",42,"married",8,8
"Egypt","male",19,"single",8,7
"Egypt","female",47,"married",3,1
"Egypt","female",59,"widowed",1,1
"Egypt","male",58,"single",5,3
"Egypt","male",40,"married",5,6
"Egypt","male",20,"single",10,8
"Egypt","female",49,"married",9,9
"Egypt","male",35,"single",3,6
"Egypt","female",18,"single",2,8
"Egypt","male",58,"married",6,8
"Egypt","male",34,"married",4,6
"Egypt","male",64,"married",8,7
"Egypt","female",55,"married",7,5
"Egypt","female",55,"widowed",1,1
"Egypt","male",40,"married",1,1
"Egypt","male",49,"married",9,8
"Egypt","male",25,"single",9,6
"Egypt","female",35,"married",5,3
"Egypt","male",59,"married",6,10
"Egypt","male",52,"married",5,7
"Egypt","male",55,"married",4,7
"Egypt","female",38,"married",10,10
"Egypt","male",55,"married",10,7
"Egypt","female",30,"divorced",7,5
"Egypt","male",48,"married",5,7
"Egypt","female",41,"married",6,6
"Egypt","male",54,"married",1,1
"Egypt","male",45,"separated",8,8
"Egypt","female",35,"married",8,5
"Egypt","male",35,"married",8,8
"Egypt","female",56,"widowed",5,5
"Egypt","female",39,"married",6,4
"Egypt","male",54,"married",6,7
"Egypt","male",45,"married",10,9
"Egypt","male",41,"married",4,7
"Egypt","male",40,"single",8,7
"Egypt","male",38,"married",7,6
"Egypt","male",24,"married",1,5
"Egypt","male",26,"married",4,10
"Egypt","female",35,"married",7,9
"Egypt","male",49,"married",7,7
"Egypt","male",59,"widowed",7,7
"Egypt","female",43,"married",8,7
"Egypt","male",37,"married",3,10
"Egypt","male",37,"married",1,1
"Egypt","female",41,"married",2,6
"Egypt","male",49,"married",5,5
"Egypt","male",29,"married",6,4
"Egypt","female",22,"single",3,5
"Egypt","female",59,"married",8,7
"Egypt","female",25,"married",8,7
"Egypt","male",28,"single",3,1
"Egypt","female",43,"married",2,8
"Egypt","female",44,"married",6,5
"Egypt","male",43,"married",6,4
"Egypt","male",35,"married",5,5
"Egypt","male",26,"single",2,6
"Egypt","male",55,"married",7,7
"Egypt","male",35,"married",7,8
"Egypt","male",53,"married",7,6
"Egypt","female",35,"married",7,6
"Egypt","female",37,"single",8,6
"Egypt","male",55,"married",5,7
"Egypt","female",38,"married",7,6
"Egypt","male",32,"married",8,7
"Egypt","male",55,"married",5,7
"Egypt","male",49,"married",5,7
"Egypt","male",18,"single",4,1
"Egypt","male",39,"married",4,10
"Egypt","male",59,"married",8,9
"Egypt","female",42,"widowed",9,6
"Egypt","male",50,"married",7,7
"Egypt","female",42,"married",8,8
"Egypt","male",39,"married",3,3
"Egypt","female",57,"married",3,9
"Egypt","female",45,"widowed",6,5
"Egypt","male",38,"separated",9,8
"Egypt","female",25,"married",5,5
"Egypt","male",58,"married",10,2
"Egypt","male",34,"married",9,4
"Egypt","female",58,"widowed",7,6
"Egypt","male",22,"single",8,7
"Egypt","male",21,"single",10,9
"Egypt","male",36,"married",5,10
"Egypt","female",52,"married",4,10
"Egypt","male",52,"married",7,6
"Egypt","female",27,"married",1,2
"Egypt","female",18,"single",8,6
"Egypt","male",26,"single",10,10
"Egypt","male",58,"married",4,7
"Egypt","female",22,"single",1,5
"Egypt","male",59,"single",7,7
"Egypt","male",24,"single",8,7
"Egypt","female",55,"married",6,7
"Egypt","male",38,"married",9,4
"Egypt","female",25,"married",4,2
"Egypt","male",52,"married",4,9
"Egypt","male",39,"married",6,9
"Egypt","female",51,"widowed",6,5
"Egypt","female",25,"married",8,7
"Egypt","male",23,"single",8,5
"Egypt","male",57,"married",5,6
"Egypt","female",27,"married",1,6
"Egypt","male",53,"married",6,5
"Egypt","female",27,"married",4,5
"Egypt","male",53,"married",7,5
"Egypt","female",24,"married",8,7
"Egypt","male",65,"married",9,10
"Egypt","female",61,"widowed",3,8
"Egypt","male",33,"married",4,1
"Egypt","female",30,"married",4,2
"Egypt","male",38,"married",7,6
"Egypt","female",24,"single",6,5
"Egypt","female",34,"single",8,7
"Egypt","male",36,"married",10,9
"Egypt","male",80,"married",5,5
"Egypt","female",71,"married",4,6
"Egypt","male",52,"married",10,7
"Egypt","female",41,"single",9,7
"Egypt","female",45,"married",4,1
"Egypt","male",55,"married",10,7
"Egypt","male",64,"married",5,7
"Egypt","female",29,"married",8,6
"Egypt","male",49,"married",7,5
"Egypt","female",40,"married",6,7
"Egypt","male",37,"married",8,7
"Egypt","female",59,"married",8,6
"Egypt","male",46,"married",10,4
"Egypt","female",65,"married",10,8
"Egypt","male",55,"married",5,6
"Egypt","female",45,"married",5,8
"Egypt","male",34,"single",6,6
"Egypt","female",26,"married",8,8
"Egypt","male",50,"married",6,4
"Egypt","female",47,"widowed",6,5
"Egypt","male",21,"single",8,7
"Egypt","female",57,"married",7,8
"Egypt","male",40,"married",7,9
"Egypt","female",32,"married",10,10
"Egypt","female",35,"married",7,8
"Egypt","male",33,"married",10,10
"Egypt","female",45,"married",7,7
"Egypt","male",30,"married",7,5
"Egypt","female",65,"widowed",10,10
"Egypt","female",36,"married",8,9
"Egypt","female",63,"married",7,4
"Egypt","male",75,"married",10,8
"Egypt","male",38,"married",7,8
"Egypt","male",28,"single",6,6
"Egypt","female",24,"married",7,6
"Egypt","male",20,"single",5,6
"Egypt","male",45,"married",7,7
"Egypt","female",43,"married",6,4
"Egypt","male",67,"married",7,6
"Egypt","female",20,"single",7,8
"Egypt","male",54,"married",5,7
"Egypt","male",45,"married",8,5
"Egypt","female",40,"single",10,9
"Egypt","female",35,"married",10,7
"Egypt","male",45,"married",8,7
"Egypt","female",33,"married",6,4
"Egypt","female",42,"married",7,5
"Egypt","male",22,"single",7,7
"Egypt","male",27,"married",10,9
"Egypt","female",33,"married",5,7
"Egypt","female",55,"married",7,7
"Egypt","female",24,"married",9,9
"Egypt","female",53,"widowed",10,6
"Egypt","male",52,"married",8,7
"Egypt","female",30,"single",8,8
"Egypt","male",50,"married",8,8
"Egypt","male",53,"married",8,9
"Egypt","male",60,"widowed",8,6
"Egypt","female",40,"married",7,6
"Egypt","male",58,"married",6,4
"Egypt","female",37,"married",6,7
"Egypt","female",29,"married",9,9
"Egypt","male",32,"married",10,8
"Egypt","female",35,"married",10,10
"Egypt","female",50,"married",7,10
"Egypt","male",28,"married",9,8
"Egypt","female",55,"widowed",7,5
"Egypt","male",25,"single",6,5
"Egypt","female",47,"widowed",10,4
"Egypt","female",26,"married",8,8
"Egypt","male",28,"single",10,8
"Egypt","male",65,"married",9,7
"Egypt","female",38,"married",6,5
"Egypt","female",40,"married",7,5
"Egypt","male",47,"married",6,6
"Egypt","female",35,"married",5,4
"Egypt","male",27,"single",7,5
"Egypt","female",35,"married",7,6
"Egypt","female",37,"married",7,8
"Egypt","female",55,"married",8,8
"Egypt","male",74,"married",10,8
"Egypt","male",35,"married",6,6
"Egypt","male",31,"married",5,4
"Egypt","male",43,"married",5,4
"Egypt","male",28,"single",9,6
"Egypt","male",38,"married",7,5
"Egypt","male",72,"married",9,4
"Egypt","male",39,"married",10,5
"Egypt","male",68,"married",6,5
"Egypt","male",34,"married",7,5
"Egypt","male",27,"married",3,4
"Egypt","male",53,"married",8,7
"Egypt","male",30,"married",10,6
"Egypt","male",43,"married",10,6
"Egypt","male",40,"married",8,5
"Egypt","male",40,"married",7,5
"Egypt","male",37,"married",4,5
"Egypt","male",36,"married",4,3
"Egypt","male",25,"married",4,4
"Egypt","male",31,"married",10,4
"Egypt","male",33,"married",10,5
"Egypt","female",23,"single",5,8
"Egypt","male",45,"married",10,7
"Egypt","male",52,"widowed",5,2
"Egypt","male",26,"single",10,8
"Egypt","female",18,"single",4,5
"Egypt","male",46,"married",5,4
"Egypt","female",54,"married",6,5
"Egypt","female",45,"married",7,7
"Egypt","female",55,"married",8,5
"Egypt","female",49,"widowed",7,5
"Egypt","female",45,"married",7,5
"Egypt","female",27,"married",6,4
"Egypt","female",35,"married",4,5
"Egypt","female",42,"married",6,6
"Egypt","female",32,"married",6,5
"Egypt","male",27,"married",10,7
"Egypt","female",30,"widowed",10,4
"Egypt","male",61,"married",9,6
"Egypt","female",30,"married",8,7
"Egypt","male",45,"married",6,5
"Egypt","female",27,"married",7,5
"Egypt","female",37,"married",10,10
"Egypt","male",46,"married",8,7
"Egypt","male",28,"married",7,8
"Egypt","female",41,"married",10,8
"Egypt","female",52,"married",10,4
"Egypt","male",27,"single",9,5
"Egypt","female",50,"married",7,5
"Egypt","male",38,"married",6,6
"Egypt","male",52,"married",5,4
"Egypt","female",40,"married",5,6
"Egypt","female",35,"separated",8,5
"Egypt","male",39,"single",8,7
"Egypt","male",42,"married",10,6
"Egypt","female",45,"married",8,7
"Egypt","female",52,"divorced",7,5
"Egypt","male",52,"married",6,5
"Egypt","female",24,"single",5,4
"Egypt","male",38,"single",4,3
"Egypt","female",57,"married",10,7
"Egypt","male",22,"married",8,7
"Egypt","male",24,"single",7,7
"Egypt","female",22,"married",10,1
"Egypt","male",35,"married",7,5
"Egypt","female",35,"married",7,6
"Egypt","female",22,"married",8,4
"Egypt","male",42,"married",2,1
"Egypt","male",22,"single",7,5
"Egypt","female",40,"married",6,5
"Egypt","female",45,"married",7,6
"Egypt","male",45,"married",7,6
"Egypt","male",35,"married",7,5
"Egypt","female",46,"widowed",6,5
"Egypt","male",58,"widowed",7,8
"Egypt","female",55,"married",7,9
"Egypt","male",40,"married",10,5
"Egypt","female",37,"married",8,1
"Egypt","male",40,"married",7,5
"Egypt","female",59,"widowed",7,6
"Egypt","male",18,"single",6,6
"Egypt","female",27,"married",7,6
"Egypt","male",30,"married",7,7
"Egypt","male",56,"widowed",7,6
"Egypt","female",34,"widowed",10,4
"Egypt","male",28,"married",10,4
"Egypt","male",35,"married",6,4
"Egypt","female",52,"married",6,5
"Egypt","male",59,"married",7,10
"Egypt","female",30,"married",5,5
"Egypt","female",35,"married",4,4
"Egypt","male",53,"married",7,8
"Egypt","male",23,"widowed",5,3
"Egypt","male",27,"married",10,4
"Egypt","male",50,"married",7,5
"Egypt","female",47,"married",4,5
"Egypt","female",24,"married",7,4
"Egypt","male",55,"married",10,4
"Egypt","female",45,"married",6,2
"Egypt","male",19,"single",6,7
"Egypt","female",47,"married",5,4
"Egypt","male",36,"married",5,4
"Egypt","male",45,"married",9,5
"Egypt","female",20,"single",7,5
"Egypt","female",42,"married",5,4
"Egypt","male",60,"married",4,4
"Egypt","female",27,"married",6,4
"Egypt","male",58,"married",5,5
"Egypt","female",25,"married",8,4
"Egypt","male",45,"married",10,5
"Egypt","male",41,"married",7,6
"Egypt","female",23,"married",7,5
"Egypt","male",45,"married",7,5
"Egypt","female",18,"single",5,6
"Egypt","male",45,"married",4,5
"Egypt","female",35,"married",5,6
"Egypt","female",34,"married",3,4
"Egypt","male",53,"married",3,1
"Egypt","female",33,"married",7,6
"Egypt","male",34,"married",6,5
"Egypt","male",59,"married",7,8
"Egypt","female",36,"married",7,8
"Egypt","male",35,"married",6,4
"Egypt","female",34,"married",7,6
"Egypt","male",49,"married",7,5
"Egypt","female",30,"married",7,5
"Egypt","male",39,"married",7,6
"Egypt","female",45,"married",3,1
"Egypt","male",43,"married",10,4
"Egypt","female",40,"married",4,4
"Egypt","male",60,"widowed",7,9
"Egypt","female",25,"married",8,6
"Egypt","female",40,"married",7,6
"Egypt","male",54,"married",8,7
"Egypt","male",31,"married",4,4
"Egypt","female",26,"married",5,4
"Egypt","female",45,"married",5,5
"Egypt","male",40,"married",4,1
"Egypt","male",50,"married",7,5
"Egypt","female",26,"married",7,6
"Egypt","female",48,"married",7,8
"Egypt","male",26,"single",5,4
"Egypt","female",25,"married",5,5
"Egypt","female",58,"widowed",10,10
"Egypt","male",34,"married",7,5
"Egypt","female",51,"married",6,4
"Egypt","female",39,"divorced",4,1
"Egypt","male",39,"married",5,4
"Egypt","male",58,"married",5,5
"Egypt","male",62,"married",5,5
"Egypt","male",33,"married",6,5
"Egypt","male",39,"married",10,8
"Egypt","male",60,"married",8,4
"Egypt","female",30,"married",3,5
"Egypt","male",62,"married",7,9
"Egypt","male",18,"single",7,6
"Egypt","female",18,"single",5,3
"Egypt","male",52,"married",5,5
"Egypt","male",65,"married",6,7
"Egypt","male",32,"married",9,6
"Egypt","female",54,"divorced",10,8
"Egypt","female",41,"single",5,1
"Egypt","male",37,"married",5,5
"Egypt","male",55,"separated",5,5
"Egypt","female",25,"married",5,5
"Egypt","female",65,"married",4,5
"Egypt","male",40,"married",8,8
"Egypt","female",64,"widowed",5,9
"Egypt","male",29,"married",8,5
"Egypt","female",60,"married",7,10
"Egypt","male",26,"single",7,7
"Egypt","male",23,"single",8,6
"Egypt","male",35,"married",9,8
"Egypt","female",30,"married",9,2
"Egypt","female",45,"married",5,5
"Egypt","female",42,"married",10,7
"Egypt","male",54,"married",5,5
"Egypt","female",50,"married",10,10
"Egypt","male",52,"married",8,4
"Egypt","female",27,"married",8,4
"Egypt","female",35,"married",5,5
"Egypt","male",70,"widowed",5,5
"Egypt","male",29,"married",8,7
"Egypt","female",43,"divorced",8,4
"Egypt","male",35,"married",10,1
"Egypt","female",20,"single",6,4
"Egypt","female",45,"married",6,1
"Egypt","female",43,"married",9,10
"Egypt","female",40,"married",5,5
"Egypt","female",30,"married",7,8
"Egypt","male",30,"married",7,1
"Egypt","male",42,"married",5,5
"Egypt","female",48,"married",5,5
"Egypt","female",37,"married",5,5
"Egypt","male",69,"widowed",8,7
"Egypt","male",18,"single",5,3
"Egypt","male",38,"married",7,8
"Egypt","female",21,"married",6,7
"Egypt","male",32,"married",8,7
"Egypt","male",42,"married",8,9
"Egypt","male",22,"single",8,1
"Egypt","female",48,"divorced",6,5
"Egypt","female",37,"married",5,5
"Egypt","male",46,"married",5,3
"Egypt","female",50,"married",5,6
"Egypt","female",49,"single",5,5
"Egypt","female",18,"single",7,7
"Egypt","male",47,"married",9,7
"Egypt","female",44,"widowed",4,2
"Egypt","female",48,"widowed",1,1
"Egypt","female",37,"widowed",10,10
"Egypt","female",40,"married",6,9
"Egypt","female",43,"married",5,5
"Egypt","male",18,"single",10,10
"Egypt","male",27,"married",7,6
"Egypt","female",37,"married",8,7
"Egypt","female",38,"married",7,7
"Egypt","male",58,"married",7,7
"Egypt","female",27,"married",10,10
"Egypt","female",48,"married",10,9
"Egypt","male",21,"single",5,5
"Egypt","male",35,"married",5,5
"Egypt","female",19,"single",5,5
"Egypt","female",18,"single",5,5
"Egypt","male",20,"single",6,4
"Egypt","female",38,"married",8,7
"Egypt","male",34,"married",10,7
"Egypt","female",19,"single",5,6
"Egypt","male",32,"married",7,3
"Egypt","male",34,"married",7,4
"Egypt","male",33,"married",8,7
"Egypt","male",40,"married",6,6
"Egypt","male",34,"single",10,8
"Egypt","female",34,"divorced",5,9
"Egypt","male",20,"single",7,10
"Egypt","female",37,"married",5,5
"Egypt","female",59,"widowed",9,10
"Egypt","female",48,"separated",9,9
"Egypt","male",22,"single",5,5
"Egypt","female",20,"married",5,5
"Egypt","male",51,"married",7,3
"Egypt","female",35,"married",7,4
"Egypt","female",32,"married",4,1
"Egypt","female",43,"married",6,3
"Egypt","male",19,"single",7,3
"Egypt","female",41,"married",6,6
"Egypt","female",33,"married",7,6
"Egypt","female",24,"married",1,5
"Egypt","female",47,"married",6,5
"Egypt","female",27,"married",7,7
"Egypt","male",33,"married",10,5
"Egypt","male",50,"married",5,5
"Egypt","male",34,"married",10,4
"Egypt","male",31,"married",1,1
"Egypt","male",19,"single",7,3
"Egypt","male",26,"single",8,5
"Egypt","male",38,"married",5,5
"Egypt","female",40,"married",5,5
"Egypt","male",36,"married",10,9
"Egypt","male",20,"single",5,3
"Egypt","female",26,"married",6,4
"Egypt","male",26,"married",9,5
"Egypt","male",52,"married",8,6
"Egypt","male",40,"married",9,7
"Egypt","female",24,"married",5,6
"Egypt","male",32,"married",6,7
"Egypt","male",50,"married",5,6
"Egypt","male",45,"married",5,5
"Egypt","male",45,"married",6,7
"Egypt","male",40,"single",5,4
"Egypt","female",58,"widowed",8,7
"Egypt","male",19,"single",7,2
"Egypt","female",28,"married",7,9
"Egypt","female",34,"married",3,5
"Egypt","female",25,"married",5,6
"Egypt","male",26,"married",5,5
"Egypt","male",19,"single",8,8
"Egypt","female",32,"married",10,10
"Egypt","male",32,"married",8,7
"Egypt","male",23,"single",7,6
"Egypt","female",21,"single",6,5
"Egypt","male",24,"single",5,5
"Egypt","male",20,"single",5,5
"Egypt","male",48,"married",3,5
"Egypt","male",40,"married",5,6
"Egypt","female",40,"married",5,5
"Egypt","male",37,"married",7,3
"Egypt","male",23,"single",4,5
"Egypt","female",57,"married",6,5
"Egypt","male",20,"single",5,5
"Egypt","male",33,"married",7,7
"Egypt","male",50,"divorced",7,7
"Egypt","female",59,"married",9,10
"Egypt","female",30,"married",5,9
"Egypt","female",52,"single",7,4
"Egypt","female",35,"married",4,5
"Egypt","male",26,"single",6,5
"Egypt","male",31,"single",7,6
"Egypt","female",38,"single",10,3
"Egypt","male",55,"single",5,5
"Egypt","female",52,"married",9,10
"Egypt","female",58,"married",1,2
"Egypt","female",24,"married",5,5
"Egypt","female",26,"single",8,8
"Egypt","female",45,"married",5,5
"Egypt","male",33,"married",3,3
"Egypt","male",38,"married",7,3
"Egypt","male",58,"married",7,3
"Egypt","male",52,"divorced",10,9
"Egypt","female",54,"separated",9,8
"Egypt","male",40,"married",5,5
"Egypt","female",52,"married",5,5
"Egypt","male",20,"single",8,2
"Egypt","male",39,"married",10,5
"Egypt","male",36,"married",7,3
"Egypt","male",58,"married",7,5
"Egypt","male",60,"separated",9,5
"Egypt","male",63,"widowed",5,5
"Egypt","female",60,"married",7,7
"Egypt","male",38,"married",8,3
"Egypt","female",32,"married",5,7
"Egypt","male",35,"married",9,9
"Egypt","female",19,"single",2,3
"Egypt","female",39,"married",1,1
"Egypt","male",63,"married",5,5
"Egypt","female",22,"single",5,5
"Egypt","female",53,"married",5,5
"Egypt","female",25,"married",7,10
"Egypt","male",48,"married",10,8
"Egypt","female",30,"single",10,10
"Egypt","male",45,"married",9,3
"Egypt","male",44,"married",8,4
"Egypt","female",24,"single",5,5
"Egypt","female",48,"married",8,7
"Egypt","male",21,"single",10,5
"Egypt","male",42,"married",7,5
"Egypt","female",36,"married",5,5
"Egypt","female",32,"married",5,5
"Egypt","female",22,"married",7,5
"Egypt","male",26,"single",8,5
"Egypt","female",58,"widowed",5,5
"Egypt","female",40,"married",5,5
"Egypt","female",34,"divorced",5,5
"Egypt","female",29,"married",6,8
"Egypt","female",33,"married",7,6
"Egypt","male",35,"married",4,3
"Egypt","male",20,"single",3,4
"Egypt","female",20,"single",8,7
"Egypt","male",65,"married",10,10
"Egypt","female",56,"married",6,3
"Egypt","male",57,"married",8,7
"Egypt","male",58,"married",8,5
"Egypt","male",31,"married",6,3
"Egypt","male",40,"single",5,5
"Egypt","female",57,"widowed",5,4
"Egypt","female",48,"divorced",4,2
"Egypt","female",54,"widowed",10,10
"Egypt","female",28,"divorced",1,5
"Egypt","female",65,"widowed",5,8
"Egypt","male",73,"widowed",3,3
"Egypt","male",58,"married",9,3
"Egypt","male",70,"married",8,5
"Egypt","male",28,"single",5,3
"Egypt","female",55,"widowed",6,5
"Egypt","female",60,"widowed",5,5
"Egypt","male",37,"married",5,5
"Egypt","female",37,"married",7,5
"Egypt","male",22,"single",6,1
"Egypt","male",32,"married",7,7
"Egypt","male",19,"single",7,6
"Egypt","female",60,"widowed",3,9
"Egypt","male",47,"married",9,5
"Egypt","male",49,"married",5,2
"Egypt","female",57,"widowed",8,8
"Egypt","male",26,"single",8,3
"Egypt","male",42,"married",7,6
"Egypt","male",68,"married",5,5
"Egypt","female",35,"married",5,5
"Egypt","female",55,"widowed",5,5
"Egypt","male",48,"married",5,10
"Egypt","female",42,"married",8,7
"Egypt","male",61,"married",8,10
"Egypt","male",62,"married",10,8
"Egypt","female",39,"married",1,9
"Egypt","female",42,"widowed",8,5
"Egypt","male",40,"married",8,9
"Egypt","female",39,"married",9,6
"Egypt","male",28,"single",9,7
"Egypt","female",35,"widowed",6,6
"Egypt","female",35,"married",6,7
"Egypt","male",26,"single",10,10
"Egypt","male",25,"single",1,10
"Egypt","male",35,"married",8,6
"Egypt","male",41,"married",7,9
"Egypt","female",35,"married",6,6
"Egypt","female",60,"married",8,8
"Egypt","male",60,"married",7,8
"Egypt","female",43,"married",5,3
"Egypt","female",43,"widowed",10,10
"Egypt","male",21,"single",1,1
"Egypt","male",46,"married",8,10
"Egypt","female",25,"married",1,10
"Egypt","male",30,"married",8,7
"Egypt","female",30,"married",6,5
"Egypt","female",50,"married",9,9
"Egypt","male",34,"married",10,5
"Egypt","female",38,"married",8,6
"Egypt","male",57,"married",9,6
"Egypt","male",42,"divorced",9,7
"Egypt","female",59,"married",8,8
"Egypt","male",31,"married",9,7
"Egypt","female",22,"single",9,6
"Egypt","female",48,"widowed",10,8
"Egypt","male",80,"married",10,8
"Egypt","male",38,"married",7,7
"Egypt","female",54,"married",7,7
"Egypt","female",37,"married",1,1
"Egypt","male",20,"single",8,1
"Egypt","female",22,"married",10,9
"Egypt","female",31,"married",8,7
"Egypt","male",39,"married",8,8
"Egypt","female",43,"widowed",7,7
"Egypt","male",69,"divorced",1,6
"Egypt","male",39,"married",1,1
"Egypt","male",55,"single",7,8
"Egypt","female",63,"widowed",4,7
"Egypt","male",22,"single",6,6
"Egypt","male",22,"single",5,5
"Egypt","male",22,"single",10,7
"Egypt","female",24,"married",3,1
"Egypt","male",45,"married",10,6
"Egypt","male",18,"single",5,7
"Egypt","female",34,"married",1,10
"Egypt","male",34,"married",1,1
"Egypt","male",30,"married",7,5
"Egypt","female",60,"married",8,6
"Egypt","male",20,"single",5,7
"Egypt","female",28,"married",9,9
"Egypt","male",24,"single",7,9
"Egypt","female",23,"married",4,8
"Egypt","male",27,"single",6,6
"Egypt","male",27,"married",8,9
"Egypt","female",55,"married",8,7
"Egypt","male",44,"married",6,6
"Egypt","male",25,"married",10,6
"Egypt","female",50,"widowed",7,4
"Egypt","female",24,"single",3,9
"Egypt","female",38,"widowed",7,7
"Egypt","male",52,"married",6,5
"Egypt","female",23,"married",5,5
"Egypt","male",25,"married",7,7
"Egypt","male",22,"single",8,7
"Egypt","male",58,"married",9,6
"Egypt","female",60,"married",7,7
"Egypt","female",48,"married",4,6
"Egypt","male",30,"married",7,6
"Egypt","female",36,"married",6,9
"Egypt","female",26,"married",8,8
"Egypt","male",29,"married",9,9
"Egypt","female",45,"married",7,7
"Egypt","female",48,"married",4,6
"Egypt","female",65,"widowed",7,10
"Egypt","male",22,"single",6,8
"Egypt","female",28,"married",7,10
"Egypt","male",31,"married",10,8
"Egypt","female",62,"married",9,8
"Egypt","male",28,"single",6,6
"Egypt","male",21,"single",6,4
"Egypt","female",39,"married",8,8
"Egypt","female",20,"married",3,6
"Egypt","male",32,"single",6,6
"Egypt","female",31,"married",8,4
"Egypt","female",23,"married",8,9
"Egypt","female",38,"widowed",3,3
"Egypt","male",24,"single",10,10
"Egypt","female",21,"married",10,10
"Egypt","female",23,"married",1,1
"Egypt","female",33,"married",4,1
"Egypt","female",60,"widowed",8,4
"Egypt","female",30,"married",8,6
"Egypt","female",20,"married",6,6
"Egypt","female",23,"married",4,6
"Egypt","male",22,"single",7,6
"Egypt","female",29,"married",3,3
"Egypt","male",56,"married",10,6
"Egypt","female",40,"married",5,3
"Egypt","female",30,"married",7,5
"Egypt","female",32,"married",7,6
"Egypt","male",40,"married",7,8
"Egypt","female",42,"married",7,8
"Egypt","female",40,"married",7,9
"Egypt","female",63,"widowed",2,4
"Egypt","male",38,"married",9,7
"Egypt","male",42,"married",7,8
"Egypt","male",76,"married",7,5
"Egypt","male",63,"married",10,8
"Egypt","female",27,"married",5,8
"Egypt","female",60,"married",9,10
"Egypt","female",40,"married",5,5
"Egypt","female",55,"married",6,4
"Egypt","male",55,"married",10,8
"Egypt","male",50,"married",7,7
"Egypt","male",52,"married",3,3
"Egypt","male",27,"married",4,4
"Egypt","male",18,"single",10,10
"Egypt","male",25,"single",1,6
"Egypt","male",50,"married",10,8
"Egypt","male",27,"married",8,6
"Egypt","male",53,"married",9,5
"Egypt","male",52,"married",7,6
"Egypt","male",56,"married",9,7
"Egypt","female",50,"widowed",8,7
"Egypt","male",48,"married",9,3
"Egypt","male",59,"married",6,6
"Egypt","male",27,"married",8,4
"Egypt","male",22,"single",3,2
"Egypt","male",55,"married",7,7
"Egypt","male",45,"married",7,7
"Egypt","male",51,"married",9,8
"Egypt","female",26,"married",10,4
"Egypt","female",29,"married",9,9
"Egypt","female",54,"widowed",8,8
"Egypt","female",49,"married",6,1
"Egypt","male",41,"married",7,4
"Egypt","male",42,"married",8,8
"Egypt","female",48,"married",1,1
"Egypt","female",28,"married",1,5
"Egypt","female",57,"widowed",10,3
"Egypt","female",19,"single",7,7
"Egypt","male",43,"married",8,5
"Egypt","female",51,"widowed",5,4
"Egypt","male",51,"married",4,4
"Egypt","male",33,"married",9,8
"Egypt","female",21,"married",4,6
"Egypt","male",52,"married",7,3
"Egypt","male",58,"married",5,4
"Egypt","male",20,"single",3,3
"Egypt","male",27,"married",1,1
"Egypt","male",52,"married",8,8
"Egypt","male",52,"married",7,5
"Egypt","female",69,"widowed",1,10
"Egypt","male",59,"married",1,1
"Egypt","male",59,"married",3,4
"Egypt","female",45,"married",7,3
"Egypt","male",32,"married",9,8
"Egypt","male",45,"married",8,5
"Egypt","female",30,"married",6,6
"Egypt","male",55,"married",10,5
"Egypt","male",32,"single",6,7
"Egypt","female",40,"married",4,6
"Egypt","male",33,"married",9,9
"Egypt","male",54,"married",9,8
"Egypt","female",35,"married",4,5
"Egypt","male",45,"married",4,4
"Egypt","male",28,"married",8,7
"Egypt","female",45,"married",6,1
"Egypt","male",40,"divorced",1,1
"Egypt","male",45,"married",1,1
"Egypt","male",32,"married",6,5
"Egypt","male",25,"single",6,5
"Egypt","female",24,"married",2,8
"Egypt","male",31,"married",8,7
"Egypt","female",35,"married",10,7
"Egypt","female",26,"married",7,10
"Egypt","female",35,"married",7,4
"Egypt","female",38,"married",6,5
"Egypt","female",43,"married",7,6
"Egypt","female",37,"married",8,6
"Egypt","male",34,"single",1,1
"Egypt","male",19,"single",1,7
"Egypt","female",35,"married",10,10
"Egypt","male",18,"single",10,5
"Egypt","male",30,"married",9,5
"Egypt","female",31,"married",10,10
"Egypt","male",59,"married",5,5
"Egypt","female",48,"married",7,5
"Egypt","male",25,"single",4,5
"Egypt","female",36,"married",7,3
"Egypt","male",19,"single",9,6
"Egypt","female",50,"married",5,5
"Egypt","female",22,"married",5,7
"Egypt","male",19,"single",10,6
"Egypt","male",33,"married",8,8
"Egypt","female",39,"married",7,8
"Egypt","male",35,"married",5,5
"Egypt","male",18,"single",6,6
"Egypt","male",18,"single",10,10
"Egypt","male",20,"single",10,10
"Egypt","female",30,"married",5,5
"Egypt","female",19,"married",3,4
"Egypt","female",20,"married",7,6
"Egypt","male",59,"married",10,9
"Egypt","female",38,"married",5,1
"Egypt","female",48,"married",6,3
"Egypt","male",21,"single",9,2
"Egypt","female",45,"married",4,4
"Egypt","female",50,"married",7,8
"Egypt","female",18,"single",6,7
"Egypt","male",19,"single",6,3
"Egypt","female",28,"married",6,4
"Egypt","male",29,"married",3,4
"Egypt","female",54,"married",5,5
"Egypt","female",35,"married",5,4
"Egypt","female",27,"married",8,5
"Egypt","female",22,"single",10,8
"Egypt","male",40,"single",10,10
"Egypt","male",27,"single",8,7
"Egypt","female",37,"married",5,6
"Egypt","female",33,"married",1,1
"Egypt","female",20,"single",10,10
"Egypt","male",30,"single",3,5
"Egypt","male",35,"married",3,5
"Egypt","female",40,"married",6,4
"Egypt","female",44,"married",7,7
"Egypt","female",35,"married",3,3
"Egypt","female",56,"widowed",4,3
"Egypt","female",29,"married",1,1
"Egypt","female",18,"single",10,5
"Egypt","male",38,"widowed",5,8
"Egypt","male",52,"married",6,9
"Egypt","male",53,"married",5,10
"Egypt","male",59,"married",5,4
"Egypt","female",26,"single",6,5
"Egypt","male",51,"married",7,7
"Egypt","female",57,"married",7,6
"Egypt","male",28,"married",6,5
"Egypt","female",34,"widowed",10,10
"Egypt","male",19,"single",8,7
